sku,short_description,description,meta_description
IL-CONFIG-315,"Ideal Lux Ali ap2 è un’applique da parete per interni progettata per un’illuminazione verticale curata e coerente con lo stile dell’ambiente. La combinazione di vetro unisce struttura e trasparenza: il vetro contribuisce a rendere l’emissione luminosa più curata e il punto luce più decorativo. La configurazione disponibile è unica: nelle finiture bianco; nelle dimensioni L 45 × H 14 × P 9 cm. Le potenze previste sono E27 max 2 x 60W, con attacco E27. La dotazione luminosa utilizza sorgenti sostituibili con attacco E27; non è dichiarato un dimmer integrato; l’eventuale regolazione dipende dalla lampadina compatibile e dal comando dell’impianto. È indicata per living, corridoi, scale, camere, reception, uffici, showroom e locali commerciali in cerca di una luce a parete ordinata. La descrizione della collezione evidenzia inoltre: Diffusore in vetro bianco acidato composto da tre elementi: due laterali e uno frontale. Viti fermavetro cromate.","Ideal Lux Ali ap2 è una lampada da parete per interni concepita per dare qualità all’illuminazione verticale e valorizzare la superficie su cui viene installata. La combinazione di vetro unisce struttura e trasparenza: il vetro contribuisce a rendere l’emissione luminosa più curata e il punto luce più decorativo. La scheda originale della collezione specifica: Diffusore in vetro bianco acidato composto da tre elementi: due laterali e uno frontale. Viti fermavetro cromate. La scelta della versione è un passaggio importante in un e-commerce di illuminazione, perché consente di coordinare lampada, parete e atmosfera luminosa. La configurazione disponibile è unica: nelle finiture bianco; nelle dimensioni L 45 × H 14 × P 9 cm. Le potenze previste sono E27 max 2 x 60W, con attacco E27. La lampada impiega sorgenti sostituibili con attacco E27; non è dichiarato un dimmer integrato; l’eventuale regolazione dipende dalla lampadina compatibile e dal comando dell’impianto. Le differenti finiture consentono di accordare l’applique a pareti chiare o scure, metalli presenti nell’arredo, infissi e complementi, mentre le eventuali variazioni di misura e potenza permettono di dimensionare la presenza luminosa in funzione della parete e del contesto. L’applique è adatta a ingressi, corridoi, scale, soggiorni, zona living, cucina, camera da letto e camerette, sia come punto luce di servizio sia come illuminazione d’accento lungo una parete. Nel mondo professionale può essere scelta per reception, uffici, studi, sale d’attesa, showroom, negozi, ristoranti e camere d’hotel, soprattutto quando si desidera una luce ordinata che non occupi superfici utili. In bagno o in prossimità di aree soggette a umidità, l’installazione va valutata in funzione della posizione prevista e delle indicazioni tecniche del prodotto. Nella progettazione della luce a parete, un apparecchio compatto permette di completare l’illuminazione generale e di evidenziare percorsi, quinte, nicchie, pareti attrezzate o elementi decorativi. Può essere installato da solo come accento oppure ripetuto in sequenza per ottenere uniformità visiva in corridoi, scale e spazi contract. La presenza di più opzioni di finitura o dimensione aiuta inoltre a mantenere lo stesso linguaggio luminoso in ambienti differenti dello stesso progetto. Per chi acquista online lampade da parete Ideal Lux, Ali ap2 rappresenta una proposta da valutare in base a dimensioni disponibili, finitura, sorgente luminosa e tipo di ambiente da illuminare. Le informazioni sulle configurazioni consentono di selezionare la variante più coerente con il progetto, evitando scelte generiche e costruendo un’illuminazione realmente coordinata. Prima della posa è opportuno verificare misure, collegamento elettrico, compatibilità della sorgente quando sostituibile e indicazioni di installazione riportate nella documentazione tecnica del prodotto.","Scopri Ideal Lux Ali ap2, applique da parete per interni con attacco E27. 1 versioni con bianco, formato compatto. Ideale per living, corridoi e contract."
IL-CONFIG-316,"L’applique Ideal Lux Alma ap è una lampada da parete per interni pensata per integrare luce e arredo su superfici verticali. La struttura in metallo dona consistenza al punto luce e consente di inserire la lampada con equilibrio in ambienti residenziali o professionali. La collezione comprende 6 configurazioni selezionabili: nelle finiture bianco, cromo e ottone; nelle dimensioni L 51 × H 9,2 × P 14,8 cm e L 81 × H 9,5 × P 14,8 cm. Le potenze previste sono LED 12,5W e LED 18W, con sorgente LED. In dettaglio: L 51 × H 9,2 × P 14,8 cm con LED 12,5W; L 81 × H 9,5 × P 14,8 cm con LED 18W. La dotazione luminosa utilizza sorgente LED integrata e inclusa; la funzione dimmer non è indicata nelle configurazioni standard disponibili. È indicata per living, corridoi, scale, camere, reception, uffici, showroom e locali commerciali in cerca di una luce a parete ordinata.","Con Ideal Lux Alma ap, l’applique da parete per interni diventa uno strumento progettuale: illumina, ordina lo spazio e completa la composizione d’arredo. La struttura in metallo dona consistenza al punto luce e consente di inserire la lampada con equilibrio in ambienti residenziali o professionali. La scelta della versione è un passaggio importante in un e-commerce di illuminazione, perché consente di coordinare lampada, parete e atmosfera luminosa. La collezione comprende 6 configurazioni selezionabili: nelle finiture bianco, cromo e ottone; nelle dimensioni L 51 × H 9,2 × P 14,8 cm e L 81 × H 9,5 × P 14,8 cm. Le potenze previste sono LED 12,5W e LED 18W, con sorgente LED. In dettaglio: L 51 × H 9,2 × P 14,8 cm con LED 12,5W; L 81 × H 9,5 × P 14,8 cm con LED 18W. La lampada impiega sorgente LED integrata e inclusa; la funzione dimmer non è indicata nelle configurazioni standard disponibili. Le differenti finiture consentono di accordare l’applique a pareti chiare o scure, metalli presenti nell’arredo, infissi e complementi, mentre le eventuali variazioni di misura e potenza permettono di dimensionare la presenza luminosa in funzione della parete e del contesto. L’applique è adatta a ingressi, corridoi, scale, soggiorni, zona living, cucina, camera da letto e camerette, sia come punto luce di servizio sia come illuminazione d’accento lungo una parete. Nel mondo professionale può essere scelta per reception, uffici, studi, sale d’attesa, showroom, negozi, ristoranti e camere d’hotel, soprattutto quando si desidera una luce ordinata che non occupi superfici utili. In bagno o in prossimità di aree soggette a umidità, l’installazione va valutata in funzione della posizione prevista e delle indicazioni tecniche del prodotto. Nella progettazione della luce a parete, un apparecchio compatto permette di completare l’illuminazione generale e di evidenziare percorsi, quinte, nicchie, pareti attrezzate o elementi decorativi. Può essere installato da solo come accento oppure ripetuto in sequenza per ottenere uniformità visiva in corridoi, scale e spazi contract. La presenza di più opzioni di finitura o dimensione aiuta inoltre a mantenere lo stesso linguaggio luminoso in ambienti differenti dello stesso progetto. Per chi acquista online lampade da parete Ideal Lux, Alma ap rappresenta una proposta da valutare in base a dimensioni disponibili, finitura, sorgente luminosa e tipo di ambiente da illuminare. Le informazioni sulle configurazioni consentono di selezionare la variante più coerente con il progetto, evitando scelte generiche e costruendo un’illuminazione realmente coordinata. Prima della posa è opportuno verificare misure, collegamento elettrico, compatibilità della sorgente quando sostituibile e indicazioni di installazione riportate nella documentazione tecnica del prodotto.","Ideal Lux Alma ap: lampada da parete per interni con LED integrato. 6 versioni con bianco, cromo e ottone, 2 misure. Ideale per living, corridoi e contract."
IL-CONFIG-317,"Ideal Lux Andromeda ap1 propone una soluzione a parete per esterni che permette di definire il punto luce senza ingombrare piani o percorsi. Il corpo in alluminio e metallo conferisce all’applique un segno architettonico netto, adatto a installazioni coordinate e a pareti dal linguaggio contemporaneo. La collezione comprende 10 configurazioni selezionabili: nelle finiture antracite, bianco, caffè, grigio e nero; nelle dimensioni L 22 × H 9 × P 12 cm e L 45 × H 8 × P 9,5 cm. Le potenze previste sono E27 max 1 x 60W e E27 max 2 x 60W, con attacco E27. In dettaglio: L 22 × H 9 × P 12 cm con E27 max 1 x 60W; L 45 × H 8 × P 9,5 cm con E27 max 2 x 60W. La dotazione luminosa utilizza sorgenti sostituibili con attacco E27; non è dichiarato un dimmer integrato; l’eventuale regolazione dipende dalla lampadina compatibile e dal comando dell’impianto. È una scelta indicata per facciate, ingressi, balconi, terrazze, portici, percorsi esterni, dehors e pareti in giardino, nel rispetto delle condizioni di installazione previste. La descrizione della collezione evidenzia inoltre: Corpo luce in alluminio pressofuso verniciato. Doppio diffusore, superiore e inferiore, in vetro pirex satinato. Disponibile nelle finiture antracite, bianco, coffee, grigio o nero.","Ideal Lux Andromeda ap1 interpreta la lampada da parete per esterni come un elemento luminoso capace di unire funzione, proporzioni e presenza estetica. Il corpo in alluminio e metallo conferisce all’applique un segno architettonico netto, adatto a installazioni coordinate e a pareti dal linguaggio contemporaneo. La scheda originale della collezione specifica: Corpo luce in alluminio pressofuso verniciato. Doppio diffusore, superiore e inferiore, in vetro pirex satinato. Disponibile nelle finiture antracite, bianco, coffee, grigio o nero. La scelta della versione è un passaggio importante in un e-commerce di illuminazione, perché consente di coordinare lampada, parete e atmosfera luminosa. La collezione comprende 10 configurazioni selezionabili: nelle finiture antracite, bianco, caffè, grigio e nero; nelle dimensioni L 22 × H 9 × P 12 cm e L 45 × H 8 × P 9,5 cm. Le potenze previste sono E27 max 1 x 60W e E27 max 2 x 60W, con attacco E27. In dettaglio: L 22 × H 9 × P 12 cm con E27 max 1 x 60W; L 45 × H 8 × P 9,5 cm con E27 max 2 x 60W. La lampada impiega sorgenti sostituibili con attacco E27; non è dichiarato un dimmer integrato; l’eventuale regolazione dipende dalla lampadina compatibile e dal comando dell’impianto. Le differenti finiture consentono di accordare l’applique a pareti chiare o scure, metalli presenti nell’arredo, infissi e complementi, mentre le eventuali variazioni di misura e potenza permettono di dimensionare la presenza luminosa in funzione della parete e del contesto. Come applique da parete per esterni è indicata per illuminare ingressi, facciate, balconi, terrazze coperte o scoperte in base alla corretta installazione, portici, pergolati e dehors di ristoranti, bar o strutture ricettive. Può accompagnare vialetti, camminamenti, accessi carrabili, muri perimetrali, zone di passaggio in giardino e aree parcheggio, creando riferimenti luminosi lungo il percorso e rendendo più accogliente l’arrivo serale. Nei progetti outdoor vicino a piscine o in aree particolarmente esposte, collocazione, collegamento e manutenzione vanno sempre valutati secondo la scheda tecnica e le norme applicabili. In un progetto di illuminazione esterna a parete, la posizione dell’apparecchio incide sia sulla resa estetica sia sulla fruibilità degli spazi: vicino alla porta rende riconoscibile l’accesso, lungo un passaggio aiuta a leggere il percorso, su una facciata disegna un ritmo luminoso coerente. Una serie di applique coordinate può collegare ingresso, terrazza e giardino, mentre una singola installazione può sottolineare un numero civico, una nicchia o un’area conversazione outdoor. La scelta della temperatura colore, quando disponibile, permette di privilegiare un’atmosfera più accogliente oppure una percezione più nitida dei dettagli. Per chi acquista online lampade da parete Ideal Lux, Andromeda ap1 rappresenta una proposta da valutare in base a dimensioni disponibili, finitura, sorgente luminosa e tipo di ambiente da illuminare. Le informazioni sulle configurazioni consentono di selezionare la variante più coerente con il progetto, evitando scelte generiche e costruendo un’illuminazione realmente coordinata. Prima della posa è opportuno verificare misure, collegamento elettrico, compatibilità della sorgente quando sostituibile e indicazioni di installazione riportate nella documentazione tecnica del prodotto.","Ideal Lux Andromeda ap1: lampada da parete per esterni con attacco E27. 10 versioni con 5 finiture, 2 misure. Perfetta per ingressi, terrazze e giardini."
IL-CONFIG-318,"Ideal Lux Apollo ap è un’applique da parete per esterni progettata per un’illuminazione verticale curata e coerente con lo stile dell’ambiente. Il corpo in alluminio e metallo conferisce all’applique un segno architettonico netto, adatto a installazioni coordinate e a pareti dal linguaggio contemporaneo. La configurazione disponibile è unica: nelle finiture nero; nelle dimensioni L 7 × H 11 × P 6 cm. Le potenze previste sono LED 6W, con sorgente LED. La dotazione luminosa utilizza sorgente LED integrata e inclusa; la funzione dimmer non è indicata nelle configurazioni standard disponibili. È una scelta indicata per facciate, ingressi, balconi, terrazze, portici, percorsi esterni, dehors e pareti in giardino, nel rispetto delle condizioni di installazione previste.","Ideal Lux Apollo ap è una lampada da parete per esterni concepita per dare qualità all’illuminazione verticale e valorizzare la superficie su cui viene installata. Il corpo in alluminio e metallo conferisce all’applique un segno architettonico netto, adatto a installazioni coordinate e a pareti dal linguaggio contemporaneo. La scelta della versione è un passaggio importante in un e-commerce di illuminazione, perché consente di coordinare lampada, parete e atmosfera luminosa. La configurazione disponibile è unica: nelle finiture nero; nelle dimensioni L 7 × H 11 × P 6 cm. Le potenze previste sono LED 6W, con sorgente LED. La lampada impiega sorgente LED integrata e inclusa; la funzione dimmer non è indicata nelle configurazioni standard disponibili. Le differenti finiture consentono di accordare l’applique a pareti chiare o scure, metalli presenti nell’arredo, infissi e complementi, mentre le eventuali variazioni di misura e potenza permettono di dimensionare la presenza luminosa in funzione della parete e del contesto. Come applique da parete per esterni è indicata per illuminare ingressi, facciate, balconi, terrazze coperte o scoperte in base alla corretta installazione, portici, pergolati e dehors di ristoranti, bar o strutture ricettive. Può accompagnare vialetti, camminamenti, accessi carrabili, muri perimetrali, zone di passaggio in giardino e aree parcheggio, creando riferimenti luminosi lungo il percorso e rendendo più accogliente l’arrivo serale. Nei progetti outdoor vicino a piscine o in aree particolarmente esposte, collocazione, collegamento e manutenzione vanno sempre valutati secondo la scheda tecnica e le norme applicabili. In un progetto di illuminazione esterna a parete, la posizione dell’apparecchio incide sia sulla resa estetica sia sulla fruibilità degli spazi: vicino alla porta rende riconoscibile l’accesso, lungo un passaggio aiuta a leggere il percorso, su una facciata disegna un ritmo luminoso coerente. Una serie di applique coordinate può collegare ingresso, terrazza e giardino, mentre una singola installazione può sottolineare un numero civico, una nicchia o un’area conversazione outdoor. La scelta della temperatura colore, quando disponibile, permette di privilegiare un’atmosfera più accogliente oppure una percezione più nitida dei dettagli. Per chi acquista online lampade da parete Ideal Lux, Apollo ap rappresenta una proposta da valutare in base a dimensioni disponibili, finitura, sorgente luminosa e tipo di ambiente da illuminare. Le informazioni sulle configurazioni consentono di selezionare la variante più coerente con il progetto, evitando scelte generiche e costruendo un’illuminazione realmente coordinata. Prima della posa è opportuno verificare misure, collegamento elettrico, compatibilità della sorgente quando sostituibile e indicazioni di installazione riportate nella documentazione tecnica del prodotto.","Scopri Ideal Lux Apollo ap, applique da parete per esterni con LED integrato. 1 versioni con nero, formato compatto. Ideale per ingressi, terrazze e giardini."
IL-CONFIG-319,"L’applique Ideal Lux Argo ap1 è una lampada da parete per esterni pensata per integrare luce e arredo su superfici verticali. La struttura in metallo dona consistenza al punto luce e consente di inserire la lampada con equilibrio in ambienti residenziali o professionali. La collezione comprende 4 configurazioni selezionabili: nelle finiture antracite e bianco; nelle dimensioni L 9 × H 10,2 × P 5,5 cm; con temperatura colore 3000K e 4000K. Le potenze previste sono 6W, con sorgente LED. La dotazione luminosa utilizza sorgente LED integrata e inclusa; la funzione dimmer non è indicata nelle configurazioni standard disponibili. È una scelta indicata per facciate, ingressi, balconi, terrazze, portici, percorsi esterni, dehors e pareti in giardino, nel rispetto delle condizioni di installazione previste.","Con Ideal Lux Argo ap1, l’applique da parete per esterni diventa uno strumento progettuale: illumina, ordina lo spazio e completa la composizione d’arredo. La struttura in metallo dona consistenza al punto luce e consente di inserire la lampada con equilibrio in ambienti residenziali o professionali. La scelta della versione è un passaggio importante in un e-commerce di illuminazione, perché consente di coordinare lampada, parete e atmosfera luminosa. La collezione comprende 4 configurazioni selezionabili: nelle finiture antracite e bianco; nelle dimensioni L 9 × H 10,2 × P 5,5 cm; con temperatura colore 3000K e 4000K. Le potenze previste sono 6W, con sorgente LED. La lampada impiega sorgente LED integrata e inclusa; la funzione dimmer non è indicata nelle configurazioni standard disponibili. Le differenti finiture consentono di accordare l’applique a pareti chiare o scure, metalli presenti nell’arredo, infissi e complementi, mentre le eventuali variazioni di misura e potenza permettono di dimensionare la presenza luminosa in funzione della parete e del contesto. Come applique da parete per esterni è indicata per illuminare ingressi, facciate, balconi, terrazze coperte o scoperte in base alla corretta installazione, portici, pergolati e dehors di ristoranti, bar o strutture ricettive. Può accompagnare vialetti, camminamenti, accessi carrabili, muri perimetrali, zone di passaggio in giardino e aree parcheggio, creando riferimenti luminosi lungo il percorso e rendendo più accogliente l’arrivo serale. Nei progetti outdoor vicino a piscine o in aree particolarmente esposte, collocazione, collegamento e manutenzione vanno sempre valutati secondo la scheda tecnica e le norme applicabili. In un progetto di illuminazione esterna a parete, la posizione dell’apparecchio incide sia sulla resa estetica sia sulla fruibilità degli spazi: vicino alla porta rende riconoscibile l’accesso, lungo un passaggio aiuta a leggere il percorso, su una facciata disegna un ritmo luminoso coerente. Una serie di applique coordinate può collegare ingresso, terrazza e giardino, mentre una singola installazione può sottolineare un numero civico, una nicchia o un’area conversazione outdoor. La scelta della temperatura colore, quando disponibile, permette di privilegiare un’atmosfera più accogliente oppure una percezione più nitida dei dettagli. Per chi acquista online lampade da parete Ideal Lux, Argo ap1 rappresenta una proposta da valutare in base a dimensioni disponibili, finitura, sorgente luminosa e tipo di ambiente da illuminare. Le informazioni sulle configurazioni consentono di selezionare la variante più coerente con il progetto, evitando scelte generiche e costruendo un’illuminazione realmente coordinata. Prima della posa è opportuno verificare misure, collegamento elettrico, compatibilità della sorgente quando sostituibile e indicazioni di installazione riportate nella documentazione tecnica del prodotto.","Ideal Lux Argo ap1: applique da parete per esterni con LED integrato, antracite e bianco e formato compatto. Ideale per ingressi, terrazze e giardini."
IL-CONFIG-320,"Ideal Lux Argo ap2 propone una soluzione a parete per esterni che permette di definire il punto luce senza ingombrare piani o percorsi. La struttura in metallo dona consistenza al punto luce e consente di inserire la lampada con equilibrio in ambienti residenziali o professionali. La collezione comprende 4 configurazioni selezionabili: nelle finiture antracite e bianco; nelle dimensioni L 9 × H 10 × P 5,5 cm; con temperatura colore 3000K e 4000K. Le potenze previste sono 11W, con sorgente LED. La dotazione luminosa utilizza sorgente LED integrata e inclusa; la funzione dimmer non è indicata nelle configurazioni standard disponibili. È una scelta indicata per facciate, ingressi, balconi, terrazze, portici, percorsi esterni, dehors e pareti in giardino, nel rispetto delle condizioni di installazione previste.","Ideal Lux Argo ap2 interpreta la lampada da parete per esterni come un elemento luminoso capace di unire funzione, proporzioni e presenza estetica. La struttura in metallo dona consistenza al punto luce e consente di inserire la lampada con equilibrio in ambienti residenziali o professionali. La scelta della versione è un passaggio importante in un e-commerce di illuminazione, perché consente di coordinare lampada, parete e atmosfera luminosa. La collezione comprende 4 configurazioni selezionabili: nelle finiture antracite e bianco; nelle dimensioni L 9 × H 10 × P 5,5 cm; con temperatura colore 3000K e 4000K. Le potenze previste sono 11W, con sorgente LED. La lampada impiega sorgente LED integrata e inclusa; la funzione dimmer non è indicata nelle configurazioni standard disponibili. Le differenti finiture consentono di accordare l’applique a pareti chiare o scure, metalli presenti nell’arredo, infissi e complementi, mentre le eventuali variazioni di misura e potenza permettono di dimensionare la presenza luminosa in funzione della parete e del contesto. Come applique da parete per esterni è indicata per illuminare ingressi, facciate, balconi, terrazze coperte o scoperte in base alla corretta installazione, portici, pergolati e dehors di ristoranti, bar o strutture ricettive. Può accompagnare vialetti, camminamenti, accessi carrabili, muri perimetrali, zone di passaggio in giardino e aree parcheggio, creando riferimenti luminosi lungo il percorso e rendendo più accogliente l’arrivo serale. Nei progetti outdoor vicino a piscine o in aree particolarmente esposte, collocazione, collegamento e manutenzione vanno sempre valutati secondo la scheda tecnica e le norme applicabili. In un progetto di illuminazione esterna a parete, la posizione dell’apparecchio incide sia sulla resa estetica sia sulla fruibilità degli spazi: vicino alla porta rende riconoscibile l’accesso, lungo un passaggio aiuta a leggere il percorso, su una facciata disegna un ritmo luminoso coerente. Una serie di applique coordinate può collegare ingresso, terrazza e giardino, mentre una singola installazione può sottolineare un numero civico, una nicchia o un’area conversazione outdoor. La scelta della temperatura colore, quando disponibile, permette di privilegiare un’atmosfera più accogliente oppure una percezione più nitida dei dettagli. Per chi acquista online lampade da parete Ideal Lux, Argo ap2 rappresenta una proposta da valutare in base a dimensioni disponibili, finitura, sorgente luminosa e tipo di ambiente da illuminare. Le informazioni sulle configurazioni consentono di selezionare la variante più coerente con il progetto, evitando scelte generiche e costruendo un’illuminazione realmente coordinata. Prima della posa è opportuno verificare misure, collegamento elettrico, compatibilità della sorgente quando sostituibile e indicazioni di installazione riportate nella documentazione tecnica del prodotto.","Ideal Lux Argo ap2: applique da parete per esterni con LED integrato, antracite e bianco e formato compatto. Ideale per ingressi, terrazze e giardini."
IL-CONFIG-321,"Ideal Lux Atlas ap2 è un’applique da parete per interni progettata per un’illuminazione verticale curata e coerente con lo stile dell’ambiente. La combinazione di metallo e vetro unisce struttura e trasparenza: il vetro contribuisce a rendere l’emissione luminosa più curata e il punto luce più decorativo. La collezione comprende 3 configurazioni selezionabili: nelle finiture bianco, nero e oro; nelle dimensioni L 30 × H 30 × P 19 cm. Le potenze previste sono G9 max 2 x 4W, con attacco G9. La dotazione luminosa utilizza sorgenti sostituibili con attacco G9; non è dichiarato un dimmer integrato; l’eventuale regolazione dipende dalla lampadina compatibile e dal comando dell’impianto. È pensata per living, saloni, ingressi, camere, ristoranti, hall e showroom in cui la lampada contribuisce anche alla decorazione della parete.","Ideal Lux Atlas ap2 è una lampada da parete per interni concepita per dare qualità all’illuminazione verticale e valorizzare la superficie su cui viene installata. La combinazione di metallo e vetro unisce struttura e trasparenza: il vetro contribuisce a rendere l’emissione luminosa più curata e il punto luce più decorativo. La scelta della versione è un passaggio importante in un e-commerce di illuminazione, perché consente di coordinare lampada, parete e atmosfera luminosa. La collezione comprende 3 configurazioni selezionabili: nelle finiture bianco, nero e oro; nelle dimensioni L 30 × H 30 × P 19 cm. Le potenze previste sono G9 max 2 x 4W, con attacco G9. La lampada impiega sorgenti sostituibili con attacco G9; non è dichiarato un dimmer integrato; l’eventuale regolazione dipende dalla lampadina compatibile e dal comando dell’impianto. Le differenti finiture consentono di accordare l’applique a pareti chiare o scure, metalli presenti nell’arredo, infissi e complementi, mentre le eventuali variazioni di misura e potenza permettono di dimensionare la presenza luminosa in funzione della parete e del contesto. Pensata per arredare oltre che illuminare, questa applique può valorizzare soggiorno, salone, sala da pranzo, ingresso, vano scala, camera da letto e pareti di rappresentanza della zona living. È indicata anche per hall, reception, ristoranti, boutique, showroom e camere di hotel, dove un dettaglio decorativo a parete contribuisce all’identità dell’ambiente. Installata singolarmente crea un accento visivo; disposta in coppia o in sequenza può incorniciare specchi, consolle, quadri o elementi architettonici, con un risultato più scenografico. La luce decorativa a parete è utile quando l’ambiente richiede profondità visiva e un dettaglio capace di farsi ricordare. In un salone o in una hall, la lampada può essere abbinata a sospensioni e piantane della stessa atmosfera; in un ristorante o showroom può scandire la parete e rafforzare la percezione del progetto. Finiture e materiali diventano così parte della narrazione d’arredo, dal contesto più elegante a quello contemporaneo e ricercato. Per chi acquista online lampade da parete Ideal Lux, Atlas ap2 rappresenta una proposta da valutare in base a dimensioni disponibili, finitura, sorgente luminosa e tipo di ambiente da illuminare. Le informazioni sulle configurazioni consentono di selezionare la variante più coerente con il progetto, evitando scelte generiche e costruendo un’illuminazione realmente coordinata. Prima della posa è opportuno verificare misure, collegamento elettrico, compatibilità della sorgente quando sostituibile e indicazioni di installazione riportate nella documentazione tecnica del prodotto.","Ideal Lux Atlas ap2: lampada da parete per interni con attacco G9. 3 versioni con bianco, nero e oro, formato compatto. Ideale per living, hall e ristoranti."
IL-CONFIG-322,"L’applique Ideal Lux Atom ap è una lampada da parete per esterni pensata per integrare luce e arredo su superfici verticali. La struttura in metallo dona consistenza al punto luce e consente di inserire la lampada con equilibrio in ambienti residenziali o professionali. La collezione comprende 20 configurazioni selezionabili: nelle finiture antracite, bianco, caffè, grigio e nero; nelle dimensioni L 10 × H 10 × P 10 cm e L 20 × H 10 × P 10 cm; con temperatura colore 3000K e 4000K. Le potenze previste sono 12W e 25W, con sorgente LED. In dettaglio: L 10 × H 10 × P 10 cm con 12W; L 20 × H 10 × P 10 cm con 25W. La dotazione luminosa utilizza sorgente LED integrata e inclusa; la funzione dimmer non è indicata nelle configurazioni standard disponibili. È una scelta indicata per facciate, ingressi, balconi, terrazze, portici, percorsi esterni, dehors e pareti in giardino, nel rispetto delle condizioni di installazione previste.","Con Ideal Lux Atom ap, l’applique da parete per esterni diventa uno strumento progettuale: illumina, ordina lo spazio e completa la composizione d’arredo. La struttura in metallo dona consistenza al punto luce e consente di inserire la lampada con equilibrio in ambienti residenziali o professionali. La scelta della versione è un passaggio importante in un e-commerce di illuminazione, perché consente di coordinare lampada, parete e atmosfera luminosa. La collezione comprende 20 configurazioni selezionabili: nelle finiture antracite, bianco, caffè, grigio e nero; nelle dimensioni L 10 × H 10 × P 10 cm e L 20 × H 10 × P 10 cm; con temperatura colore 3000K e 4000K. Le potenze previste sono 12W e 25W, con sorgente LED. In dettaglio: L 10 × H 10 × P 10 cm con 12W; L 20 × H 10 × P 10 cm con 25W. La lampada impiega sorgente LED integrata e inclusa; la funzione dimmer non è indicata nelle configurazioni standard disponibili. Le differenti finiture consentono di accordare l’applique a pareti chiare o scure, metalli presenti nell’arredo, infissi e complementi, mentre le eventuali variazioni di misura e potenza permettono di dimensionare la presenza luminosa in funzione della parete e del contesto. Come applique da parete per esterni è indicata per illuminare ingressi, facciate, balconi, terrazze coperte o scoperte in base alla corretta installazione, portici, pergolati e dehors di ristoranti, bar o strutture ricettive. Può accompagnare vialetti, camminamenti, accessi carrabili, muri perimetrali, zone di passaggio in giardino e aree parcheggio, creando riferimenti luminosi lungo il percorso e rendendo più accogliente l’arrivo serale. Nei progetti outdoor vicino a piscine o in aree particolarmente esposte, collocazione, collegamento e manutenzione vanno sempre valutati secondo la scheda tecnica e le norme applicabili. In un progetto di illuminazione esterna a parete, la posizione dell’apparecchio incide sia sulla resa estetica sia sulla fruibilità degli spazi: vicino alla porta rende riconoscibile l’accesso, lungo un passaggio aiuta a leggere il percorso, su una facciata disegna un ritmo luminoso coerente. Una serie di applique coordinate può collegare ingresso, terrazza e giardino, mentre una singola installazione può sottolineare un numero civico, una nicchia o un’area conversazione outdoor. La scelta della temperatura colore, quando disponibile, permette di privilegiare un’atmosfera più accogliente oppure una percezione più nitida dei dettagli. Per chi acquista online lampade da parete Ideal Lux, Atom ap rappresenta una proposta da valutare in base a dimensioni disponibili, finitura, sorgente luminosa e tipo di ambiente da illuminare. Le informazioni sulle configurazioni consentono di selezionare la variante più coerente con il progetto, evitando scelte generiche e costruendo un’illuminazione realmente coordinata. Prima della posa è opportuno verificare misure, collegamento elettrico, compatibilità della sorgente quando sostituibile e indicazioni di installazione riportate nella documentazione tecnica del prodotto.","Ideal Lux Atom ap: applique da parete per esterni con LED integrato, 5 finiture e 2 misure. Ideale per ingressi, terrazze e giardini. Acquista online."
IL-CONFIG-323,"Ideal Lux Balance ap propone una soluzione a parete per interni che permette di definire il punto luce senza ingombrare piani o percorsi. La costruzione in metallo e plexiglas è pensata per un profilo ordinato e una diffusione uniforme, adatta a progetti nei quali la luce deve accompagnare l’architettura senza appesantirla. La collezione comprende 6 configurazioni selezionabili: nelle finiture bianco e nero; nelle dimensioni L 45 × H 4 × P min 10 / max 10-11,5 cm, L 60 × H 4 × P min 10 / max 10-11,5 cm e L 90 × H 4 × P min 10 / max 10-11,5 cm. Le potenze previste sono LED 12W, LED 17W e LED 24W, con sorgente LED. In dettaglio: L 45 × H 4 × P min 10 / max 10-11,5 cm con LED 12W; L 60 × H 4 × P min 10 / max 10-11,5 cm con LED 17W; L 90 × H 4 × P min 10 / max 10-11,5 cm con LED 24W. La dotazione luminosa utilizza sorgente LED integrata e inclusa; la funzione dimmer non è indicata nelle configurazioni standard disponibili. È indicata per living, corridoi, scale, camere, reception, uffici, showroom e locali commerciali in cerca di una luce a parete ordinata.","Ideal Lux Balance ap interpreta la lampada da parete per interni come un elemento luminoso capace di unire funzione, proporzioni e presenza estetica. La costruzione in metallo e plexiglas è pensata per un profilo ordinato e una diffusione uniforme, adatta a progetti nei quali la luce deve accompagnare l’architettura senza appesantirla. La scelta della versione è un passaggio importante in un e-commerce di illuminazione, perché consente di coordinare lampada, parete e atmosfera luminosa. La collezione comprende 6 configurazioni selezionabili: nelle finiture bianco e nero; nelle dimensioni L 45 × H 4 × P min 10 / max 10-11,5 cm, L 60 × H 4 × P min 10 / max 10-11,5 cm e L 90 × H 4 × P min 10 / max 10-11,5 cm. Le potenze previste sono LED 12W, LED 17W e LED 24W, con sorgente LED. In dettaglio: L 45 × H 4 × P min 10 / max 10-11,5 cm con LED 12W; L 60 × H 4 × P min 10 / max 10-11,5 cm con LED 17W; L 90 × H 4 × P min 10 / max 10-11,5 cm con LED 24W. La lampada impiega sorgente LED integrata e inclusa; la funzione dimmer non è indicata nelle configurazioni standard disponibili. Le differenti finiture consentono di accordare l’applique a pareti chiare o scure, metalli presenti nell’arredo, infissi e complementi, mentre le eventuali variazioni di misura e potenza permettono di dimensionare la presenza luminosa in funzione della parete e del contesto. L’applique è adatta a ingressi, corridoi, scale, soggiorni, zona living, cucina, camera da letto e camerette, sia come punto luce di servizio sia come illuminazione d’accento lungo una parete. Nel mondo professionale può essere scelta per reception, uffici, studi, sale d’attesa, showroom, negozi, ristoranti e camere d’hotel, soprattutto quando si desidera una luce ordinata che non occupi superfici utili. In bagno o in prossimità di aree soggette a umidità, l’installazione va valutata in funzione della posizione prevista e delle indicazioni tecniche del prodotto. Nella progettazione della luce a parete, un apparecchio compatto permette di completare l’illuminazione generale e di evidenziare percorsi, quinte, nicchie, pareti attrezzate o elementi decorativi. Può essere installato da solo come accento oppure ripetuto in sequenza per ottenere uniformità visiva in corridoi, scale e spazi contract. La presenza di più opzioni di finitura o dimensione aiuta inoltre a mantenere lo stesso linguaggio luminoso in ambienti differenti dello stesso progetto. Per chi acquista online lampade da parete Ideal Lux, Balance ap rappresenta una proposta da valutare in base a dimensioni disponibili, finitura, sorgente luminosa e tipo di ambiente da illuminare. Le informazioni sulle configurazioni consentono di selezionare la variante più coerente con il progetto, evitando scelte generiche e costruendo un’illuminazione realmente coordinata. Prima della posa è opportuno verificare misure, collegamento elettrico, compatibilità della sorgente quando sostituibile e indicazioni di installazione riportate nella documentazione tecnica del prodotto.","Scopri Ideal Lux Balance ap, applique da parete per interni con LED integrato. 6 versioni con bianco e nero, 3 misure. Ideale per living, corridoi e contract."
IL-CONFIG-324,"Ideal Lux Barber ap1 è un’applique da parete per interni progettata per un’illuminazione verticale curata e coerente con lo stile dell’ambiente. La struttura in metallo dona consistenza al punto luce e consente di inserire la lampada con equilibrio in ambienti residenziali o professionali. La configurazione disponibile è unica: nelle finiture brunito; nelle dimensioni L 10 × H 16 × P 13,5 cm. Le potenze previste sono GU10 max 1 x 28W, con attacco GU10. La dotazione luminosa utilizza sorgenti sostituibili con attacco GU10; non è dichiarato un dimmer integrato; l’eventuale regolazione dipende dalla lampadina compatibile e dal comando dell’impianto. È particolarmente utile presso specchi, zone lavabo, camerini, camere d’hotel, corridoi e pareti di servizio, verificando l’idoneità della collocazione in ambienti umidi.","Ideal Lux Barber ap1 è una lampada da parete per interni concepita per dare qualità all’illuminazione verticale e valorizzare la superficie su cui viene installata. La struttura in metallo dona consistenza al punto luce e consente di inserire la lampada con equilibrio in ambienti residenziali o professionali. La scelta della versione è un passaggio importante in un e-commerce di illuminazione, perché consente di coordinare lampada, parete e atmosfera luminosa. La configurazione disponibile è unica: nelle finiture brunito; nelle dimensioni L 10 × H 16 × P 13,5 cm. Le potenze previste sono GU10 max 1 x 28W, con attacco GU10. La lampada impiega sorgenti sostituibili con attacco GU10; non è dichiarato un dimmer integrato; l’eventuale regolazione dipende dalla lampadina compatibile e dal comando dell’impianto. Le differenti finiture consentono di accordare l’applique a pareti chiare o scure, metalli presenti nell’arredo, infissi e complementi, mentre le eventuali variazioni di misura e potenza permettono di dimensionare la presenza luminosa in funzione della parete e del contesto. La vocazione dell’applique è particolarmente interessante sopra o ai lati di specchi, consolle e superfici dedicate alla cura personale: può completare una zona lavabo, un angolo make-up, una cabina armadio o una parete attrezzata in camera da letto. In ambito contract si presta a camere d’hotel, suite, saloni di bellezza, barber shop, camerini di boutique e servizi di locali commerciali, dove un punto luce a parete contribuisce alla percezione dello spazio. Per l’installazione in bagno occorre sempre verificare che la posizione prescelta sia idonea secondo la scheda tecnica e le norme dell’ambiente. Nell’illuminazione vicino allo specchio la qualità del progetto dipende dalla distribuzione equilibrata della luce e dalla posizione della lampada rispetto al viso e alla superficie riflettente. Una applique ben inserita rende più ordinata la zona lavabo o make-up e può diventare un elemento distintivo in un bagno d’hotel, in un camerino o in un salone professionale. In abbinamento ad altre luci ambientali, contribuisce a una scena luminosa completa, piacevole e facilmente fruibile durante la giornata. Per chi acquista online lampade da parete Ideal Lux, Barber ap1 rappresenta una proposta da valutare in base a dimensioni disponibili, finitura, sorgente luminosa e tipo di ambiente da illuminare. Le informazioni sulle configurazioni consentono di selezionare la variante più coerente con il progetto, evitando scelte generiche e costruendo un’illuminazione realmente coordinata. Prima della posa è opportuno verificare misure, collegamento elettrico, compatibilità della sorgente quando sostituibile e indicazioni di installazione riportate nella documentazione tecnica del prodotto.","Ideal Lux Barber ap1: lampada da parete per interni con attacco GU10. 1 versioni con brunito, formato compatto. Ideale per specchi, camere e ambienti contract."
IL-CONFIG-325,"L’applique Ideal Lux Base ap2 è una lampada da parete per esterni pensata per integrare luce e arredo su superfici verticali. Il corpo in alluminio e metallo conferisce all’applique un segno architettonico netto, adatto a installazioni coordinate e a pareti dal linguaggio contemporaneo. La collezione comprende 2 configurazioni selezionabili: nelle finiture bianco e nero; nelle dimensioni L 6,5 × H 18 × P 11,5 cm. Le potenze previste sono GU10 max 2 x 28W, con attacco GU10. La dotazione luminosa utilizza sorgenti sostituibili con attacco GU10; non è dichiarato un dimmer integrato; l’eventuale regolazione dipende dalla lampadina compatibile e dal comando dell’impianto. È una scelta indicata per facciate, ingressi, balconi, terrazze, portici, percorsi esterni, dehors e pareti in giardino, nel rispetto delle condizioni di installazione previste. La descrizione della collezione evidenzia inoltre: Corpo luce in alluminio pressofuso rifinito con vernice a polveri opaca di colore bianco, grigio o nero. Doppio diffusore, superiore e inferiore, in vetro temperato trasparente.","Con Ideal Lux Base ap2, l’applique da parete per esterni diventa uno strumento progettuale: illumina, ordina lo spazio e completa la composizione d’arredo. Il corpo in alluminio e metallo conferisce all’applique un segno architettonico netto, adatto a installazioni coordinate e a pareti dal linguaggio contemporaneo. La scheda originale della collezione specifica: Corpo luce in alluminio pressofuso rifinito con vernice a polveri opaca di colore bianco, grigio o nero. Doppio diffusore, superiore e inferiore, in vetro temperato trasparente. La scelta della versione è un passaggio importante in un e-commerce di illuminazione, perché consente di coordinare lampada, parete e atmosfera luminosa. La collezione comprende 2 configurazioni selezionabili: nelle finiture bianco e nero; nelle dimensioni L 6,5 × H 18 × P 11,5 cm. Le potenze previste sono GU10 max 2 x 28W, con attacco GU10. La lampada impiega sorgenti sostituibili con attacco GU10; non è dichiarato un dimmer integrato; l’eventuale regolazione dipende dalla lampadina compatibile e dal comando dell’impianto. Le differenti finiture consentono di accordare l’applique a pareti chiare o scure, metalli presenti nell’arredo, infissi e complementi, mentre le eventuali variazioni di misura e potenza permettono di dimensionare la presenza luminosa in funzione della parete e del contesto. Come applique da parete per esterni è indicata per illuminare ingressi, facciate, balconi, terrazze coperte o scoperte in base alla corretta installazione, portici, pergolati e dehors di ristoranti, bar o strutture ricettive. Può accompagnare vialetti, camminamenti, accessi carrabili, muri perimetrali, zone di passaggio in giardino e aree parcheggio, creando riferimenti luminosi lungo il percorso e rendendo più accogliente l’arrivo serale. Nei progetti outdoor vicino a piscine o in aree particolarmente esposte, collocazione, collegamento e manutenzione vanno sempre valutati secondo la scheda tecnica e le norme applicabili. In un progetto di illuminazione esterna a parete, la posizione dell’apparecchio incide sia sulla resa estetica sia sulla fruibilità degli spazi: vicino alla porta rende riconoscibile l’accesso, lungo un passaggio aiuta a leggere il percorso, su una facciata disegna un ritmo luminoso coerente. Una serie di applique coordinate può collegare ingresso, terrazza e giardino, mentre una singola installazione può sottolineare un numero civico, una nicchia o un’area conversazione outdoor. La scelta della temperatura colore, quando disponibile, permette di privilegiare un’atmosfera più accogliente oppure una percezione più nitida dei dettagli. Per chi acquista online lampade da parete Ideal Lux, Base ap2 rappresenta una proposta da valutare in base a dimensioni disponibili, finitura, sorgente luminosa e tipo di ambiente da illuminare. Le informazioni sulle configurazioni consentono di selezionare la variante più coerente con il progetto, evitando scelte generiche e costruendo un’illuminazione realmente coordinata. Prima della posa è opportuno verificare misure, collegamento elettrico, compatibilità della sorgente quando sostituibile e indicazioni di installazione riportate nella documentazione tecnica del prodotto.","Ideal Lux Base ap2: lampada da parete per esterni con attacco GU10. 2 versioni con bianco e nero, formato compatto. Ideale per ingressi, terrazze e giardini."
IL-CONFIG-326,"Ideal Lux Bean ap round rechargeable propone una soluzione a parete per interni che permette di definire il punto luce senza ingombrare piani o percorsi. La combinazione di metallo e vetro unisce struttura e trasparenza: il vetro contribuisce a rendere l’emissione luminosa più curata e il punto luce più decorativo. La collezione comprende 4 configurazioni selezionabili: nelle finiture bianco, nero, nichel e ottone; nelle dimensioni L 8 × H 8 × P 11 cm. Le potenze previste sono LED 3W, con sorgente LED. La dotazione luminosa utilizza sorgente LED integrata e inclusa; la versione è dimmerabile e consente di modulare l’intensità luminosa secondo le esigenze dell’ambiente. È indicata per living, corridoi, scale, camere, reception, uffici, showroom e locali commerciali in cerca di una luce a parete ordinata.","Ideal Lux Bean ap round rechargeable interpreta la lampada da parete per interni come un elemento luminoso capace di unire funzione, proporzioni e presenza estetica. La combinazione di metallo e vetro unisce struttura e trasparenza: il vetro contribuisce a rendere l’emissione luminosa più curata e il punto luce più decorativo. La scelta della versione è un passaggio importante in un e-commerce di illuminazione, perché consente di coordinare lampada, parete e atmosfera luminosa. La collezione comprende 4 configurazioni selezionabili: nelle finiture bianco, nero, nichel e ottone; nelle dimensioni L 8 × H 8 × P 11 cm. Le potenze previste sono LED 3W, con sorgente LED. La lampada impiega sorgente LED integrata e inclusa; la versione è dimmerabile e consente di modulare l’intensità luminosa secondo le esigenze dell’ambiente. Le differenti finiture consentono di accordare l’applique a pareti chiare o scure, metalli presenti nell’arredo, infissi e complementi, mentre le eventuali variazioni di misura e potenza permettono di dimensionare la presenza luminosa in funzione della parete e del contesto. L’applique è adatta a ingressi, corridoi, scale, soggiorni, zona living, cucina, camera da letto e camerette, sia come punto luce di servizio sia come illuminazione d’accento lungo una parete. Nel mondo professionale può essere scelta per reception, uffici, studi, sale d’attesa, showroom, negozi, ristoranti e camere d’hotel, soprattutto quando si desidera una luce ordinata che non occupi superfici utili. In bagno o in prossimità di aree soggette a umidità, l’installazione va valutata in funzione della posizione prevista e delle indicazioni tecniche del prodotto. Nella progettazione della luce a parete, un apparecchio compatto permette di completare l’illuminazione generale e di evidenziare percorsi, quinte, nicchie, pareti attrezzate o elementi decorativi. Può essere installato da solo come accento oppure ripetuto in sequenza per ottenere uniformità visiva in corridoi, scale e spazi contract. La presenza di più opzioni di finitura o dimensione aiuta inoltre a mantenere lo stesso linguaggio luminoso in ambienti differenti dello stesso progetto. Per chi acquista online lampade da parete Ideal Lux, Bean ap round rechargeable rappresenta una proposta da valutare in base a dimensioni disponibili, finitura, sorgente luminosa e tipo di ambiente da illuminare. Le informazioni sulle configurazioni consentono di selezionare la variante più coerente con il progetto, evitando scelte generiche e costruendo un’illuminazione realmente coordinata. Prima della posa è opportuno verificare misure, collegamento elettrico, compatibilità della sorgente quando sostituibile e indicazioni di installazione riportate nella documentazione tecnica del prodotto.","Ideal Lux Bean ap round rechargeable: applique da parete per interni con LED integrato, 4 finiture e formato compatto. Ideale per living, corridoi e contract."
IL-CONFIG-327,"Ideal Lux Bean ap round è un’applique da parete per interni progettata per un’illuminazione verticale curata e coerente con lo stile dell’ambiente. La combinazione di metallo e vetro unisce struttura e trasparenza: il vetro contribuisce a rendere l’emissione luminosa più curata e il punto luce più decorativo. La collezione comprende 8 configurazioni selezionabili: nelle finiture bianco, nero, nichel e ottone; nelle dimensioni L 6,5 × H 8,5 × P 11 cm e L 7 × H 8,5 × P 11 cm. Le potenze previste sono LED 3W, con sorgente LED. La dotazione luminosa utilizza sorgente LED integrata e inclusa; la funzione dimmer non è indicata nelle configurazioni standard disponibili. È indicata per living, corridoi, scale, camere, reception, uffici, showroom e locali commerciali in cerca di una luce a parete ordinata.","Ideal Lux Bean ap round è una lampada da parete per interni concepita per dare qualità all’illuminazione verticale e valorizzare la superficie su cui viene installata. La combinazione di metallo e vetro unisce struttura e trasparenza: il vetro contribuisce a rendere l’emissione luminosa più curata e il punto luce più decorativo. La scelta della versione è un passaggio importante in un e-commerce di illuminazione, perché consente di coordinare lampada, parete e atmosfera luminosa. La collezione comprende 8 configurazioni selezionabili: nelle finiture bianco, nero, nichel e ottone; nelle dimensioni L 6,5 × H 8,5 × P 11 cm e L 7 × H 8,5 × P 11 cm. Le potenze previste sono LED 3W, con sorgente LED. La lampada impiega sorgente LED integrata e inclusa; la funzione dimmer non è indicata nelle configurazioni standard disponibili. Le differenti finiture consentono di accordare l’applique a pareti chiare o scure, metalli presenti nell’arredo, infissi e complementi, mentre le eventuali variazioni di misura e potenza permettono di dimensionare la presenza luminosa in funzione della parete e del contesto. L’applique è adatta a ingressi, corridoi, scale, soggiorni, zona living, cucina, camera da letto e camerette, sia come punto luce di servizio sia come illuminazione d’accento lungo una parete. Nel mondo professionale può essere scelta per reception, uffici, studi, sale d’attesa, showroom, negozi, ristoranti e camere d’hotel, soprattutto quando si desidera una luce ordinata che non occupi superfici utili. In bagno o in prossimità di aree soggette a umidità, l’installazione va valutata in funzione della posizione prevista e delle indicazioni tecniche del prodotto. Nella progettazione della luce a parete, un apparecchio compatto permette di completare l’illuminazione generale e di evidenziare percorsi, quinte, nicchie, pareti attrezzate o elementi decorativi. Può essere installato da solo come accento oppure ripetuto in sequenza per ottenere uniformità visiva in corridoi, scale e spazi contract. La presenza di più opzioni di finitura o dimensione aiuta inoltre a mantenere lo stesso linguaggio luminoso in ambienti differenti dello stesso progetto. Per chi acquista online lampade da parete Ideal Lux, Bean ap round rappresenta una proposta da valutare in base a dimensioni disponibili, finitura, sorgente luminosa e tipo di ambiente da illuminare. Le informazioni sulle configurazioni consentono di selezionare la variante più coerente con il progetto, evitando scelte generiche e costruendo un’illuminazione realmente coordinata. Prima della posa è opportuno verificare misure, collegamento elettrico, compatibilità della sorgente quando sostituibile e indicazioni di installazione riportate nella documentazione tecnica del prodotto.","Scopri Ideal Lux Bean ap round, applique da parete per interni con LED integrato. 8 versioni con 4 finiture, 2 misure. Ideale per living, corridoi e contract."
IL-CONFIG-328,"L’applique Ideal Lux Binomio led ap è una lampada da parete per interni pensata per integrare luce e arredo su superfici verticali. Il corpo luce compatto è studiato per valorizzare la sorgente e mantenere pulita la parete, con una presenza visiva discreta ma riconoscibile. La collezione comprende 3 configurazioni selezionabili: nelle finiture bianco, nero e ottone; nelle dimensioni L 21,6 × H 9,5 × P 9 cm. Le potenze previste sono LED 6W, con sorgente LED. La dotazione luminosa utilizza sorgente LED integrata e inclusa; la funzione dimmer non è indicata nelle configurazioni standard disponibili. È indicata per living, corridoi, scale, camere, reception, uffici, showroom e locali commerciali in cerca di una luce a parete ordinata.","Con Ideal Lux Binomio led ap, l’applique da parete per interni diventa uno strumento progettuale: illumina, ordina lo spazio e completa la composizione d’arredo. Il corpo luce compatto è studiato per valorizzare la sorgente e mantenere pulita la parete, con una presenza visiva discreta ma riconoscibile. La scelta della versione è un passaggio importante in un e-commerce di illuminazione, perché consente di coordinare lampada, parete e atmosfera luminosa. La collezione comprende 3 configurazioni selezionabili: nelle finiture bianco, nero e ottone; nelle dimensioni L 21,6 × H 9,5 × P 9 cm. Le potenze previste sono LED 6W, con sorgente LED. La lampada impiega sorgente LED integrata e inclusa; la funzione dimmer non è indicata nelle configurazioni standard disponibili. Le differenti finiture consentono di accordare l’applique a pareti chiare o scure, metalli presenti nell’arredo, infissi e complementi, mentre le eventuali variazioni di misura e potenza permettono di dimensionare la presenza luminosa in funzione della parete e del contesto. L’applique è adatta a ingressi, corridoi, scale, soggiorni, zona living, cucina, camera da letto e camerette, sia come punto luce di servizio sia come illuminazione d’accento lungo una parete. Nel mondo professionale può essere scelta per reception, uffici, studi, sale d’attesa, showroom, negozi, ristoranti e camere d’hotel, soprattutto quando si desidera una luce ordinata che non occupi superfici utili. In bagno o in prossimità di aree soggette a umidità, l’installazione va valutata in funzione della posizione prevista e delle indicazioni tecniche del prodotto. Nella progettazione della luce a parete, un apparecchio compatto permette di completare l’illuminazione generale e di evidenziare percorsi, quinte, nicchie, pareti attrezzate o elementi decorativi. Può essere installato da solo come accento oppure ripetuto in sequenza per ottenere uniformità visiva in corridoi, scale e spazi contract. La presenza di più opzioni di finitura o dimensione aiuta inoltre a mantenere lo stesso linguaggio luminoso in ambienti differenti dello stesso progetto. Per chi acquista online lampade da parete Ideal Lux, Binomio led ap rappresenta una proposta da valutare in base a dimensioni disponibili, finitura, sorgente luminosa e tipo di ambiente da illuminare. Le informazioni sulle configurazioni consentono di selezionare la variante più coerente con il progetto, evitando scelte generiche e costruendo un’illuminazione realmente coordinata. Prima della posa è opportuno verificare misure, collegamento elettrico, compatibilità della sorgente quando sostituibile e indicazioni di installazione riportate nella documentazione tecnica del prodotto.","Ideal Lux Binomio led ap: applique da parete per interni con LED integrato, bianco, nero e ottone e formato compatto. Ideale per living, corridoi e contract."
IL-CONFIG-329,"Ideal Lux Binomio led pl2 propone una soluzione a parete per interni che permette di definire il punto luce senza ingombrare piani o percorsi. La combinazione di metallo e vetro unisce struttura e trasparenza: il vetro contribuisce a rendere l’emissione luminosa più curata e il punto luce più decorativo. La collezione comprende 3 configurazioni selezionabili: nelle finiture bianco, nero e ottone; nelle dimensioni L 18,3 × H 9 × P 6 cm. Le potenze previste sono LED 6W, con sorgente LED. La dotazione luminosa utilizza sorgente LED integrata e inclusa; la funzione dimmer non è indicata nelle configurazioni standard disponibili. È indicata per living, corridoi, scale, camere, reception, uffici, showroom e locali commerciali in cerca di una luce a parete ordinata.","Ideal Lux Binomio led pl2 interpreta la lampada da parete per interni come un elemento luminoso capace di unire funzione, proporzioni e presenza estetica. La combinazione di metallo e vetro unisce struttura e trasparenza: il vetro contribuisce a rendere l’emissione luminosa più curata e il punto luce più decorativo. La scelta della versione è un passaggio importante in un e-commerce di illuminazione, perché consente di coordinare lampada, parete e atmosfera luminosa. La collezione comprende 3 configurazioni selezionabili: nelle finiture bianco, nero e ottone; nelle dimensioni L 18,3 × H 9 × P 6 cm. Le potenze previste sono LED 6W, con sorgente LED. La lampada impiega sorgente LED integrata e inclusa; la funzione dimmer non è indicata nelle configurazioni standard disponibili. Le differenti finiture consentono di accordare l’applique a pareti chiare o scure, metalli presenti nell’arredo, infissi e complementi, mentre le eventuali variazioni di misura e potenza permettono di dimensionare la presenza luminosa in funzione della parete e del contesto. L’applique è adatta a ingressi, corridoi, scale, soggiorni, zona living, cucina, camera da letto e camerette, sia come punto luce di servizio sia come illuminazione d’accento lungo una parete. Nel mondo professionale può essere scelta per reception, uffici, studi, sale d’attesa, showroom, negozi, ristoranti e camere d’hotel, soprattutto quando si desidera una luce ordinata che non occupi superfici utili. In bagno o in prossimità di aree soggette a umidità, l’installazione va valutata in funzione della posizione prevista e delle indicazioni tecniche del prodotto. Nella progettazione della luce a parete, un apparecchio compatto permette di completare l’illuminazione generale e di evidenziare percorsi, quinte, nicchie, pareti attrezzate o elementi decorativi. Può essere installato da solo come accento oppure ripetuto in sequenza per ottenere uniformità visiva in corridoi, scale e spazi contract. La presenza di più opzioni di finitura o dimensione aiuta inoltre a mantenere lo stesso linguaggio luminoso in ambienti differenti dello stesso progetto. Per chi acquista online lampade da parete Ideal Lux, Binomio led pl2 rappresenta una proposta da valutare in base a dimensioni disponibili, finitura, sorgente luminosa e tipo di ambiente da illuminare. Le informazioni sulle configurazioni consentono di selezionare la variante più coerente con il progetto, evitando scelte generiche e costruendo un’illuminazione realmente coordinata. Prima della posa è opportuno verificare misure, collegamento elettrico, compatibilità della sorgente quando sostituibile e indicazioni di installazione riportate nella documentazione tecnica del prodotto.","Ideal Lux Binomio led pl2: applique da parete per interni con LED integrato, bianco, nero e ottone e formato compatto. Ideale per living, corridoi e contract."
IL-CONFIG-330,"Ideal Lux Birds ap1 è un’applique da parete per interni progettata per un’illuminazione verticale curata e coerente con lo stile dell’ambiente. La combinazione di metallo e vetro unisce struttura e trasparenza: il vetro contribuisce a rendere l’emissione luminosa più curata e il punto luce più decorativo. La configurazione disponibile è unica: nelle finiture nero; nelle dimensioni L 13 × H 25,5 × P 24 cm. Le potenze previste sono G9 max 1 x 15W, con attacco G9. La dotazione luminosa utilizza sorgenti sostituibili con attacco G9; non è dichiarato un dimmer integrato; l’eventuale regolazione dipende dalla lampadina compatibile e dal comando dell’impianto. È pensata per living, saloni, ingressi, camere, ristoranti, hall e showroom in cui la lampada contribuisce anche alla decorazione della parete.","Ideal Lux Birds ap1 è una lampada da parete per interni concepita per dare qualità all’illuminazione verticale e valorizzare la superficie su cui viene installata. La combinazione di metallo e vetro unisce struttura e trasparenza: il vetro contribuisce a rendere l’emissione luminosa più curata e il punto luce più decorativo. La scelta della versione è un passaggio importante in un e-commerce di illuminazione, perché consente di coordinare lampada, parete e atmosfera luminosa. La configurazione disponibile è unica: nelle finiture nero; nelle dimensioni L 13 × H 25,5 × P 24 cm. Le potenze previste sono G9 max 1 x 15W, con attacco G9. La lampada impiega sorgenti sostituibili con attacco G9; non è dichiarato un dimmer integrato; l’eventuale regolazione dipende dalla lampadina compatibile e dal comando dell’impianto. Le differenti finiture consentono di accordare l’applique a pareti chiare o scure, metalli presenti nell’arredo, infissi e complementi, mentre le eventuali variazioni di misura e potenza permettono di dimensionare la presenza luminosa in funzione della parete e del contesto. Pensata per arredare oltre che illuminare, questa applique può valorizzare soggiorno, salone, sala da pranzo, ingresso, vano scala, camera da letto e pareti di rappresentanza della zona living. È indicata anche per hall, reception, ristoranti, boutique, showroom e camere di hotel, dove un dettaglio decorativo a parete contribuisce all’identità dell’ambiente. Installata singolarmente crea un accento visivo; disposta in coppia o in sequenza può incorniciare specchi, consolle, quadri o elementi architettonici, con un risultato più scenografico. La luce decorativa a parete è utile quando l’ambiente richiede profondità visiva e un dettaglio capace di farsi ricordare. In un salone o in una hall, la lampada può essere abbinata a sospensioni e piantane della stessa atmosfera; in un ristorante o showroom può scandire la parete e rafforzare la percezione del progetto. Finiture e materiali diventano così parte della narrazione d’arredo, dal contesto più elegante a quello contemporaneo e ricercato. Per chi acquista online lampade da parete Ideal Lux, Birds ap1 rappresenta una proposta da valutare in base a dimensioni disponibili, finitura, sorgente luminosa e tipo di ambiente da illuminare. Le informazioni sulle configurazioni consentono di selezionare la variante più coerente con il progetto, evitando scelte generiche e costruendo un’illuminazione realmente coordinata. Prima della posa è opportuno verificare misure, collegamento elettrico, compatibilità della sorgente quando sostituibile e indicazioni di installazione riportate nella documentazione tecnica del prodotto.","Ideal Lux Birds ap1: lampada da parete per interni con attacco G9. Disponibile in 1 varianti, nero e formato compatto. Ideale per living, hall e ristoranti."
IL-CONFIG-331,"L’applique Ideal Lux Block ap è una lampada da parete per interni pensata per integrare luce e arredo su superfici verticali. La costruzione in alluminio e plexiglas è pensata per un profilo ordinato e una diffusione uniforme, adatta a progetti nei quali la luce deve accompagnare l’architettura senza appesantirla. La collezione comprende 3 configurazioni selezionabili: nelle finiture bianco; nelle dimensioni L 15 × H 12 × P 2,5 cm, L 23 × H 12 × P 2,5 cm e L 30,5 × H 12 × P 2,5 cm. Le potenze previste sono LED 10W, LED 20W e LED 30W, con sorgente LED. In dettaglio: L 15 × H 12 × P 2,5 cm con LED 10W; L 23 × H 12 × P 2,5 cm con LED 20W; L 30,5 × H 12 × P 2,5 cm con LED 30W. La dotazione luminosa utilizza sorgente LED integrata e inclusa; la funzione dimmer non è indicata nelle configurazioni standard disponibili. È indicata per living, corridoi, scale, camere, reception, uffici, showroom e locali commerciali in cerca di una luce a parete ordinata.","Con Ideal Lux Block ap, l’applique da parete per interni diventa uno strumento progettuale: illumina, ordina lo spazio e completa la composizione d’arredo. La costruzione in alluminio e plexiglas è pensata per un profilo ordinato e una diffusione uniforme, adatta a progetti nei quali la luce deve accompagnare l’architettura senza appesantirla. La scelta della versione è un passaggio importante in un e-commerce di illuminazione, perché consente di coordinare lampada, parete e atmosfera luminosa. La collezione comprende 3 configurazioni selezionabili: nelle finiture bianco; nelle dimensioni L 15 × H 12 × P 2,5 cm, L 23 × H 12 × P 2,5 cm e L 30,5 × H 12 × P 2,5 cm. Le potenze previste sono LED 10W, LED 20W e LED 30W, con sorgente LED. In dettaglio: L 15 × H 12 × P 2,5 cm con LED 10W; L 23 × H 12 × P 2,5 cm con LED 20W; L 30,5 × H 12 × P 2,5 cm con LED 30W. La lampada impiega sorgente LED integrata e inclusa; la funzione dimmer non è indicata nelle configurazioni standard disponibili. Le differenti finiture consentono di accordare l’applique a pareti chiare o scure, metalli presenti nell’arredo, infissi e complementi, mentre le eventuali variazioni di misura e potenza permettono di dimensionare la presenza luminosa in funzione della parete e del contesto. L’applique è adatta a ingressi, corridoi, scale, soggiorni, zona living, cucina, camera da letto e camerette, sia come punto luce di servizio sia come illuminazione d’accento lungo una parete. Nel mondo professionale può essere scelta per reception, uffici, studi, sale d’attesa, showroom, negozi, ristoranti e camere d’hotel, soprattutto quando si desidera una luce ordinata che non occupi superfici utili. In bagno o in prossimità di aree soggette a umidità, l’installazione va valutata in funzione della posizione prevista e delle indicazioni tecniche del prodotto. Nella progettazione della luce a parete, un apparecchio compatto permette di completare l’illuminazione generale e di evidenziare percorsi, quinte, nicchie, pareti attrezzate o elementi decorativi. Può essere installato da solo come accento oppure ripetuto in sequenza per ottenere uniformità visiva in corridoi, scale e spazi contract. La presenza di più opzioni di finitura o dimensione aiuta inoltre a mantenere lo stesso linguaggio luminoso in ambienti differenti dello stesso progetto. Per chi acquista online lampade da parete Ideal Lux, Block ap rappresenta una proposta da valutare in base a dimensioni disponibili, finitura, sorgente luminosa e tipo di ambiente da illuminare. Le informazioni sulle configurazioni consentono di selezionare la variante più coerente con il progetto, evitando scelte generiche e costruendo un’illuminazione realmente coordinata. Prima della posa è opportuno verificare misure, collegamento elettrico, compatibilità della sorgente quando sostituibile e indicazioni di installazione riportate nella documentazione tecnica del prodotto.","Ideal Lux Block ap: lampada da parete per interni con LED integrato. Disponibile in 3 varianti, bianco e 3 misure. Ideale per living, corridoi e contract."
IL-CONFIG-332,"Ideal Lux Bloom ap1 propone una soluzione a parete per interni che permette di definire il punto luce senza ingombrare piani o percorsi. La combinazione di alluminio, metallo e vetro unisce struttura e trasparenza: il vetro contribuisce a rendere l’emissione luminosa più curata e il punto luce più decorativo. La collezione comprende 4 configurazioni selezionabili: nelle finiture nero e ottone; nelle dimensioni Ø 11,5 × P 11,7 cm e Ø 17 × P 15,7 cm. Le potenze previste sono E27 max 1 x 42W e G9 max 1 x 4W, con attacco E27 e G9. In dettaglio: Ø 11,5 × P 11,7 cm con G9 max 1 x 4W; Ø 17 × P 15,7 cm con E27 max 1 x 42W. La dotazione luminosa utilizza sorgenti sostituibili con attacco E27 e G9; non è dichiarato un dimmer integrato; l’eventuale regolazione dipende dalla lampadina compatibile e dal comando dell’impianto. È pensata per living, saloni, ingressi, camere, ristoranti, hall e showroom in cui la lampada contribuisce anche alla decorazione della parete.","Ideal Lux Bloom ap1 interpreta la lampada da parete per interni come un elemento luminoso capace di unire funzione, proporzioni e presenza estetica. La combinazione di alluminio, metallo e vetro unisce struttura e trasparenza: il vetro contribuisce a rendere l’emissione luminosa più curata e il punto luce più decorativo. La scelta della versione è un passaggio importante in un e-commerce di illuminazione, perché consente di coordinare lampada, parete e atmosfera luminosa. La collezione comprende 4 configurazioni selezionabili: nelle finiture nero e ottone; nelle dimensioni Ø 11,5 × P 11,7 cm e Ø 17 × P 15,7 cm. Le potenze previste sono E27 max 1 x 42W e G9 max 1 x 4W, con attacco E27 e G9. In dettaglio: Ø 11,5 × P 11,7 cm con G9 max 1 x 4W; Ø 17 × P 15,7 cm con E27 max 1 x 42W. La lampada impiega sorgenti sostituibili con attacco E27 e G9; non è dichiarato un dimmer integrato; l’eventuale regolazione dipende dalla lampadina compatibile e dal comando dell’impianto. Le differenti finiture consentono di accordare l’applique a pareti chiare o scure, metalli presenti nell’arredo, infissi e complementi, mentre le eventuali variazioni di misura e potenza permettono di dimensionare la presenza luminosa in funzione della parete e del contesto. Pensata per arredare oltre che illuminare, questa applique può valorizzare soggiorno, salone, sala da pranzo, ingresso, vano scala, camera da letto e pareti di rappresentanza della zona living. È indicata anche per hall, reception, ristoranti, boutique, showroom e camere di hotel, dove un dettaglio decorativo a parete contribuisce all’identità dell’ambiente. Installata singolarmente crea un accento visivo; disposta in coppia o in sequenza può incorniciare specchi, consolle, quadri o elementi architettonici, con un risultato più scenografico. La luce decorativa a parete è utile quando l’ambiente richiede profondità visiva e un dettaglio capace di farsi ricordare. In un salone o in una hall, la lampada può essere abbinata a sospensioni e piantane della stessa atmosfera; in un ristorante o showroom può scandire la parete e rafforzare la percezione del progetto. Finiture e materiali diventano così parte della narrazione d’arredo, dal contesto più elegante a quello contemporaneo e ricercato. Per chi acquista online lampade da parete Ideal Lux, Bloom ap1 rappresenta una proposta da valutare in base a dimensioni disponibili, finitura, sorgente luminosa e tipo di ambiente da illuminare. Le informazioni sulle configurazioni consentono di selezionare la variante più coerente con il progetto, evitando scelte generiche e costruendo un’illuminazione realmente coordinata. Prima della posa è opportuno verificare misure, collegamento elettrico, compatibilità della sorgente quando sostituibile e indicazioni di installazione riportate nella documentazione tecnica del prodotto.","Scopri Ideal Lux Bloom ap1, applique da parete per interni con attacco E27 e G9. 4 versioni con nero e ottone, 2 misure. Ideale per living, hall e ristoranti."
IL-CONFIG-333,"Ideal Lux Bonne nuit è un’applique da parete per interni progettata per un’illuminazione verticale curata e coerente con lo stile dell’ambiente. Il corpo luce compatto è studiato per valorizzare la sorgente e mantenere pulita la parete, con una presenza visiva discreta ma riconoscibile. La collezione comprende 8 configurazioni selezionabili: nelle finiture bianco, nero, nichel e ottone; nelle dimensioni L 22 × H 6 × P 6,5 cm. Le potenze previste sono LED 6,5W, con sorgente LED. La dotazione luminosa utilizza sorgente LED integrata e inclusa; la funzione dimmer non è indicata nelle configurazioni standard disponibili. È adatta accanto al letto, in una zona lettura, in corridoio o in una camera d’hotel, dove l’illuminazione a parete libera il comodino e rende il progetto più ordinato.","Ideal Lux Bonne nuit è una lampada da parete per interni concepita per dare qualità all’illuminazione verticale e valorizzare la superficie su cui viene installata. Il corpo luce compatto è studiato per valorizzare la sorgente e mantenere pulita la parete, con una presenza visiva discreta ma riconoscibile. La scelta della versione è un passaggio importante in un e-commerce di illuminazione, perché consente di coordinare lampada, parete e atmosfera luminosa. La collezione comprende 8 configurazioni selezionabili: nelle finiture bianco, nero, nichel e ottone; nelle dimensioni L 22 × H 6 × P 6,5 cm. Le potenze previste sono LED 6,5W, con sorgente LED. La lampada impiega sorgente LED integrata e inclusa; la funzione dimmer non è indicata nelle configurazioni standard disponibili. Le differenti finiture consentono di accordare l’applique a pareti chiare o scure, metalli presenti nell’arredo, infissi e complementi, mentre le eventuali variazioni di misura e potenza permettono di dimensionare la presenza luminosa in funzione della parete e del contesto. La sua collocazione ideale è accanto al letto, dietro una testata, lungo una parete di lettura o vicino a una poltrona, dove l’applique consente di liberare i piani d’appoggio e organizzare la luce con precisione. È una soluzione convincente per camere da letto, camerette, corridoi, scale e piccoli ingressi, oltre che per hotel, bed & breakfast, residence e aree lounge in cui ogni postazione richiede comfort e ordine visivo. Può inoltre affiancare una scrivania o una nicchia decorativa, contribuendo a una luce stratificata e piacevole. L’installazione a parete consente di lasciare libero il comodino o la consolle e di ottenere una luce supplementare esattamente dove serve. In una camera la lampada può lavorare insieme alla luce generale, costruendo un’atmosfera più rilassata; in una struttura ricettiva offre all’ospite una postazione ordinata e intuitiva. In un corridoio o in una nicchia, la stessa applique diventa un accento luminoso discreto che accompagna il percorso e completa la parete. Per chi acquista online lampade da parete Ideal Lux, Bonne nuit rappresenta una proposta da valutare in base a dimensioni disponibili, finitura, sorgente luminosa e tipo di ambiente da illuminare. Le informazioni sulle configurazioni consentono di selezionare la variante più coerente con il progetto, evitando scelte generiche e costruendo un’illuminazione realmente coordinata. Prima della posa è opportuno verificare misure, collegamento elettrico, compatibilità della sorgente quando sostituibile e indicazioni di installazione riportate nella documentazione tecnica del prodotto.","Ideal Lux Bonne nuit: lampada da parete per interni con LED integrato. 8 versioni con 4 finiture, formato compatto. Perfetta per camere, lettura e hotel."
IL-CONFIG-334,"L’applique Ideal Lux Bow ap è una lampada da parete per interni pensata per integrare luce e arredo su superfici verticali. La struttura in metallo dona consistenza al punto luce e consente di inserire la lampada con equilibrio in ambienti residenziali o professionali. La collezione comprende 9 configurazioni selezionabili: nelle finiture brunito, cromo e ottone; nelle dimensioni L 26 × H 18 × P 23 cm, L 46 × H 18 × P 23 cm e L 76 × H 18 × P 23 cm. Le potenze previste sono LED 3,5W, LED 4,6W e LED 8W, con sorgente LED. In dettaglio: L 26 × H 18 × P 23 cm con LED 3,5W; L 46 × H 18 × P 23 cm con LED 4,6W; L 76 × H 18 × P 23 cm con LED 8W. La dotazione luminosa utilizza sorgente LED integrata e inclusa; la funzione dimmer non è indicata nelle configurazioni standard disponibili. È pensata per living, saloni, ingressi, camere, ristoranti, hall e showroom in cui la lampada contribuisce anche alla decorazione della parete. La descrizione della collezione evidenzia inoltre: Montatura in metallo con finitura disponibile in brunito, cromo o ottone satinato. Diffusore a LED inclinabile. Interruttore sulla base.","Con Ideal Lux Bow ap, l’applique da parete per interni diventa uno strumento progettuale: illumina, ordina lo spazio e completa la composizione d’arredo. La struttura in metallo dona consistenza al punto luce e consente di inserire la lampada con equilibrio in ambienti residenziali o professionali. La scheda originale della collezione specifica: Montatura in metallo con finitura disponibile in brunito, cromo o ottone satinato. Diffusore a LED inclinabile. Interruttore sulla base. La scelta della versione è un passaggio importante in un e-commerce di illuminazione, perché consente di coordinare lampada, parete e atmosfera luminosa. La collezione comprende 9 configurazioni selezionabili: nelle finiture brunito, cromo e ottone; nelle dimensioni L 26 × H 18 × P 23 cm, L 46 × H 18 × P 23 cm e L 76 × H 18 × P 23 cm. Le potenze previste sono LED 3,5W, LED 4,6W e LED 8W, con sorgente LED. In dettaglio: L 26 × H 18 × P 23 cm con LED 3,5W; L 46 × H 18 × P 23 cm con LED 4,6W; L 76 × H 18 × P 23 cm con LED 8W. La lampada impiega sorgente LED integrata e inclusa; la funzione dimmer non è indicata nelle configurazioni standard disponibili. Le differenti finiture consentono di accordare l’applique a pareti chiare o scure, metalli presenti nell’arredo, infissi e complementi, mentre le eventuali variazioni di misura e potenza permettono di dimensionare la presenza luminosa in funzione della parete e del contesto. Pensata per arredare oltre che illuminare, questa applique può valorizzare soggiorno, salone, sala da pranzo, ingresso, vano scala, camera da letto e pareti di rappresentanza della zona living. È indicata anche per hall, reception, ristoranti, boutique, showroom e camere di hotel, dove un dettaglio decorativo a parete contribuisce all’identità dell’ambiente. Installata singolarmente crea un accento visivo; disposta in coppia o in sequenza può incorniciare specchi, consolle, quadri o elementi architettonici, con un risultato più scenografico. La luce decorativa a parete è utile quando l’ambiente richiede profondità visiva e un dettaglio capace di farsi ricordare. In un salone o in una hall, la lampada può essere abbinata a sospensioni e piantane della stessa atmosfera; in un ristorante o showroom può scandire la parete e rafforzare la percezione del progetto. Finiture e materiali diventano così parte della narrazione d’arredo, dal contesto più elegante a quello contemporaneo e ricercato. Per chi acquista online lampade da parete Ideal Lux, Bow ap rappresenta una proposta da valutare in base a dimensioni disponibili, finitura, sorgente luminosa e tipo di ambiente da illuminare. Le informazioni sulle configurazioni consentono di selezionare la variante più coerente con il progetto, evitando scelte generiche e costruendo un’illuminazione realmente coordinata. Prima della posa è opportuno verificare misure, collegamento elettrico, compatibilità della sorgente quando sostituibile e indicazioni di installazione riportate nella documentazione tecnica del prodotto.","Ideal Lux Bow ap: lampada da parete per interni con LED integrato. 9 versioni con brunito, cromo e ottone, 3 misure. Ideale per living, hall e ristoranti."
IL-CONFIG-335,"Ideal Lux Camerino ap2 propone una soluzione a parete per interni che permette di definire il punto luce senza ingombrare piani o percorsi. La combinazione di metallo e vetro unisce struttura e trasparenza: il vetro contribuisce a rendere l’emissione luminosa più curata e il punto luce più decorativo. La collezione comprende 3 configurazioni selezionabili: nelle finiture bianco; nelle dimensioni L 37 × H 8 × P 11,5 cm, L 52 × H 8 × P 11,5 cm e L 65 × H 8 × P 11,5 cm. Le potenze previste sono E14 max 2 x 40W, E14 max 3 x 40W e E14 max 4 x 40W, con attacco E14. In dettaglio: L 37 × H 8 × P 11,5 cm con E14 max 2 x 40W; L 52 × H 8 × P 11,5 cm con E14 max 3 x 40W; L 65 × H 8 × P 11,5 cm con E14 max 4 x 40W. La dotazione luminosa utilizza sorgenti sostituibili con attacco E14; non è dichiarato un dimmer integrato; l’eventuale regolazione dipende dalla lampadina compatibile e dal comando dell’impianto. È particolarmente utile presso specchi, zone lavabo, camerini, camere d’hotel, corridoi e pareti di servizio, verificando l’idoneità della collocazione in ambienti umidi. La descrizione della collezione evidenzia inoltre: Base in alluminio. Diffusore in vetro bianco soffiato e acidato, chiuso alle estremita' da dischi in materiale acrilico trasparente.","Ideal Lux Camerino ap2 interpreta la lampada da parete per interni come un elemento luminoso capace di unire funzione, proporzioni e presenza estetica. La combinazione di metallo e vetro unisce struttura e trasparenza: il vetro contribuisce a rendere l’emissione luminosa più curata e il punto luce più decorativo. La scheda originale della collezione specifica: Base in alluminio. Diffusore in vetro bianco soffiato e acidato, chiuso alle estremita' da dischi in materiale acrilico trasparente. La scelta della versione è un passaggio importante in un e-commerce di illuminazione, perché consente di coordinare lampada, parete e atmosfera luminosa. La collezione comprende 3 configurazioni selezionabili: nelle finiture bianco; nelle dimensioni L 37 × H 8 × P 11,5 cm, L 52 × H 8 × P 11,5 cm e L 65 × H 8 × P 11,5 cm. Le potenze previste sono E14 max 2 x 40W, E14 max 3 x 40W e E14 max 4 x 40W, con attacco E14. In dettaglio: L 37 × H 8 × P 11,5 cm con E14 max 2 x 40W; L 52 × H 8 × P 11,5 cm con E14 max 3 x 40W; L 65 × H 8 × P 11,5 cm con E14 max 4 x 40W. La lampada impiega sorgenti sostituibili con attacco E14; non è dichiarato un dimmer integrato; l’eventuale regolazione dipende dalla lampadina compatibile e dal comando dell’impianto. Le differenti finiture consentono di accordare l’applique a pareti chiare o scure, metalli presenti nell’arredo, infissi e complementi, mentre le eventuali variazioni di misura e potenza permettono di dimensionare la presenza luminosa in funzione della parete e del contesto. La vocazione dell’applique è particolarmente interessante sopra o ai lati di specchi, consolle e superfici dedicate alla cura personale: può completare una zona lavabo, un angolo make-up, una cabina armadio o una parete attrezzata in camera da letto. In ambito contract si presta a camere d’hotel, suite, saloni di bellezza, barber shop, camerini di boutique e servizi di locali commerciali, dove un punto luce a parete contribuisce alla percezione dello spazio. Per l’installazione in bagno occorre sempre verificare che la posizione prescelta sia idonea secondo la scheda tecnica e le norme dell’ambiente. Nell’illuminazione vicino allo specchio la qualità del progetto dipende dalla distribuzione equilibrata della luce e dalla posizione della lampada rispetto al viso e alla superficie riflettente. Una applique ben inserita rende più ordinata la zona lavabo o make-up e può diventare un elemento distintivo in un bagno d’hotel, in un camerino o in un salone professionale. In abbinamento ad altre luci ambientali, contribuisce a una scena luminosa completa, piacevole e facilmente fruibile durante la giornata. Per chi acquista online lampade da parete Ideal Lux, Camerino ap2 rappresenta una proposta da valutare in base a dimensioni disponibili, finitura, sorgente luminosa e tipo di ambiente da illuminare. Le informazioni sulle configurazioni consentono di selezionare la variante più coerente con il progetto, evitando scelte generiche e costruendo un’illuminazione realmente coordinata. Prima della posa è opportuno verificare misure, collegamento elettrico, compatibilità della sorgente quando sostituibile e indicazioni di installazione riportate nella documentazione tecnica del prodotto.","Ideal Lux Camerino ap2: lampada da parete per interni con attacco E14. 3 versioni con bianco, 3 misure. Perfetta per specchi, camere e ambienti contract."
IL-CONFIG-336,"Ideal Lux Cantina ap1 è un’applique da parete per interni progettata per un’illuminazione verticale curata e coerente con lo stile dell’ambiente. La struttura in metallo dona consistenza al punto luce e consente di inserire la lampada con equilibrio in ambienti residenziali o professionali. La collezione comprende 2 configurazioni selezionabili: nelle finiture brunito e rame; nelle dimensioni L 25 × H 15 × P 29 cm. Le potenze previste sono E14 max 1 x 40W, con attacco E14. La dotazione luminosa utilizza sorgenti sostituibili con attacco E14; non è dichiarato un dimmer integrato; l’eventuale regolazione dipende dalla lampadina compatibile e dal comando dell’impianto. Si inserisce con carattere in living, sale da pranzo, ingressi, ristoranti, enoteche e boutique hotel, soprattutto accanto a superfici materiche e arredi caldi. La descrizione della collezione evidenzia inoltre: Montatura, diffusore e copriportalampada in metallo disponibile con finitura brunito o rame. Cavo in tessuto.","Ideal Lux Cantina ap1 è una lampada da parete per interni concepita per dare qualità all’illuminazione verticale e valorizzare la superficie su cui viene installata. La struttura in metallo dona consistenza al punto luce e consente di inserire la lampada con equilibrio in ambienti residenziali o professionali. La scheda originale della collezione specifica: Montatura, diffusore e copriportalampada in metallo disponibile con finitura brunito o rame. Cavo in tessuto. La scelta della versione è un passaggio importante in un e-commerce di illuminazione, perché consente di coordinare lampada, parete e atmosfera luminosa. La collezione comprende 2 configurazioni selezionabili: nelle finiture brunito e rame; nelle dimensioni L 25 × H 15 × P 29 cm. Le potenze previste sono E14 max 1 x 40W, con attacco E14. La lampada impiega sorgenti sostituibili con attacco E14; non è dichiarato un dimmer integrato; l’eventuale regolazione dipende dalla lampadina compatibile e dal comando dell’impianto. Le differenti finiture consentono di accordare l’applique a pareti chiare o scure, metalli presenti nell’arredo, infissi e complementi, mentre le eventuali variazioni di misura e potenza permettono di dimensionare la presenza luminosa in funzione della parete e del contesto. Il carattere della lampada la rende adatta a soggiorni, sale da pranzo, cucine con materiali naturali, ingressi e corridoi nei quali la parete diventa parte dell’arredo. Trova una collocazione efficace anche in ristoranti, enoteche, bistrot, agriturismi, wine bar, boutique hotel e locali commerciali che desiderano un’illuminazione d’atmosfera coerente con legno, mattoni, metalli e texture materiche. In una composizione ripetuta lungo una parete o un passaggio può costruire un ritmo luminoso distintivo senza occupare spazio a pavimento. Una lampada a parete dal carattere materico permette di lavorare con contrasti e abbinamenti: pareti in mattoni, boiserie, legno, pietra, metalli bruniti o tessuti naturali. La luce può accompagnare tavoli, banconi, nicchie, passaggi e zone degustazione, dando continuità al concept di un locale oppure più calore a una casa. La posa in più punti consente inoltre di creare una sequenza luminosa coerente lungo una parete o un corridoio. Per chi acquista online lampade da parete Ideal Lux, Cantina ap1 rappresenta una proposta da valutare in base a dimensioni disponibili, finitura, sorgente luminosa e tipo di ambiente da illuminare. Le informazioni sulle configurazioni consentono di selezionare la variante più coerente con il progetto, evitando scelte generiche e costruendo un’illuminazione realmente coordinata. Prima della posa è opportuno verificare misure, collegamento elettrico, compatibilità della sorgente quando sostituibile e indicazioni di installazione riportate nella documentazione tecnica del prodotto.","Ideal Lux Cantina ap1: lampada da parete per interni con attacco E14. 2 versioni con brunito e rame, formato compatto. Ideale per living, locali e hospitality."
IL-CONFIG-337,"L’applique Ideal Lux Carlton ap3 è una lampada da parete per interni pensata per integrare luce e arredo su superfici verticali. La composizione in cristallo, metallo e vetro valorizza riflessi e trasparenze, trasformando il punto luce in un elemento scenografico capace di impreziosire la parete. La collezione comprende 2 configurazioni selezionabili: nelle finiture cromo e oro; nelle dimensioni L 30 × H 45 × P 15 cm. Le potenze previste sono E14 max 3 x 40W, con attacco E14. La dotazione luminosa utilizza sorgenti sostituibili con attacco E14; non è dichiarato un dimmer integrato; l’eventuale regolazione dipende dalla lampadina compatibile e dal comando dell’impianto. È pensata per living, saloni, ingressi, camere, ristoranti, hall e showroom in cui la lampada contribuisce anche alla decorazione della parete. La descrizione della collezione evidenzia inoltre: Montatura in metallo cromato o dorato. Elementi decorativi con catene di ottagoni e barre in cristallo molato trasparente.","Con Ideal Lux Carlton ap3, l’applique da parete per interni diventa uno strumento progettuale: illumina, ordina lo spazio e completa la composizione d’arredo. La composizione in cristallo, metallo e vetro valorizza riflessi e trasparenze, trasformando il punto luce in un elemento scenografico capace di impreziosire la parete. La scheda originale della collezione specifica: Montatura in metallo cromato o dorato. Elementi decorativi con catene di ottagoni e barre in cristallo molato trasparente. La scelta della versione è un passaggio importante in un e-commerce di illuminazione, perché consente di coordinare lampada, parete e atmosfera luminosa. La collezione comprende 2 configurazioni selezionabili: nelle finiture cromo e oro; nelle dimensioni L 30 × H 45 × P 15 cm. Le potenze previste sono E14 max 3 x 40W, con attacco E14. La lampada impiega sorgenti sostituibili con attacco E14; non è dichiarato un dimmer integrato; l’eventuale regolazione dipende dalla lampadina compatibile e dal comando dell’impianto. Le differenti finiture consentono di accordare l’applique a pareti chiare o scure, metalli presenti nell’arredo, infissi e complementi, mentre le eventuali variazioni di misura e potenza permettono di dimensionare la presenza luminosa in funzione della parete e del contesto. Pensata per arredare oltre che illuminare, questa applique può valorizzare soggiorno, salone, sala da pranzo, ingresso, vano scala, camera da letto e pareti di rappresentanza della zona living. È indicata anche per hall, reception, ristoranti, boutique, showroom e camere di hotel, dove un dettaglio decorativo a parete contribuisce all’identità dell’ambiente. Installata singolarmente crea un accento visivo; disposta in coppia o in sequenza può incorniciare specchi, consolle, quadri o elementi architettonici, con un risultato più scenografico. La luce decorativa a parete è utile quando l’ambiente richiede profondità visiva e un dettaglio capace di farsi ricordare. In un salone o in una hall, la lampada può essere abbinata a sospensioni e piantane della stessa atmosfera; in un ristorante o showroom può scandire la parete e rafforzare la percezione del progetto. Finiture e materiali diventano così parte della narrazione d’arredo, dal contesto più elegante a quello contemporaneo e ricercato. Per chi acquista online lampade da parete Ideal Lux, Carlton ap3 rappresenta una proposta da valutare in base a dimensioni disponibili, finitura, sorgente luminosa e tipo di ambiente da illuminare. Le informazioni sulle configurazioni consentono di selezionare la variante più coerente con il progetto, evitando scelte generiche e costruendo un’illuminazione realmente coordinata. Prima della posa è opportuno verificare misure, collegamento elettrico, compatibilità della sorgente quando sostituibile e indicazioni di installazione riportate nella documentazione tecnica del prodotto.","Ideal Lux Carlton ap3: lampada da parete per interni con attacco E14. 2 versioni con cromo e oro, formato compatto. Perfetta per living, hall e ristoranti."
IL-CONFIG-338,"Ideal Lux Carta ap1 propone una soluzione a parete per interni che permette di definire il punto luce senza ingombrare piani o percorsi. La costruzione in plexiglas è pensata per un profilo ordinato e una diffusione uniforme, adatta a progetti nei quali la luce deve accompagnare l’architettura senza appesantirla. La configurazione disponibile è unica: nelle finiture bianco; nelle dimensioni Ø 10 × P 12 cm. Le potenze previste sono G9 max 1 x 15W, con attacco G9. La dotazione luminosa utilizza sorgenti sostituibili con attacco G9; non è dichiarato un dimmer integrato; l’eventuale regolazione dipende dalla lampadina compatibile e dal comando dell’impianto. È indicata per living, corridoi, scale, camere, reception, uffici, showroom e locali commerciali in cerca di una luce a parete ordinata.","Ideal Lux Carta ap1 interpreta la lampada da parete per interni come un elemento luminoso capace di unire funzione, proporzioni e presenza estetica. La costruzione in plexiglas è pensata per un profilo ordinato e una diffusione uniforme, adatta a progetti nei quali la luce deve accompagnare l’architettura senza appesantirla. La scelta della versione è un passaggio importante in un e-commerce di illuminazione, perché consente di coordinare lampada, parete e atmosfera luminosa. La configurazione disponibile è unica: nelle finiture bianco; nelle dimensioni Ø 10 × P 12 cm. Le potenze previste sono G9 max 1 x 15W, con attacco G9. La lampada impiega sorgenti sostituibili con attacco G9; non è dichiarato un dimmer integrato; l’eventuale regolazione dipende dalla lampadina compatibile e dal comando dell’impianto. Le differenti finiture consentono di accordare l’applique a pareti chiare o scure, metalli presenti nell’arredo, infissi e complementi, mentre le eventuali variazioni di misura e potenza permettono di dimensionare la presenza luminosa in funzione della parete e del contesto. L’applique è adatta a ingressi, corridoi, scale, soggiorni, zona living, cucina, camera da letto e camerette, sia come punto luce di servizio sia come illuminazione d’accento lungo una parete. Nel mondo professionale può essere scelta per reception, uffici, studi, sale d’attesa, showroom, negozi, ristoranti e camere d’hotel, soprattutto quando si desidera una luce ordinata che non occupi superfici utili. In bagno o in prossimità di aree soggette a umidità, l’installazione va valutata in funzione della posizione prevista e delle indicazioni tecniche del prodotto. Nella progettazione della luce a parete, un apparecchio compatto permette di completare l’illuminazione generale e di evidenziare percorsi, quinte, nicchie, pareti attrezzate o elementi decorativi. Può essere installato da solo come accento oppure ripetuto in sequenza per ottenere uniformità visiva in corridoi, scale e spazi contract. La presenza di più opzioni di finitura o dimensione aiuta inoltre a mantenere lo stesso linguaggio luminoso in ambienti differenti dello stesso progetto. Per chi acquista online lampade da parete Ideal Lux, Carta ap1 rappresenta una proposta da valutare in base a dimensioni disponibili, finitura, sorgente luminosa e tipo di ambiente da illuminare. Le informazioni sulle configurazioni consentono di selezionare la variante più coerente con il progetto, evitando scelte generiche e costruendo un’illuminazione realmente coordinata. Prima della posa è opportuno verificare misure, collegamento elettrico, compatibilità della sorgente quando sostituibile e indicazioni di installazione riportate nella documentazione tecnica del prodotto.","Scopri Ideal Lux Carta ap1, applique da parete per interni con attacco G9. 1 versioni con bianco, formato compatto. Ideale per living, corridoi e contract."
IL-CONFIG-339,"Ideal Lux Chalet ap2 è un’applique da parete per interni progettata per un’illuminazione verticale curata e coerente con lo stile dell’ambiente. La struttura in resina dona consistenza al punto luce e consente di inserire la lampada con equilibrio in ambienti residenziali o professionali. La configurazione disponibile è unica: nelle finiture beige; nelle dimensioni L 37 × H 49 × P 17 cm. Le potenze previste sono E14 max 2 x 40W, con attacco E14. La dotazione luminosa utilizza sorgenti sostituibili con attacco E14; non è dichiarato un dimmer integrato; l’eventuale regolazione dipende dalla lampadina compatibile e dal comando dell’impianto. Si inserisce con carattere in living, sale da pranzo, ingressi, ristoranti, enoteche e boutique hotel, soprattutto accanto a superfici materiche e arredi caldi. La descrizione della collezione evidenzia inoltre: Montatura con struttura portante in metallo. Elementi decorativi in resina lavorata artigianalmente e dipinta a mano come fedele riproduzione di corna e legno intagliato.","Ideal Lux Chalet ap2 è una lampada da parete per interni concepita per dare qualità all’illuminazione verticale e valorizzare la superficie su cui viene installata. La struttura in resina dona consistenza al punto luce e consente di inserire la lampada con equilibrio in ambienti residenziali o professionali. La scheda originale della collezione specifica: Montatura con struttura portante in metallo. Elementi decorativi in resina lavorata artigianalmente e dipinta a mano come fedele riproduzione di corna e legno intagliato. La scelta della versione è un passaggio importante in un e-commerce di illuminazione, perché consente di coordinare lampada, parete e atmosfera luminosa. La configurazione disponibile è unica: nelle finiture beige; nelle dimensioni L 37 × H 49 × P 17 cm. Le potenze previste sono E14 max 2 x 40W, con attacco E14. La lampada impiega sorgenti sostituibili con attacco E14; non è dichiarato un dimmer integrato; l’eventuale regolazione dipende dalla lampadina compatibile e dal comando dell’impianto. Le differenti finiture consentono di accordare l’applique a pareti chiare o scure, metalli presenti nell’arredo, infissi e complementi, mentre le eventuali variazioni di misura e potenza permettono di dimensionare la presenza luminosa in funzione della parete e del contesto. Il carattere della lampada la rende adatta a soggiorni, sale da pranzo, cucine con materiali naturali, ingressi e corridoi nei quali la parete diventa parte dell’arredo. Trova una collocazione efficace anche in ristoranti, enoteche, bistrot, agriturismi, wine bar, boutique hotel e locali commerciali che desiderano un’illuminazione d’atmosfera coerente con legno, mattoni, metalli e texture materiche. In una composizione ripetuta lungo una parete o un passaggio può costruire un ritmo luminoso distintivo senza occupare spazio a pavimento. Una lampada a parete dal carattere materico permette di lavorare con contrasti e abbinamenti: pareti in mattoni, boiserie, legno, pietra, metalli bruniti o tessuti naturali. La luce può accompagnare tavoli, banconi, nicchie, passaggi e zone degustazione, dando continuità al concept di un locale oppure più calore a una casa. La posa in più punti consente inoltre di creare una sequenza luminosa coerente lungo una parete o un corridoio. Per chi acquista online lampade da parete Ideal Lux, Chalet ap2 rappresenta una proposta da valutare in base a dimensioni disponibili, finitura, sorgente luminosa e tipo di ambiente da illuminare. Le informazioni sulle configurazioni consentono di selezionare la variante più coerente con il progetto, evitando scelte generiche e costruendo un’illuminazione realmente coordinata. Prima della posa è opportuno verificare misure, collegamento elettrico, compatibilità della sorgente quando sostituibile e indicazioni di installazione riportate nella documentazione tecnica del prodotto.","Scopri Ideal Lux Chalet ap2, applique da parete per interni con attacco E14. 1 versioni con beige, formato compatto. Ideale per living, locali e hospitality."
IL-CONFIG-340,"L’applique Ideal Lux Cima ap1 è una lampada da parete per interni pensata per integrare luce e arredo su superfici verticali. La costruzione in metallo e plexiglas è pensata per un profilo ordinato e una diffusione uniforme, adatta a progetti nei quali la luce deve accompagnare l’architettura senza appesantirla. La collezione comprende 3 configurazioni selezionabili: nelle finiture antracite, caffè e nero; nelle dimensioni L 28 × H 46 × P 40 cm. Le potenze previste sono E27 max 1 x 52W, con attacco E27. La dotazione luminosa utilizza sorgenti sostituibili con attacco E27; non è dichiarato un dimmer integrato; l’eventuale regolazione dipende dalla lampadina compatibile e dal comando dell’impianto. Si inserisce con carattere in living, sale da pranzo, ingressi, ristoranti, enoteche e boutique hotel, soprattutto accanto a superfici materiche e arredi caldi. La descrizione della collezione evidenzia inoltre: Corpo luce interamente in alluminio pressofuso. Con finitura antracite, coffee o nero e oro. Diffusore in acrilico trasparente.","Con Ideal Lux Cima ap1, l’applique da parete per interni diventa uno strumento progettuale: illumina, ordina lo spazio e completa la composizione d’arredo. La costruzione in metallo e plexiglas è pensata per un profilo ordinato e una diffusione uniforme, adatta a progetti nei quali la luce deve accompagnare l’architettura senza appesantirla. La scheda originale della collezione specifica: Corpo luce interamente in alluminio pressofuso. Con finitura antracite, coffee o nero e oro. Diffusore in acrilico trasparente. La scelta della versione è un passaggio importante in un e-commerce di illuminazione, perché consente di coordinare lampada, parete e atmosfera luminosa. La collezione comprende 3 configurazioni selezionabili: nelle finiture antracite, caffè e nero; nelle dimensioni L 28 × H 46 × P 40 cm. Le potenze previste sono E27 max 1 x 52W, con attacco E27. La lampada impiega sorgenti sostituibili con attacco E27; non è dichiarato un dimmer integrato; l’eventuale regolazione dipende dalla lampadina compatibile e dal comando dell’impianto. Le differenti finiture consentono di accordare l’applique a pareti chiare o scure, metalli presenti nell’arredo, infissi e complementi, mentre le eventuali variazioni di misura e potenza permettono di dimensionare la presenza luminosa in funzione della parete e del contesto. Il carattere della lampada la rende adatta a soggiorni, sale da pranzo, cucine con materiali naturali, ingressi e corridoi nei quali la parete diventa parte dell’arredo. Trova una collocazione efficace anche in ristoranti, enoteche, bistrot, agriturismi, wine bar, boutique hotel e locali commerciali che desiderano un’illuminazione d’atmosfera coerente con legno, mattoni, metalli e texture materiche. In una composizione ripetuta lungo una parete o un passaggio può costruire un ritmo luminoso distintivo senza occupare spazio a pavimento. Una lampada a parete dal carattere materico permette di lavorare con contrasti e abbinamenti: pareti in mattoni, boiserie, legno, pietra, metalli bruniti o tessuti naturali. La luce può accompagnare tavoli, banconi, nicchie, passaggi e zone degustazione, dando continuità al concept di un locale oppure più calore a una casa. La posa in più punti consente inoltre di creare una sequenza luminosa coerente lungo una parete o un corridoio. Per chi acquista online lampade da parete Ideal Lux, Cima ap1 rappresenta una proposta da valutare in base a dimensioni disponibili, finitura, sorgente luminosa e tipo di ambiente da illuminare. Le informazioni sulle configurazioni consentono di selezionare la variante più coerente con il progetto, evitando scelte generiche e costruendo un’illuminazione realmente coordinata. Prima della posa è opportuno verificare misure, collegamento elettrico, compatibilità della sorgente quando sostituibile e indicazioni di installazione riportate nella documentazione tecnica del prodotto.","Ideal Lux Cima ap1: applique da parete per interni con attacco E27, antracite, caffè e nero e formato compatto. Ideale per living, locali e hospitality."
IL-CONFIG-341,"Ideal Lux Click ap propone una soluzione a parete per interni che permette di definire il punto luce senza ingombrare piani o percorsi. La struttura in metallo dona consistenza al punto luce e consente di inserire la lampada con equilibrio in ambienti residenziali o professionali. La collezione comprende 2 configurazioni selezionabili: nelle finiture bianco; nelle dimensioni L 10 × H 8 × P 10 cm e L 20 × H 8 × P 10 cm. Le potenze previste sono LED 12W e LED 6W, con sorgente LED. In dettaglio: L 10 × H 8 × P 10 cm con LED 6W; L 20 × H 8 × P 10 cm con LED 12W. La dotazione luminosa utilizza sorgente LED integrata e inclusa; la funzione dimmer non è indicata nelle configurazioni standard disponibili. È indicata per living, corridoi, scale, camere, reception, uffici, showroom e locali commerciali in cerca di una luce a parete ordinata. La descrizione della collezione evidenzia inoltre: Corpo luce interamente in alluminio verniciato a polveri con finitura bianca. Struttura interna che riflette il fascio luminoso sia sopra che sotto.","Ideal Lux Click ap interpreta la lampada da parete per interni come un elemento luminoso capace di unire funzione, proporzioni e presenza estetica. La struttura in metallo dona consistenza al punto luce e consente di inserire la lampada con equilibrio in ambienti residenziali o professionali. La scheda originale della collezione specifica: Corpo luce interamente in alluminio verniciato a polveri con finitura bianca. Struttura interna che riflette il fascio luminoso sia sopra che sotto. La scelta della versione è un passaggio importante in un e-commerce di illuminazione, perché consente di coordinare lampada, parete e atmosfera luminosa. La collezione comprende 2 configurazioni selezionabili: nelle finiture bianco; nelle dimensioni L 10 × H 8 × P 10 cm e L 20 × H 8 × P 10 cm. Le potenze previste sono LED 12W e LED 6W, con sorgente LED. In dettaglio: L 10 × H 8 × P 10 cm con LED 6W; L 20 × H 8 × P 10 cm con LED 12W. La lampada impiega sorgente LED integrata e inclusa; la funzione dimmer non è indicata nelle configurazioni standard disponibili. Le differenti finiture consentono di accordare l’applique a pareti chiare o scure, metalli presenti nell’arredo, infissi e complementi, mentre le eventuali variazioni di misura e potenza permettono di dimensionare la presenza luminosa in funzione della parete e del contesto. L’applique è adatta a ingressi, corridoi, scale, soggiorni, zona living, cucina, camera da letto e camerette, sia come punto luce di servizio sia come illuminazione d’accento lungo una parete. Nel mondo professionale può essere scelta per reception, uffici, studi, sale d’attesa, showroom, negozi, ristoranti e camere d’hotel, soprattutto quando si desidera una luce ordinata che non occupi superfici utili. In bagno o in prossimità di aree soggette a umidità, l’installazione va valutata in funzione della posizione prevista e delle indicazioni tecniche del prodotto. Nella progettazione della luce a parete, un apparecchio compatto permette di completare l’illuminazione generale e di evidenziare percorsi, quinte, nicchie, pareti attrezzate o elementi decorativi. Può essere installato da solo come accento oppure ripetuto in sequenza per ottenere uniformità visiva in corridoi, scale e spazi contract. La presenza di più opzioni di finitura o dimensione aiuta inoltre a mantenere lo stesso linguaggio luminoso in ambienti differenti dello stesso progetto. Per chi acquista online lampade da parete Ideal Lux, Click ap rappresenta una proposta da valutare in base a dimensioni disponibili, finitura, sorgente luminosa e tipo di ambiente da illuminare. Le informazioni sulle configurazioni consentono di selezionare la variante più coerente con il progetto, evitando scelte generiche e costruendo un’illuminazione realmente coordinata. Prima della posa è opportuno verificare misure, collegamento elettrico, compatibilità della sorgente quando sostituibile e indicazioni di installazione riportate nella documentazione tecnica del prodotto.","Ideal Lux Click ap: lampada da parete per interni con LED integrato. Disponibile in 2 varianti, bianco e 2 misure. Ideale per living, corridoi e contract."
IL-CONFIG-342,"Ideal Lux Clio map1 è un’applique da parete per esterni progettata per un’illuminazione verticale curata e coerente con lo stile dell’ambiente. Il corpo in alluminio e metallo conferisce all’applique un segno architettonico netto, adatto a installazioni coordinate e a pareti dal linguaggio contemporaneo. La collezione comprende 4 configurazioni selezionabili: nelle finiture antracite, bianco, grigio e nero; nelle dimensioni L 9 × H 9,5 × P 21,5 cm. Le potenze previste sono E27 max 1 x 42W, con attacco E27. La dotazione luminosa utilizza sorgenti sostituibili con attacco E27; non è dichiarato un dimmer integrato; l’eventuale regolazione dipende dalla lampadina compatibile e dal comando dell’impianto. È una scelta indicata per facciate, ingressi, balconi, terrazze, portici, percorsi esterni, dehors e pareti in giardino, nel rispetto delle condizioni di installazione previste. La descrizione della collezione evidenzia inoltre: Articolo componibile con montatura in alluminio estruso e tornito, rifinito con vernici a polveri di colore antracite, bianco, nero e coffee. Diffusore in materiale plastico bianco opaco.","Ideal Lux Clio map1 è una lampada da parete per esterni concepita per dare qualità all’illuminazione verticale e valorizzare la superficie su cui viene installata. Il corpo in alluminio e metallo conferisce all’applique un segno architettonico netto, adatto a installazioni coordinate e a pareti dal linguaggio contemporaneo. La scheda originale della collezione specifica: Articolo componibile con montatura in alluminio estruso e tornito, rifinito con vernici a polveri di colore antracite, bianco, nero e coffee. Diffusore in materiale plastico bianco opaco. La scelta della versione è un passaggio importante in un e-commerce di illuminazione, perché consente di coordinare lampada, parete e atmosfera luminosa. La collezione comprende 4 configurazioni selezionabili: nelle finiture antracite, bianco, grigio e nero; nelle dimensioni L 9 × H 9,5 × P 21,5 cm. Le potenze previste sono E27 max 1 x 42W, con attacco E27. La lampada impiega sorgenti sostituibili con attacco E27; non è dichiarato un dimmer integrato; l’eventuale regolazione dipende dalla lampadina compatibile e dal comando dell’impianto. Le differenti finiture consentono di accordare l’applique a pareti chiare o scure, metalli presenti nell’arredo, infissi e complementi, mentre le eventuali variazioni di misura e potenza permettono di dimensionare la presenza luminosa in funzione della parete e del contesto. Come applique da parete per esterni è indicata per illuminare ingressi, facciate, balconi, terrazze coperte o scoperte in base alla corretta installazione, portici, pergolati e dehors di ristoranti, bar o strutture ricettive. Può accompagnare vialetti, camminamenti, accessi carrabili, muri perimetrali, zone di passaggio in giardino e aree parcheggio, creando riferimenti luminosi lungo il percorso e rendendo più accogliente l’arrivo serale. Nei progetti outdoor vicino a piscine o in aree particolarmente esposte, collocazione, collegamento e manutenzione vanno sempre valutati secondo la scheda tecnica e le norme applicabili. In un progetto di illuminazione esterna a parete, la posizione dell’apparecchio incide sia sulla resa estetica sia sulla fruibilità degli spazi: vicino alla porta rende riconoscibile l’accesso, lungo un passaggio aiuta a leggere il percorso, su una facciata disegna un ritmo luminoso coerente. Una serie di applique coordinate può collegare ingresso, terrazza e giardino, mentre una singola installazione può sottolineare un numero civico, una nicchia o un’area conversazione outdoor. La scelta della temperatura colore, quando disponibile, permette di privilegiare un’atmosfera più accogliente oppure una percezione più nitida dei dettagli. Per chi acquista online lampade da parete Ideal Lux, Clio map1 rappresenta una proposta da valutare in base a dimensioni disponibili, finitura, sorgente luminosa e tipo di ambiente da illuminare. Le informazioni sulle configurazioni consentono di selezionare la variante più coerente con il progetto, evitando scelte generiche e costruendo un’illuminazione realmente coordinata. Prima della posa è opportuno verificare misure, collegamento elettrico, compatibilità della sorgente quando sostituibile e indicazioni di installazione riportate nella documentazione tecnica del prodotto.","Ideal Lux Clio map1: lampada da parete per esterni con attacco E27. 4 versioni con 4 finiture, formato compatto. Ideale per ingressi, terrazze e giardini."
IL-CONFIG-343,"L’applique Ideal Lux Clip ap2 mini è una lampada da parete per interni pensata per integrare luce e arredo su superfici verticali. La struttura in metallo dona consistenza al punto luce e consente di inserire la lampada con equilibrio in ambienti residenziali o professionali. La collezione comprende 10 configurazioni selezionabili: nelle finiture argento, bianco, caffè, cromo e oro; nelle dimensioni L 25 × H 9 × P 6,5 cm e L 44 × H 12,5 × P 8 cm. Le potenze previste sono E27 max 2 x 60W e G9 max 2 x 40W, con attacco E27 e G9. In dettaglio: L 25 × H 9 × P 6,5 cm con G9 max 2 x 40W; L 44 × H 12,5 × P 8 cm con E27 max 2 x 60W. La dotazione luminosa utilizza sorgenti sostituibili con attacco E27 e G9; non è dichiarato un dimmer integrato; l’eventuale regolazione dipende dalla lampadina compatibile e dal comando dell’impianto. È indicata per living, corridoi, scale, camere, reception, uffici, showroom e locali commerciali in cerca di una luce a parete ordinata. La descrizione della collezione evidenzia inoltre: Corpo luce interamente in lamina di metallo con varie finiture. Nella versione piccola, diffusori in vetro pirex sabbiato.","Con Ideal Lux Clip ap2 mini, l’applique da parete per interni diventa uno strumento progettuale: illumina, ordina lo spazio e completa la composizione d’arredo. La struttura in metallo dona consistenza al punto luce e consente di inserire la lampada con equilibrio in ambienti residenziali o professionali. La scheda originale della collezione specifica: Corpo luce interamente in lamina di metallo con varie finiture. Nella versione piccola, diffusori in vetro pirex sabbiato. La scelta della versione è un passaggio importante in un e-commerce di illuminazione, perché consente di coordinare lampada, parete e atmosfera luminosa. La collezione comprende 10 configurazioni selezionabili: nelle finiture argento, bianco, caffè, cromo e oro; nelle dimensioni L 25 × H 9 × P 6,5 cm e L 44 × H 12,5 × P 8 cm. Le potenze previste sono E27 max 2 x 60W e G9 max 2 x 40W, con attacco E27 e G9. In dettaglio: L 25 × H 9 × P 6,5 cm con G9 max 2 x 40W; L 44 × H 12,5 × P 8 cm con E27 max 2 x 60W. La lampada impiega sorgenti sostituibili con attacco E27 e G9; non è dichiarato un dimmer integrato; l’eventuale regolazione dipende dalla lampadina compatibile e dal comando dell’impianto. Le differenti finiture consentono di accordare l’applique a pareti chiare o scure, metalli presenti nell’arredo, infissi e complementi, mentre le eventuali variazioni di misura e potenza permettono di dimensionare la presenza luminosa in funzione della parete e del contesto. L’applique è adatta a ingressi, corridoi, scale, soggiorni, zona living, cucina, camera da letto e camerette, sia come punto luce di servizio sia come illuminazione d’accento lungo una parete. Nel mondo professionale può essere scelta per reception, uffici, studi, sale d’attesa, showroom, negozi, ristoranti e camere d’hotel, soprattutto quando si desidera una luce ordinata che non occupi superfici utili. In bagno o in prossimità di aree soggette a umidità, l’installazione va valutata in funzione della posizione prevista e delle indicazioni tecniche del prodotto. Nella progettazione della luce a parete, un apparecchio compatto permette di completare l’illuminazione generale e di evidenziare percorsi, quinte, nicchie, pareti attrezzate o elementi decorativi. Può essere installato da solo come accento oppure ripetuto in sequenza per ottenere uniformità visiva in corridoi, scale e spazi contract. La presenza di più opzioni di finitura o dimensione aiuta inoltre a mantenere lo stesso linguaggio luminoso in ambienti differenti dello stesso progetto. Per chi acquista online lampade da parete Ideal Lux, Clip ap2 mini rappresenta una proposta da valutare in base a dimensioni disponibili, finitura, sorgente luminosa e tipo di ambiente da illuminare. Le informazioni sulle configurazioni consentono di selezionare la variante più coerente con il progetto, evitando scelte generiche e costruendo un’illuminazione realmente coordinata. Prima della posa è opportuno verificare misure, collegamento elettrico, compatibilità della sorgente quando sostituibile e indicazioni di installazione riportate nella documentazione tecnica del prodotto.","Ideal Lux Clip ap2 mini: lampada da parete per interni con attacco E27 e G9. 10 versioni con 5 finiture, 2 misure. Ideale per living, corridoi e contract."
IL-CONFIG-344,"Ideal Lux Cometa ap3 propone una soluzione a parete per esterni che permette di definire il punto luce senza ingombrare piani o percorsi. La costruzione in alluminio, metallo e plexiglas è pensata per un profilo ordinato e una diffusione uniforme, adatta a progetti nei quali la luce deve accompagnare l’architettura senza appesantirla. La configurazione disponibile è unica: nelle finiture antracite; nelle dimensioni L 30 × H 8,5 × P 30 cm. Le potenze previste sono E14 max 3 x 28W, con attacco E14. La dotazione luminosa utilizza sorgenti sostituibili con attacco E14; non è dichiarato un dimmer integrato; l’eventuale regolazione dipende dalla lampadina compatibile e dal comando dell’impianto. È una scelta indicata per facciate, ingressi, balconi, terrazze, portici, percorsi esterni, dehors e pareti in giardino, nel rispetto delle condizioni di installazione previste. La descrizione della collezione evidenzia inoltre: Corpo luce in alluminio pressofuso rifinito con vernice a polveri di colore antracite o nero. Diffusore in PVC bianco. è sconsigliato esporre l'articolo a contatto diretto con i raggi solari.","Ideal Lux Cometa ap3 interpreta la lampada da parete per esterni come un elemento luminoso capace di unire funzione, proporzioni e presenza estetica. La costruzione in alluminio, metallo e plexiglas è pensata per un profilo ordinato e una diffusione uniforme, adatta a progetti nei quali la luce deve accompagnare l’architettura senza appesantirla. La scheda originale della collezione specifica: Corpo luce in alluminio pressofuso rifinito con vernice a polveri di colore antracite o nero. Diffusore in PVC bianco. è sconsigliato esporre l'articolo a contatto diretto con i raggi solari. La scelta della versione è un passaggio importante in un e-commerce di illuminazione, perché consente di coordinare lampada, parete e atmosfera luminosa. La configurazione disponibile è unica: nelle finiture antracite; nelle dimensioni L 30 × H 8,5 × P 30 cm. Le potenze previste sono E14 max 3 x 28W, con attacco E14. La lampada impiega sorgenti sostituibili con attacco E14; non è dichiarato un dimmer integrato; l’eventuale regolazione dipende dalla lampadina compatibile e dal comando dell’impianto. Le differenti finiture consentono di accordare l’applique a pareti chiare o scure, metalli presenti nell’arredo, infissi e complementi, mentre le eventuali variazioni di misura e potenza permettono di dimensionare la presenza luminosa in funzione della parete e del contesto. Come applique da parete per esterni è indicata per illuminare ingressi, facciate, balconi, terrazze coperte o scoperte in base alla corretta installazione, portici, pergolati e dehors di ristoranti, bar o strutture ricettive. Può accompagnare vialetti, camminamenti, accessi carrabili, muri perimetrali, zone di passaggio in giardino e aree parcheggio, creando riferimenti luminosi lungo il percorso e rendendo più accogliente l’arrivo serale. Nei progetti outdoor vicino a piscine o in aree particolarmente esposte, collocazione, collegamento e manutenzione vanno sempre valutati secondo la scheda tecnica e le norme applicabili. In un progetto di illuminazione esterna a parete, la posizione dell’apparecchio incide sia sulla resa estetica sia sulla fruibilità degli spazi: vicino alla porta rende riconoscibile l’accesso, lungo un passaggio aiuta a leggere il percorso, su una facciata disegna un ritmo luminoso coerente. Una serie di applique coordinate può collegare ingresso, terrazza e giardino, mentre una singola installazione può sottolineare un numero civico, una nicchia o un’area conversazione outdoor. La scelta della temperatura colore, quando disponibile, permette di privilegiare un’atmosfera più accogliente oppure una percezione più nitida dei dettagli. Per chi acquista online lampade da parete Ideal Lux, Cometa ap3 rappresenta una proposta da valutare in base a dimensioni disponibili, finitura, sorgente luminosa e tipo di ambiente da illuminare. Le informazioni sulle configurazioni consentono di selezionare la variante più coerente con il progetto, evitando scelte generiche e costruendo un’illuminazione realmente coordinata. Prima della posa è opportuno verificare misure, collegamento elettrico, compatibilità della sorgente quando sostituibile e indicazioni di installazione riportate nella documentazione tecnica del prodotto.","Ideal Lux Cometa ap3: lampada da parete per esterni con attacco E14. 1 versioni con antracite, formato compatto. Ideale per ingressi, terrazze e giardini."
IL-CONFIG-345,"Ideal Lux Corte ap2 è un’applique da parete per interni progettata per un’illuminazione verticale curata e coerente con lo stile dell’ambiente. La struttura in metallo dona consistenza al punto luce e consente di inserire la lampada con equilibrio in ambienti residenziali o professionali. La collezione comprende 2 configurazioni selezionabili: nelle finiture bianco e ruggine; nelle dimensioni L 36 × H 37 × P 20,5 cm. Le potenze previste sono E14 max 2 x 40W, con attacco E14. La dotazione luminosa utilizza sorgenti sostituibili con attacco E14; non è dichiarato un dimmer integrato; l’eventuale regolazione dipende dalla lampadina compatibile e dal comando dell’impianto. È indicata per living, corridoi, scale, camere, reception, uffici, showroom e locali commerciali in cerca di una luce a parete ordinata.","Ideal Lux Corte ap2 è una lampada da parete per interni concepita per dare qualità all’illuminazione verticale e valorizzare la superficie su cui viene installata. La struttura in metallo dona consistenza al punto luce e consente di inserire la lampada con equilibrio in ambienti residenziali o professionali. La scelta della versione è un passaggio importante in un e-commerce di illuminazione, perché consente di coordinare lampada, parete e atmosfera luminosa. La collezione comprende 2 configurazioni selezionabili: nelle finiture bianco e ruggine; nelle dimensioni L 36 × H 37 × P 20,5 cm. Le potenze previste sono E14 max 2 x 40W, con attacco E14. La lampada impiega sorgenti sostituibili con attacco E14; non è dichiarato un dimmer integrato; l’eventuale regolazione dipende dalla lampadina compatibile e dal comando dell’impianto. Le differenti finiture consentono di accordare l’applique a pareti chiare o scure, metalli presenti nell’arredo, infissi e complementi, mentre le eventuali variazioni di misura e potenza permettono di dimensionare la presenza luminosa in funzione della parete e del contesto. L’applique è adatta a ingressi, corridoi, scale, soggiorni, zona living, cucina, camera da letto e camerette, sia come punto luce di servizio sia come illuminazione d’accento lungo una parete. Nel mondo professionale può essere scelta per reception, uffici, studi, sale d’attesa, showroom, negozi, ristoranti e camere d’hotel, soprattutto quando si desidera una luce ordinata che non occupi superfici utili. In bagno o in prossimità di aree soggette a umidità, l’installazione va valutata in funzione della posizione prevista e delle indicazioni tecniche del prodotto. Nella progettazione della luce a parete, un apparecchio compatto permette di completare l’illuminazione generale e di evidenziare percorsi, quinte, nicchie, pareti attrezzate o elementi decorativi. Può essere installato da solo come accento oppure ripetuto in sequenza per ottenere uniformità visiva in corridoi, scale e spazi contract. La presenza di più opzioni di finitura o dimensione aiuta inoltre a mantenere lo stesso linguaggio luminoso in ambienti differenti dello stesso progetto. Per chi acquista online lampade da parete Ideal Lux, Corte ap2 rappresenta una proposta da valutare in base a dimensioni disponibili, finitura, sorgente luminosa e tipo di ambiente da illuminare. Le informazioni sulle configurazioni consentono di selezionare la variante più coerente con il progetto, evitando scelte generiche e costruendo un’illuminazione realmente coordinata. Prima della posa è opportuno verificare misure, collegamento elettrico, compatibilità della sorgente quando sostituibile e indicazioni di installazione riportate nella documentazione tecnica del prodotto.","Ideal Lux Corte ap2: lampada da parete per interni con attacco E14. 2 versioni con bianco e ruggine, formato compatto. Ideale per living, corridoi e contract."
IL-CONFIG-346,"L’applique Ideal Lux Cotton ap1 è una lampada da parete per interni pensata per integrare luce e arredo su superfici verticali. La combinazione di alluminio, metallo e vetro unisce struttura e trasparenza: il vetro contribuisce a rendere l’emissione luminosa più curata e il punto luce più decorativo. La collezione comprende 3 configurazioni selezionabili: nelle finiture bianco; nelle dimensioni Ø 1,50L 15 × P 12 cm, Ø 10L 10 × P 7 cm e Ø 20L 20 × P 16 cm. Le potenze previste sono E14 max 1 x 28W, G9 max 1 x 4W e GX53 max 1 x 9W, con attacco E14, G9 e GX53. In dettaglio: Ø 10L 10 × P 7 cm con GX53 max 1 x 9W; Ø 1,50L 15 × P 12 cm con G9 max 1 x 4W; Ø 20L 20 × P 16 cm con E14 max 1 x 28W. La dotazione luminosa utilizza sorgenti sostituibili con attacco E14, G9 e GX53; non è dichiarato un dimmer integrato; l’eventuale regolazione dipende dalla lampadina compatibile e dal comando dell’impianto. È pensata per living, saloni, ingressi, camere, ristoranti, hall e showroom in cui la lampada contribuisce anche alla decorazione della parete.","Con Ideal Lux Cotton ap1, l’applique da parete per interni diventa uno strumento progettuale: illumina, ordina lo spazio e completa la composizione d’arredo. La combinazione di alluminio, metallo e vetro unisce struttura e trasparenza: il vetro contribuisce a rendere l’emissione luminosa più curata e il punto luce più decorativo. La scelta della versione è un passaggio importante in un e-commerce di illuminazione, perché consente di coordinare lampada, parete e atmosfera luminosa. La collezione comprende 3 configurazioni selezionabili: nelle finiture bianco; nelle dimensioni Ø 1,50L 15 × P 12 cm, Ø 10L 10 × P 7 cm e Ø 20L 20 × P 16 cm. Le potenze previste sono E14 max 1 x 28W, G9 max 1 x 4W e GX53 max 1 x 9W, con attacco E14, G9 e GX53. In dettaglio: Ø 10L 10 × P 7 cm con GX53 max 1 x 9W; Ø 1,50L 15 × P 12 cm con G9 max 1 x 4W; Ø 20L 20 × P 16 cm con E14 max 1 x 28W. La lampada impiega sorgenti sostituibili con attacco E14, G9 e GX53; non è dichiarato un dimmer integrato; l’eventuale regolazione dipende dalla lampadina compatibile e dal comando dell’impianto. Le differenti finiture consentono di accordare l’applique a pareti chiare o scure, metalli presenti nell’arredo, infissi e complementi, mentre le eventuali variazioni di misura e potenza permettono di dimensionare la presenza luminosa in funzione della parete e del contesto. Pensata per arredare oltre che illuminare, questa applique può valorizzare soggiorno, salone, sala da pranzo, ingresso, vano scala, camera da letto e pareti di rappresentanza della zona living. È indicata anche per hall, reception, ristoranti, boutique, showroom e camere di hotel, dove un dettaglio decorativo a parete contribuisce all’identità dell’ambiente. Installata singolarmente crea un accento visivo; disposta in coppia o in sequenza può incorniciare specchi, consolle, quadri o elementi architettonici, con un risultato più scenografico. La luce decorativa a parete è utile quando l’ambiente richiede profondità visiva e un dettaglio capace di farsi ricordare. In un salone o in una hall, la lampada può essere abbinata a sospensioni e piantane della stessa atmosfera; in un ristorante o showroom può scandire la parete e rafforzare la percezione del progetto. Finiture e materiali diventano così parte della narrazione d’arredo, dal contesto più elegante a quello contemporaneo e ricercato. Per chi acquista online lampade da parete Ideal Lux, Cotton ap1 rappresenta una proposta da valutare in base a dimensioni disponibili, finitura, sorgente luminosa e tipo di ambiente da illuminare. Le informazioni sulle configurazioni consentono di selezionare la variante più coerente con il progetto, evitando scelte generiche e costruendo un’illuminazione realmente coordinata. Prima della posa è opportuno verificare misure, collegamento elettrico, compatibilità della sorgente quando sostituibile e indicazioni di installazione riportate nella documentazione tecnica del prodotto.","Scopri Ideal Lux Cotton ap1, applique da parete per interni con attacco E14, G9 e GX53. 3 versioni con bianco, 3 misure. Ideale per living, hall e ristoranti."
IL-CONFIG-347,"Ideal Lux Cover ap round propone una soluzione a parete per interni che permette di definire il punto luce senza ingombrare piani o percorsi. Il corpo in alluminio e metallo conferisce all’applique un segno architettonico netto, adatto a installazioni coordinate e a pareti dal linguaggio contemporaneo. La collezione comprende 4 configurazioni selezionabili: nelle finiture bianco e nero; nelle dimensioni L 15 × H 15 × P 5 cm e Ø 15 × P 5 cm. Le potenze previste sono LED 9,5W, con sorgente LED. La dotazione luminosa utilizza sorgente LED integrata e inclusa; la funzione dimmer non è indicata nelle configurazioni standard disponibili. È indicata per living, corridoi, scale, camere, reception, uffici, showroom e locali commerciali in cerca di una luce a parete ordinata. La descrizione della collezione evidenzia inoltre: Corpo luce in alluminio verniciato a polveri di colore bianco o nero. Diffusore in materiale plastico opale. Sorgente luminosa a led integrati con emissione di luce riflessa.","Ideal Lux Cover ap round interpreta la lampada da parete per interni come un elemento luminoso capace di unire funzione, proporzioni e presenza estetica. Il corpo in alluminio e metallo conferisce all’applique un segno architettonico netto, adatto a installazioni coordinate e a pareti dal linguaggio contemporaneo. La scheda originale della collezione specifica: Corpo luce in alluminio verniciato a polveri di colore bianco o nero. Diffusore in materiale plastico opale. Sorgente luminosa a led integrati con emissione di luce riflessa. La scelta della versione è un passaggio importante in un e-commerce di illuminazione, perché consente di coordinare lampada, parete e atmosfera luminosa. La collezione comprende 4 configurazioni selezionabili: nelle finiture bianco e nero; nelle dimensioni L 15 × H 15 × P 5 cm e Ø 15 × P 5 cm. Le potenze previste sono LED 9,5W, con sorgente LED. La lampada impiega sorgente LED integrata e inclusa; la funzione dimmer non è indicata nelle configurazioni standard disponibili. Le differenti finiture consentono di accordare l’applique a pareti chiare o scure, metalli presenti nell’arredo, infissi e complementi, mentre le eventuali variazioni di misura e potenza permettono di dimensionare la presenza luminosa in funzione della parete e del contesto. L’applique è adatta a ingressi, corridoi, scale, soggiorni, zona living, cucina, camera da letto e camerette, sia come punto luce di servizio sia come illuminazione d’accento lungo una parete. Nel mondo professionale può essere scelta per reception, uffici, studi, sale d’attesa, showroom, negozi, ristoranti e camere d’hotel, soprattutto quando si desidera una luce ordinata che non occupi superfici utili. In bagno o in prossimità di aree soggette a umidità, l’installazione va valutata in funzione della posizione prevista e delle indicazioni tecniche del prodotto. Nella progettazione della luce a parete, un apparecchio compatto permette di completare l’illuminazione generale e di evidenziare percorsi, quinte, nicchie, pareti attrezzate o elementi decorativi. Può essere installato da solo come accento oppure ripetuto in sequenza per ottenere uniformità visiva in corridoi, scale e spazi contract. La presenza di più opzioni di finitura o dimensione aiuta inoltre a mantenere lo stesso linguaggio luminoso in ambienti differenti dello stesso progetto. Per chi acquista online lampade da parete Ideal Lux, Cover ap round rappresenta una proposta da valutare in base a dimensioni disponibili, finitura, sorgente luminosa e tipo di ambiente da illuminare. Le informazioni sulle configurazioni consentono di selezionare la variante più coerente con il progetto, evitando scelte generiche e costruendo un’illuminazione realmente coordinata. Prima della posa è opportuno verificare misure, collegamento elettrico, compatibilità della sorgente quando sostituibile e indicazioni di installazione riportate nella documentazione tecnica del prodotto.","Ideal Lux Cover ap round: lampada da parete per interni con LED integrato. 4 versioni con bianco e nero, 2 misure. Ideale per living, corridoi e contract."
IL-CONFIG-348,"Ideal Lux Cover ap round è un’applique da parete per interni progettata per un’illuminazione verticale curata e coerente con lo stile dell’ambiente. Il corpo in alluminio e metallo conferisce all’applique un segno architettonico netto, adatto a installazioni coordinate e a pareti dal linguaggio contemporaneo. La collezione comprende 4 configurazioni selezionabili: nelle finiture bianco e nero; nelle dimensioni L 20 × H 20 × P 5 cm e Ø 20 × P 5 cm. Le potenze previste sono LED 11W, con sorgente LED. La dotazione luminosa utilizza sorgente LED integrata e inclusa; la funzione dimmer non è indicata nelle configurazioni standard disponibili. È indicata per living, corridoi, scale, camere, reception, uffici, showroom e locali commerciali in cerca di una luce a parete ordinata. La descrizione della collezione evidenzia inoltre: Corpo luce in alluminio verniciato a polveri di colore bianco o nero. Diffusore in materiale plastico opale. Sorgente luminosa a led integrati con emissione di luce riflessa.","Ideal Lux Cover ap round è una lampada da parete per interni concepita per dare qualità all’illuminazione verticale e valorizzare la superficie su cui viene installata. Il corpo in alluminio e metallo conferisce all’applique un segno architettonico netto, adatto a installazioni coordinate e a pareti dal linguaggio contemporaneo. La scheda originale della collezione specifica: Corpo luce in alluminio verniciato a polveri di colore bianco o nero. Diffusore in materiale plastico opale. Sorgente luminosa a led integrati con emissione di luce riflessa. La scelta della versione è un passaggio importante in un e-commerce di illuminazione, perché consente di coordinare lampada, parete e atmosfera luminosa. La collezione comprende 4 configurazioni selezionabili: nelle finiture bianco e nero; nelle dimensioni L 20 × H 20 × P 5 cm e Ø 20 × P 5 cm. Le potenze previste sono LED 11W, con sorgente LED. La lampada impiega sorgente LED integrata e inclusa; la funzione dimmer non è indicata nelle configurazioni standard disponibili. Le differenti finiture consentono di accordare l’applique a pareti chiare o scure, metalli presenti nell’arredo, infissi e complementi, mentre le eventuali variazioni di misura e potenza permettono di dimensionare la presenza luminosa in funzione della parete e del contesto. L’applique è adatta a ingressi, corridoi, scale, soggiorni, zona living, cucina, camera da letto e camerette, sia come punto luce di servizio sia come illuminazione d’accento lungo una parete. Nel mondo professionale può essere scelta per reception, uffici, studi, sale d’attesa, showroom, negozi, ristoranti e camere d’hotel, soprattutto quando si desidera una luce ordinata che non occupi superfici utili. In bagno o in prossimità di aree soggette a umidità, l’installazione va valutata in funzione della posizione prevista e delle indicazioni tecniche del prodotto. Nella progettazione della luce a parete, un apparecchio compatto permette di completare l’illuminazione generale e di evidenziare percorsi, quinte, nicchie, pareti attrezzate o elementi decorativi. Può essere installato da solo come accento oppure ripetuto in sequenza per ottenere uniformità visiva in corridoi, scale e spazi contract. La presenza di più opzioni di finitura o dimensione aiuta inoltre a mantenere lo stesso linguaggio luminoso in ambienti differenti dello stesso progetto. Per chi acquista online lampade da parete Ideal Lux, Cover ap round rappresenta una proposta da valutare in base a dimensioni disponibili, finitura, sorgente luminosa e tipo di ambiente da illuminare. Le informazioni sulle configurazioni consentono di selezionare la variante più coerente con il progetto, evitando scelte generiche e costruendo un’illuminazione realmente coordinata. Prima della posa è opportuno verificare misure, collegamento elettrico, compatibilità della sorgente quando sostituibile e indicazioni di installazione riportate nella documentazione tecnica del prodotto.","Ideal Lux Cover ap round: lampada da parete per interni con LED integrato. 4 versioni con bianco e nero, 2 misure. Ideale per living, corridoi e contract."
IL-CONFIG-349,"L’applique Ideal Lux Craft ap è una lampada da parete per interni pensata per integrare luce e arredo su superfici verticali. La combinazione di legno, metallo e vetro unisce struttura e trasparenza: il vetro contribuisce a rendere l’emissione luminosa più curata e il punto luce più decorativo. La configurazione disponibile è unica: nelle finiture legno; nelle dimensioni L 40 × H 8 × P 8,5 cm. Le potenze previste sono LED 12W, con sorgente LED. La dotazione luminosa utilizza sorgente LED integrata e inclusa; la funzione dimmer non è indicata nelle configurazioni standard disponibili. È indicata per living, corridoi, scale, camere, reception, uffici, showroom e locali commerciali in cerca di una luce a parete ordinata.","Con Ideal Lux Craft ap, l’applique da parete per interni diventa uno strumento progettuale: illumina, ordina lo spazio e completa la composizione d’arredo. La combinazione di legno, metallo e vetro unisce struttura e trasparenza: il vetro contribuisce a rendere l’emissione luminosa più curata e il punto luce più decorativo. La scelta della versione è un passaggio importante in un e-commerce di illuminazione, perché consente di coordinare lampada, parete e atmosfera luminosa. La configurazione disponibile è unica: nelle finiture legno; nelle dimensioni L 40 × H 8 × P 8,5 cm. Le potenze previste sono LED 12W, con sorgente LED. La lampada impiega sorgente LED integrata e inclusa; la funzione dimmer non è indicata nelle configurazioni standard disponibili. Le differenti finiture consentono di accordare l’applique a pareti chiare o scure, metalli presenti nell’arredo, infissi e complementi, mentre le eventuali variazioni di misura e potenza permettono di dimensionare la presenza luminosa in funzione della parete e del contesto. L’applique è adatta a ingressi, corridoi, scale, soggiorni, zona living, cucina, camera da letto e camerette, sia come punto luce di servizio sia come illuminazione d’accento lungo una parete. Nel mondo professionale può essere scelta per reception, uffici, studi, sale d’attesa, showroom, negozi, ristoranti e camere d’hotel, soprattutto quando si desidera una luce ordinata che non occupi superfici utili. In bagno o in prossimità di aree soggette a umidità, l’installazione va valutata in funzione della posizione prevista e delle indicazioni tecniche del prodotto. Nella progettazione della luce a parete, un apparecchio compatto permette di completare l’illuminazione generale e di evidenziare percorsi, quinte, nicchie, pareti attrezzate o elementi decorativi. Può essere installato da solo come accento oppure ripetuto in sequenza per ottenere uniformità visiva in corridoi, scale e spazi contract. La presenza di più opzioni di finitura o dimensione aiuta inoltre a mantenere lo stesso linguaggio luminoso in ambienti differenti dello stesso progetto. Per chi acquista online lampade da parete Ideal Lux, Craft ap rappresenta una proposta da valutare in base a dimensioni disponibili, finitura, sorgente luminosa e tipo di ambiente da illuminare. Le informazioni sulle configurazioni consentono di selezionare la variante più coerente con il progetto, evitando scelte generiche e costruendo un’illuminazione realmente coordinata. Prima della posa è opportuno verificare misure, collegamento elettrico, compatibilità della sorgente quando sostituibile e indicazioni di installazione riportate nella documentazione tecnica del prodotto.","Scopri Ideal Lux Craft ap, applique da parete per interni con LED integrato. 1 versioni con legno, formato compatto. Ideale per living, corridoi e contract."
IL-CONFIG-350,"Ideal Lux Cube ap propone una soluzione a parete per interni che permette di definire il punto luce senza ingombrare piani o percorsi. La struttura in metallo dona consistenza al punto luce e consente di inserire la lampada con equilibrio in ambienti residenziali o professionali. La configurazione disponibile è unica: nelle finiture bianco; nelle dimensioni L 30 × H 5 × P 10 cm. Le potenze previste sono LED 8W, con sorgente LED. La dotazione luminosa utilizza sorgente LED integrata e inclusa; la funzione dimmer non è indicata nelle configurazioni standard disponibili. È indicata per living, corridoi, scale, camere, reception, uffici, showroom e locali commerciali in cerca di una luce a parete ordinata.","Ideal Lux Cube ap interpreta la lampada da parete per interni come un elemento luminoso capace di unire funzione, proporzioni e presenza estetica. La struttura in metallo dona consistenza al punto luce e consente di inserire la lampada con equilibrio in ambienti residenziali o professionali. La scelta della versione è un passaggio importante in un e-commerce di illuminazione, perché consente di coordinare lampada, parete e atmosfera luminosa. La configurazione disponibile è unica: nelle finiture bianco; nelle dimensioni L 30 × H 5 × P 10 cm. Le potenze previste sono LED 8W, con sorgente LED. La lampada impiega sorgente LED integrata e inclusa; la funzione dimmer non è indicata nelle configurazioni standard disponibili. Le differenti finiture consentono di accordare l’applique a pareti chiare o scure, metalli presenti nell’arredo, infissi e complementi, mentre le eventuali variazioni di misura e potenza permettono di dimensionare la presenza luminosa in funzione della parete e del contesto. L’applique è adatta a ingressi, corridoi, scale, soggiorni, zona living, cucina, camera da letto e camerette, sia come punto luce di servizio sia come illuminazione d’accento lungo una parete. Nel mondo professionale può essere scelta per reception, uffici, studi, sale d’attesa, showroom, negozi, ristoranti e camere d’hotel, soprattutto quando si desidera una luce ordinata che non occupi superfici utili. In bagno o in prossimità di aree soggette a umidità, l’installazione va valutata in funzione della posizione prevista e delle indicazioni tecniche del prodotto. Nella progettazione della luce a parete, un apparecchio compatto permette di completare l’illuminazione generale e di evidenziare percorsi, quinte, nicchie, pareti attrezzate o elementi decorativi. Può essere installato da solo come accento oppure ripetuto in sequenza per ottenere uniformità visiva in corridoi, scale e spazi contract. La presenza di più opzioni di finitura o dimensione aiuta inoltre a mantenere lo stesso linguaggio luminoso in ambienti differenti dello stesso progetto. Per chi acquista online lampade da parete Ideal Lux, Cube ap rappresenta una proposta da valutare in base a dimensioni disponibili, finitura, sorgente luminosa e tipo di ambiente da illuminare. Le informazioni sulle configurazioni consentono di selezionare la variante più coerente con il progetto, evitando scelte generiche e costruendo un’illuminazione realmente coordinata. Prima della posa è opportuno verificare misure, collegamento elettrico, compatibilità della sorgente quando sostituibile e indicazioni di installazione riportate nella documentazione tecnica del prodotto.","Scopri Ideal Lux Cube ap, applique da parete per interni con LED integrato. 1 versioni con bianco, formato compatto. Ideale per living, corridoi e contract."
IL-CONFIG-351,"Ideal Lux Dafne ap1 big è un’applique da parete per esterni progettata per un’illuminazione verticale curata e coerente con lo stile dell’ambiente. La costruzione in plexiglas e resina è pensata per un profilo ordinato e una diffusione uniforme, adatta a progetti nei quali la luce deve accompagnare l’architettura senza appesantirla. La collezione comprende 4 configurazioni selezionabili: nelle finiture bianco e nero; nelle dimensioni L 22 × H 35 × P 13 cm e L 22 × H 45 × P 27,5 cm. Le potenze previste sono E27 max 1 x 23W, con attacco E27. La dotazione luminosa utilizza sorgenti sostituibili con attacco E27; non è dichiarato un dimmer integrato; l’eventuale regolazione dipende dalla lampadina compatibile e dal comando dell’impianto. È una scelta indicata per facciate, ingressi, balconi, terrazze, portici, percorsi esterni, dehors e pareti in giardino, nel rispetto delle condizioni di installazione previste.","Ideal Lux Dafne ap1 big è una lampada da parete per esterni concepita per dare qualità all’illuminazione verticale e valorizzare la superficie su cui viene installata. La costruzione in plexiglas e resina è pensata per un profilo ordinato e una diffusione uniforme, adatta a progetti nei quali la luce deve accompagnare l’architettura senza appesantirla. La scelta della versione è un passaggio importante in un e-commerce di illuminazione, perché consente di coordinare lampada, parete e atmosfera luminosa. La collezione comprende 4 configurazioni selezionabili: nelle finiture bianco e nero; nelle dimensioni L 22 × H 35 × P 13 cm e L 22 × H 45 × P 27,5 cm. Le potenze previste sono E27 max 1 x 23W, con attacco E27. La lampada impiega sorgenti sostituibili con attacco E27; non è dichiarato un dimmer integrato; l’eventuale regolazione dipende dalla lampadina compatibile e dal comando dell’impianto. Le differenti finiture consentono di accordare l’applique a pareti chiare o scure, metalli presenti nell’arredo, infissi e complementi, mentre le eventuali variazioni di misura e potenza permettono di dimensionare la presenza luminosa in funzione della parete e del contesto. Come applique da parete per esterni è indicata per illuminare ingressi, facciate, balconi, terrazze coperte o scoperte in base alla corretta installazione, portici, pergolati e dehors di ristoranti, bar o strutture ricettive. Può accompagnare vialetti, camminamenti, accessi carrabili, muri perimetrali, zone di passaggio in giardino e aree parcheggio, creando riferimenti luminosi lungo il percorso e rendendo più accogliente l’arrivo serale. Nei progetti outdoor vicino a piscine o in aree particolarmente esposte, collocazione, collegamento e manutenzione vanno sempre valutati secondo la scheda tecnica e le norme applicabili. In un progetto di illuminazione esterna a parete, la posizione dell’apparecchio incide sia sulla resa estetica sia sulla fruibilità degli spazi: vicino alla porta rende riconoscibile l’accesso, lungo un passaggio aiuta a leggere il percorso, su una facciata disegna un ritmo luminoso coerente. Una serie di applique coordinate può collegare ingresso, terrazza e giardino, mentre una singola installazione può sottolineare un numero civico, una nicchia o un’area conversazione outdoor. La scelta della temperatura colore, quando disponibile, permette di privilegiare un’atmosfera più accogliente oppure una percezione più nitida dei dettagli. Per chi acquista online lampade da parete Ideal Lux, Dafne ap1 big rappresenta una proposta da valutare in base a dimensioni disponibili, finitura, sorgente luminosa e tipo di ambiente da illuminare. Le informazioni sulle configurazioni consentono di selezionare la variante più coerente con il progetto, evitando scelte generiche e costruendo un’illuminazione realmente coordinata. Prima della posa è opportuno verificare misure, collegamento elettrico, compatibilità della sorgente quando sostituibile e indicazioni di installazione riportate nella documentazione tecnica del prodotto.","Ideal Lux Dafne ap1 big: lampada da parete per esterni con attacco E27. 4 versioni con bianco e nero, 2 misure. Perfetta per ingressi, terrazze e giardini."
IL-CONFIG-352,"L’applique Ideal Lux Dedra ap big è una lampada da parete per esterni pensata per integrare luce e arredo su superfici verticali. Il corpo in alluminio e metallo conferisce all’applique un segno architettonico netto, adatto a installazioni coordinate e a pareti dal linguaggio contemporaneo. La collezione comprende 6 configurazioni selezionabili: nelle finiture antracite, bianco e marrone; nelle dimensioni L 10 × H 10 × P 3 cm e L 10 × H 6,6 × P 3 cm. Le potenze previste sono LED 1,5W, con sorgente LED. La dotazione luminosa utilizza sorgente LED integrata e inclusa; la funzione dimmer non è indicata nelle configurazioni standard disponibili. È una scelta indicata per facciate, ingressi, balconi, terrazze, portici, percorsi esterni, dehors e pareti in giardino, nel rispetto delle condizioni di installazione previste.","Con Ideal Lux Dedra ap big, l’applique da parete per esterni diventa uno strumento progettuale: illumina, ordina lo spazio e completa la composizione d’arredo. Il corpo in alluminio e metallo conferisce all’applique un segno architettonico netto, adatto a installazioni coordinate e a pareti dal linguaggio contemporaneo. La scelta della versione è un passaggio importante in un e-commerce di illuminazione, perché consente di coordinare lampada, parete e atmosfera luminosa. La collezione comprende 6 configurazioni selezionabili: nelle finiture antracite, bianco e marrone; nelle dimensioni L 10 × H 10 × P 3 cm e L 10 × H 6,6 × P 3 cm. Le potenze previste sono LED 1,5W, con sorgente LED. La lampada impiega sorgente LED integrata e inclusa; la funzione dimmer non è indicata nelle configurazioni standard disponibili. Le differenti finiture consentono di accordare l’applique a pareti chiare o scure, metalli presenti nell’arredo, infissi e complementi, mentre le eventuali variazioni di misura e potenza permettono di dimensionare la presenza luminosa in funzione della parete e del contesto. Come applique da parete per esterni è indicata per illuminare ingressi, facciate, balconi, terrazze coperte o scoperte in base alla corretta installazione, portici, pergolati e dehors di ristoranti, bar o strutture ricettive. Può accompagnare vialetti, camminamenti, accessi carrabili, muri perimetrali, zone di passaggio in giardino e aree parcheggio, creando riferimenti luminosi lungo il percorso e rendendo più accogliente l’arrivo serale. Nei progetti outdoor vicino a piscine o in aree particolarmente esposte, collocazione, collegamento e manutenzione vanno sempre valutati secondo la scheda tecnica e le norme applicabili. In un progetto di illuminazione esterna a parete, la posizione dell’apparecchio incide sia sulla resa estetica sia sulla fruibilità degli spazi: vicino alla porta rende riconoscibile l’accesso, lungo un passaggio aiuta a leggere il percorso, su una facciata disegna un ritmo luminoso coerente. Una serie di applique coordinate può collegare ingresso, terrazza e giardino, mentre una singola installazione può sottolineare un numero civico, una nicchia o un’area conversazione outdoor. La scelta della temperatura colore, quando disponibile, permette di privilegiare un’atmosfera più accogliente oppure una percezione più nitida dei dettagli. Per chi acquista online lampade da parete Ideal Lux, Dedra ap big rappresenta una proposta da valutare in base a dimensioni disponibili, finitura, sorgente luminosa e tipo di ambiente da illuminare. Le informazioni sulle configurazioni consentono di selezionare la variante più coerente con il progetto, evitando scelte generiche e costruendo un’illuminazione realmente coordinata. Prima della posa è opportuno verificare misure, collegamento elettrico, compatibilità della sorgente quando sostituibile e indicazioni di installazione riportate nella documentazione tecnica del prodotto.","Ideal Lux Dedra ap big: applique da parete per esterni con LED integrato, antracite, bianco e marrone e 2 misure. Ideale per ingressi, terrazze e giardini."
IL-CONFIG-353,"Ideal Lux Delta ap3 propone una soluzione a parete per interni che permette di definire il punto luce senza ingombrare piani o percorsi. Il corpo in alluminio conferisce all’applique un segno architettonico netto, adatto a installazioni coordinate e a pareti dal linguaggio contemporaneo. La collezione comprende 10 configurazioni selezionabili: nelle finiture bianco e nero; nelle dimensioni L 110 × H 9 × P 3,5 cm, L 30 × H 9 × P 3,5 cm, L 41 × H 9 × P 3,5 cm, L 61 × H 9 × P 3,5 cm e L 83 × H 9 × P 3,5 cm. Le potenze previste sono G9 max3 x 4W, G9 max4 x 4W, G9 max5 x 4W, G9 max6 x 4W e G9 max8 x 4W, con attacco G9. In dettaglio: L 30 × H 9 × P 3,5 cm con G9 max3 x 4W; L 41 × H 9 × P 3,5 cm con G9 max4 x 4W; L 61 × H 9 × P 3,5 cm con G9 max5 x 4W; L 83 × H 9 × P 3,5 cm con G9 max6 x 4W; L 110 × H 9 × P 3,5 cm con G9 max8 x 4W. La dotazione luminosa utilizza sorgenti sostituibili con attacco G9; non è dichiarato un dimmer integrato; l’eventuale regolazione dipende dalla lampadina compatibile e dal comando dell’impianto. È indicata per living, corridoi, scale, camere, reception, uffici, showroom e locali commerciali in cerca di una luce a parete ordinata.","Ideal Lux Delta ap3 interpreta la lampada da parete per interni come un elemento luminoso capace di unire funzione, proporzioni e presenza estetica. Il corpo in alluminio conferisce all’applique un segno architettonico netto, adatto a installazioni coordinate e a pareti dal linguaggio contemporaneo. La scelta della versione è un passaggio importante in un e-commerce di illuminazione, perché consente di coordinare lampada, parete e atmosfera luminosa. La collezione comprende 10 configurazioni selezionabili: nelle finiture bianco e nero; nelle dimensioni L 110 × H 9 × P 3,5 cm, L 30 × H 9 × P 3,5 cm, L 41 × H 9 × P 3,5 cm, L 61 × H 9 × P 3,5 cm e L 83 × H 9 × P 3,5 cm. Le potenze previste sono G9 max3 x 4W, G9 max4 x 4W, G9 max5 x 4W, G9 max6 x 4W e G9 max8 x 4W, con attacco G9. In dettaglio: L 30 × H 9 × P 3,5 cm con G9 max3 x 4W; L 41 × H 9 × P 3,5 cm con G9 max4 x 4W; L 61 × H 9 × P 3,5 cm con G9 max5 x 4W; L 83 × H 9 × P 3,5 cm con G9 max6 x 4W; L 110 × H 9 × P 3,5 cm con G9 max8 x 4W. La lampada impiega sorgenti sostituibili con attacco G9; non è dichiarato un dimmer integrato; l’eventuale regolazione dipende dalla lampadina compatibile e dal comando dell’impianto. Le differenti finiture consentono di accordare l’applique a pareti chiare o scure, metalli presenti nell’arredo, infissi e complementi, mentre le eventuali variazioni di misura e potenza permettono di dimensionare la presenza luminosa in funzione della parete e del contesto. L’applique è adatta a ingressi, corridoi, scale, soggiorni, zona living, cucina, camera da letto e camerette, sia come punto luce di servizio sia come illuminazione d’accento lungo una parete. Nel mondo professionale può essere scelta per reception, uffici, studi, sale d’attesa, showroom, negozi, ristoranti e camere d’hotel, soprattutto quando si desidera una luce ordinata che non occupi superfici utili. In bagno o in prossimità di aree soggette a umidità, l’installazione va valutata in funzione della posizione prevista e delle indicazioni tecniche del prodotto. Nella progettazione della luce a parete, un apparecchio compatto permette di completare l’illuminazione generale e di evidenziare percorsi, quinte, nicchie, pareti attrezzate o elementi decorativi. Può essere installato da solo come accento oppure ripetuto in sequenza per ottenere uniformità visiva in corridoi, scale e spazi contract. La presenza di più opzioni di finitura o dimensione aiuta inoltre a mantenere lo stesso linguaggio luminoso in ambienti differenti dello stesso progetto. Per chi acquista online lampade da parete Ideal Lux, Delta ap3 rappresenta una proposta da valutare in base a dimensioni disponibili, finitura, sorgente luminosa e tipo di ambiente da illuminare. Le informazioni sulle configurazioni consentono di selezionare la variante più coerente con il progetto, evitando scelte generiche e costruendo un’illuminazione realmente coordinata. Prima della posa è opportuno verificare misure, collegamento elettrico, compatibilità della sorgente quando sostituibile e indicazioni di installazione riportate nella documentazione tecnica del prodotto.","Scopri Ideal Lux Delta ap3, applique da parete per interni con attacco G9. 10 versioni con bianco e nero, 5 misure. Ideale per living, corridoi e contract."
IL-CONFIG-354,"Ideal Lux Delta led ap è un’applique da parete per interni progettata per un’illuminazione verticale curata e coerente con lo stile dell’ambiente. La combinazione di alluminio, concreto, metallo e vetro unisce struttura e trasparenza: il vetro contribuisce a rendere l’emissione luminosa più curata e il punto luce più decorativo. La collezione comprende 25 configurazioni selezionabili: nelle finiture bianco, cemento e nero; nelle dimensioni L 110 × H 9 × P 3,5 cm, L 110 × H 9 × P 4,5 cm, L 30 × H 3,5 × P 9 cm, L 30 × H 9 × P 4,5 cm, L 41 × H 3,5 × P 9 cm, L 41 × H 9 × P 4,5 cm, L 61 × H 9 × P 3,5 cm, L 61 × H 9 × P 4,5 cm, L 83 × H 9 × P 3,5 cm e L 83 × H 9 × P 4,5 cm; con temperatura colore 3000K e 4000K. Le potenze previste sono 10W, 14W, 19,5W, 30W e 37W, con sorgente LED. In dettaglio: L 30 × H 3,5 × P 9 cm con 10W; L 30 × H 9 × P 4,5 cm con 10W; L 41 × H 3,5 × P 9 cm con 14W; L 41 × H 9 × P 4,5 cm con 14W; L 61 × H 9 × P 3,5 cm con 19,5W; L 61 × H 9 × P 4,5 cm con 19,5W; L 83 × H 9 × P 3,5 cm con 30W; L 83 × H 9 × P 4,5 cm con 30W; L 110 × H 9 × P 3,5 cm con 37W; L 110 × H 9 × P 4,5 cm con 37W. La dotazione luminosa utilizza sorgente LED integrata e inclusa; la funzione dimmer non è indicata nelle configurazioni standard disponibili. È indicata per living, corridoi, scale, camere, reception, uffici, showroom e locali commerciali in cerca di una luce a parete ordinata.","Ideal Lux Delta led ap è una lampada da parete per interni concepita per dare qualità all’illuminazione verticale e valorizzare la superficie su cui viene installata. La combinazione di alluminio, concreto, metallo e vetro unisce struttura e trasparenza: il vetro contribuisce a rendere l’emissione luminosa più curata e il punto luce più decorativo. La scelta della versione è un passaggio importante in un e-commerce di illuminazione, perché consente di coordinare lampada, parete e atmosfera luminosa. La collezione comprende 25 configurazioni selezionabili: nelle finiture bianco, cemento e nero; nelle dimensioni L 110 × H 9 × P 3,5 cm, L 110 × H 9 × P 4,5 cm, L 30 × H 3,5 × P 9 cm, L 30 × H 9 × P 4,5 cm, L 41 × H 3,5 × P 9 cm, L 41 × H 9 × P 4,5 cm, L 61 × H 9 × P 3,5 cm, L 61 × H 9 × P 4,5 cm, L 83 × H 9 × P 3,5 cm e L 83 × H 9 × P 4,5 cm; con temperatura colore 3000K e 4000K. Le potenze previste sono 10W, 14W, 19,5W, 30W e 37W, con sorgente LED. In dettaglio: L 30 × H 3,5 × P 9 cm con 10W; L 30 × H 9 × P 4,5 cm con 10W; L 41 × H 3,5 × P 9 cm con 14W; L 41 × H 9 × P 4,5 cm con 14W; L 61 × H 9 × P 3,5 cm con 19,5W; L 61 × H 9 × P 4,5 cm con 19,5W; L 83 × H 9 × P 3,5 cm con 30W; L 83 × H 9 × P 4,5 cm con 30W; L 110 × H 9 × P 3,5 cm con 37W; L 110 × H 9 × P 4,5 cm con 37W. La lampada impiega sorgente LED integrata e inclusa; la funzione dimmer non è indicata nelle configurazioni standard disponibili. Le differenti finiture consentono di accordare l’applique a pareti chiare o scure, metalli presenti nell’arredo, infissi e complementi, mentre le eventuali variazioni di misura e potenza permettono di dimensionare la presenza luminosa in funzione della parete e del contesto. L’applique è adatta a ingressi, corridoi, scale, soggiorni, zona living, cucina, camera da letto e camerette, sia come punto luce di servizio sia come illuminazione d’accento lungo una parete. Nel mondo professionale può essere scelta per reception, uffici, studi, sale d’attesa, showroom, negozi, ristoranti e camere d’hotel, soprattutto quando si desidera una luce ordinata che non occupi superfici utili. In bagno o in prossimità di aree soggette a umidità, l’installazione va valutata in funzione della posizione prevista e delle indicazioni tecniche del prodotto. Nella progettazione della luce a parete, un apparecchio compatto permette di completare l’illuminazione generale e di evidenziare percorsi, quinte, nicchie, pareti attrezzate o elementi decorativi. Può essere installato da solo come accento oppure ripetuto in sequenza per ottenere uniformità visiva in corridoi, scale e spazi contract. La presenza di più opzioni di finitura o dimensione aiuta inoltre a mantenere lo stesso linguaggio luminoso in ambienti differenti dello stesso progetto. Per chi acquista online lampade da parete Ideal Lux, Delta led ap rappresenta una proposta da valutare in base a dimensioni disponibili, finitura, sorgente luminosa e tipo di ambiente da illuminare. Le informazioni sulle configurazioni consentono di selezionare la variante più coerente con il progetto, evitando scelte generiche e costruendo un’illuminazione realmente coordinata. Prima della posa è opportuno verificare misure, collegamento elettrico, compatibilità della sorgente quando sostituibile e indicazioni di installazione riportate nella documentazione tecnica del prodotto.","Ideal Lux Delta led ap: applique da parete per interni con LED integrato, bianco, cemento e nero e 10 misure. Ideale per living, corridoi e contract. Luce."
IL-CONFIG-355,"L’applique Ideal Lux Desk ap2 è una lampada da parete per interni pensata per integrare luce e arredo su superfici verticali. La struttura in metallo dona consistenza al punto luce e consente di inserire la lampada con equilibrio in ambienti residenziali o professionali. La collezione comprende 2 configurazioni selezionabili: nelle finiture bianco e nero; nelle dimensioni L 28,5 × H 8 × P 5 cm. Le potenze previste sono LED 12,5W, con sorgente LED. La dotazione luminosa utilizza sorgente LED integrata e inclusa; la funzione dimmer non è indicata nelle configurazioni standard disponibili. È indicata per living, corridoi, scale, camere, reception, uffici, showroom e locali commerciali in cerca di una luce a parete ordinata. La descrizione della collezione evidenzia inoltre: Corpo luce in alluminio verniciato a polveri con finitura bianca o nera. Diffusori in acrilico satinato. Emissione luce sopra e sotto.","Con Ideal Lux Desk ap2, l’applique da parete per interni diventa uno strumento progettuale: illumina, ordina lo spazio e completa la composizione d’arredo. La struttura in metallo dona consistenza al punto luce e consente di inserire la lampada con equilibrio in ambienti residenziali o professionali. La scheda originale della collezione specifica: Corpo luce in alluminio verniciato a polveri con finitura bianca o nera. Diffusori in acrilico satinato. Emissione luce sopra e sotto. La scelta della versione è un passaggio importante in un e-commerce di illuminazione, perché consente di coordinare lampada, parete e atmosfera luminosa. La collezione comprende 2 configurazioni selezionabili: nelle finiture bianco e nero; nelle dimensioni L 28,5 × H 8 × P 5 cm. Le potenze previste sono LED 12,5W, con sorgente LED. La lampada impiega sorgente LED integrata e inclusa; la funzione dimmer non è indicata nelle configurazioni standard disponibili. Le differenti finiture consentono di accordare l’applique a pareti chiare o scure, metalli presenti nell’arredo, infissi e complementi, mentre le eventuali variazioni di misura e potenza permettono di dimensionare la presenza luminosa in funzione della parete e del contesto. L’applique è adatta a ingressi, corridoi, scale, soggiorni, zona living, cucina, camera da letto e camerette, sia come punto luce di servizio sia come illuminazione d’accento lungo una parete. Nel mondo professionale può essere scelta per reception, uffici, studi, sale d’attesa, showroom, negozi, ristoranti e camere d’hotel, soprattutto quando si desidera una luce ordinata che non occupi superfici utili. In bagno o in prossimità di aree soggette a umidità, l’installazione va valutata in funzione della posizione prevista e delle indicazioni tecniche del prodotto. Nella progettazione della luce a parete, un apparecchio compatto permette di completare l’illuminazione generale e di evidenziare percorsi, quinte, nicchie, pareti attrezzate o elementi decorativi. Può essere installato da solo come accento oppure ripetuto in sequenza per ottenere uniformità visiva in corridoi, scale e spazi contract. La presenza di più opzioni di finitura o dimensione aiuta inoltre a mantenere lo stesso linguaggio luminoso in ambienti differenti dello stesso progetto. Per chi acquista online lampade da parete Ideal Lux, Desk ap2 rappresenta una proposta da valutare in base a dimensioni disponibili, finitura, sorgente luminosa e tipo di ambiente da illuminare. Le informazioni sulle configurazioni consentono di selezionare la variante più coerente con il progetto, evitando scelte generiche e costruendo un’illuminazione realmente coordinata. Prima della posa è opportuno verificare misure, collegamento elettrico, compatibilità della sorgente quando sostituibile e indicazioni di installazione riportate nella documentazione tecnica del prodotto.","Ideal Lux Desk ap2: lampada da parete per interni con LED integrato. 2 versioni con bianco e nero, formato compatto. Ideale per living, corridoi e contract."
IL-CONFIG-356,"Ideal Lux Dodo ap1 propone una soluzione a parete per interni che permette di definire il punto luce senza ingombrare piani o percorsi. Il corpo in alluminio e metallo conferisce all’applique un segno architettonico netto, adatto a installazioni coordinate e a pareti dal linguaggio contemporaneo. La collezione comprende 6 configurazioni selezionabili: nelle finiture bianco, nero e ottone; nelle dimensioni L 22 × H 11,5 × P 8,5 cm e L 8,5 × H 12 × P 8,5 cm. Le potenze previste sono GX53 max 1 x 15W e GX53 max 2 x 15W, con attacco GX53. In dettaglio: L 8,5 × H 12 × P 8,5 cm con GX53 max 1 x 15W; L 22 × H 11,5 × P 8,5 cm con GX53 max 2 x 15W. La dotazione luminosa utilizza sorgenti sostituibili con attacco GX53; non è dichiarato un dimmer integrato; l’eventuale regolazione dipende dalla lampadina compatibile e dal comando dell’impianto. Si inserisce con carattere in living, sale da pranzo, ingressi, ristoranti, enoteche e boutique hotel, soprattutto accanto a superfici materiche e arredi caldi.","Ideal Lux Dodo ap1 interpreta la lampada da parete per interni come un elemento luminoso capace di unire funzione, proporzioni e presenza estetica. Il corpo in alluminio e metallo conferisce all’applique un segno architettonico netto, adatto a installazioni coordinate e a pareti dal linguaggio contemporaneo. La scelta della versione è un passaggio importante in un e-commerce di illuminazione, perché consente di coordinare lampada, parete e atmosfera luminosa. La collezione comprende 6 configurazioni selezionabili: nelle finiture bianco, nero e ottone; nelle dimensioni L 22 × H 11,5 × P 8,5 cm e L 8,5 × H 12 × P 8,5 cm. Le potenze previste sono GX53 max 1 x 15W e GX53 max 2 x 15W, con attacco GX53. In dettaglio: L 8,5 × H 12 × P 8,5 cm con GX53 max 1 x 15W; L 22 × H 11,5 × P 8,5 cm con GX53 max 2 x 15W. La lampada impiega sorgenti sostituibili con attacco GX53; non è dichiarato un dimmer integrato; l’eventuale regolazione dipende dalla lampadina compatibile e dal comando dell’impianto. Le differenti finiture consentono di accordare l’applique a pareti chiare o scure, metalli presenti nell’arredo, infissi e complementi, mentre le eventuali variazioni di misura e potenza permettono di dimensionare la presenza luminosa in funzione della parete e del contesto. Il carattere della lampada la rende adatta a soggiorni, sale da pranzo, cucine con materiali naturali, ingressi e corridoi nei quali la parete diventa parte dell’arredo. Trova una collocazione efficace anche in ristoranti, enoteche, bistrot, agriturismi, wine bar, boutique hotel e locali commerciali che desiderano un’illuminazione d’atmosfera coerente con legno, mattoni, metalli e texture materiche. In una composizione ripetuta lungo una parete o un passaggio può costruire un ritmo luminoso distintivo senza occupare spazio a pavimento. Una lampada a parete dal carattere materico permette di lavorare con contrasti e abbinamenti: pareti in mattoni, boiserie, legno, pietra, metalli bruniti o tessuti naturali. La luce può accompagnare tavoli, banconi, nicchie, passaggi e zone degustazione, dando continuità al concept di un locale oppure più calore a una casa. La posa in più punti consente inoltre di creare una sequenza luminosa coerente lungo una parete o un corridoio. Per chi acquista online lampade da parete Ideal Lux, Dodo ap1 rappresenta una proposta da valutare in base a dimensioni disponibili, finitura, sorgente luminosa e tipo di ambiente da illuminare. Le informazioni sulle configurazioni consentono di selezionare la variante più coerente con il progetto, evitando scelte generiche e costruendo un’illuminazione realmente coordinata. Prima della posa è opportuno verificare misure, collegamento elettrico, compatibilità della sorgente quando sostituibile e indicazioni di installazione riportate nella documentazione tecnica del prodotto.","Ideal Lux Dodo ap1: lampada da parete per interni con attacco GX53. 6 versioni con bianco, nero e ottone, 2 misure. Ideale per living, locali e hospitality."
IL-CONFIG-357,"Ideal Lux Dorica ap1 è un’applique da parete per interni progettata per un’illuminazione verticale curata e coerente con lo stile dell’ambiente. Il corpo in alluminio e metallo conferisce all’applique un segno architettonico netto, adatto a installazioni coordinate e a pareti dal linguaggio contemporaneo. La collezione comprende 9 configurazioni selezionabili: nelle finiture acciaio, arancione, bianco, blu, bronzo, grigio, nero, ottone e rame; nelle dimensioni L 4,5 × H 30 × P 7 cm. Le potenze previste sono LED 8,5W, con sorgente LED. La dotazione luminosa utilizza sorgente LED integrata e inclusa; la funzione dimmer non è indicata nelle configurazioni standard disponibili. È pensata per living, saloni, ingressi, camere, ristoranti, hall e showroom in cui la lampada contribuisce anche alla decorazione della parete.","Ideal Lux Dorica ap1 è una lampada da parete per interni concepita per dare qualità all’illuminazione verticale e valorizzare la superficie su cui viene installata. Il corpo in alluminio e metallo conferisce all’applique un segno architettonico netto, adatto a installazioni coordinate e a pareti dal linguaggio contemporaneo. La scelta della versione è un passaggio importante in un e-commerce di illuminazione, perché consente di coordinare lampada, parete e atmosfera luminosa. La collezione comprende 9 configurazioni selezionabili: nelle finiture acciaio, arancione, bianco, blu, bronzo, grigio, nero, ottone e rame; nelle dimensioni L 4,5 × H 30 × P 7 cm. Le potenze previste sono LED 8,5W, con sorgente LED. La lampada impiega sorgente LED integrata e inclusa; la funzione dimmer non è indicata nelle configurazioni standard disponibili. Le differenti finiture consentono di accordare l’applique a pareti chiare o scure, metalli presenti nell’arredo, infissi e complementi, mentre le eventuali variazioni di misura e potenza permettono di dimensionare la presenza luminosa in funzione della parete e del contesto. Pensata per arredare oltre che illuminare, questa applique può valorizzare soggiorno, salone, sala da pranzo, ingresso, vano scala, camera da letto e pareti di rappresentanza della zona living. È indicata anche per hall, reception, ristoranti, boutique, showroom e camere di hotel, dove un dettaglio decorativo a parete contribuisce all’identità dell’ambiente. Installata singolarmente crea un accento visivo; disposta in coppia o in sequenza può incorniciare specchi, consolle, quadri o elementi architettonici, con un risultato più scenografico. La luce decorativa a parete è utile quando l’ambiente richiede profondità visiva e un dettaglio capace di farsi ricordare. In un salone o in una hall, la lampada può essere abbinata a sospensioni e piantane della stessa atmosfera; in un ristorante o showroom può scandire la parete e rafforzare la percezione del progetto. Finiture e materiali diventano così parte della narrazione d’arredo, dal contesto più elegante a quello contemporaneo e ricercato. Per chi acquista online lampade da parete Ideal Lux, Dorica ap1 rappresenta una proposta da valutare in base a dimensioni disponibili, finitura, sorgente luminosa e tipo di ambiente da illuminare. Le informazioni sulle configurazioni consentono di selezionare la variante più coerente con il progetto, evitando scelte generiche e costruendo un’illuminazione realmente coordinata. Prima della posa è opportuno verificare misure, collegamento elettrico, compatibilità della sorgente quando sostituibile e indicazioni di installazione riportate nella documentazione tecnica del prodotto.","Ideal Lux Dorica ap1: lampada da parete per interni con LED integrato. 9 versioni con 9 finiture, formato compatto. Perfetta per living, hall e ristoranti."
IL-CONFIG-358,"L’applique Ideal Lux Down ap1 è una lampada da parete per esterni pensata per integrare luce e arredo su superfici verticali. Il corpo in alluminio e metallo conferisce all’applique un segno architettonico netto, adatto a installazioni coordinate e a pareti dal linguaggio contemporaneo. La collezione comprende 2 configurazioni selezionabili: nelle finiture antracite e bianco; nelle dimensioni L 8,5 × H 8,5 × P 5 cm. Le potenze previste sono G9 max 1 x 28W, con attacco G9. La dotazione luminosa utilizza sorgenti sostituibili con attacco G9; non è dichiarato un dimmer integrato; l’eventuale regolazione dipende dalla lampadina compatibile e dal comando dell’impianto. È una scelta indicata per facciate, ingressi, balconi, terrazze, portici, percorsi esterni, dehors e pareti in giardino, nel rispetto delle condizioni di installazione previste. La descrizione della collezione evidenzia inoltre: Montatura in alluminio pressofuso verniciato a polveri con finitura antracite o bianca. Diffusore in acrilico.","Con Ideal Lux Down ap1, l’applique da parete per esterni diventa uno strumento progettuale: illumina, ordina lo spazio e completa la composizione d’arredo. Il corpo in alluminio e metallo conferisce all’applique un segno architettonico netto, adatto a installazioni coordinate e a pareti dal linguaggio contemporaneo. La scheda originale della collezione specifica: Montatura in alluminio pressofuso verniciato a polveri con finitura antracite o bianca. Diffusore in acrilico. La scelta della versione è un passaggio importante in un e-commerce di illuminazione, perché consente di coordinare lampada, parete e atmosfera luminosa. La collezione comprende 2 configurazioni selezionabili: nelle finiture antracite e bianco; nelle dimensioni L 8,5 × H 8,5 × P 5 cm. Le potenze previste sono G9 max 1 x 28W, con attacco G9. La lampada impiega sorgenti sostituibili con attacco G9; non è dichiarato un dimmer integrato; l’eventuale regolazione dipende dalla lampadina compatibile e dal comando dell’impianto. Le differenti finiture consentono di accordare l’applique a pareti chiare o scure, metalli presenti nell’arredo, infissi e complementi, mentre le eventuali variazioni di misura e potenza permettono di dimensionare la presenza luminosa in funzione della parete e del contesto. Come applique da parete per esterni è indicata per illuminare ingressi, facciate, balconi, terrazze coperte o scoperte in base alla corretta installazione, portici, pergolati e dehors di ristoranti, bar o strutture ricettive. Può accompagnare vialetti, camminamenti, accessi carrabili, muri perimetrali, zone di passaggio in giardino e aree parcheggio, creando riferimenti luminosi lungo il percorso e rendendo più accogliente l’arrivo serale. Nei progetti outdoor vicino a piscine o in aree particolarmente esposte, collocazione, collegamento e manutenzione vanno sempre valutati secondo la scheda tecnica e le norme applicabili. In un progetto di illuminazione esterna a parete, la posizione dell’apparecchio incide sia sulla resa estetica sia sulla fruibilità degli spazi: vicino alla porta rende riconoscibile l’accesso, lungo un passaggio aiuta a leggere il percorso, su una facciata disegna un ritmo luminoso coerente. Una serie di applique coordinate può collegare ingresso, terrazza e giardino, mentre una singola installazione può sottolineare un numero civico, una nicchia o un’area conversazione outdoor. La scelta della temperatura colore, quando disponibile, permette di privilegiare un’atmosfera più accogliente oppure una percezione più nitida dei dettagli. Per chi acquista online lampade da parete Ideal Lux, Down ap1 rappresenta una proposta da valutare in base a dimensioni disponibili, finitura, sorgente luminosa e tipo di ambiente da illuminare. Le informazioni sulle configurazioni consentono di selezionare la variante più coerente con il progetto, evitando scelte generiche e costruendo un’illuminazione realmente coordinata. Prima della posa è opportuno verificare misure, collegamento elettrico, compatibilità della sorgente quando sostituibile e indicazioni di installazione riportate nella documentazione tecnica del prodotto.","Ideal Lux Down ap1: lampada da parete per esterni con attacco G9. 2 versioni con antracite e bianco, formato compatto. Ideale per ingressi, terrazze e giardini."
IL-CONFIG-359,"Ideal Lux Dubai ap2 propone una soluzione a parete per interni che permette di definire il punto luce senza ingombrare piani o percorsi. La composizione in cristallo, metallo e vetro valorizza riflessi e trasparenze, trasformando il punto luce in un elemento scenografico capace di impreziosire la parete. La collezione comprende 2 configurazioni selezionabili: nelle finiture cromo e ottone; nelle dimensioni L 25 × H 23 × P 15 cm. Le potenze previste sono E14 max 2 x 28W, con attacco E14. La dotazione luminosa utilizza sorgenti sostituibili con attacco E14; non è dichiarato un dimmer integrato; l’eventuale regolazione dipende dalla lampadina compatibile e dal comando dell’impianto. È pensata per living, saloni, ingressi, camere, ristoranti, hall e showroom in cui la lampada contribuisce anche alla decorazione della parete. La descrizione della collezione evidenzia inoltre: Montatura in metallo con finitura cromo o ottone. Elementi decorativi con perle, ottagoni e prismi in cristallo molato trasparente.","Ideal Lux Dubai ap2 interpreta la lampada da parete per interni come un elemento luminoso capace di unire funzione, proporzioni e presenza estetica. La composizione in cristallo, metallo e vetro valorizza riflessi e trasparenze, trasformando il punto luce in un elemento scenografico capace di impreziosire la parete. La scheda originale della collezione specifica: Montatura in metallo con finitura cromo o ottone. Elementi decorativi con perle, ottagoni e prismi in cristallo molato trasparente. La scelta della versione è un passaggio importante in un e-commerce di illuminazione, perché consente di coordinare lampada, parete e atmosfera luminosa. La collezione comprende 2 configurazioni selezionabili: nelle finiture cromo e ottone; nelle dimensioni L 25 × H 23 × P 15 cm. Le potenze previste sono E14 max 2 x 28W, con attacco E14. La lampada impiega sorgenti sostituibili con attacco E14; non è dichiarato un dimmer integrato; l’eventuale regolazione dipende dalla lampadina compatibile e dal comando dell’impianto. Le differenti finiture consentono di accordare l’applique a pareti chiare o scure, metalli presenti nell’arredo, infissi e complementi, mentre le eventuali variazioni di misura e potenza permettono di dimensionare la presenza luminosa in funzione della parete e del contesto. Pensata per arredare oltre che illuminare, questa applique può valorizzare soggiorno, salone, sala da pranzo, ingresso, vano scala, camera da letto e pareti di rappresentanza della zona living. È indicata anche per hall, reception, ristoranti, boutique, showroom e camere di hotel, dove un dettaglio decorativo a parete contribuisce all’identità dell’ambiente. Installata singolarmente crea un accento visivo; disposta in coppia o in sequenza può incorniciare specchi, consolle, quadri o elementi architettonici, con un risultato più scenografico. La luce decorativa a parete è utile quando l’ambiente richiede profondità visiva e un dettaglio capace di farsi ricordare. In un salone o in una hall, la lampada può essere abbinata a sospensioni e piantane della stessa atmosfera; in un ristorante o showroom può scandire la parete e rafforzare la percezione del progetto. Finiture e materiali diventano così parte della narrazione d’arredo, dal contesto più elegante a quello contemporaneo e ricercato. Per chi acquista online lampade da parete Ideal Lux, Dubai ap2 rappresenta una proposta da valutare in base a dimensioni disponibili, finitura, sorgente luminosa e tipo di ambiente da illuminare. Le informazioni sulle configurazioni consentono di selezionare la variante più coerente con il progetto, evitando scelte generiche e costruendo un’illuminazione realmente coordinata. Prima della posa è opportuno verificare misure, collegamento elettrico, compatibilità della sorgente quando sostituibile e indicazioni di installazione riportate nella documentazione tecnica del prodotto.","Ideal Lux Dubai ap2: lampada da parete per interni con attacco E14. 2 versioni con cromo e ottone, formato compatto. Ideale per living, hall e ristoranti."
IL-CONFIG-360,"Ideal Lux Dynamite ap2 round è un’applique da parete per interni progettata per un’illuminazione verticale curata e coerente con lo stile dell’ambiente. Il corpo in alluminio e metallo conferisce all’applique un segno architettonico netto, adatto a installazioni coordinate e a pareti dal linguaggio contemporaneo. La collezione comprende 3 configurazioni selezionabili: nelle finiture bianco, nero e ottone; nelle dimensioni L 16,5 × H 5,7 × P 14,1 cm. Le potenze previste sono GU10 max2 x 28W, con attacco GU10. La dotazione luminosa utilizza sorgenti sostituibili con attacco GU10; non è dichiarato un dimmer integrato; l’eventuale regolazione dipende dalla lampadina compatibile e dal comando dell’impianto. È indicata per living, corridoi, scale, camere, reception, uffici, showroom e locali commerciali in cerca di una luce a parete ordinata.","Ideal Lux Dynamite ap2 round è una lampada da parete per interni concepita per dare qualità all’illuminazione verticale e valorizzare la superficie su cui viene installata. Il corpo in alluminio e metallo conferisce all’applique un segno architettonico netto, adatto a installazioni coordinate e a pareti dal linguaggio contemporaneo. La scelta della versione è un passaggio importante in un e-commerce di illuminazione, perché consente di coordinare lampada, parete e atmosfera luminosa. La collezione comprende 3 configurazioni selezionabili: nelle finiture bianco, nero e ottone; nelle dimensioni L 16,5 × H 5,7 × P 14,1 cm. Le potenze previste sono GU10 max2 x 28W, con attacco GU10. La lampada impiega sorgenti sostituibili con attacco GU10; non è dichiarato un dimmer integrato; l’eventuale regolazione dipende dalla lampadina compatibile e dal comando dell’impianto. Le differenti finiture consentono di accordare l’applique a pareti chiare o scure, metalli presenti nell’arredo, infissi e complementi, mentre le eventuali variazioni di misura e potenza permettono di dimensionare la presenza luminosa in funzione della parete e del contesto. L’applique è adatta a ingressi, corridoi, scale, soggiorni, zona living, cucina, camera da letto e camerette, sia come punto luce di servizio sia come illuminazione d’accento lungo una parete. Nel mondo professionale può essere scelta per reception, uffici, studi, sale d’attesa, showroom, negozi, ristoranti e camere d’hotel, soprattutto quando si desidera una luce ordinata che non occupi superfici utili. In bagno o in prossimità di aree soggette a umidità, l’installazione va valutata in funzione della posizione prevista e delle indicazioni tecniche del prodotto. Nella progettazione della luce a parete, un apparecchio compatto permette di completare l’illuminazione generale e di evidenziare percorsi, quinte, nicchie, pareti attrezzate o elementi decorativi. Può essere installato da solo come accento oppure ripetuto in sequenza per ottenere uniformità visiva in corridoi, scale e spazi contract. La presenza di più opzioni di finitura o dimensione aiuta inoltre a mantenere lo stesso linguaggio luminoso in ambienti differenti dello stesso progetto. Per chi acquista online lampade da parete Ideal Lux, Dynamite ap2 round rappresenta una proposta da valutare in base a dimensioni disponibili, finitura, sorgente luminosa e tipo di ambiente da illuminare. Le informazioni sulle configurazioni consentono di selezionare la variante più coerente con il progetto, evitando scelte generiche e costruendo un’illuminazione realmente coordinata. Prima della posa è opportuno verificare misure, collegamento elettrico, compatibilità della sorgente quando sostituibile e indicazioni di installazione riportate nella documentazione tecnica del prodotto.","Ideal Lux Dynamite ap2 round: applique da parete per interni con attacco GU10, bianco, nero e ottone e formato compatto. Ideale per living, corridoi e contract."
IL-CONFIG-361,"L’applique Ideal Lux Dynamite ap1 square è una lampada da parete per interni pensata per integrare luce e arredo su superfici verticali. Il corpo in alluminio e metallo conferisce all’applique un segno architettonico netto, adatto a installazioni coordinate e a pareti dal linguaggio contemporaneo. La collezione comprende 6 configurazioni selezionabili: nelle finiture bianco, nero e ottone; nelle dimensioni L 16,5 × H 5,7 × P 14,1 cm e L 5,7 × H 5,7 × P 14,1 cm. Le potenze previste sono GU10 max 1 x 28W e GU10 max2 x 28W, con attacco GU10. In dettaglio: L 5,7 × H 5,7 × P 14,1 cm con GU10 max 1 x 28W; L 16,5 × H 5,7 × P 14,1 cm con GU10 max2 x 28W. La dotazione luminosa utilizza sorgenti sostituibili con attacco GU10; non è dichiarato un dimmer integrato; l’eventuale regolazione dipende dalla lampadina compatibile e dal comando dell’impianto. È indicata per living, corridoi, scale, camere, reception, uffici, showroom e locali commerciali in cerca di una luce a parete ordinata.","Con Ideal Lux Dynamite ap1 square, l’applique da parete per interni diventa uno strumento progettuale: illumina, ordina lo spazio e completa la composizione d’arredo. Il corpo in alluminio e metallo conferisce all’applique un segno architettonico netto, adatto a installazioni coordinate e a pareti dal linguaggio contemporaneo. La scelta della versione è un passaggio importante in un e-commerce di illuminazione, perché consente di coordinare lampada, parete e atmosfera luminosa. La collezione comprende 6 configurazioni selezionabili: nelle finiture bianco, nero e ottone; nelle dimensioni L 16,5 × H 5,7 × P 14,1 cm e L 5,7 × H 5,7 × P 14,1 cm. Le potenze previste sono GU10 max 1 x 28W e GU10 max2 x 28W, con attacco GU10. In dettaglio: L 5,7 × H 5,7 × P 14,1 cm con GU10 max 1 x 28W; L 16,5 × H 5,7 × P 14,1 cm con GU10 max2 x 28W. La lampada impiega sorgenti sostituibili con attacco GU10; non è dichiarato un dimmer integrato; l’eventuale regolazione dipende dalla lampadina compatibile e dal comando dell’impianto. Le differenti finiture consentono di accordare l’applique a pareti chiare o scure, metalli presenti nell’arredo, infissi e complementi, mentre le eventuali variazioni di misura e potenza permettono di dimensionare la presenza luminosa in funzione della parete e del contesto. L’applique è adatta a ingressi, corridoi, scale, soggiorni, zona living, cucina, camera da letto e camerette, sia come punto luce di servizio sia come illuminazione d’accento lungo una parete. Nel mondo professionale può essere scelta per reception, uffici, studi, sale d’attesa, showroom, negozi, ristoranti e camere d’hotel, soprattutto quando si desidera una luce ordinata che non occupi superfici utili. In bagno o in prossimità di aree soggette a umidità, l’installazione va valutata in funzione della posizione prevista e delle indicazioni tecniche del prodotto. Nella progettazione della luce a parete, un apparecchio compatto permette di completare l’illuminazione generale e di evidenziare percorsi, quinte, nicchie, pareti attrezzate o elementi decorativi. Può essere installato da solo come accento oppure ripetuto in sequenza per ottenere uniformità visiva in corridoi, scale e spazi contract. La presenza di più opzioni di finitura o dimensione aiuta inoltre a mantenere lo stesso linguaggio luminoso in ambienti differenti dello stesso progetto. Per chi acquista online lampade da parete Ideal Lux, Dynamite ap1 square rappresenta una proposta da valutare in base a dimensioni disponibili, finitura, sorgente luminosa e tipo di ambiente da illuminare. Le informazioni sulle configurazioni consentono di selezionare la variante più coerente con il progetto, evitando scelte generiche e costruendo un’illuminazione realmente coordinata. Prima della posa è opportuno verificare misure, collegamento elettrico, compatibilità della sorgente quando sostituibile e indicazioni di installazione riportate nella documentazione tecnica del prodotto.","Ideal Lux Dynamite ap1 square: applique da parete per interni con attacco GU10, bianco, nero e ottone e 2 misure. Ideale per living, corridoi e contract."
IL-CONFIG-362,"Ideal Lux Dynamo ap propone una soluzione a parete per interni che permette di definire il punto luce senza ingombrare piani o percorsi. La struttura in metallo dona consistenza al punto luce e consente di inserire la lampada con equilibrio in ambienti residenziali o professionali. La collezione comprende 3 configurazioni selezionabili: nelle finiture brunito, cromo e nichel; nelle dimensioni L 11,5 × H 6,5 × P 32,5 cm. Le potenze previste sono LED 3,5W, con sorgente LED. La dotazione luminosa utilizza sorgente LED integrata e inclusa; la funzione dimmer non è indicata nelle configurazioni standard disponibili. È indicata per living, corridoi, scale, camere, reception, uffici, showroom e locali commerciali in cerca di una luce a parete ordinata. La descrizione della collezione evidenzia inoltre: Montatura e braccio flessibile in metallo con finitura disponibile in cromo, nickel e brunito. Diffusore orientabile a piacere. Dotato di interruttore sulla base.","Ideal Lux Dynamo ap interpreta la lampada da parete per interni come un elemento luminoso capace di unire funzione, proporzioni e presenza estetica. La struttura in metallo dona consistenza al punto luce e consente di inserire la lampada con equilibrio in ambienti residenziali o professionali. La scheda originale della collezione specifica: Montatura e braccio flessibile in metallo con finitura disponibile in cromo, nickel e brunito. Diffusore orientabile a piacere. Dotato di interruttore sulla base. La scelta della versione è un passaggio importante in un e-commerce di illuminazione, perché consente di coordinare lampada, parete e atmosfera luminosa. La collezione comprende 3 configurazioni selezionabili: nelle finiture brunito, cromo e nichel; nelle dimensioni L 11,5 × H 6,5 × P 32,5 cm. Le potenze previste sono LED 3,5W, con sorgente LED. La lampada impiega sorgente LED integrata e inclusa; la funzione dimmer non è indicata nelle configurazioni standard disponibili. Le differenti finiture consentono di accordare l’applique a pareti chiare o scure, metalli presenti nell’arredo, infissi e complementi, mentre le eventuali variazioni di misura e potenza permettono di dimensionare la presenza luminosa in funzione della parete e del contesto. L’applique è adatta a ingressi, corridoi, scale, soggiorni, zona living, cucina, camera da letto e camerette, sia come punto luce di servizio sia come illuminazione d’accento lungo una parete. Nel mondo professionale può essere scelta per reception, uffici, studi, sale d’attesa, showroom, negozi, ristoranti e camere d’hotel, soprattutto quando si desidera una luce ordinata che non occupi superfici utili. In bagno o in prossimità di aree soggette a umidità, l’installazione va valutata in funzione della posizione prevista e delle indicazioni tecniche del prodotto. Nella progettazione della luce a parete, un apparecchio compatto permette di completare l’illuminazione generale e di evidenziare percorsi, quinte, nicchie, pareti attrezzate o elementi decorativi. Può essere installato da solo come accento oppure ripetuto in sequenza per ottenere uniformità visiva in corridoi, scale e spazi contract. La presenza di più opzioni di finitura o dimensione aiuta inoltre a mantenere lo stesso linguaggio luminoso in ambienti differenti dello stesso progetto. Per chi acquista online lampade da parete Ideal Lux, Dynamo ap rappresenta una proposta da valutare in base a dimensioni disponibili, finitura, sorgente luminosa e tipo di ambiente da illuminare. Le informazioni sulle configurazioni consentono di selezionare la variante più coerente con il progetto, evitando scelte generiche e costruendo un’illuminazione realmente coordinata. Prima della posa è opportuno verificare misure, collegamento elettrico, compatibilità della sorgente quando sostituibile e indicazioni di installazione riportate nella documentazione tecnica del prodotto.","Ideal Lux Dynamo ap: applique da parete per interni con LED integrato, brunito, cromo e nichel e formato compatto. Ideale per living, corridoi e contract."
IL-CONFIG-363,"Ideal Lux Echo ap è un’applique da parete per interni progettata per un’illuminazione verticale curata e coerente con lo stile dell’ambiente. La struttura in metallo dona consistenza al punto luce e consente di inserire la lampada con equilibrio in ambienti residenziali o professionali. La collezione comprende 4 configurazioni selezionabili: nelle finiture bianco, nero e ottone; nelle dimensioni L 40 × H 9 × P 5 cm e L 60 × H 9 × P 5 cm. Le potenze previste sono LED 20W e LED 30W, con sorgente LED. In dettaglio: L 40 × H 9 × P 5 cm con LED 20W; L 60 × H 9 × P 5 cm con LED 30W. La dotazione luminosa utilizza sorgente LED integrata e inclusa; la funzione dimmer non è indicata nelle configurazioni standard disponibili. È indicata per living, corridoi, scale, camere, reception, uffici, showroom e locali commerciali in cerca di una luce a parete ordinata.","Ideal Lux Echo ap è una lampada da parete per interni concepita per dare qualità all’illuminazione verticale e valorizzare la superficie su cui viene installata. La struttura in metallo dona consistenza al punto luce e consente di inserire la lampada con equilibrio in ambienti residenziali o professionali. La scelta della versione è un passaggio importante in un e-commerce di illuminazione, perché consente di coordinare lampada, parete e atmosfera luminosa. La collezione comprende 4 configurazioni selezionabili: nelle finiture bianco, nero e ottone; nelle dimensioni L 40 × H 9 × P 5 cm e L 60 × H 9 × P 5 cm. Le potenze previste sono LED 20W e LED 30W, con sorgente LED. In dettaglio: L 40 × H 9 × P 5 cm con LED 20W; L 60 × H 9 × P 5 cm con LED 30W. La lampada impiega sorgente LED integrata e inclusa; la funzione dimmer non è indicata nelle configurazioni standard disponibili. Le differenti finiture consentono di accordare l’applique a pareti chiare o scure, metalli presenti nell’arredo, infissi e complementi, mentre le eventuali variazioni di misura e potenza permettono di dimensionare la presenza luminosa in funzione della parete e del contesto. L’applique è adatta a ingressi, corridoi, scale, soggiorni, zona living, cucina, camera da letto e camerette, sia come punto luce di servizio sia come illuminazione d’accento lungo una parete. Nel mondo professionale può essere scelta per reception, uffici, studi, sale d’attesa, showroom, negozi, ristoranti e camere d’hotel, soprattutto quando si desidera una luce ordinata che non occupi superfici utili. In bagno o in prossimità di aree soggette a umidità, l’installazione va valutata in funzione della posizione prevista e delle indicazioni tecniche del prodotto. Nella progettazione della luce a parete, un apparecchio compatto permette di completare l’illuminazione generale e di evidenziare percorsi, quinte, nicchie, pareti attrezzate o elementi decorativi. Può essere installato da solo come accento oppure ripetuto in sequenza per ottenere uniformità visiva in corridoi, scale e spazi contract. La presenza di più opzioni di finitura o dimensione aiuta inoltre a mantenere lo stesso linguaggio luminoso in ambienti differenti dello stesso progetto. Per chi acquista online lampade da parete Ideal Lux, Echo ap rappresenta una proposta da valutare in base a dimensioni disponibili, finitura, sorgente luminosa e tipo di ambiente da illuminare. Le informazioni sulle configurazioni consentono di selezionare la variante più coerente con il progetto, evitando scelte generiche e costruendo un’illuminazione realmente coordinata. Prima della posa è opportuno verificare misure, collegamento elettrico, compatibilità della sorgente quando sostituibile e indicazioni di installazione riportate nella documentazione tecnica del prodotto.","Ideal Lux Echo ap: lampada da parete per interni con LED integrato. 4 versioni con bianco, nero e ottone, 2 misure. Ideale per living, corridoi e contract."
IL-CONFIG-364,"L’applique Ideal Lux Eclissi ap small è una lampada da parete per interni pensata per integrare luce e arredo su superfici verticali. La struttura in metallo dona consistenza al punto luce e consente di inserire la lampada con equilibrio in ambienti residenziali o professionali. La configurazione disponibile è unica: nelle finiture oro; nelle dimensioni Ø 30 × P 10 cm. Le potenze previste sono LED 11W, con sorgente LED. La dotazione luminosa utilizza sorgente LED integrata e inclusa; la funzione dimmer non è indicata nelle configurazioni standard disponibili. È indicata per living, corridoi, scale, camere, reception, uffici, showroom e locali commerciali in cerca di una luce a parete ordinata.","Con Ideal Lux Eclissi ap small, l’applique da parete per interni diventa uno strumento progettuale: illumina, ordina lo spazio e completa la composizione d’arredo. La struttura in metallo dona consistenza al punto luce e consente di inserire la lampada con equilibrio in ambienti residenziali o professionali. La scelta della versione è un passaggio importante in un e-commerce di illuminazione, perché consente di coordinare lampada, parete e atmosfera luminosa. La configurazione disponibile è unica: nelle finiture oro; nelle dimensioni Ø 30 × P 10 cm. Le potenze previste sono LED 11W, con sorgente LED. La lampada impiega sorgente LED integrata e inclusa; la funzione dimmer non è indicata nelle configurazioni standard disponibili. Le differenti finiture consentono di accordare l’applique a pareti chiare o scure, metalli presenti nell’arredo, infissi e complementi, mentre le eventuali variazioni di misura e potenza permettono di dimensionare la presenza luminosa in funzione della parete e del contesto. L’applique è adatta a ingressi, corridoi, scale, soggiorni, zona living, cucina, camera da letto e camerette, sia come punto luce di servizio sia come illuminazione d’accento lungo una parete. Nel mondo professionale può essere scelta per reception, uffici, studi, sale d’attesa, showroom, negozi, ristoranti e camere d’hotel, soprattutto quando si desidera una luce ordinata che non occupi superfici utili. In bagno o in prossimità di aree soggette a umidità, l’installazione va valutata in funzione della posizione prevista e delle indicazioni tecniche del prodotto. Nella progettazione della luce a parete, un apparecchio compatto permette di completare l’illuminazione generale e di evidenziare percorsi, quinte, nicchie, pareti attrezzate o elementi decorativi. Può essere installato da solo come accento oppure ripetuto in sequenza per ottenere uniformità visiva in corridoi, scale e spazi contract. La presenza di più opzioni di finitura o dimensione aiuta inoltre a mantenere lo stesso linguaggio luminoso in ambienti differenti dello stesso progetto. Per chi acquista online lampade da parete Ideal Lux, Eclissi ap small rappresenta una proposta da valutare in base a dimensioni disponibili, finitura, sorgente luminosa e tipo di ambiente da illuminare. Le informazioni sulle configurazioni consentono di selezionare la variante più coerente con il progetto, evitando scelte generiche e costruendo un’illuminazione realmente coordinata. Prima della posa è opportuno verificare misure, collegamento elettrico, compatibilità della sorgente quando sostituibile e indicazioni di installazione riportate nella documentazione tecnica del prodotto.","Ideal Lux Eclissi ap small: lampada da parete per interni con LED integrato. 1 versioni con oro, formato compatto. Ideale per living, corridoi e contract."
IL-CONFIG-365,"Ideal Lux Edison ap1 propone una soluzione a parete per interni che permette di definire il punto luce senza ingombrare piani o percorsi. I materiali indicati, metallo e tessuto, favoriscono una presenza calda e decorativa: la componente tessile ammorbidisce la percezione della luce e rende l’applique accogliente. La configurazione disponibile è unica: nelle finiture nero; nelle dimensioni L 12 × H 27 × P 25 cm. Le potenze previste sono E27 max 1 x 42W, con attacco E27. La dotazione luminosa utilizza sorgenti sostituibili con attacco E27; non è dichiarato un dimmer integrato; l’eventuale regolazione dipende dalla lampadina compatibile e dal comando dell’impianto. Si inserisce con carattere in living, sale da pranzo, ingressi, ristoranti, enoteche e boutique hotel, soprattutto accanto a superfici materiche e arredi caldi.","Ideal Lux Edison ap1 interpreta la lampada da parete per interni come un elemento luminoso capace di unire funzione, proporzioni e presenza estetica. I materiali indicati, metallo e tessuto, favoriscono una presenza calda e decorativa: la componente tessile ammorbidisce la percezione della luce e rende l’applique accogliente. La scelta della versione è un passaggio importante in un e-commerce di illuminazione, perché consente di coordinare lampada, parete e atmosfera luminosa. La configurazione disponibile è unica: nelle finiture nero; nelle dimensioni L 12 × H 27 × P 25 cm. Le potenze previste sono E27 max 1 x 42W, con attacco E27. La lampada impiega sorgenti sostituibili con attacco E27; non è dichiarato un dimmer integrato; l’eventuale regolazione dipende dalla lampadina compatibile e dal comando dell’impianto. Le differenti finiture consentono di accordare l’applique a pareti chiare o scure, metalli presenti nell’arredo, infissi e complementi, mentre le eventuali variazioni di misura e potenza permettono di dimensionare la presenza luminosa in funzione della parete e del contesto. Il carattere della lampada la rende adatta a soggiorni, sale da pranzo, cucine con materiali naturali, ingressi e corridoi nei quali la parete diventa parte dell’arredo. Trova una collocazione efficace anche in ristoranti, enoteche, bistrot, agriturismi, wine bar, boutique hotel e locali commerciali che desiderano un’illuminazione d’atmosfera coerente con legno, mattoni, metalli e texture materiche. In una composizione ripetuta lungo una parete o un passaggio può costruire un ritmo luminoso distintivo senza occupare spazio a pavimento. Una lampada a parete dal carattere materico permette di lavorare con contrasti e abbinamenti: pareti in mattoni, boiserie, legno, pietra, metalli bruniti o tessuti naturali. La luce può accompagnare tavoli, banconi, nicchie, passaggi e zone degustazione, dando continuità al concept di un locale oppure più calore a una casa. La posa in più punti consente inoltre di creare una sequenza luminosa coerente lungo una parete o un corridoio. Per chi acquista online lampade da parete Ideal Lux, Edison ap1 rappresenta una proposta da valutare in base a dimensioni disponibili, finitura, sorgente luminosa e tipo di ambiente da illuminare. Le informazioni sulle configurazioni consentono di selezionare la variante più coerente con il progetto, evitando scelte generiche e costruendo un’illuminazione realmente coordinata. Prima della posa è opportuno verificare misure, collegamento elettrico, compatibilità della sorgente quando sostituibile e indicazioni di installazione riportate nella documentazione tecnica del prodotto.","Scopri Ideal Lux Edison ap1, applique da parete per interni con attacco E27. 1 versioni con nero, formato compatto. Ideale per living, locali e hospitality."
IL-CONFIG-366,"Ideal Lux Elf ap è un’applique da parete per interni progettata per un’illuminazione verticale curata e coerente con lo stile dell’ambiente. Il corpo in alluminio e metallo conferisce all’applique un segno architettonico netto, adatto a installazioni coordinate e a pareti dal linguaggio contemporaneo. La collezione comprende 4 configurazioni selezionabili: nelle finiture bianco, bianco oro e nero; nelle dimensioni L 8,6 × H 8,6 × P 6,5 cm. Le potenze previste sono LED 3W, con sorgente LED. La dotazione luminosa utilizza sorgente LED integrata e inclusa; la versione è dimmerabile e consente di modulare l’intensità luminosa secondo le esigenze dell’ambiente. È indicata per living, corridoi, scale, camere, reception, uffici, showroom e locali commerciali in cerca di una luce a parete ordinata.","Ideal Lux Elf ap è una lampada da parete per interni concepita per dare qualità all’illuminazione verticale e valorizzare la superficie su cui viene installata. Il corpo in alluminio e metallo conferisce all’applique un segno architettonico netto, adatto a installazioni coordinate e a pareti dal linguaggio contemporaneo. La scelta della versione è un passaggio importante in un e-commerce di illuminazione, perché consente di coordinare lampada, parete e atmosfera luminosa. La collezione comprende 4 configurazioni selezionabili: nelle finiture bianco, bianco oro e nero; nelle dimensioni L 8,6 × H 8,6 × P 6,5 cm. Le potenze previste sono LED 3W, con sorgente LED. La lampada impiega sorgente LED integrata e inclusa; la versione è dimmerabile e consente di modulare l’intensità luminosa secondo le esigenze dell’ambiente. Le differenti finiture consentono di accordare l’applique a pareti chiare o scure, metalli presenti nell’arredo, infissi e complementi, mentre le eventuali variazioni di misura e potenza permettono di dimensionare la presenza luminosa in funzione della parete e del contesto. L’applique è adatta a ingressi, corridoi, scale, soggiorni, zona living, cucina, camera da letto e camerette, sia come punto luce di servizio sia come illuminazione d’accento lungo una parete. Nel mondo professionale può essere scelta per reception, uffici, studi, sale d’attesa, showroom, negozi, ristoranti e camere d’hotel, soprattutto quando si desidera una luce ordinata che non occupi superfici utili. In bagno o in prossimità di aree soggette a umidità, l’installazione va valutata in funzione della posizione prevista e delle indicazioni tecniche del prodotto. Nella progettazione della luce a parete, un apparecchio compatto permette di completare l’illuminazione generale e di evidenziare percorsi, quinte, nicchie, pareti attrezzate o elementi decorativi. Può essere installato da solo come accento oppure ripetuto in sequenza per ottenere uniformità visiva in corridoi, scale e spazi contract. La presenza di più opzioni di finitura o dimensione aiuta inoltre a mantenere lo stesso linguaggio luminoso in ambienti differenti dello stesso progetto. Per chi acquista online lampade da parete Ideal Lux, Elf ap rappresenta una proposta da valutare in base a dimensioni disponibili, finitura, sorgente luminosa e tipo di ambiente da illuminare. Le informazioni sulle configurazioni consentono di selezionare la variante più coerente con il progetto, evitando scelte generiche e costruendo un’illuminazione realmente coordinata. Prima della posa è opportuno verificare misure, collegamento elettrico, compatibilità della sorgente quando sostituibile e indicazioni di installazione riportate nella documentazione tecnica del prodotto.","Ideal Lux Elf ap: applique da parete per interni con LED integrato, bianco, bianco oro e nero e formato compatto. Ideale per living, corridoi e contract."
IL-CONFIG-367,"L’applique Ideal Lux Elio ap1 è una lampada da parete per esterni pensata per integrare luce e arredo su superfici verticali. La costruzione in plexiglas e resina è pensata per un profilo ordinato e una diffusione uniforme, adatta a progetti nei quali la luce deve accompagnare l’architettura senza appesantirla. La collezione comprende 2 configurazioni selezionabili: nelle finiture bianco e nero; nelle dimensioni L 12 × H 12,5 × P 12 cm. Le potenze previste sono GU10 max 1 x 6W, con attacco GU10. La dotazione luminosa utilizza sorgenti sostituibili con attacco GU10; non è dichiarato un dimmer integrato; l’eventuale regolazione dipende dalla lampadina compatibile e dal comando dell’impianto. È una scelta indicata per facciate, ingressi, balconi, terrazze, portici, percorsi esterni, dehors e pareti in giardino, nel rispetto delle condizioni di installazione previste.","Con Ideal Lux Elio ap1, l’applique da parete per esterni diventa uno strumento progettuale: illumina, ordina lo spazio e completa la composizione d’arredo. La costruzione in plexiglas e resina è pensata per un profilo ordinato e una diffusione uniforme, adatta a progetti nei quali la luce deve accompagnare l’architettura senza appesantirla. La scelta della versione è un passaggio importante in un e-commerce di illuminazione, perché consente di coordinare lampada, parete e atmosfera luminosa. La collezione comprende 2 configurazioni selezionabili: nelle finiture bianco e nero; nelle dimensioni L 12 × H 12,5 × P 12 cm. Le potenze previste sono GU10 max 1 x 6W, con attacco GU10. La lampada impiega sorgenti sostituibili con attacco GU10; non è dichiarato un dimmer integrato; l’eventuale regolazione dipende dalla lampadina compatibile e dal comando dell’impianto. Le differenti finiture consentono di accordare l’applique a pareti chiare o scure, metalli presenti nell’arredo, infissi e complementi, mentre le eventuali variazioni di misura e potenza permettono di dimensionare la presenza luminosa in funzione della parete e del contesto. Come applique da parete per esterni è indicata per illuminare ingressi, facciate, balconi, terrazze coperte o scoperte in base alla corretta installazione, portici, pergolati e dehors di ristoranti, bar o strutture ricettive. Può accompagnare vialetti, camminamenti, accessi carrabili, muri perimetrali, zone di passaggio in giardino e aree parcheggio, creando riferimenti luminosi lungo il percorso e rendendo più accogliente l’arrivo serale. Nei progetti outdoor vicino a piscine o in aree particolarmente esposte, collocazione, collegamento e manutenzione vanno sempre valutati secondo la scheda tecnica e le norme applicabili. In un progetto di illuminazione esterna a parete, la posizione dell’apparecchio incide sia sulla resa estetica sia sulla fruibilità degli spazi: vicino alla porta rende riconoscibile l’accesso, lungo un passaggio aiuta a leggere il percorso, su una facciata disegna un ritmo luminoso coerente. Una serie di applique coordinate può collegare ingresso, terrazza e giardino, mentre una singola installazione può sottolineare un numero civico, una nicchia o un’area conversazione outdoor. La scelta della temperatura colore, quando disponibile, permette di privilegiare un’atmosfera più accogliente oppure una percezione più nitida dei dettagli. Per chi acquista online lampade da parete Ideal Lux, Elio ap1 rappresenta una proposta da valutare in base a dimensioni disponibili, finitura, sorgente luminosa e tipo di ambiente da illuminare. Le informazioni sulle configurazioni consentono di selezionare la variante più coerente con il progetto, evitando scelte generiche e costruendo un’illuminazione realmente coordinata. Prima della posa è opportuno verificare misure, collegamento elettrico, compatibilità della sorgente quando sostituibile e indicazioni di installazione riportate nella documentazione tecnica del prodotto.","Ideal Lux Elio ap1: lampada da parete per esterni con attacco GU10. 2 versioni con bianco e nero, formato compatto. Ideale per ingressi, terrazze e giardini."
IL-CONFIG-368,"Ideal Lux Equinoxe ap1 sfumato propone una soluzione a parete per interni che permette di definire il punto luce senza ingombrare piani o percorsi. La combinazione di metallo e vetro unisce struttura e trasparenza: il vetro contribuisce a rendere l’emissione luminosa più curata e il punto luce più decorativo. La collezione comprende 4 configurazioni selezionabili: nelle finiture ambra, cromo, fumè e ottone; nelle dimensioni L 13 × H 45 × P 18 cm. Le potenze previste sono G4 max 1 x 2W, con attacco G4. La dotazione luminosa utilizza sorgenti sostituibili con attacco G4; non è dichiarato un dimmer integrato; l’eventuale regolazione dipende dalla lampadina compatibile e dal comando dell’impianto. È pensata per living, saloni, ingressi, camere, ristoranti, hall e showroom in cui la lampada contribuisce anche alla decorazione della parete. La descrizione della collezione evidenzia inoltre: Montatura in metallo placcato. Diffusori in vetro borosilicato trasparente. Colori: montatura cromo con vetro trasparente o fumè sfumato, montatura ottone antico con vetro trasparente o ambra sfumato.","Ideal Lux Equinoxe ap1 sfumato interpreta la lampada da parete per interni come un elemento luminoso capace di unire funzione, proporzioni e presenza estetica. La combinazione di metallo e vetro unisce struttura e trasparenza: il vetro contribuisce a rendere l’emissione luminosa più curata e il punto luce più decorativo. La scheda originale della collezione specifica: Montatura in metallo placcato. Diffusori in vetro borosilicato trasparente. Colori: montatura cromo con vetro trasparente o fumè sfumato, montatura ottone antico con vetro trasparente o ambra sfumato. La scelta della versione è un passaggio importante in un e-commerce di illuminazione, perché consente di coordinare lampada, parete e atmosfera luminosa. La collezione comprende 4 configurazioni selezionabili: nelle finiture ambra, cromo, fumè e ottone; nelle dimensioni L 13 × H 45 × P 18 cm. Le potenze previste sono G4 max 1 x 2W, con attacco G4. La lampada impiega sorgenti sostituibili con attacco G4; non è dichiarato un dimmer integrato; l’eventuale regolazione dipende dalla lampadina compatibile e dal comando dell’impianto. Le differenti finiture consentono di accordare l’applique a pareti chiare o scure, metalli presenti nell’arredo, infissi e complementi, mentre le eventuali variazioni di misura e potenza permettono di dimensionare la presenza luminosa in funzione della parete e del contesto. Pensata per arredare oltre che illuminare, questa applique può valorizzare soggiorno, salone, sala da pranzo, ingresso, vano scala, camera da letto e pareti di rappresentanza della zona living. È indicata anche per hall, reception, ristoranti, boutique, showroom e camere di hotel, dove un dettaglio decorativo a parete contribuisce all’identità dell’ambiente. Installata singolarmente crea un accento visivo; disposta in coppia o in sequenza può incorniciare specchi, consolle, quadri o elementi architettonici, con un risultato più scenografico. La luce decorativa a parete è utile quando l’ambiente richiede profondità visiva e un dettaglio capace di farsi ricordare. In un salone o in una hall, la lampada può essere abbinata a sospensioni e piantane della stessa atmosfera; in un ristorante o showroom può scandire la parete e rafforzare la percezione del progetto. Finiture e materiali diventano così parte della narrazione d’arredo, dal contesto più elegante a quello contemporaneo e ricercato. Per chi acquista online lampade da parete Ideal Lux, Equinoxe ap1 sfumato rappresenta una proposta da valutare in base a dimensioni disponibili, finitura, sorgente luminosa e tipo di ambiente da illuminare. Le informazioni sulle configurazioni consentono di selezionare la variante più coerente con il progetto, evitando scelte generiche e costruendo un’illuminazione realmente coordinata. Prima della posa è opportuno verificare misure, collegamento elettrico, compatibilità della sorgente quando sostituibile e indicazioni di installazione riportate nella documentazione tecnica del prodotto.","Ideal Lux Equinoxe ap1 sfumato: lampada da parete per interni con attacco G4. 4 versioni con 4 finiture, formato compatto. Ideale per living, hall e ristoranti."
IL-CONFIG-369,"Ideal Lux Essence ap round luce a 45° è un’applique da parete per interni progettata per un’illuminazione verticale curata e coerente con lo stile dell’ambiente. La combinazione di alluminio, metallo e vetro unisce struttura e trasparenza: il vetro contribuisce a rendere l’emissione luminosa più curata e il punto luce più decorativo. La collezione comprende 16 configurazioni selezionabili: nelle finiture bianco, nero e ottone; nelle dimensioni L 115 × H 5,5 × P 11 cm, L 115 × H 7 × P 9,9 cm, L 75 × H 5,5 × P 11 cm e L 75 × H 7 × P 9,9 cm; con temperatura colore 2700K, 3000K e 4000K. Le potenze previste sono LED 12W, LED 13W, LED 16W e LED 19W, con sorgente LED. In dettaglio: L 75 × H 5,5 × P 11 cm con LED 13W; L 75 × H 7 × P 9,9 cm con LED 12W; L 115 × H 5,5 × P 11 cm con LED 16W; L 115 × H 7 × P 9,9 cm con LED 19W. La dotazione luminosa utilizza sorgente LED integrata e inclusa; la funzione dimmer non è indicata nelle configurazioni standard disponibili. È indicata per living, corridoi, scale, camere, reception, uffici, showroom e locali commerciali in cerca di una luce a parete ordinata.","Ideal Lux Essence ap round luce a 45° è una lampada da parete per interni concepita per dare qualità all’illuminazione verticale e valorizzare la superficie su cui viene installata. La combinazione di alluminio, metallo e vetro unisce struttura e trasparenza: il vetro contribuisce a rendere l’emissione luminosa più curata e il punto luce più decorativo. La scelta della versione è un passaggio importante in un e-commerce di illuminazione, perché consente di coordinare lampada, parete e atmosfera luminosa. La collezione comprende 16 configurazioni selezionabili: nelle finiture bianco, nero e ottone; nelle dimensioni L 115 × H 5,5 × P 11 cm, L 115 × H 7 × P 9,9 cm, L 75 × H 5,5 × P 11 cm e L 75 × H 7 × P 9,9 cm; con temperatura colore 2700K, 3000K e 4000K. Le potenze previste sono LED 12W, LED 13W, LED 16W e LED 19W, con sorgente LED. In dettaglio: L 75 × H 5,5 × P 11 cm con LED 13W; L 75 × H 7 × P 9,9 cm con LED 12W; L 115 × H 5,5 × P 11 cm con LED 16W; L 115 × H 7 × P 9,9 cm con LED 19W. La lampada impiega sorgente LED integrata e inclusa; la funzione dimmer non è indicata nelle configurazioni standard disponibili. Le differenti finiture consentono di accordare l’applique a pareti chiare o scure, metalli presenti nell’arredo, infissi e complementi, mentre le eventuali variazioni di misura e potenza permettono di dimensionare la presenza luminosa in funzione della parete e del contesto. L’applique è adatta a ingressi, corridoi, scale, soggiorni, zona living, cucina, camera da letto e camerette, sia come punto luce di servizio sia come illuminazione d’accento lungo una parete. Nel mondo professionale può essere scelta per reception, uffici, studi, sale d’attesa, showroom, negozi, ristoranti e camere d’hotel, soprattutto quando si desidera una luce ordinata che non occupi superfici utili. In bagno o in prossimità di aree soggette a umidità, l’installazione va valutata in funzione della posizione prevista e delle indicazioni tecniche del prodotto. Nella progettazione della luce a parete, un apparecchio compatto permette di completare l’illuminazione generale e di evidenziare percorsi, quinte, nicchie, pareti attrezzate o elementi decorativi. Può essere installato da solo come accento oppure ripetuto in sequenza per ottenere uniformità visiva in corridoi, scale e spazi contract. La presenza di più opzioni di finitura o dimensione aiuta inoltre a mantenere lo stesso linguaggio luminoso in ambienti differenti dello stesso progetto. Per chi acquista online lampade da parete Ideal Lux, Essence ap round luce a 45° rappresenta una proposta da valutare in base a dimensioni disponibili, finitura, sorgente luminosa e tipo di ambiente da illuminare. Le informazioni sulle configurazioni consentono di selezionare la variante più coerente con il progetto, evitando scelte generiche e costruendo un’illuminazione realmente coordinata. Prima della posa è opportuno verificare misure, collegamento elettrico, compatibilità della sorgente quando sostituibile e indicazioni di installazione riportate nella documentazione tecnica del prodotto.","Ideal Lux Essence ap round luce a 45°: applique da parete per interni con LED integrato, bianco, nero e ottone e 4 misure. Ideale per living, corridoi e contract."
IL-CONFIG-370,"L’applique Ideal Lux Essence ap square luce dir. è una lampada da parete per interni pensata per integrare luce e arredo su superfici verticali. La costruzione in alluminio, metallo, plexiglas e vetro è pensata per un profilo ordinato e una diffusione uniforme, adatta a progetti nei quali la luce deve accompagnare l’architettura senza appesantirla. La collezione comprende 6 configurazioni selezionabili: nelle finiture bianco, nero e ottone; nelle dimensioni L 115 × H 4 × P 12 cm e L 75 × H 4 × P 12 cm; con temperatura colore 3000K. Le potenze previste sono LED 12W e LED 19W, con sorgente LED. In dettaglio: L 75 × H 4 × P 12 cm con LED 12W; L 115 × H 4 × P 12 cm con LED 19W. La dotazione luminosa utilizza sorgente LED integrata e inclusa; la funzione dimmer non è indicata nelle configurazioni standard disponibili. È indicata per living, corridoi, scale, camere, reception, uffici, showroom e locali commerciali in cerca di una luce a parete ordinata.","Con Ideal Lux Essence ap square luce dir., l’applique da parete per interni diventa uno strumento progettuale: illumina, ordina lo spazio e completa la composizione d’arredo. La costruzione in alluminio, metallo, plexiglas e vetro è pensata per un profilo ordinato e una diffusione uniforme, adatta a progetti nei quali la luce deve accompagnare l’architettura senza appesantirla. La scelta della versione è un passaggio importante in un e-commerce di illuminazione, perché consente di coordinare lampada, parete e atmosfera luminosa. La collezione comprende 6 configurazioni selezionabili: nelle finiture bianco, nero e ottone; nelle dimensioni L 115 × H 4 × P 12 cm e L 75 × H 4 × P 12 cm; con temperatura colore 3000K. Le potenze previste sono LED 12W e LED 19W, con sorgente LED. In dettaglio: L 75 × H 4 × P 12 cm con LED 12W; L 115 × H 4 × P 12 cm con LED 19W. La lampada impiega sorgente LED integrata e inclusa; la funzione dimmer non è indicata nelle configurazioni standard disponibili. Le differenti finiture consentono di accordare l’applique a pareti chiare o scure, metalli presenti nell’arredo, infissi e complementi, mentre le eventuali variazioni di misura e potenza permettono di dimensionare la presenza luminosa in funzione della parete e del contesto. L’applique è adatta a ingressi, corridoi, scale, soggiorni, zona living, cucina, camera da letto e camerette, sia come punto luce di servizio sia come illuminazione d’accento lungo una parete. Nel mondo professionale può essere scelta per reception, uffici, studi, sale d’attesa, showroom, negozi, ristoranti e camere d’hotel, soprattutto quando si desidera una luce ordinata che non occupi superfici utili. In bagno o in prossimità di aree soggette a umidità, l’installazione va valutata in funzione della posizione prevista e delle indicazioni tecniche del prodotto. Nella progettazione della luce a parete, un apparecchio compatto permette di completare l’illuminazione generale e di evidenziare percorsi, quinte, nicchie, pareti attrezzate o elementi decorativi. Può essere installato da solo come accento oppure ripetuto in sequenza per ottenere uniformità visiva in corridoi, scale e spazi contract. La presenza di più opzioni di finitura o dimensione aiuta inoltre a mantenere lo stesso linguaggio luminoso in ambienti differenti dello stesso progetto. Per chi acquista online lampade da parete Ideal Lux, Essence ap square luce dir. rappresenta una proposta da valutare in base a dimensioni disponibili, finitura, sorgente luminosa e tipo di ambiente da illuminare. Le informazioni sulle configurazioni consentono di selezionare la variante più coerente con il progetto, evitando scelte generiche e costruendo un’illuminazione realmente coordinata. Prima della posa è opportuno verificare misure, collegamento elettrico, compatibilità della sorgente quando sostituibile e indicazioni di installazione riportate nella documentazione tecnica del prodotto.","Ideal Lux Essence ap square luce dir.: applique da parete per interni con LED integrato, bianco, nero e ottone e 2 misure. Ideale per living, corridoi e contract."
IL-CONFIG-371,"Ideal Lux Etere ap propone una soluzione a parete per esterni che permette di definire il punto luce senza ingombrare piani o percorsi. La costruzione in alluminio, metallo e plexiglas è pensata per un profilo ordinato e una diffusione uniforme, adatta a progetti nei quali la luce deve accompagnare l’architettura senza appesantirla. La collezione comprende 6 configurazioni selezionabili: nelle finiture antracite, caffè e nero; nelle dimensioni L 30 × H 7 × P 10 cm; con temperatura colore 3000K e 4000K. Le potenze previste sono 9,5W, con sorgente LED. La dotazione luminosa utilizza sorgente LED integrata e inclusa; la funzione dimmer non è indicata nelle configurazioni standard disponibili. È una scelta indicata per facciate, ingressi, balconi, terrazze, portici, percorsi esterni, dehors e pareti in giardino, nel rispetto delle condizioni di installazione previste. La descrizione della collezione evidenzia inoltre: Corpo luce in fusione di alluminio verniciato a polveri. Diffusore in materiale plastico color opale. Disponibile nelle finiture antracite, bianco, coffee, grigio o nero.","Ideal Lux Etere ap interpreta la lampada da parete per esterni come un elemento luminoso capace di unire funzione, proporzioni e presenza estetica. La costruzione in alluminio, metallo e plexiglas è pensata per un profilo ordinato e una diffusione uniforme, adatta a progetti nei quali la luce deve accompagnare l’architettura senza appesantirla. La scheda originale della collezione specifica: Corpo luce in fusione di alluminio verniciato a polveri. Diffusore in materiale plastico color opale. Disponibile nelle finiture antracite, bianco, coffee, grigio o nero. La scelta della versione è un passaggio importante in un e-commerce di illuminazione, perché consente di coordinare lampada, parete e atmosfera luminosa. La collezione comprende 6 configurazioni selezionabili: nelle finiture antracite, caffè e nero; nelle dimensioni L 30 × H 7 × P 10 cm; con temperatura colore 3000K e 4000K. Le potenze previste sono 9,5W, con sorgente LED. La lampada impiega sorgente LED integrata e inclusa; la funzione dimmer non è indicata nelle configurazioni standard disponibili. Le differenti finiture consentono di accordare l’applique a pareti chiare o scure, metalli presenti nell’arredo, infissi e complementi, mentre le eventuali variazioni di misura e potenza permettono di dimensionare la presenza luminosa in funzione della parete e del contesto. Come applique da parete per esterni è indicata per illuminare ingressi, facciate, balconi, terrazze coperte o scoperte in base alla corretta installazione, portici, pergolati e dehors di ristoranti, bar o strutture ricettive. Può accompagnare vialetti, camminamenti, accessi carrabili, muri perimetrali, zone di passaggio in giardino e aree parcheggio, creando riferimenti luminosi lungo il percorso e rendendo più accogliente l’arrivo serale. Nei progetti outdoor vicino a piscine o in aree particolarmente esposte, collocazione, collegamento e manutenzione vanno sempre valutati secondo la scheda tecnica e le norme applicabili. In un progetto di illuminazione esterna a parete, la posizione dell’apparecchio incide sia sulla resa estetica sia sulla fruibilità degli spazi: vicino alla porta rende riconoscibile l’accesso, lungo un passaggio aiuta a leggere il percorso, su una facciata disegna un ritmo luminoso coerente. Una serie di applique coordinate può collegare ingresso, terrazza e giardino, mentre una singola installazione può sottolineare un numero civico, una nicchia o un’area conversazione outdoor. La scelta della temperatura colore, quando disponibile, permette di privilegiare un’atmosfera più accogliente oppure una percezione più nitida dei dettagli. Per chi acquista online lampade da parete Ideal Lux, Etere ap rappresenta una proposta da valutare in base a dimensioni disponibili, finitura, sorgente luminosa e tipo di ambiente da illuminare. Le informazioni sulle configurazioni consentono di selezionare la variante più coerente con il progetto, evitando scelte generiche e costruendo un’illuminazione realmente coordinata. Prima della posa è opportuno verificare misure, collegamento elettrico, compatibilità della sorgente quando sostituibile e indicazioni di installazione riportate nella documentazione tecnica del prodotto.","Ideal Lux Etere ap: applique da parete per esterni con LED integrato, antracite, caffè e nero e formato compatto. Ideale per ingressi, terrazze e giardini."
IL-CONFIG-372,"Ideal Lux Febe è un’applique da parete per esterni progettata per un’illuminazione verticale curata e coerente con lo stile dell’ambiente. La combinazione di metallo e vetro unisce struttura e trasparenza: il vetro contribuisce a rendere l’emissione luminosa più curata e il punto luce più decorativo. La collezione comprende 2 configurazioni selezionabili: nelle finiture antracite; nelle dimensioni L 13 × H 22,5 × P 3,4 cm e L 22,5 × H 13 × P 3,4 cm; con temperatura colore 3000K. Le potenze previste sono 6W, con sorgente LED. La dotazione luminosa utilizza sorgente LED integrata e inclusa; la funzione dimmer non è indicata nelle configurazioni standard disponibili. È una scelta indicata per facciate, ingressi, balconi, terrazze, portici, percorsi esterni, dehors e pareti in giardino, nel rispetto delle condizioni di installazione previste.","Ideal Lux Febe è una lampada da parete per esterni concepita per dare qualità all’illuminazione verticale e valorizzare la superficie su cui viene installata. La combinazione di metallo e vetro unisce struttura e trasparenza: il vetro contribuisce a rendere l’emissione luminosa più curata e il punto luce più decorativo. La scelta della versione è un passaggio importante in un e-commerce di illuminazione, perché consente di coordinare lampada, parete e atmosfera luminosa. La collezione comprende 2 configurazioni selezionabili: nelle finiture antracite; nelle dimensioni L 13 × H 22,5 × P 3,4 cm e L 22,5 × H 13 × P 3,4 cm; con temperatura colore 3000K. Le potenze previste sono 6W, con sorgente LED. La lampada impiega sorgente LED integrata e inclusa; la funzione dimmer non è indicata nelle configurazioni standard disponibili. Le differenti finiture consentono di accordare l’applique a pareti chiare o scure, metalli presenti nell’arredo, infissi e complementi, mentre le eventuali variazioni di misura e potenza permettono di dimensionare la presenza luminosa in funzione della parete e del contesto. Come applique da parete per esterni è indicata per illuminare ingressi, facciate, balconi, terrazze coperte o scoperte in base alla corretta installazione, portici, pergolati e dehors di ristoranti, bar o strutture ricettive. Può accompagnare vialetti, camminamenti, accessi carrabili, muri perimetrali, zone di passaggio in giardino e aree parcheggio, creando riferimenti luminosi lungo il percorso e rendendo più accogliente l’arrivo serale. Nei progetti outdoor vicino a piscine o in aree particolarmente esposte, collocazione, collegamento e manutenzione vanno sempre valutati secondo la scheda tecnica e le norme applicabili. In un progetto di illuminazione esterna a parete, la posizione dell’apparecchio incide sia sulla resa estetica sia sulla fruibilità degli spazi: vicino alla porta rende riconoscibile l’accesso, lungo un passaggio aiuta a leggere il percorso, su una facciata disegna un ritmo luminoso coerente. Una serie di applique coordinate può collegare ingresso, terrazza e giardino, mentre una singola installazione può sottolineare un numero civico, una nicchia o un’area conversazione outdoor. La scelta della temperatura colore, quando disponibile, permette di privilegiare un’atmosfera più accogliente oppure una percezione più nitida dei dettagli. Per chi acquista online lampade da parete Ideal Lux, Febe rappresenta una proposta da valutare in base a dimensioni disponibili, finitura, sorgente luminosa e tipo di ambiente da illuminare. Le informazioni sulle configurazioni consentono di selezionare la variante più coerente con il progetto, evitando scelte generiche e costruendo un’illuminazione realmente coordinata. Prima della posa è opportuno verificare misure, collegamento elettrico, compatibilità della sorgente quando sostituibile e indicazioni di installazione riportate nella documentazione tecnica del prodotto.","Ideal Lux Febe: lampada da parete per esterni con LED integrato. 2 versioni con antracite, 2 misure, luce 3000K. Ideale per ingressi, terrazze e giardini."
IL-CONFIG-373,"L’applique Ideal Lux Felix è una lampada da parete per esterni pensata per integrare luce e arredo su superfici verticali. La costruzione in plexiglas e resina è pensata per un profilo ordinato e una diffusione uniforme, adatta a progetti nei quali la luce deve accompagnare l’architettura senza appesantirla. La configurazione disponibile è unica: nelle finiture bianco; nelle dimensioni L 30 × H 13 × P 8,5 cm. Le potenze previste sono E27 max 1 x 23W, con attacco E27. La dotazione luminosa utilizza sorgenti sostituibili con attacco E27; non è dichiarato un dimmer integrato; l’eventuale regolazione dipende dalla lampadina compatibile e dal comando dell’impianto. È una scelta indicata per facciate, ingressi, balconi, terrazze, portici, percorsi esterni, dehors e pareti in giardino, nel rispetto delle condizioni di installazione previste.","Con Ideal Lux Felix, l’applique da parete per esterni diventa uno strumento progettuale: illumina, ordina lo spazio e completa la composizione d’arredo. La costruzione in plexiglas e resina è pensata per un profilo ordinato e una diffusione uniforme, adatta a progetti nei quali la luce deve accompagnare l’architettura senza appesantirla. La scelta della versione è un passaggio importante in un e-commerce di illuminazione, perché consente di coordinare lampada, parete e atmosfera luminosa. La configurazione disponibile è unica: nelle finiture bianco; nelle dimensioni L 30 × H 13 × P 8,5 cm. Le potenze previste sono E27 max 1 x 23W, con attacco E27. La lampada impiega sorgenti sostituibili con attacco E27; non è dichiarato un dimmer integrato; l’eventuale regolazione dipende dalla lampadina compatibile e dal comando dell’impianto. Le differenti finiture consentono di accordare l’applique a pareti chiare o scure, metalli presenti nell’arredo, infissi e complementi, mentre le eventuali variazioni di misura e potenza permettono di dimensionare la presenza luminosa in funzione della parete e del contesto. Come applique da parete per esterni è indicata per illuminare ingressi, facciate, balconi, terrazze coperte o scoperte in base alla corretta installazione, portici, pergolati e dehors di ristoranti, bar o strutture ricettive. Può accompagnare vialetti, camminamenti, accessi carrabili, muri perimetrali, zone di passaggio in giardino e aree parcheggio, creando riferimenti luminosi lungo il percorso e rendendo più accogliente l’arrivo serale. Nei progetti outdoor vicino a piscine o in aree particolarmente esposte, collocazione, collegamento e manutenzione vanno sempre valutati secondo la scheda tecnica e le norme applicabili. In un progetto di illuminazione esterna a parete, la posizione dell’apparecchio incide sia sulla resa estetica sia sulla fruibilità degli spazi: vicino alla porta rende riconoscibile l’accesso, lungo un passaggio aiuta a leggere il percorso, su una facciata disegna un ritmo luminoso coerente. Una serie di applique coordinate può collegare ingresso, terrazza e giardino, mentre una singola installazione può sottolineare un numero civico, una nicchia o un’area conversazione outdoor. La scelta della temperatura colore, quando disponibile, permette di privilegiare un’atmosfera più accogliente oppure una percezione più nitida dei dettagli. Per chi acquista online lampade da parete Ideal Lux, Felix rappresenta una proposta da valutare in base a dimensioni disponibili, finitura, sorgente luminosa e tipo di ambiente da illuminare. Le informazioni sulle configurazioni consentono di selezionare la variante più coerente con il progetto, evitando scelte generiche e costruendo un’illuminazione realmente coordinata. Prima della posa è opportuno verificare misure, collegamento elettrico, compatibilità della sorgente quando sostituibile e indicazioni di installazione riportate nella documentazione tecnica del prodotto.","Scopri Ideal Lux Felix, applique da parete per esterni con attacco E27. 1 versioni con bianco, formato compatto. Ideale per ingressi, terrazze e giardini."
IL-CONFIG-374,"Ideal Lux Felix propone una soluzione a parete per esterni che permette di definire il punto luce senza ingombrare piani o percorsi. La costruzione in plexiglas e resina è pensata per un profilo ordinato e una diffusione uniforme, adatta a progetti nei quali la luce deve accompagnare l’architettura senza appesantirla. La collezione comprende 3 configurazioni selezionabili: nelle finiture bianco, grigio e nero; nelle dimensioni L 30 × H 13 × P 8,5 cm. Le potenze previste sono E27 max 1 x 23W, con attacco E27. La dotazione luminosa utilizza sorgenti sostituibili con attacco E27; non è dichiarato un dimmer integrato; l’eventuale regolazione dipende dalla lampadina compatibile e dal comando dell’impianto. È una scelta indicata per facciate, ingressi, balconi, terrazze, portici, percorsi esterni, dehors e pareti in giardino, nel rispetto delle condizioni di installazione previste.","Ideal Lux Felix interpreta la lampada da parete per esterni come un elemento luminoso capace di unire funzione, proporzioni e presenza estetica. La costruzione in plexiglas e resina è pensata per un profilo ordinato e una diffusione uniforme, adatta a progetti nei quali la luce deve accompagnare l’architettura senza appesantirla. La scelta della versione è un passaggio importante in un e-commerce di illuminazione, perché consente di coordinare lampada, parete e atmosfera luminosa. La collezione comprende 3 configurazioni selezionabili: nelle finiture bianco, grigio e nero; nelle dimensioni L 30 × H 13 × P 8,5 cm. Le potenze previste sono E27 max 1 x 23W, con attacco E27. La lampada impiega sorgenti sostituibili con attacco E27; non è dichiarato un dimmer integrato; l’eventuale regolazione dipende dalla lampadina compatibile e dal comando dell’impianto. Le differenti finiture consentono di accordare l’applique a pareti chiare o scure, metalli presenti nell’arredo, infissi e complementi, mentre le eventuali variazioni di misura e potenza permettono di dimensionare la presenza luminosa in funzione della parete e del contesto. Come applique da parete per esterni è indicata per illuminare ingressi, facciate, balconi, terrazze coperte o scoperte in base alla corretta installazione, portici, pergolati e dehors di ristoranti, bar o strutture ricettive. Può accompagnare vialetti, camminamenti, accessi carrabili, muri perimetrali, zone di passaggio in giardino e aree parcheggio, creando riferimenti luminosi lungo il percorso e rendendo più accogliente l’arrivo serale. Nei progetti outdoor vicino a piscine o in aree particolarmente esposte, collocazione, collegamento e manutenzione vanno sempre valutati secondo la scheda tecnica e le norme applicabili. In un progetto di illuminazione esterna a parete, la posizione dell’apparecchio incide sia sulla resa estetica sia sulla fruibilità degli spazi: vicino alla porta rende riconoscibile l’accesso, lungo un passaggio aiuta a leggere il percorso, su una facciata disegna un ritmo luminoso coerente. Una serie di applique coordinate può collegare ingresso, terrazza e giardino, mentre una singola installazione può sottolineare un numero civico, una nicchia o un’area conversazione outdoor. La scelta della temperatura colore, quando disponibile, permette di privilegiare un’atmosfera più accogliente oppure una percezione più nitida dei dettagli. Per chi acquista online lampade da parete Ideal Lux, Felix rappresenta una proposta da valutare in base a dimensioni disponibili, finitura, sorgente luminosa e tipo di ambiente da illuminare. Le informazioni sulle configurazioni consentono di selezionare la variante più coerente con il progetto, evitando scelte generiche e costruendo un’illuminazione realmente coordinata. Prima della posa è opportuno verificare misure, collegamento elettrico, compatibilità della sorgente quando sostituibile e indicazioni di installazione riportate nella documentazione tecnica del prodotto.","Ideal Lux Felix: applique da parete per esterni con attacco E27, bianco, grigio e nero e formato compatto. Ideale per ingressi, terrazze e giardini. Luce."
IL-CONFIG-375,"Ideal Lux Firenze ap2 è un’applique da parete per interni progettata per un’illuminazione verticale curata e coerente con lo stile dell’ambiente. La struttura in metallo e resina dona consistenza al punto luce e consente di inserire la lampada con equilibrio in ambienti residenziali o professionali. La collezione comprende 2 configurazioni selezionabili: nelle finiture bianco e oro; nelle dimensioni L 33 × H 38 × P 17 cm. Le potenze previste sono E14 max 2 x 40W, con attacco E14. La dotazione luminosa utilizza sorgenti sostituibili con attacco E14; non è dichiarato un dimmer integrato; l’eventuale regolazione dipende dalla lampadina compatibile e dal comando dell’impianto. È indicata per living, corridoi, scale, camere, reception, uffici, showroom e locali commerciali in cerca di una luce a parete ordinata.","Ideal Lux Firenze ap2 è una lampada da parete per interni concepita per dare qualità all’illuminazione verticale e valorizzare la superficie su cui viene installata. La struttura in metallo e resina dona consistenza al punto luce e consente di inserire la lampada con equilibrio in ambienti residenziali o professionali. La scelta della versione è un passaggio importante in un e-commerce di illuminazione, perché consente di coordinare lampada, parete e atmosfera luminosa. La collezione comprende 2 configurazioni selezionabili: nelle finiture bianco e oro; nelle dimensioni L 33 × H 38 × P 17 cm. Le potenze previste sono E14 max 2 x 40W, con attacco E14. La lampada impiega sorgenti sostituibili con attacco E14; non è dichiarato un dimmer integrato; l’eventuale regolazione dipende dalla lampadina compatibile e dal comando dell’impianto. Le differenti finiture consentono di accordare l’applique a pareti chiare o scure, metalli presenti nell’arredo, infissi e complementi, mentre le eventuali variazioni di misura e potenza permettono di dimensionare la presenza luminosa in funzione della parete e del contesto. L’applique è adatta a ingressi, corridoi, scale, soggiorni, zona living, cucina, camera da letto e camerette, sia come punto luce di servizio sia come illuminazione d’accento lungo una parete. Nel mondo professionale può essere scelta per reception, uffici, studi, sale d’attesa, showroom, negozi, ristoranti e camere d’hotel, soprattutto quando si desidera una luce ordinata che non occupi superfici utili. In bagno o in prossimità di aree soggette a umidità, l’installazione va valutata in funzione della posizione prevista e delle indicazioni tecniche del prodotto. Nella progettazione della luce a parete, un apparecchio compatto permette di completare l’illuminazione generale e di evidenziare percorsi, quinte, nicchie, pareti attrezzate o elementi decorativi. Può essere installato da solo come accento oppure ripetuto in sequenza per ottenere uniformità visiva in corridoi, scale e spazi contract. La presenza di più opzioni di finitura o dimensione aiuta inoltre a mantenere lo stesso linguaggio luminoso in ambienti differenti dello stesso progetto. Per chi acquista online lampade da parete Ideal Lux, Firenze ap2 rappresenta una proposta da valutare in base a dimensioni disponibili, finitura, sorgente luminosa e tipo di ambiente da illuminare. Le informazioni sulle configurazioni consentono di selezionare la variante più coerente con il progetto, evitando scelte generiche e costruendo un’illuminazione realmente coordinata. Prima della posa è opportuno verificare misure, collegamento elettrico, compatibilità della sorgente quando sostituibile e indicazioni di installazione riportate nella documentazione tecnica del prodotto.","Ideal Lux Firenze ap2: lampada da parete per interni con attacco E14. 2 versioni con bianco e oro, formato compatto. Ideale per living, corridoi e contract."
IL-CONFIG-376,"L’applique Ideal Lux Fix ap è una lampada da parete per interni pensata per integrare luce e arredo su superfici verticali. La struttura in metallo dona consistenza al punto luce e consente di inserire la lampada con equilibrio in ambienti residenziali o professionali. La configurazione disponibile è unica: nelle finiture bianco; nelle dimensioni L 10 × H 15 × P 7 cm. Le potenze previste sono LED 5,5W, con sorgente LED. La dotazione luminosa utilizza sorgente LED integrata e inclusa; la funzione dimmer non è indicata nelle configurazioni standard disponibili. È indicata per living, corridoi, scale, camere, reception, uffici, showroom e locali commerciali in cerca di una luce a parete ordinata.","Con Ideal Lux Fix ap, l’applique da parete per interni diventa uno strumento progettuale: illumina, ordina lo spazio e completa la composizione d’arredo. La struttura in metallo dona consistenza al punto luce e consente di inserire la lampada con equilibrio in ambienti residenziali o professionali. La scelta della versione è un passaggio importante in un e-commerce di illuminazione, perché consente di coordinare lampada, parete e atmosfera luminosa. La configurazione disponibile è unica: nelle finiture bianco; nelle dimensioni L 10 × H 15 × P 7 cm. Le potenze previste sono LED 5,5W, con sorgente LED. La lampada impiega sorgente LED integrata e inclusa; la funzione dimmer non è indicata nelle configurazioni standard disponibili. Le differenti finiture consentono di accordare l’applique a pareti chiare o scure, metalli presenti nell’arredo, infissi e complementi, mentre le eventuali variazioni di misura e potenza permettono di dimensionare la presenza luminosa in funzione della parete e del contesto. L’applique è adatta a ingressi, corridoi, scale, soggiorni, zona living, cucina, camera da letto e camerette, sia come punto luce di servizio sia come illuminazione d’accento lungo una parete. Nel mondo professionale può essere scelta per reception, uffici, studi, sale d’attesa, showroom, negozi, ristoranti e camere d’hotel, soprattutto quando si desidera una luce ordinata che non occupi superfici utili. In bagno o in prossimità di aree soggette a umidità, l’installazione va valutata in funzione della posizione prevista e delle indicazioni tecniche del prodotto. Nella progettazione della luce a parete, un apparecchio compatto permette di completare l’illuminazione generale e di evidenziare percorsi, quinte, nicchie, pareti attrezzate o elementi decorativi. Può essere installato da solo come accento oppure ripetuto in sequenza per ottenere uniformità visiva in corridoi, scale e spazi contract. La presenza di più opzioni di finitura o dimensione aiuta inoltre a mantenere lo stesso linguaggio luminoso in ambienti differenti dello stesso progetto. Per chi acquista online lampade da parete Ideal Lux, Fix ap rappresenta una proposta da valutare in base a dimensioni disponibili, finitura, sorgente luminosa e tipo di ambiente da illuminare. Le informazioni sulle configurazioni consentono di selezionare la variante più coerente con il progetto, evitando scelte generiche e costruendo un’illuminazione realmente coordinata. Prima della posa è opportuno verificare misure, collegamento elettrico, compatibilità della sorgente quando sostituibile e indicazioni di installazione riportate nella documentazione tecnica del prodotto.","Scopri Ideal Lux Fix ap, applique da parete per interni con LED integrato. 1 versioni con bianco, formato compatto. Ideale per living, corridoi e contract."
IL-CONFIG-377,"Ideal Lux Flash ap1 high propone una soluzione a parete per interni che permette di definire il punto luce senza ingombrare piani o percorsi. La struttura in gesso dona consistenza al punto luce e consente di inserire la lampada con equilibrio in ambienti residenziali o professionali. La collezione comprende 3 configurazioni selezionabili: nelle finiture bianco; nelle dimensioni L 11 × H 18 × P 11 cm, L 11 × H 18 × P 7 cm e L 12,5 × H 12,5 × P 7,5 cm. Le potenze previste sono G9 max 1 x 40W, con attacco G9. La dotazione luminosa utilizza sorgenti sostituibili con attacco G9; non è dichiarato un dimmer integrato; l’eventuale regolazione dipende dalla lampadina compatibile e dal comando dell’impianto. È indicata per living, corridoi, scale, camere, reception, uffici, showroom e locali commerciali in cerca di una luce a parete ordinata.","Ideal Lux Flash ap1 high interpreta la lampada da parete per interni come un elemento luminoso capace di unire funzione, proporzioni e presenza estetica. La struttura in gesso dona consistenza al punto luce e consente di inserire la lampada con equilibrio in ambienti residenziali o professionali. La scelta della versione è un passaggio importante in un e-commerce di illuminazione, perché consente di coordinare lampada, parete e atmosfera luminosa. La collezione comprende 3 configurazioni selezionabili: nelle finiture bianco; nelle dimensioni L 11 × H 18 × P 11 cm, L 11 × H 18 × P 7 cm e L 12,5 × H 12,5 × P 7,5 cm. Le potenze previste sono G9 max 1 x 40W, con attacco G9. La lampada impiega sorgenti sostituibili con attacco G9; non è dichiarato un dimmer integrato; l’eventuale regolazione dipende dalla lampadina compatibile e dal comando dell’impianto. Le differenti finiture consentono di accordare l’applique a pareti chiare o scure, metalli presenti nell’arredo, infissi e complementi, mentre le eventuali variazioni di misura e potenza permettono di dimensionare la presenza luminosa in funzione della parete e del contesto. L’applique è adatta a ingressi, corridoi, scale, soggiorni, zona living, cucina, camera da letto e camerette, sia come punto luce di servizio sia come illuminazione d’accento lungo una parete. Nel mondo professionale può essere scelta per reception, uffici, studi, sale d’attesa, showroom, negozi, ristoranti e camere d’hotel, soprattutto quando si desidera una luce ordinata che non occupi superfici utili. In bagno o in prossimità di aree soggette a umidità, l’installazione va valutata in funzione della posizione prevista e delle indicazioni tecniche del prodotto. Nella progettazione della luce a parete, un apparecchio compatto permette di completare l’illuminazione generale e di evidenziare percorsi, quinte, nicchie, pareti attrezzate o elementi decorativi. Può essere installato da solo come accento oppure ripetuto in sequenza per ottenere uniformità visiva in corridoi, scale e spazi contract. La presenza di più opzioni di finitura o dimensione aiuta inoltre a mantenere lo stesso linguaggio luminoso in ambienti differenti dello stesso progetto. Per chi acquista online lampade da parete Ideal Lux, Flash ap1 high rappresenta una proposta da valutare in base a dimensioni disponibili, finitura, sorgente luminosa e tipo di ambiente da illuminare. Le informazioni sulle configurazioni consentono di selezionare la variante più coerente con il progetto, evitando scelte generiche e costruendo un’illuminazione realmente coordinata. Prima della posa è opportuno verificare misure, collegamento elettrico, compatibilità della sorgente quando sostituibile e indicazioni di installazione riportate nella documentazione tecnica del prodotto.","Scopri Ideal Lux Flash ap1 high, applique da parete per interni con attacco G9. 3 versioni con bianco, 3 misure. Perfetta per living, corridoi e contract."
IL-CONFIG-378,"Ideal Lux Florian ap2 è un’applique da parete per interni progettata per un’illuminazione verticale curata e coerente con lo stile dell’ambiente. La composizione in cristallo e vetro valorizza riflessi e trasparenze, trasformando il punto luce in un elemento scenografico capace di impreziosire la parete. La collezione comprende 2 configurazioni selezionabili: nelle finiture cromo e oro; nelle dimensioni L 43 × H 25 × P 32 cm. Le potenze previste sono E14 max 2 x 40W, con attacco E14. La dotazione luminosa utilizza sorgenti sostituibili con attacco E14; non è dichiarato un dimmer integrato; l’eventuale regolazione dipende dalla lampadina compatibile e dal comando dell’impianto. È pensata per living, saloni, ingressi, camere, ristoranti, hall e showroom in cui la lampada contribuisce anche alla decorazione della parete. La descrizione della collezione evidenzia inoltre: Montatura in metallo con elementi decorativi in vetro. Pendagli con ottagoni e gocce finali in cristallo molato. Disponibile nelle versioni con vetro trasparente e metallo dorato o cromato.","Ideal Lux Florian ap2 è una lampada da parete per interni concepita per dare qualità all’illuminazione verticale e valorizzare la superficie su cui viene installata. La composizione in cristallo e vetro valorizza riflessi e trasparenze, trasformando il punto luce in un elemento scenografico capace di impreziosire la parete. La scheda originale della collezione specifica: Montatura in metallo con elementi decorativi in vetro. Pendagli con ottagoni e gocce finali in cristallo molato. Disponibile nelle versioni con vetro trasparente e metallo dorato o cromato. La scelta della versione è un passaggio importante in un e-commerce di illuminazione, perché consente di coordinare lampada, parete e atmosfera luminosa. La collezione comprende 2 configurazioni selezionabili: nelle finiture cromo e oro; nelle dimensioni L 43 × H 25 × P 32 cm. Le potenze previste sono E14 max 2 x 40W, con attacco E14. La lampada impiega sorgenti sostituibili con attacco E14; non è dichiarato un dimmer integrato; l’eventuale regolazione dipende dalla lampadina compatibile e dal comando dell’impianto. Le differenti finiture consentono di accordare l’applique a pareti chiare o scure, metalli presenti nell’arredo, infissi e complementi, mentre le eventuali variazioni di misura e potenza permettono di dimensionare la presenza luminosa in funzione della parete e del contesto. Pensata per arredare oltre che illuminare, questa applique può valorizzare soggiorno, salone, sala da pranzo, ingresso, vano scala, camera da letto e pareti di rappresentanza della zona living. È indicata anche per hall, reception, ristoranti, boutique, showroom e camere di hotel, dove un dettaglio decorativo a parete contribuisce all’identità dell’ambiente. Installata singolarmente crea un accento visivo; disposta in coppia o in sequenza può incorniciare specchi, consolle, quadri o elementi architettonici, con un risultato più scenografico. La luce decorativa a parete è utile quando l’ambiente richiede profondità visiva e un dettaglio capace di farsi ricordare. In un salone o in una hall, la lampada può essere abbinata a sospensioni e piantane della stessa atmosfera; in un ristorante o showroom può scandire la parete e rafforzare la percezione del progetto. Finiture e materiali diventano così parte della narrazione d’arredo, dal contesto più elegante a quello contemporaneo e ricercato. Per chi acquista online lampade da parete Ideal Lux, Florian ap2 rappresenta una proposta da valutare in base a dimensioni disponibili, finitura, sorgente luminosa e tipo di ambiente da illuminare. Le informazioni sulle configurazioni consentono di selezionare la variante più coerente con il progetto, evitando scelte generiche e costruendo un’illuminazione realmente coordinata. Prima della posa è opportuno verificare misure, collegamento elettrico, compatibilità della sorgente quando sostituibile e indicazioni di installazione riportate nella documentazione tecnica del prodotto.","Ideal Lux Florian ap2: lampada da parete per interni con attacco E14. 2 versioni con cromo e oro, formato compatto. Perfetta per living, hall e ristoranti."
IL-CONFIG-379,"L’applique Ideal Lux Focus è una lampada da parete per interni pensata per integrare luce e arredo su superfici verticali. La costruzione in metallo e plexiglas è pensata per un profilo ordinato e una diffusione uniforme, adatta a progetti nei quali la luce deve accompagnare l’architettura senza appesantirla. La collezione comprende 6 configurazioni selezionabili: nelle finiture bianco, cromo e nero; nelle dimensioni Ø 10 × P min 28 / max 55 cm e Ø 10,5 × P min 28 / max 55 cm. Le potenze previste sono LED 3,5W e LED 4W, con sorgente LED. In dettaglio: Ø 10 × P min 28 / max 55 cm con LED 4W; Ø 10,5 × P min 28 / max 55 cm con LED 3,5W. La dotazione luminosa utilizza sorgente LED integrata e inclusa; la funzione dimmer non è indicata nelle configurazioni standard disponibili. È adatta accanto al letto, in una zona lettura, in corridoio o in una camera d’hotel, dove l’illuminazione a parete libera il comodino e rende il progetto più ordinato. La descrizione della collezione evidenzia inoltre: Corpo luce in metallo con braccio flessibile orientabile rivestito in gomma. Rifinito in bianco o in nero opaco oppure in grigio con dettagli in cromo.","Con Ideal Lux Focus, l’applique da parete per interni diventa uno strumento progettuale: illumina, ordina lo spazio e completa la composizione d’arredo. La costruzione in metallo e plexiglas è pensata per un profilo ordinato e una diffusione uniforme, adatta a progetti nei quali la luce deve accompagnare l’architettura senza appesantirla. La scheda originale della collezione specifica: Corpo luce in metallo con braccio flessibile orientabile rivestito in gomma. Rifinito in bianco o in nero opaco oppure in grigio con dettagli in cromo. La scelta della versione è un passaggio importante in un e-commerce di illuminazione, perché consente di coordinare lampada, parete e atmosfera luminosa. La collezione comprende 6 configurazioni selezionabili: nelle finiture bianco, cromo e nero; nelle dimensioni Ø 10 × P min 28 / max 55 cm e Ø 10,5 × P min 28 / max 55 cm. Le potenze previste sono LED 3,5W e LED 4W, con sorgente LED. In dettaglio: Ø 10 × P min 28 / max 55 cm con LED 4W; Ø 10,5 × P min 28 / max 55 cm con LED 3,5W. La lampada impiega sorgente LED integrata e inclusa; la funzione dimmer non è indicata nelle configurazioni standard disponibili. Le differenti finiture consentono di accordare l’applique a pareti chiare o scure, metalli presenti nell’arredo, infissi e complementi, mentre le eventuali variazioni di misura e potenza permettono di dimensionare la presenza luminosa in funzione della parete e del contesto. La sua collocazione ideale è accanto al letto, dietro una testata, lungo una parete di lettura o vicino a una poltrona, dove l’applique consente di liberare i piani d’appoggio e organizzare la luce con precisione. È una soluzione convincente per camere da letto, camerette, corridoi, scale e piccoli ingressi, oltre che per hotel, bed & breakfast, residence e aree lounge in cui ogni postazione richiede comfort e ordine visivo. Può inoltre affiancare una scrivania o una nicchia decorativa, contribuendo a una luce stratificata e piacevole. L’installazione a parete consente di lasciare libero il comodino o la consolle e di ottenere una luce supplementare esattamente dove serve. In una camera la lampada può lavorare insieme alla luce generale, costruendo un’atmosfera più rilassata; in una struttura ricettiva offre all’ospite una postazione ordinata e intuitiva. In un corridoio o in una nicchia, la stessa applique diventa un accento luminoso discreto che accompagna il percorso e completa la parete. Per chi acquista online lampade da parete Ideal Lux, Focus rappresenta una proposta da valutare in base a dimensioni disponibili, finitura, sorgente luminosa e tipo di ambiente da illuminare. Le informazioni sulle configurazioni consentono di selezionare la variante più coerente con il progetto, evitando scelte generiche e costruendo un’illuminazione realmente coordinata. Prima della posa è opportuno verificare misure, collegamento elettrico, compatibilità della sorgente quando sostituibile e indicazioni di installazione riportate nella documentazione tecnica del prodotto.","Scopri Ideal Lux Focus, applique da parete per interni con LED integrato. 6 versioni con bianco, cromo e nero, 2 misure. Ideale per camere, lettura e hotel."
IL-CONFIG-380,"Ideal Lux Frida ap1 propone una soluzione a parete per interni che permette di definire il punto luce senza ingombrare piani o percorsi. La struttura in metallo dona consistenza al punto luce e consente di inserire la lampada con equilibrio in ambienti residenziali o professionali. La collezione comprende 2 configurazioni selezionabili: nelle finiture brunito e rame; nelle dimensioni L 9 × H 21 × P 12 cm. Le potenze previste sono E27 max 1 x 60W, con attacco E27. La dotazione luminosa utilizza sorgenti sostituibili con attacco E27; non è dichiarato un dimmer integrato; l’eventuale regolazione dipende dalla lampadina compatibile e dal comando dell’impianto. È indicata per living, corridoi, scale, camere, reception, uffici, showroom e locali commerciali in cerca di una luce a parete ordinata. La descrizione della collezione evidenzia inoltre: Montatura e copri porta lampade in metallo con finiture brunito e rame. Cavo in tessuto nero.","Ideal Lux Frida ap1 interpreta la lampada da parete per interni come un elemento luminoso capace di unire funzione, proporzioni e presenza estetica. La struttura in metallo dona consistenza al punto luce e consente di inserire la lampada con equilibrio in ambienti residenziali o professionali. La scheda originale della collezione specifica: Montatura e copri porta lampade in metallo con finiture brunito e rame. Cavo in tessuto nero. La scelta della versione è un passaggio importante in un e-commerce di illuminazione, perché consente di coordinare lampada, parete e atmosfera luminosa. La collezione comprende 2 configurazioni selezionabili: nelle finiture brunito e rame; nelle dimensioni L 9 × H 21 × P 12 cm. Le potenze previste sono E27 max 1 x 60W, con attacco E27. La lampada impiega sorgenti sostituibili con attacco E27; non è dichiarato un dimmer integrato; l’eventuale regolazione dipende dalla lampadina compatibile e dal comando dell’impianto. Le differenti finiture consentono di accordare l’applique a pareti chiare o scure, metalli presenti nell’arredo, infissi e complementi, mentre le eventuali variazioni di misura e potenza permettono di dimensionare la presenza luminosa in funzione della parete e del contesto. L’applique è adatta a ingressi, corridoi, scale, soggiorni, zona living, cucina, camera da letto e camerette, sia come punto luce di servizio sia come illuminazione d’accento lungo una parete. Nel mondo professionale può essere scelta per reception, uffici, studi, sale d’attesa, showroom, negozi, ristoranti e camere d’hotel, soprattutto quando si desidera una luce ordinata che non occupi superfici utili. In bagno o in prossimità di aree soggette a umidità, l’installazione va valutata in funzione della posizione prevista e delle indicazioni tecniche del prodotto. Nella progettazione della luce a parete, un apparecchio compatto permette di completare l’illuminazione generale e di evidenziare percorsi, quinte, nicchie, pareti attrezzate o elementi decorativi. Può essere installato da solo come accento oppure ripetuto in sequenza per ottenere uniformità visiva in corridoi, scale e spazi contract. La presenza di più opzioni di finitura o dimensione aiuta inoltre a mantenere lo stesso linguaggio luminoso in ambienti differenti dello stesso progetto. Per chi acquista online lampade da parete Ideal Lux, Frida ap1 rappresenta una proposta da valutare in base a dimensioni disponibili, finitura, sorgente luminosa e tipo di ambiente da illuminare. Le informazioni sulle configurazioni consentono di selezionare la variante più coerente con il progetto, evitando scelte generiche e costruendo un’illuminazione realmente coordinata. Prima della posa è opportuno verificare misure, collegamento elettrico, compatibilità della sorgente quando sostituibile e indicazioni di installazione riportate nella documentazione tecnica del prodotto.","Ideal Lux Frida ap1: lampada da parete per interni con attacco E27. 2 versioni con brunito e rame, formato compatto. Ideale per living, corridoi e contract."
IL-CONFIG-381,"Ideal Lux Gas ap1 è un’applique da parete per interni progettata per un’illuminazione verticale curata e coerente con lo stile dell’ambiente. Il corpo in alluminio e metallo conferisce all’applique un segno architettonico netto, adatto a installazioni coordinate e a pareti dal linguaggio contemporaneo. La collezione comprende 4 configurazioni selezionabili: nelle finiture antracite, bianco, caffè e nero; nelle dimensioni L 11,5 × H 9,5 × P 15 cm. Le potenze previste sono GU10 max 1 x 28W, con attacco GU10. La dotazione luminosa utilizza sorgenti sostituibili con attacco GU10; non è dichiarato un dimmer integrato; l’eventuale regolazione dipende dalla lampadina compatibile e dal comando dell’impianto. Si inserisce con carattere in living, sale da pranzo, ingressi, ristoranti, enoteche e boutique hotel, soprattutto accanto a superfici materiche e arredi caldi. La descrizione della collezione evidenzia inoltre: Corpo luce in alluminio pressofuso verniciato a polveri. Diffusore in vetro temperato trasparente sabbiato. Disponibile nelle finiture antracite, bianco, coffee, grigio o nero.","Ideal Lux Gas ap1 è una lampada da parete per interni concepita per dare qualità all’illuminazione verticale e valorizzare la superficie su cui viene installata. Il corpo in alluminio e metallo conferisce all’applique un segno architettonico netto, adatto a installazioni coordinate e a pareti dal linguaggio contemporaneo. La scheda originale della collezione specifica: Corpo luce in alluminio pressofuso verniciato a polveri. Diffusore in vetro temperato trasparente sabbiato. Disponibile nelle finiture antracite, bianco, coffee, grigio o nero. La scelta della versione è un passaggio importante in un e-commerce di illuminazione, perché consente di coordinare lampada, parete e atmosfera luminosa. La collezione comprende 4 configurazioni selezionabili: nelle finiture antracite, bianco, caffè e nero; nelle dimensioni L 11,5 × H 9,5 × P 15 cm. Le potenze previste sono GU10 max 1 x 28W, con attacco GU10. La lampada impiega sorgenti sostituibili con attacco GU10; non è dichiarato un dimmer integrato; l’eventuale regolazione dipende dalla lampadina compatibile e dal comando dell’impianto. Le differenti finiture consentono di accordare l’applique a pareti chiare o scure, metalli presenti nell’arredo, infissi e complementi, mentre le eventuali variazioni di misura e potenza permettono di dimensionare la presenza luminosa in funzione della parete e del contesto. Il carattere della lampada la rende adatta a soggiorni, sale da pranzo, cucine con materiali naturali, ingressi e corridoi nei quali la parete diventa parte dell’arredo. Trova una collocazione efficace anche in ristoranti, enoteche, bistrot, agriturismi, wine bar, boutique hotel e locali commerciali che desiderano un’illuminazione d’atmosfera coerente con legno, mattoni, metalli e texture materiche. In una composizione ripetuta lungo una parete o un passaggio può costruire un ritmo luminoso distintivo senza occupare spazio a pavimento. Una lampada a parete dal carattere materico permette di lavorare con contrasti e abbinamenti: pareti in mattoni, boiserie, legno, pietra, metalli bruniti o tessuti naturali. La luce può accompagnare tavoli, banconi, nicchie, passaggi e zone degustazione, dando continuità al concept di un locale oppure più calore a una casa. La posa in più punti consente inoltre di creare una sequenza luminosa coerente lungo una parete o un corridoio. Per chi acquista online lampade da parete Ideal Lux, Gas ap1 rappresenta una proposta da valutare in base a dimensioni disponibili, finitura, sorgente luminosa e tipo di ambiente da illuminare. Le informazioni sulle configurazioni consentono di selezionare la variante più coerente con il progetto, evitando scelte generiche e costruendo un’illuminazione realmente coordinata. Prima della posa è opportuno verificare misure, collegamento elettrico, compatibilità della sorgente quando sostituibile e indicazioni di installazione riportate nella documentazione tecnica del prodotto.","Ideal Lux Gas ap1: lampada da parete per interni con attacco GU10. 4 versioni con 4 finiture, formato compatto. Perfetta per living, locali e hospitality."
IL-CONFIG-382,"L’applique Ideal Lux Gea map2 è una lampada da parete per interni pensata per integrare luce e arredo su superfici verticali. La struttura in metallo dona consistenza al punto luce e consente di inserire la lampada con equilibrio in ambienti residenziali o professionali. La collezione comprende 2 configurazioni selezionabili: nelle finiture bianco e nero; nelle dimensioni L 11,5 × H 19,5 × P 12,5 cm. Le potenze previste sono 3W, con attacco E27/LED. La dotazione luminosa utilizza sorgenti sostituibili con attacco E27/LED; non è dichiarato un dimmer integrato; l’eventuale regolazione dipende dalla lampadina compatibile e dal comando dell’impianto. È indicata per living, corridoi, scale, camere, reception, uffici, showroom e locali commerciali in cerca di una luce a parete ordinata.","Con Ideal Lux Gea map2, l’applique da parete per interni diventa uno strumento progettuale: illumina, ordina lo spazio e completa la composizione d’arredo. La struttura in metallo dona consistenza al punto luce e consente di inserire la lampada con equilibrio in ambienti residenziali o professionali. La scelta della versione è un passaggio importante in un e-commerce di illuminazione, perché consente di coordinare lampada, parete e atmosfera luminosa. La collezione comprende 2 configurazioni selezionabili: nelle finiture bianco e nero; nelle dimensioni L 11,5 × H 19,5 × P 12,5 cm. Le potenze previste sono 3W, con attacco E27/LED. La lampada impiega sorgenti sostituibili con attacco E27/LED; non è dichiarato un dimmer integrato; l’eventuale regolazione dipende dalla lampadina compatibile e dal comando dell’impianto. Le differenti finiture consentono di accordare l’applique a pareti chiare o scure, metalli presenti nell’arredo, infissi e complementi, mentre le eventuali variazioni di misura e potenza permettono di dimensionare la presenza luminosa in funzione della parete e del contesto. L’applique è adatta a ingressi, corridoi, scale, soggiorni, zona living, cucina, camera da letto e camerette, sia come punto luce di servizio sia come illuminazione d’accento lungo una parete. Nel mondo professionale può essere scelta per reception, uffici, studi, sale d’attesa, showroom, negozi, ristoranti e camere d’hotel, soprattutto quando si desidera una luce ordinata che non occupi superfici utili. In bagno o in prossimità di aree soggette a umidità, l’installazione va valutata in funzione della posizione prevista e delle indicazioni tecniche del prodotto. Nella progettazione della luce a parete, un apparecchio compatto permette di completare l’illuminazione generale e di evidenziare percorsi, quinte, nicchie, pareti attrezzate o elementi decorativi. Può essere installato da solo come accento oppure ripetuto in sequenza per ottenere uniformità visiva in corridoi, scale e spazi contract. La presenza di più opzioni di finitura o dimensione aiuta inoltre a mantenere lo stesso linguaggio luminoso in ambienti differenti dello stesso progetto. Per chi acquista online lampade da parete Ideal Lux, Gea map2 rappresenta una proposta da valutare in base a dimensioni disponibili, finitura, sorgente luminosa e tipo di ambiente da illuminare. Le informazioni sulle configurazioni consentono di selezionare la variante più coerente con il progetto, evitando scelte generiche e costruendo un’illuminazione realmente coordinata. Prima della posa è opportuno verificare misure, collegamento elettrico, compatibilità della sorgente quando sostituibile e indicazioni di installazione riportate nella documentazione tecnica del prodotto.","Ideal Lux Gea map2: lampada da parete per interni con attacco E27/LED. 2 versioni con bianco e nero, formato compatto. Ideale per living, corridoi e contract."
IL-CONFIG-383,"Ideal Lux Gim ap propone una soluzione a parete per interni che permette di definire il punto luce senza ingombrare piani o percorsi. Il corpo in alluminio e metallo conferisce all’applique un segno architettonico netto, adatto a installazioni coordinate e a pareti dal linguaggio contemporaneo. La collezione comprende 2 configurazioni selezionabili: nelle finiture bianco e nero; nelle dimensioni L 12 × H 12 × P 12 cm. Le potenze previste sono LED 6,5W, con sorgente LED. La dotazione luminosa utilizza sorgente LED integrata e inclusa; la funzione dimmer non è indicata nelle configurazioni standard disponibili. È indicata per living, corridoi, scale, camere, reception, uffici, showroom e locali commerciali in cerca di una luce a parete ordinata. La descrizione della collezione evidenzia inoltre: Montatura in alluminio verniciato a polveri. Diffusore ruotabile con schermo acrilico satinato. Interruttore incorporato. LED integrati.","Ideal Lux Gim ap interpreta la lampada da parete per interni come un elemento luminoso capace di unire funzione, proporzioni e presenza estetica. Il corpo in alluminio e metallo conferisce all’applique un segno architettonico netto, adatto a installazioni coordinate e a pareti dal linguaggio contemporaneo. La scheda originale della collezione specifica: Montatura in alluminio verniciato a polveri. Diffusore ruotabile con schermo acrilico satinato. Interruttore incorporato. LED integrati. La scelta della versione è un passaggio importante in un e-commerce di illuminazione, perché consente di coordinare lampada, parete e atmosfera luminosa. La collezione comprende 2 configurazioni selezionabili: nelle finiture bianco e nero; nelle dimensioni L 12 × H 12 × P 12 cm. Le potenze previste sono LED 6,5W, con sorgente LED. La lampada impiega sorgente LED integrata e inclusa; la funzione dimmer non è indicata nelle configurazioni standard disponibili. Le differenti finiture consentono di accordare l’applique a pareti chiare o scure, metalli presenti nell’arredo, infissi e complementi, mentre le eventuali variazioni di misura e potenza permettono di dimensionare la presenza luminosa in funzione della parete e del contesto. L’applique è adatta a ingressi, corridoi, scale, soggiorni, zona living, cucina, camera da letto e camerette, sia come punto luce di servizio sia come illuminazione d’accento lungo una parete. Nel mondo professionale può essere scelta per reception, uffici, studi, sale d’attesa, showroom, negozi, ristoranti e camere d’hotel, soprattutto quando si desidera una luce ordinata che non occupi superfici utili. In bagno o in prossimità di aree soggette a umidità, l’installazione va valutata in funzione della posizione prevista e delle indicazioni tecniche del prodotto. Nella progettazione della luce a parete, un apparecchio compatto permette di completare l’illuminazione generale e di evidenziare percorsi, quinte, nicchie, pareti attrezzate o elementi decorativi. Può essere installato da solo come accento oppure ripetuto in sequenza per ottenere uniformità visiva in corridoi, scale e spazi contract. La presenza di più opzioni di finitura o dimensione aiuta inoltre a mantenere lo stesso linguaggio luminoso in ambienti differenti dello stesso progetto. Per chi acquista online lampade da parete Ideal Lux, Gim ap rappresenta una proposta da valutare in base a dimensioni disponibili, finitura, sorgente luminosa e tipo di ambiente da illuminare. Le informazioni sulle configurazioni consentono di selezionare la variante più coerente con il progetto, evitando scelte generiche e costruendo un’illuminazione realmente coordinata. Prima della posa è opportuno verificare misure, collegamento elettrico, compatibilità della sorgente quando sostituibile e indicazioni di installazione riportate nella documentazione tecnica del prodotto.","Ideal Lux Gim ap: lampada da parete per interni con LED integrato. 2 versioni con bianco e nero, formato compatto. Ideale per living, corridoi e contract."
IL-CONFIG-384,"Ideal Lux Gioconda ap2 è un’applique da parete per interni progettata per un’illuminazione verticale curata e coerente con lo stile dell’ambiente. La composizione in cristallo, metallo e vetro valorizza riflessi e trasparenze, trasformando il punto luce in un elemento scenografico capace di impreziosire la parete. La collezione comprende 2 configurazioni selezionabili: nelle finiture argento e oro; nelle dimensioni L 31 × H 42,5 × P 21,5 cm. Le potenze previste sono E14 max 2 x 40W, con attacco E14. La dotazione luminosa utilizza sorgenti sostituibili con attacco E14; non è dichiarato un dimmer integrato; l’eventuale regolazione dipende dalla lampadina compatibile e dal comando dell’impianto. È pensata per living, saloni, ingressi, camere, ristoranti, hall e showroom in cui la lampada contribuisce anche alla decorazione della parete. La descrizione della collezione evidenzia inoltre: Corpo luce in fusione di metallo con finitura oro o argento antico. Pendagli ottagonali e tondi in cristallo molato.","Ideal Lux Gioconda ap2 è una lampada da parete per interni concepita per dare qualità all’illuminazione verticale e valorizzare la superficie su cui viene installata. La composizione in cristallo, metallo e vetro valorizza riflessi e trasparenze, trasformando il punto luce in un elemento scenografico capace di impreziosire la parete. La scheda originale della collezione specifica: Corpo luce in fusione di metallo con finitura oro o argento antico. Pendagli ottagonali e tondi in cristallo molato. La scelta della versione è un passaggio importante in un e-commerce di illuminazione, perché consente di coordinare lampada, parete e atmosfera luminosa. La collezione comprende 2 configurazioni selezionabili: nelle finiture argento e oro; nelle dimensioni L 31 × H 42,5 × P 21,5 cm. Le potenze previste sono E14 max 2 x 40W, con attacco E14. La lampada impiega sorgenti sostituibili con attacco E14; non è dichiarato un dimmer integrato; l’eventuale regolazione dipende dalla lampadina compatibile e dal comando dell’impianto. Le differenti finiture consentono di accordare l’applique a pareti chiare o scure, metalli presenti nell’arredo, infissi e complementi, mentre le eventuali variazioni di misura e potenza permettono di dimensionare la presenza luminosa in funzione della parete e del contesto. Pensata per arredare oltre che illuminare, questa applique può valorizzare soggiorno, salone, sala da pranzo, ingresso, vano scala, camera da letto e pareti di rappresentanza della zona living. È indicata anche per hall, reception, ristoranti, boutique, showroom e camere di hotel, dove un dettaglio decorativo a parete contribuisce all’identità dell’ambiente. Installata singolarmente crea un accento visivo; disposta in coppia o in sequenza può incorniciare specchi, consolle, quadri o elementi architettonici, con un risultato più scenografico. La luce decorativa a parete è utile quando l’ambiente richiede profondità visiva e un dettaglio capace di farsi ricordare. In un salone o in una hall, la lampada può essere abbinata a sospensioni e piantane della stessa atmosfera; in un ristorante o showroom può scandire la parete e rafforzare la percezione del progetto. Finiture e materiali diventano così parte della narrazione d’arredo, dal contesto più elegante a quello contemporaneo e ricercato. Per chi acquista online lampade da parete Ideal Lux, Gioconda ap2 rappresenta una proposta da valutare in base a dimensioni disponibili, finitura, sorgente luminosa e tipo di ambiente da illuminare. Le informazioni sulle configurazioni consentono di selezionare la variante più coerente con il progetto, evitando scelte generiche e costruendo un’illuminazione realmente coordinata. Prima della posa è opportuno verificare misure, collegamento elettrico, compatibilità della sorgente quando sostituibile e indicazioni di installazione riportate nella documentazione tecnica del prodotto.","Ideal Lux Gioconda ap2: lampada da parete per interni con attacco E14. 2 versioni con argento e oro, formato compatto. Ideale per living, hall e ristoranti."
IL-CONFIG-385,"L’applique Ideal Lux Giove ap1 è una lampada da parete per esterni pensata per integrare luce e arredo su superfici verticali. Il corpo in alluminio e metallo conferisce all’applique un segno architettonico netto, adatto a installazioni coordinate e a pareti dal linguaggio contemporaneo. La collezione comprende 5 configurazioni selezionabili: nelle finiture antracite, bianco, caffè, grigio e nero; nelle dimensioni L 33 × H 8 × P 10 cm. Le potenze previste sono E27 max 1 x 60W, con attacco E27. La dotazione luminosa utilizza sorgenti sostituibili con attacco E27; non è dichiarato un dimmer integrato; l’eventuale regolazione dipende dalla lampadina compatibile e dal comando dell’impianto. È una scelta indicata per facciate, ingressi, balconi, terrazze, portici, percorsi esterni, dehors e pareti in giardino, nel rispetto delle condizioni di installazione previste. La descrizione della collezione evidenzia inoltre: Corpo luce in alluminio pressofuso verniciato a polveri. Doppio diffusore, superiore e inferiore, in vetro temperato trasparente sabbiato. Disponibile nelle finiture antracite, bianco, coffee, grigio o nero.","Con Ideal Lux Giove ap1, l’applique da parete per esterni diventa uno strumento progettuale: illumina, ordina lo spazio e completa la composizione d’arredo. Il corpo in alluminio e metallo conferisce all’applique un segno architettonico netto, adatto a installazioni coordinate e a pareti dal linguaggio contemporaneo. La scheda originale della collezione specifica: Corpo luce in alluminio pressofuso verniciato a polveri. Doppio diffusore, superiore e inferiore, in vetro temperato trasparente sabbiato. Disponibile nelle finiture antracite, bianco, coffee, grigio o nero. La scelta della versione è un passaggio importante in un e-commerce di illuminazione, perché consente di coordinare lampada, parete e atmosfera luminosa. La collezione comprende 5 configurazioni selezionabili: nelle finiture antracite, bianco, caffè, grigio e nero; nelle dimensioni L 33 × H 8 × P 10 cm. Le potenze previste sono E27 max 1 x 60W, con attacco E27. La lampada impiega sorgenti sostituibili con attacco E27; non è dichiarato un dimmer integrato; l’eventuale regolazione dipende dalla lampadina compatibile e dal comando dell’impianto. Le differenti finiture consentono di accordare l’applique a pareti chiare o scure, metalli presenti nell’arredo, infissi e complementi, mentre le eventuali variazioni di misura e potenza permettono di dimensionare la presenza luminosa in funzione della parete e del contesto. Come applique da parete per esterni è indicata per illuminare ingressi, facciate, balconi, terrazze coperte o scoperte in base alla corretta installazione, portici, pergolati e dehors di ristoranti, bar o strutture ricettive. Può accompagnare vialetti, camminamenti, accessi carrabili, muri perimetrali, zone di passaggio in giardino e aree parcheggio, creando riferimenti luminosi lungo il percorso e rendendo più accogliente l’arrivo serale. Nei progetti outdoor vicino a piscine o in aree particolarmente esposte, collocazione, collegamento e manutenzione vanno sempre valutati secondo la scheda tecnica e le norme applicabili. In un progetto di illuminazione esterna a parete, la posizione dell’apparecchio incide sia sulla resa estetica sia sulla fruibilità degli spazi: vicino alla porta rende riconoscibile l’accesso, lungo un passaggio aiuta a leggere il percorso, su una facciata disegna un ritmo luminoso coerente. Una serie di applique coordinate può collegare ingresso, terrazza e giardino, mentre una singola installazione può sottolineare un numero civico, una nicchia o un’area conversazione outdoor. La scelta della temperatura colore, quando disponibile, permette di privilegiare un’atmosfera più accogliente oppure una percezione più nitida dei dettagli. Per chi acquista online lampade da parete Ideal Lux, Giove ap1 rappresenta una proposta da valutare in base a dimensioni disponibili, finitura, sorgente luminosa e tipo di ambiente da illuminare. Le informazioni sulle configurazioni consentono di selezionare la variante più coerente con il progetto, evitando scelte generiche e costruendo un’illuminazione realmente coordinata. Prima della posa è opportuno verificare misure, collegamento elettrico, compatibilità della sorgente quando sostituibile e indicazioni di installazione riportate nella documentazione tecnica del prodotto.","Ideal Lux Giove ap1: lampada da parete per esterni con attacco E27. 5 versioni con 5 finiture, formato compatto. Ideale per ingressi, terrazze e giardini."
IL-CONFIG-386,"Ideal Lux Goose ap propone una soluzione a parete per interni che permette di definire il punto luce senza ingombrare piani o percorsi. La costruzione in metallo e plexiglas è pensata per un profilo ordinato e una diffusione uniforme, adatta a progetti nei quali la luce deve accompagnare l’architettura senza appesantirla. La collezione comprende 2 configurazioni selezionabili: nelle finiture bianco e nero; nelle dimensioni L 6 × H 18,5 × P 30 cm. Le potenze previste sono LED 3W, con sorgente LED. La dotazione luminosa utilizza sorgente LED integrata e inclusa; la funzione dimmer non è indicata nelle configurazioni standard disponibili. È indicata per living, corridoi, scale, camere, reception, uffici, showroom e locali commerciali in cerca di una luce a parete ordinata. La descrizione della collezione evidenzia inoltre: Montatura e diffusore in fusione d'alluminio verniciato a polveri con colori opachi. Braccio flessibile rivestito in gomma siliconica.","Ideal Lux Goose ap interpreta la lampada da parete per interni come un elemento luminoso capace di unire funzione, proporzioni e presenza estetica. La costruzione in metallo e plexiglas è pensata per un profilo ordinato e una diffusione uniforme, adatta a progetti nei quali la luce deve accompagnare l’architettura senza appesantirla. La scheda originale della collezione specifica: Montatura e diffusore in fusione d'alluminio verniciato a polveri con colori opachi. Braccio flessibile rivestito in gomma siliconica. La scelta della versione è un passaggio importante in un e-commerce di illuminazione, perché consente di coordinare lampada, parete e atmosfera luminosa. La collezione comprende 2 configurazioni selezionabili: nelle finiture bianco e nero; nelle dimensioni L 6 × H 18,5 × P 30 cm. Le potenze previste sono LED 3W, con sorgente LED. La lampada impiega sorgente LED integrata e inclusa; la funzione dimmer non è indicata nelle configurazioni standard disponibili. Le differenti finiture consentono di accordare l’applique a pareti chiare o scure, metalli presenti nell’arredo, infissi e complementi, mentre le eventuali variazioni di misura e potenza permettono di dimensionare la presenza luminosa in funzione della parete e del contesto. L’applique è adatta a ingressi, corridoi, scale, soggiorni, zona living, cucina, camera da letto e camerette, sia come punto luce di servizio sia come illuminazione d’accento lungo una parete. Nel mondo professionale può essere scelta per reception, uffici, studi, sale d’attesa, showroom, negozi, ristoranti e camere d’hotel, soprattutto quando si desidera una luce ordinata che non occupi superfici utili. In bagno o in prossimità di aree soggette a umidità, l’installazione va valutata in funzione della posizione prevista e delle indicazioni tecniche del prodotto. Nella progettazione della luce a parete, un apparecchio compatto permette di completare l’illuminazione generale e di evidenziare percorsi, quinte, nicchie, pareti attrezzate o elementi decorativi. Può essere installato da solo come accento oppure ripetuto in sequenza per ottenere uniformità visiva in corridoi, scale e spazi contract. La presenza di più opzioni di finitura o dimensione aiuta inoltre a mantenere lo stesso linguaggio luminoso in ambienti differenti dello stesso progetto. Per chi acquista online lampade da parete Ideal Lux, Goose ap rappresenta una proposta da valutare in base a dimensioni disponibili, finitura, sorgente luminosa e tipo di ambiente da illuminare. Le informazioni sulle configurazioni consentono di selezionare la variante più coerente con il progetto, evitando scelte generiche e costruendo un’illuminazione realmente coordinata. Prima della posa è opportuno verificare misure, collegamento elettrico, compatibilità della sorgente quando sostituibile e indicazioni di installazione riportate nella documentazione tecnica del prodotto.","Ideal Lux Goose ap: lampada da parete per interni con LED integrato. 2 versioni con bianco e nero, formato compatto. Ideale per living, corridoi e contract."
IL-CONFIG-387,"Ideal Lux Gun ap2 big è un’applique da parete per esterni progettata per un’illuminazione verticale curata e coerente con lo stile dell’ambiente. Il corpo in alluminio e metallo conferisce all’applique un segno architettonico netto, adatto a installazioni coordinate e a pareti dal linguaggio contemporaneo. La collezione comprende 12 configurazioni selezionabili: nelle finiture alluminio, antracite, bianco, caffè, grigio e nero; nelle dimensioni L 11 × H 31 × P 15 cm e L 6,5 × H 21 × P 11 cm. Le potenze previste sono E27 max 2 x 60W e GU10 max 2 x 35W, con attacco E27 e GU10. In dettaglio: L 11 × H 31 × P 15 cm con E27 max 2 x 60W; L 6,5 × H 21 × P 11 cm con GU10 max 2 x 35W. La dotazione luminosa utilizza sorgenti sostituibili con attacco E27 e GU10; non è dichiarato un dimmer integrato; l’eventuale regolazione dipende dalla lampadina compatibile e dal comando dell’impianto. È una scelta indicata per facciate, ingressi, balconi, terrazze, portici, percorsi esterni, dehors e pareti in giardino, nel rispetto delle condizioni di installazione previste. La descrizione della collezione evidenzia inoltre: Corpo luce in alluminio con finitura naturale spazzolata o in vernice con varie finiture. Diffusore in vetro pirex trasparente. Emissione luce sopra e sotto.","Ideal Lux Gun ap2 big è una lampada da parete per esterni concepita per dare qualità all’illuminazione verticale e valorizzare la superficie su cui viene installata. Il corpo in alluminio e metallo conferisce all’applique un segno architettonico netto, adatto a installazioni coordinate e a pareti dal linguaggio contemporaneo. La scheda originale della collezione specifica: Corpo luce in alluminio con finitura naturale spazzolata o in vernice con varie finiture. Diffusore in vetro pirex trasparente. Emissione luce sopra e sotto. La scelta della versione è un passaggio importante in un e-commerce di illuminazione, perché consente di coordinare lampada, parete e atmosfera luminosa. La collezione comprende 12 configurazioni selezionabili: nelle finiture alluminio, antracite, bianco, caffè, grigio e nero; nelle dimensioni L 11 × H 31 × P 15 cm e L 6,5 × H 21 × P 11 cm. Le potenze previste sono E27 max 2 x 60W e GU10 max 2 x 35W, con attacco E27 e GU10. In dettaglio: L 11 × H 31 × P 15 cm con E27 max 2 x 60W; L 6,5 × H 21 × P 11 cm con GU10 max 2 x 35W. La lampada impiega sorgenti sostituibili con attacco E27 e GU10; non è dichiarato un dimmer integrato; l’eventuale regolazione dipende dalla lampadina compatibile e dal comando dell’impianto. Le differenti finiture consentono di accordare l’applique a pareti chiare o scure, metalli presenti nell’arredo, infissi e complementi, mentre le eventuali variazioni di misura e potenza permettono di dimensionare la presenza luminosa in funzione della parete e del contesto. Come applique da parete per esterni è indicata per illuminare ingressi, facciate, balconi, terrazze coperte o scoperte in base alla corretta installazione, portici, pergolati e dehors di ristoranti, bar o strutture ricettive. Può accompagnare vialetti, camminamenti, accessi carrabili, muri perimetrali, zone di passaggio in giardino e aree parcheggio, creando riferimenti luminosi lungo il percorso e rendendo più accogliente l’arrivo serale. Nei progetti outdoor vicino a piscine o in aree particolarmente esposte, collocazione, collegamento e manutenzione vanno sempre valutati secondo la scheda tecnica e le norme applicabili. In un progetto di illuminazione esterna a parete, la posizione dell’apparecchio incide sia sulla resa estetica sia sulla fruibilità degli spazi: vicino alla porta rende riconoscibile l’accesso, lungo un passaggio aiuta a leggere il percorso, su una facciata disegna un ritmo luminoso coerente. Una serie di applique coordinate può collegare ingresso, terrazza e giardino, mentre una singola installazione può sottolineare un numero civico, una nicchia o un’area conversazione outdoor. La scelta della temperatura colore, quando disponibile, permette di privilegiare un’atmosfera più accogliente oppure una percezione più nitida dei dettagli. Per chi acquista online lampade da parete Ideal Lux, Gun ap2 big rappresenta una proposta da valutare in base a dimensioni disponibili, finitura, sorgente luminosa e tipo di ambiente da illuminare. Le informazioni sulle configurazioni consentono di selezionare la variante più coerente con il progetto, evitando scelte generiche e costruendo un’illuminazione realmente coordinata. Prima della posa è opportuno verificare misure, collegamento elettrico, compatibilità della sorgente quando sostituibile e indicazioni di installazione riportate nella documentazione tecnica del prodotto.","Ideal Lux Gun ap2 big: lampada da parete per esterni con attacco E27 e GU10. 12 versioni con 6 finiture, 2 misure. Ideale per ingressi, terrazze e giardini."
IL-CONFIG-388,"L’applique Ideal Lux Harem ap1 è una lampada da parete per interni pensata per integrare luce e arredo su superfici verticali. La combinazione di metallo e vetro unisce struttura e trasparenza: il vetro contribuisce a rendere l’emissione luminosa più curata e il punto luce più decorativo. La configurazione disponibile è unica: nelle finiture brunito; nelle dimensioni L 16,5 × H 53 × P 26 cm. Le potenze previste sono E27 max 1 x 42W, con attacco E27. La dotazione luminosa utilizza sorgenti sostituibili con attacco E27; non è dichiarato un dimmer integrato; l’eventuale regolazione dipende dalla lampadina compatibile e dal comando dell’impianto. È pensata per living, saloni, ingressi, camere, ristoranti, hall e showroom in cui la lampada contribuisce anche alla decorazione della parete. La descrizione della collezione evidenzia inoltre: Montatura in metallo brunito con decori in rilievo e cristalli incastonati. Diffusore in vetro soffiato leggermente ambrato. Pendaglio a nappa.","Con Ideal Lux Harem ap1, l’applique da parete per interni diventa uno strumento progettuale: illumina, ordina lo spazio e completa la composizione d’arredo. La combinazione di metallo e vetro unisce struttura e trasparenza: il vetro contribuisce a rendere l’emissione luminosa più curata e il punto luce più decorativo. La scheda originale della collezione specifica: Montatura in metallo brunito con decori in rilievo e cristalli incastonati. Diffusore in vetro soffiato leggermente ambrato. Pendaglio a nappa. La scelta della versione è un passaggio importante in un e-commerce di illuminazione, perché consente di coordinare lampada, parete e atmosfera luminosa. La configurazione disponibile è unica: nelle finiture brunito; nelle dimensioni L 16,5 × H 53 × P 26 cm. Le potenze previste sono E27 max 1 x 42W, con attacco E27. La lampada impiega sorgenti sostituibili con attacco E27; non è dichiarato un dimmer integrato; l’eventuale regolazione dipende dalla lampadina compatibile e dal comando dell’impianto. Le differenti finiture consentono di accordare l’applique a pareti chiare o scure, metalli presenti nell’arredo, infissi e complementi, mentre le eventuali variazioni di misura e potenza permettono di dimensionare la presenza luminosa in funzione della parete e del contesto. Pensata per arredare oltre che illuminare, questa applique può valorizzare soggiorno, salone, sala da pranzo, ingresso, vano scala, camera da letto e pareti di rappresentanza della zona living. È indicata anche per hall, reception, ristoranti, boutique, showroom e camere di hotel, dove un dettaglio decorativo a parete contribuisce all’identità dell’ambiente. Installata singolarmente crea un accento visivo; disposta in coppia o in sequenza può incorniciare specchi, consolle, quadri o elementi architettonici, con un risultato più scenografico. La luce decorativa a parete è utile quando l’ambiente richiede profondità visiva e un dettaglio capace di farsi ricordare. In un salone o in una hall, la lampada può essere abbinata a sospensioni e piantane della stessa atmosfera; in un ristorante o showroom può scandire la parete e rafforzare la percezione del progetto. Finiture e materiali diventano così parte della narrazione d’arredo, dal contesto più elegante a quello contemporaneo e ricercato. Per chi acquista online lampade da parete Ideal Lux, Harem ap1 rappresenta una proposta da valutare in base a dimensioni disponibili, finitura, sorgente luminosa e tipo di ambiente da illuminare. Le informazioni sulle configurazioni consentono di selezionare la variante più coerente con il progetto, evitando scelte generiche e costruendo un’illuminazione realmente coordinata. Prima della posa è opportuno verificare misure, collegamento elettrico, compatibilità della sorgente quando sostituibile e indicazioni di installazione riportate nella documentazione tecnica del prodotto.","Scopri Ideal Lux Harem ap1, applique da parete per interni con attacco E27. 1 versioni con brunito, formato compatto. Ideale per living, hall e ristoranti."
IL-CONFIG-389,"Ideal Lux Hotel ap2 propone una soluzione a parete per interni che permette di definire il punto luce senza ingombrare piani o percorsi. I materiali indicati, metallo e tessuto, favoriscono una presenza calda e decorativa: la componente tessile ammorbidisce la percezione della luce e rende l’applique accogliente. La collezione comprende 3 configurazioni selezionabili: nelle finiture bianco, canvas e nero; nelle dimensioni L 32 × H 22,5 × P 11 cm. Le potenze previste sono E27/LED max 1 x 60W / 1.5W, con attacco E27/LED. La dotazione luminosa utilizza sorgenti sostituibili con attacco E27/LED; non è dichiarato un dimmer integrato; l’eventuale regolazione dipende dalla lampadina compatibile e dal comando dell’impianto. È adatta accanto al letto, in una zona lettura, in corridoio o in una camera d’hotel, dove l’illuminazione a parete libera il comodino e rende il progetto più ordinato.","Ideal Lux Hotel ap2 interpreta la lampada da parete per interni come un elemento luminoso capace di unire funzione, proporzioni e presenza estetica. I materiali indicati, metallo e tessuto, favoriscono una presenza calda e decorativa: la componente tessile ammorbidisce la percezione della luce e rende l’applique accogliente. La scelta della versione è un passaggio importante in un e-commerce di illuminazione, perché consente di coordinare lampada, parete e atmosfera luminosa. La collezione comprende 3 configurazioni selezionabili: nelle finiture bianco, canvas e nero; nelle dimensioni L 32 × H 22,5 × P 11 cm. Le potenze previste sono E27/LED max 1 x 60W / 1.5W, con attacco E27/LED. La lampada impiega sorgenti sostituibili con attacco E27/LED; non è dichiarato un dimmer integrato; l’eventuale regolazione dipende dalla lampadina compatibile e dal comando dell’impianto. Le differenti finiture consentono di accordare l’applique a pareti chiare o scure, metalli presenti nell’arredo, infissi e complementi, mentre le eventuali variazioni di misura e potenza permettono di dimensionare la presenza luminosa in funzione della parete e del contesto. La sua collocazione ideale è accanto al letto, dietro una testata, lungo una parete di lettura o vicino a una poltrona, dove l’applique consente di liberare i piani d’appoggio e organizzare la luce con precisione. È una soluzione convincente per camere da letto, camerette, corridoi, scale e piccoli ingressi, oltre che per hotel, bed & breakfast, residence e aree lounge in cui ogni postazione richiede comfort e ordine visivo. Può inoltre affiancare una scrivania o una nicchia decorativa, contribuendo a una luce stratificata e piacevole. L’installazione a parete consente di lasciare libero il comodino o la consolle e di ottenere una luce supplementare esattamente dove serve. In una camera la lampada può lavorare insieme alla luce generale, costruendo un’atmosfera più rilassata; in una struttura ricettiva offre all’ospite una postazione ordinata e intuitiva. In un corridoio o in una nicchia, la stessa applique diventa un accento luminoso discreto che accompagna il percorso e completa la parete. Per chi acquista online lampade da parete Ideal Lux, Hotel ap2 rappresenta una proposta da valutare in base a dimensioni disponibili, finitura, sorgente luminosa e tipo di ambiente da illuminare. Le informazioni sulle configurazioni consentono di selezionare la variante più coerente con il progetto, evitando scelte generiche e costruendo un’illuminazione realmente coordinata. Prima della posa è opportuno verificare misure, collegamento elettrico, compatibilità della sorgente quando sostituibile e indicazioni di installazione riportate nella documentazione tecnica del prodotto.","Ideal Lux Hotel ap2: applique da parete per interni con attacco E27/LED, bianco, canvas e nero e formato compatto. Ideale per camere, lettura e hotel."
IL-CONFIG-390,"Ideal Lux Hotel ap2 totale è un’applique da parete per interni progettata per un’illuminazione verticale curata e coerente con lo stile dell’ambiente. I materiali indicati, metallo e tessuto, favoriscono una presenza calda e decorativa: la componente tessile ammorbidisce la percezione della luce e rende l’applique accogliente. La collezione comprende 2 configurazioni selezionabili: nelle finiture bianco e nero; nelle dimensioni L 32 × H 22,5 × P 11 cm. Le potenze previste sono E27/LED max 1 x 60W / 1.5W, con attacco E27/LED. La dotazione luminosa utilizza sorgenti sostituibili con attacco E27/LED; non è dichiarato un dimmer integrato; l’eventuale regolazione dipende dalla lampadina compatibile e dal comando dell’impianto. È adatta accanto al letto, in una zona lettura, in corridoio o in una camera d’hotel, dove l’illuminazione a parete libera il comodino e rende il progetto più ordinato.","Ideal Lux Hotel ap2 totale è una lampada da parete per interni concepita per dare qualità all’illuminazione verticale e valorizzare la superficie su cui viene installata. I materiali indicati, metallo e tessuto, favoriscono una presenza calda e decorativa: la componente tessile ammorbidisce la percezione della luce e rende l’applique accogliente. La scelta della versione è un passaggio importante in un e-commerce di illuminazione, perché consente di coordinare lampada, parete e atmosfera luminosa. La collezione comprende 2 configurazioni selezionabili: nelle finiture bianco e nero; nelle dimensioni L 32 × H 22,5 × P 11 cm. Le potenze previste sono E27/LED max 1 x 60W / 1.5W, con attacco E27/LED. La lampada impiega sorgenti sostituibili con attacco E27/LED; non è dichiarato un dimmer integrato; l’eventuale regolazione dipende dalla lampadina compatibile e dal comando dell’impianto. Le differenti finiture consentono di accordare l’applique a pareti chiare o scure, metalli presenti nell’arredo, infissi e complementi, mentre le eventuali variazioni di misura e potenza permettono di dimensionare la presenza luminosa in funzione della parete e del contesto. La sua collocazione ideale è accanto al letto, dietro una testata, lungo una parete di lettura o vicino a una poltrona, dove l’applique consente di liberare i piani d’appoggio e organizzare la luce con precisione. È una soluzione convincente per camere da letto, camerette, corridoi, scale e piccoli ingressi, oltre che per hotel, bed & breakfast, residence e aree lounge in cui ogni postazione richiede comfort e ordine visivo. Può inoltre affiancare una scrivania o una nicchia decorativa, contribuendo a una luce stratificata e piacevole. L’installazione a parete consente di lasciare libero il comodino o la consolle e di ottenere una luce supplementare esattamente dove serve. In una camera la lampada può lavorare insieme alla luce generale, costruendo un’atmosfera più rilassata; in una struttura ricettiva offre all’ospite una postazione ordinata e intuitiva. In un corridoio o in una nicchia, la stessa applique diventa un accento luminoso discreto che accompagna il percorso e completa la parete. Per chi acquista online lampade da parete Ideal Lux, Hotel ap2 totale rappresenta una proposta da valutare in base a dimensioni disponibili, finitura, sorgente luminosa e tipo di ambiente da illuminare. Le informazioni sulle configurazioni consentono di selezionare la variante più coerente con il progetto, evitando scelte generiche e costruendo un’illuminazione realmente coordinata. Prima della posa è opportuno verificare misure, collegamento elettrico, compatibilità della sorgente quando sostituibile e indicazioni di installazione riportate nella documentazione tecnica del prodotto.","Ideal Lux Hotel ap2 totale: applique da parete per interni con attacco E27/LED, bianco e nero e formato compatto. Ideale per camere, lettura e hotel. Luce."
IL-CONFIG-391,"L’applique Ideal Lux Iko ap1 è una lampada da parete per esterni pensata per integrare luce e arredo su superfici verticali. La struttura in metallo dona consistenza al punto luce e consente di inserire la lampada con equilibrio in ambienti residenziali o professionali. La collezione comprende 3 configurazioni selezionabili: nelle finiture antracite, bianco e grigio; nelle dimensioni L 17 × H 7 × P 19,2 cm. Le potenze previste sono E27 max 1 x 60W, con attacco E27. La dotazione luminosa utilizza sorgenti sostituibili con attacco E27; non è dichiarato un dimmer integrato; l’eventuale regolazione dipende dalla lampadina compatibile e dal comando dell’impianto. È una scelta indicata per facciate, ingressi, balconi, terrazze, portici, percorsi esterni, dehors e pareti in giardino, nel rispetto delle condizioni di installazione previste. La descrizione della collezione evidenzia inoltre: Corpo luce in alluminio pressofuso verniciato a polveri. Doppio diffusore, superiore e inferiore, in vetro temperato trasparente e sabbiato. Disponibile nelle finiture antracite, bianco o grigio.","Con Ideal Lux Iko ap1, l’applique da parete per esterni diventa uno strumento progettuale: illumina, ordina lo spazio e completa la composizione d’arredo. La struttura in metallo dona consistenza al punto luce e consente di inserire la lampada con equilibrio in ambienti residenziali o professionali. La scheda originale della collezione specifica: Corpo luce in alluminio pressofuso verniciato a polveri. Doppio diffusore, superiore e inferiore, in vetro temperato trasparente e sabbiato. Disponibile nelle finiture antracite, bianco o grigio. La scelta della versione è un passaggio importante in un e-commerce di illuminazione, perché consente di coordinare lampada, parete e atmosfera luminosa. La collezione comprende 3 configurazioni selezionabili: nelle finiture antracite, bianco e grigio; nelle dimensioni L 17 × H 7 × P 19,2 cm. Le potenze previste sono E27 max 1 x 60W, con attacco E27. La lampada impiega sorgenti sostituibili con attacco E27; non è dichiarato un dimmer integrato; l’eventuale regolazione dipende dalla lampadina compatibile e dal comando dell’impianto. Le differenti finiture consentono di accordare l’applique a pareti chiare o scure, metalli presenti nell’arredo, infissi e complementi, mentre le eventuali variazioni di misura e potenza permettono di dimensionare la presenza luminosa in funzione della parete e del contesto. Come applique da parete per esterni è indicata per illuminare ingressi, facciate, balconi, terrazze coperte o scoperte in base alla corretta installazione, portici, pergolati e dehors di ristoranti, bar o strutture ricettive. Può accompagnare vialetti, camminamenti, accessi carrabili, muri perimetrali, zone di passaggio in giardino e aree parcheggio, creando riferimenti luminosi lungo il percorso e rendendo più accogliente l’arrivo serale. Nei progetti outdoor vicino a piscine o in aree particolarmente esposte, collocazione, collegamento e manutenzione vanno sempre valutati secondo la scheda tecnica e le norme applicabili. In un progetto di illuminazione esterna a parete, la posizione dell’apparecchio incide sia sulla resa estetica sia sulla fruibilità degli spazi: vicino alla porta rende riconoscibile l’accesso, lungo un passaggio aiuta a leggere il percorso, su una facciata disegna un ritmo luminoso coerente. Una serie di applique coordinate può collegare ingresso, terrazza e giardino, mentre una singola installazione può sottolineare un numero civico, una nicchia o un’area conversazione outdoor. La scelta della temperatura colore, quando disponibile, permette di privilegiare un’atmosfera più accogliente oppure una percezione più nitida dei dettagli. Per chi acquista online lampade da parete Ideal Lux, Iko ap1 rappresenta una proposta da valutare in base a dimensioni disponibili, finitura, sorgente luminosa e tipo di ambiente da illuminare. Le informazioni sulle configurazioni consentono di selezionare la variante più coerente con il progetto, evitando scelte generiche e costruendo un’illuminazione realmente coordinata. Prima della posa è opportuno verificare misure, collegamento elettrico, compatibilità della sorgente quando sostituibile e indicazioni di installazione riportate nella documentazione tecnica del prodotto.","Ideal Lux Iko ap1: applique da parete per esterni con attacco E27, antracite, bianco e grigio e formato compatto. Ideale per ingressi, terrazze e giardini."
IL-CONFIG-392,"Ideal Lux Io ap propone una soluzione a parete per interni che permette di definire il punto luce senza ingombrare piani o percorsi. Il corpo in alluminio e metallo conferisce all’applique un segno architettonico netto, adatto a installazioni coordinate e a pareti dal linguaggio contemporaneo. La collezione comprende 2 configurazioni selezionabili: nelle finiture bianco e nero; nelle dimensioni L 4,5 × H 12 × P 26 cm. Le potenze previste sono LED 3W, con sorgente LED. La dotazione luminosa utilizza sorgente LED integrata e inclusa; la funzione dimmer non è indicata nelle configurazioni standard disponibili. È indicata per living, corridoi, scale, camere, reception, uffici, showroom e locali commerciali in cerca di una luce a parete ordinata.","Ideal Lux Io ap interpreta la lampada da parete per interni come un elemento luminoso capace di unire funzione, proporzioni e presenza estetica. Il corpo in alluminio e metallo conferisce all’applique un segno architettonico netto, adatto a installazioni coordinate e a pareti dal linguaggio contemporaneo. La scelta della versione è un passaggio importante in un e-commerce di illuminazione, perché consente di coordinare lampada, parete e atmosfera luminosa. La collezione comprende 2 configurazioni selezionabili: nelle finiture bianco e nero; nelle dimensioni L 4,5 × H 12 × P 26 cm. Le potenze previste sono LED 3W, con sorgente LED. La lampada impiega sorgente LED integrata e inclusa; la funzione dimmer non è indicata nelle configurazioni standard disponibili. Le differenti finiture consentono di accordare l’applique a pareti chiare o scure, metalli presenti nell’arredo, infissi e complementi, mentre le eventuali variazioni di misura e potenza permettono di dimensionare la presenza luminosa in funzione della parete e del contesto. L’applique è adatta a ingressi, corridoi, scale, soggiorni, zona living, cucina, camera da letto e camerette, sia come punto luce di servizio sia come illuminazione d’accento lungo una parete. Nel mondo professionale può essere scelta per reception, uffici, studi, sale d’attesa, showroom, negozi, ristoranti e camere d’hotel, soprattutto quando si desidera una luce ordinata che non occupi superfici utili. In bagno o in prossimità di aree soggette a umidità, l’installazione va valutata in funzione della posizione prevista e delle indicazioni tecniche del prodotto. Nella progettazione della luce a parete, un apparecchio compatto permette di completare l’illuminazione generale e di evidenziare percorsi, quinte, nicchie, pareti attrezzate o elementi decorativi. Può essere installato da solo come accento oppure ripetuto in sequenza per ottenere uniformità visiva in corridoi, scale e spazi contract. La presenza di più opzioni di finitura o dimensione aiuta inoltre a mantenere lo stesso linguaggio luminoso in ambienti differenti dello stesso progetto. Per chi acquista online lampade da parete Ideal Lux, Io ap rappresenta una proposta da valutare in base a dimensioni disponibili, finitura, sorgente luminosa e tipo di ambiente da illuminare. Le informazioni sulle configurazioni consentono di selezionare la variante più coerente con il progetto, evitando scelte generiche e costruendo un’illuminazione realmente coordinata. Prima della posa è opportuno verificare misure, collegamento elettrico, compatibilità della sorgente quando sostituibile e indicazioni di installazione riportate nella documentazione tecnica del prodotto.","Ideal Lux Io ap: lampada da parete per interni con LED integrato. 2 versioni con bianco e nero, formato compatto. Perfetta per living, corridoi e contract."
IL-CONFIG-393,"Ideal Lux Keope ap1 è un’applique da parete per esterni progettata per un’illuminazione verticale curata e coerente con lo stile dell’ambiente. La costruzione in plexiglas e resina è pensata per un profilo ordinato e una diffusione uniforme, adatta a progetti nei quali la luce deve accompagnare l’architettura senza appesantirla. La collezione comprende 4 configurazioni selezionabili: nelle finiture bianco, grigio e nero; nelle dimensioni L 9 × H 16,5 × P 7,5 cm. Le potenze previste sono GU10 max 1 x 6W e GU10 max 2 x 6W, con attacco GU10. La dotazione luminosa utilizza sorgenti sostituibili con attacco GU10; non è dichiarato un dimmer integrato; l’eventuale regolazione dipende dalla lampadina compatibile e dal comando dell’impianto. È una scelta indicata per facciate, ingressi, balconi, terrazze, portici, percorsi esterni, dehors e pareti in giardino, nel rispetto delle condizioni di installazione previste. La descrizione della collezione evidenzia inoltre: Corpo luce e diffusore in resina ad alte prestazioni: inattaccabile dalla corrosione di agenti atmosferici. Resistente a sbalzi termici da -60° C a + 90° C. Diffusori in materiale acrilico trasparente satinato.","Ideal Lux Keope ap1 è una lampada da parete per esterni concepita per dare qualità all’illuminazione verticale e valorizzare la superficie su cui viene installata. La costruzione in plexiglas e resina è pensata per un profilo ordinato e una diffusione uniforme, adatta a progetti nei quali la luce deve accompagnare l’architettura senza appesantirla. La scheda originale della collezione specifica: Corpo luce e diffusore in resina ad alte prestazioni: inattaccabile dalla corrosione di agenti atmosferici. Resistente a sbalzi termici da -60° C a + 90° C. Diffusori in materiale acrilico trasparente satinato. La scelta della versione è un passaggio importante in un e-commerce di illuminazione, perché consente di coordinare lampada, parete e atmosfera luminosa. La collezione comprende 4 configurazioni selezionabili: nelle finiture bianco, grigio e nero; nelle dimensioni L 9 × H 16,5 × P 7,5 cm. Le potenze previste sono GU10 max 1 x 6W e GU10 max 2 x 6W, con attacco GU10. La lampada impiega sorgenti sostituibili con attacco GU10; non è dichiarato un dimmer integrato; l’eventuale regolazione dipende dalla lampadina compatibile e dal comando dell’impianto. Le differenti finiture consentono di accordare l’applique a pareti chiare o scure, metalli presenti nell’arredo, infissi e complementi, mentre le eventuali variazioni di misura e potenza permettono di dimensionare la presenza luminosa in funzione della parete e del contesto. Come applique da parete per esterni è indicata per illuminare ingressi, facciate, balconi, terrazze coperte o scoperte in base alla corretta installazione, portici, pergolati e dehors di ristoranti, bar o strutture ricettive. Può accompagnare vialetti, camminamenti, accessi carrabili, muri perimetrali, zone di passaggio in giardino e aree parcheggio, creando riferimenti luminosi lungo il percorso e rendendo più accogliente l’arrivo serale. Nei progetti outdoor vicino a piscine o in aree particolarmente esposte, collocazione, collegamento e manutenzione vanno sempre valutati secondo la scheda tecnica e le norme applicabili. In un progetto di illuminazione esterna a parete, la posizione dell’apparecchio incide sia sulla resa estetica sia sulla fruibilità degli spazi: vicino alla porta rende riconoscibile l’accesso, lungo un passaggio aiuta a leggere il percorso, su una facciata disegna un ritmo luminoso coerente. Una serie di applique coordinate può collegare ingresso, terrazza e giardino, mentre una singola installazione può sottolineare un numero civico, una nicchia o un’area conversazione outdoor. La scelta della temperatura colore, quando disponibile, permette di privilegiare un’atmosfera più accogliente oppure una percezione più nitida dei dettagli. Per chi acquista online lampade da parete Ideal Lux, Keope ap1 rappresenta una proposta da valutare in base a dimensioni disponibili, finitura, sorgente luminosa e tipo di ambiente da illuminare. Le informazioni sulle configurazioni consentono di selezionare la variante più coerente con il progetto, evitando scelte generiche e costruendo un’illuminazione realmente coordinata. Prima della posa è opportuno verificare misure, collegamento elettrico, compatibilità della sorgente quando sostituibile e indicazioni di installazione riportate nella documentazione tecnica del prodotto.","Ideal Lux Keope ap1: applique da parete per esterni con attacco GU10, bianco, grigio e nero e formato compatto. Ideale per ingressi, terrazze e giardini."
IL-CONFIG-394,"L’applique Ideal Lux Kepler ap3 è una lampada da parete per interni pensata per integrare luce e arredo su superfici verticali. La combinazione di metallo e vetro unisce struttura e trasparenza: il vetro contribuisce a rendere l’emissione luminosa più curata e il punto luce più decorativo. La configurazione disponibile è unica: nelle finiture nero; nelle dimensioni L 38 × H 47 × P 23 cm. Le potenze previste sono E27 max 3 x 42W, con attacco E27. La dotazione luminosa utilizza sorgenti sostituibili con attacco E27; non è dichiarato un dimmer integrato; l’eventuale regolazione dipende dalla lampadina compatibile e dal comando dell’impianto. È indicata per living, corridoi, scale, camere, reception, uffici, showroom e locali commerciali in cerca di una luce a parete ordinata.","Con Ideal Lux Kepler ap3, l’applique da parete per interni diventa uno strumento progettuale: illumina, ordina lo spazio e completa la composizione d’arredo. La combinazione di metallo e vetro unisce struttura e trasparenza: il vetro contribuisce a rendere l’emissione luminosa più curata e il punto luce più decorativo. La scelta della versione è un passaggio importante in un e-commerce di illuminazione, perché consente di coordinare lampada, parete e atmosfera luminosa. La configurazione disponibile è unica: nelle finiture nero; nelle dimensioni L 38 × H 47 × P 23 cm. Le potenze previste sono E27 max 3 x 42W, con attacco E27. La lampada impiega sorgenti sostituibili con attacco E27; non è dichiarato un dimmer integrato; l’eventuale regolazione dipende dalla lampadina compatibile e dal comando dell’impianto. Le differenti finiture consentono di accordare l’applique a pareti chiare o scure, metalli presenti nell’arredo, infissi e complementi, mentre le eventuali variazioni di misura e potenza permettono di dimensionare la presenza luminosa in funzione della parete e del contesto. L’applique è adatta a ingressi, corridoi, scale, soggiorni, zona living, cucina, camera da letto e camerette, sia come punto luce di servizio sia come illuminazione d’accento lungo una parete. Nel mondo professionale può essere scelta per reception, uffici, studi, sale d’attesa, showroom, negozi, ristoranti e camere d’hotel, soprattutto quando si desidera una luce ordinata che non occupi superfici utili. In bagno o in prossimità di aree soggette a umidità, l’installazione va valutata in funzione della posizione prevista e delle indicazioni tecniche del prodotto. Nella progettazione della luce a parete, un apparecchio compatto permette di completare l’illuminazione generale e di evidenziare percorsi, quinte, nicchie, pareti attrezzate o elementi decorativi. Può essere installato da solo come accento oppure ripetuto in sequenza per ottenere uniformità visiva in corridoi, scale e spazi contract. La presenza di più opzioni di finitura o dimensione aiuta inoltre a mantenere lo stesso linguaggio luminoso in ambienti differenti dello stesso progetto. Per chi acquista online lampade da parete Ideal Lux, Kepler ap3 rappresenta una proposta da valutare in base a dimensioni disponibili, finitura, sorgente luminosa e tipo di ambiente da illuminare. Le informazioni sulle configurazioni consentono di selezionare la variante più coerente con il progetto, evitando scelte generiche e costruendo un’illuminazione realmente coordinata. Prima della posa è opportuno verificare misure, collegamento elettrico, compatibilità della sorgente quando sostituibile e indicazioni di installazione riportate nella documentazione tecnica del prodotto.","Scopri Ideal Lux Kepler ap3, applique da parete per interni con attacco E27. 1 versioni con nero, formato compatto. Ideale per living, corridoi e contract."
IL-CONFIG-395,"Ideal Lux Koala ap 3w propone una soluzione a parete per esterni che permette di definire il punto luce senza ingombrare piani o percorsi. Il corpo in alluminio e metallo conferisce all’applique un segno architettonico netto, adatto a installazioni coordinate e a pareti dal linguaggio contemporaneo. La collezione comprende 2 configurazioni selezionabili: nelle finiture nero; nelle dimensioni L 3,9 × H 8,9 × P 6,8 cm e L 4,9 × H 9,9 × P 7,8 cm. Le potenze previste sono 3W e 7W, con sorgente LED. In dettaglio: L 3,9 × H 8,9 × P 6,8 cm con 3W; L 4,9 × H 9,9 × P 7,8 cm con 7W. La dotazione luminosa utilizza sorgente LED integrata e inclusa; la funzione dimmer non è indicata nelle configurazioni standard disponibili. È una scelta indicata per facciate, ingressi, balconi, terrazze, portici, percorsi esterni, dehors e pareti in giardino, nel rispetto delle condizioni di installazione previste.","Ideal Lux Koala ap 3w interpreta la lampada da parete per esterni come un elemento luminoso capace di unire funzione, proporzioni e presenza estetica. Il corpo in alluminio e metallo conferisce all’applique un segno architettonico netto, adatto a installazioni coordinate e a pareti dal linguaggio contemporaneo. La scelta della versione è un passaggio importante in un e-commerce di illuminazione, perché consente di coordinare lampada, parete e atmosfera luminosa. La collezione comprende 2 configurazioni selezionabili: nelle finiture nero; nelle dimensioni L 3,9 × H 8,9 × P 6,8 cm e L 4,9 × H 9,9 × P 7,8 cm. Le potenze previste sono 3W e 7W, con sorgente LED. In dettaglio: L 3,9 × H 8,9 × P 6,8 cm con 3W; L 4,9 × H 9,9 × P 7,8 cm con 7W. La lampada impiega sorgente LED integrata e inclusa; la funzione dimmer non è indicata nelle configurazioni standard disponibili. Le differenti finiture consentono di accordare l’applique a pareti chiare o scure, metalli presenti nell’arredo, infissi e complementi, mentre le eventuali variazioni di misura e potenza permettono di dimensionare la presenza luminosa in funzione della parete e del contesto. Come applique da parete per esterni è indicata per illuminare ingressi, facciate, balconi, terrazze coperte o scoperte in base alla corretta installazione, portici, pergolati e dehors di ristoranti, bar o strutture ricettive. Può accompagnare vialetti, camminamenti, accessi carrabili, muri perimetrali, zone di passaggio in giardino e aree parcheggio, creando riferimenti luminosi lungo il percorso e rendendo più accogliente l’arrivo serale. Nei progetti outdoor vicino a piscine o in aree particolarmente esposte, collocazione, collegamento e manutenzione vanno sempre valutati secondo la scheda tecnica e le norme applicabili. In un progetto di illuminazione esterna a parete, la posizione dell’apparecchio incide sia sulla resa estetica sia sulla fruibilità degli spazi: vicino alla porta rende riconoscibile l’accesso, lungo un passaggio aiuta a leggere il percorso, su una facciata disegna un ritmo luminoso coerente. Una serie di applique coordinate può collegare ingresso, terrazza e giardino, mentre una singola installazione può sottolineare un numero civico, una nicchia o un’area conversazione outdoor. La scelta della temperatura colore, quando disponibile, permette di privilegiare un’atmosfera più accogliente oppure una percezione più nitida dei dettagli. Per chi acquista online lampade da parete Ideal Lux, Koala ap 3w rappresenta una proposta da valutare in base a dimensioni disponibili, finitura, sorgente luminosa e tipo di ambiente da illuminare. Le informazioni sulle configurazioni consentono di selezionare la variante più coerente con il progetto, evitando scelte generiche e costruendo un’illuminazione realmente coordinata. Prima della posa è opportuno verificare misure, collegamento elettrico, compatibilità della sorgente quando sostituibile e indicazioni di installazione riportate nella documentazione tecnica del prodotto.","Scopri Ideal Lux Koala ap 3w, applique da parete per esterni con LED integrato. 2 versioni con nero, 2 misure. Perfetta per ingressi, terrazze e giardini."
IL-CONFIG-396,"Ideal Lux Komodo è un’applique da parete per interni progettata per un’illuminazione verticale curata e coerente con lo stile dell’ambiente. La struttura in metallo dona consistenza al punto luce e consente di inserire la lampada con equilibrio in ambienti residenziali o professionali. La collezione comprende 4 configurazioni selezionabili: nelle finiture bianco e nero; nelle dimensioni L 20 × H 13 × P min 7,5 / max 10,5 cm. Le potenze previste sono 4,5W, con sorgente LED. La dotazione luminosa utilizza sorgente LED integrata e inclusa; la funzione dimmer non è indicata nelle configurazioni standard disponibili. È indicata per living, corridoi, scale, camere, reception, uffici, showroom e locali commerciali in cerca di una luce a parete ordinata.","Ideal Lux Komodo è una lampada da parete per interni concepita per dare qualità all’illuminazione verticale e valorizzare la superficie su cui viene installata. La struttura in metallo dona consistenza al punto luce e consente di inserire la lampada con equilibrio in ambienti residenziali o professionali. La scelta della versione è un passaggio importante in un e-commerce di illuminazione, perché consente di coordinare lampada, parete e atmosfera luminosa. La collezione comprende 4 configurazioni selezionabili: nelle finiture bianco e nero; nelle dimensioni L 20 × H 13 × P min 7,5 / max 10,5 cm. Le potenze previste sono 4,5W, con sorgente LED. La lampada impiega sorgente LED integrata e inclusa; la funzione dimmer non è indicata nelle configurazioni standard disponibili. Le differenti finiture consentono di accordare l’applique a pareti chiare o scure, metalli presenti nell’arredo, infissi e complementi, mentre le eventuali variazioni di misura e potenza permettono di dimensionare la presenza luminosa in funzione della parete e del contesto. L’applique è adatta a ingressi, corridoi, scale, soggiorni, zona living, cucina, camera da letto e camerette, sia come punto luce di servizio sia come illuminazione d’accento lungo una parete. Nel mondo professionale può essere scelta per reception, uffici, studi, sale d’attesa, showroom, negozi, ristoranti e camere d’hotel, soprattutto quando si desidera una luce ordinata che non occupi superfici utili. In bagno o in prossimità di aree soggette a umidità, l’installazione va valutata in funzione della posizione prevista e delle indicazioni tecniche del prodotto. Nella progettazione della luce a parete, un apparecchio compatto permette di completare l’illuminazione generale e di evidenziare percorsi, quinte, nicchie, pareti attrezzate o elementi decorativi. Può essere installato da solo come accento oppure ripetuto in sequenza per ottenere uniformità visiva in corridoi, scale e spazi contract. La presenza di più opzioni di finitura o dimensione aiuta inoltre a mantenere lo stesso linguaggio luminoso in ambienti differenti dello stesso progetto. Per chi acquista online lampade da parete Ideal Lux, Komodo rappresenta una proposta da valutare in base a dimensioni disponibili, finitura, sorgente luminosa e tipo di ambiente da illuminare. Le informazioni sulle configurazioni consentono di selezionare la variante più coerente con il progetto, evitando scelte generiche e costruendo un’illuminazione realmente coordinata. Prima della posa è opportuno verificare misure, collegamento elettrico, compatibilità della sorgente quando sostituibile e indicazioni di installazione riportate nella documentazione tecnica del prodotto.","Ideal Lux Komodo: lampada da parete per interni con LED integrato. 4 versioni con bianco e nero, formato compatto. Ideale per living, corridoi e contract."
IL-CONFIG-397,"L’applique Ideal Lux Linea ap è una lampada da parete per esterni pensata per integrare luce e arredo su superfici verticali. Il corpo in alluminio e metallo conferisce all’applique un segno architettonico netto, adatto a installazioni coordinate e a pareti dal linguaggio contemporaneo. La collezione comprende 8 configurazioni selezionabili: nelle finiture antracite, bianco, caffè e nero; nelle dimensioni L 104 × H 5 × P 5 cm e L 144 × H 5 × P 5 cm. Le potenze previste sono LED 20W e LED 23W, con sorgente LED. In dettaglio: L 104 × H 5 × P 5 cm con LED 20W; L 144 × H 5 × P 5 cm con LED 23W. La dotazione luminosa utilizza sorgente LED integrata e inclusa; la funzione dimmer non è indicata nelle configurazioni standard disponibili. È una scelta indicata per facciate, ingressi, balconi, terrazze, portici, percorsi esterni, dehors e pareti in giardino, nel rispetto delle condizioni di installazione previste.","Con Ideal Lux Linea ap, l’applique da parete per esterni diventa uno strumento progettuale: illumina, ordina lo spazio e completa la composizione d’arredo. Il corpo in alluminio e metallo conferisce all’applique un segno architettonico netto, adatto a installazioni coordinate e a pareti dal linguaggio contemporaneo. La scelta della versione è un passaggio importante in un e-commerce di illuminazione, perché consente di coordinare lampada, parete e atmosfera luminosa. La collezione comprende 8 configurazioni selezionabili: nelle finiture antracite, bianco, caffè e nero; nelle dimensioni L 104 × H 5 × P 5 cm e L 144 × H 5 × P 5 cm. Le potenze previste sono LED 20W e LED 23W, con sorgente LED. In dettaglio: L 104 × H 5 × P 5 cm con LED 20W; L 144 × H 5 × P 5 cm con LED 23W. La lampada impiega sorgente LED integrata e inclusa; la funzione dimmer non è indicata nelle configurazioni standard disponibili. Le differenti finiture consentono di accordare l’applique a pareti chiare o scure, metalli presenti nell’arredo, infissi e complementi, mentre le eventuali variazioni di misura e potenza permettono di dimensionare la presenza luminosa in funzione della parete e del contesto. Come applique da parete per esterni è indicata per illuminare ingressi, facciate, balconi, terrazze coperte o scoperte in base alla corretta installazione, portici, pergolati e dehors di ristoranti, bar o strutture ricettive. Può accompagnare vialetti, camminamenti, accessi carrabili, muri perimetrali, zone di passaggio in giardino e aree parcheggio, creando riferimenti luminosi lungo il percorso e rendendo più accogliente l’arrivo serale. Nei progetti outdoor vicino a piscine o in aree particolarmente esposte, collocazione, collegamento e manutenzione vanno sempre valutati secondo la scheda tecnica e le norme applicabili. In un progetto di illuminazione esterna a parete, la posizione dell’apparecchio incide sia sulla resa estetica sia sulla fruibilità degli spazi: vicino alla porta rende riconoscibile l’accesso, lungo un passaggio aiuta a leggere il percorso, su una facciata disegna un ritmo luminoso coerente. Una serie di applique coordinate può collegare ingresso, terrazza e giardino, mentre una singola installazione può sottolineare un numero civico, una nicchia o un’area conversazione outdoor. La scelta della temperatura colore, quando disponibile, permette di privilegiare un’atmosfera più accogliente oppure una percezione più nitida dei dettagli. Per chi acquista online lampade da parete Ideal Lux, Linea ap rappresenta una proposta da valutare in base a dimensioni disponibili, finitura, sorgente luminosa e tipo di ambiente da illuminare. Le informazioni sulle configurazioni consentono di selezionare la variante più coerente con il progetto, evitando scelte generiche e costruendo un’illuminazione realmente coordinata. Prima della posa è opportuno verificare misure, collegamento elettrico, compatibilità della sorgente quando sostituibile e indicazioni di installazione riportate nella documentazione tecnica del prodotto.","Scopri Ideal Lux Linea ap, applique da parete per esterni con LED integrato. 8 versioni con 4 finiture, 2 misure. Ideale per ingressi, terrazze e giardini."
IL-CONFIG-398,"Ideal Lux Lite ap propone una soluzione a parete per interni che permette di definire il punto luce senza ingombrare piani o percorsi. La struttura in metallo dona consistenza al punto luce e consente di inserire la lampada con equilibrio in ambienti residenziali o professionali. La collezione comprende 3 configurazioni selezionabili: nelle finiture bianco, nero e ottone; nelle dimensioni L 8,5 × H 8,5 × P 9 cm. Le potenze previste sono LED 3W, con sorgente LED. La dotazione luminosa utilizza sorgente LED integrata e inclusa; la funzione dimmer non è indicata nelle configurazioni standard disponibili. È indicata per living, corridoi, scale, camere, reception, uffici, showroom e locali commerciali in cerca di una luce a parete ordinata. La descrizione della collezione evidenzia inoltre: Base e corpo luce in alluminio con finitura bianco, nero, nickel o ottone. Diffusore orientabile. Interruttore incorporato. Installazione ad incasso su scatola di derivazione tipo 502, non inclusa.","Ideal Lux Lite ap interpreta la lampada da parete per interni come un elemento luminoso capace di unire funzione, proporzioni e presenza estetica. La struttura in metallo dona consistenza al punto luce e consente di inserire la lampada con equilibrio in ambienti residenziali o professionali. La scheda originale della collezione specifica: Base e corpo luce in alluminio con finitura bianco, nero, nickel o ottone. Diffusore orientabile. Interruttore incorporato. Installazione ad incasso su scatola di derivazione tipo 502, non inclusa. La scelta della versione è un passaggio importante in un e-commerce di illuminazione, perché consente di coordinare lampada, parete e atmosfera luminosa. La collezione comprende 3 configurazioni selezionabili: nelle finiture bianco, nero e ottone; nelle dimensioni L 8,5 × H 8,5 × P 9 cm. Le potenze previste sono LED 3W, con sorgente LED. La lampada impiega sorgente LED integrata e inclusa; la funzione dimmer non è indicata nelle configurazioni standard disponibili. Le differenti finiture consentono di accordare l’applique a pareti chiare o scure, metalli presenti nell’arredo, infissi e complementi, mentre le eventuali variazioni di misura e potenza permettono di dimensionare la presenza luminosa in funzione della parete e del contesto. L’applique è adatta a ingressi, corridoi, scale, soggiorni, zona living, cucina, camera da letto e camerette, sia come punto luce di servizio sia come illuminazione d’accento lungo una parete. Nel mondo professionale può essere scelta per reception, uffici, studi, sale d’attesa, showroom, negozi, ristoranti e camere d’hotel, soprattutto quando si desidera una luce ordinata che non occupi superfici utili. In bagno o in prossimità di aree soggette a umidità, l’installazione va valutata in funzione della posizione prevista e delle indicazioni tecniche del prodotto. Nella progettazione della luce a parete, un apparecchio compatto permette di completare l’illuminazione generale e di evidenziare percorsi, quinte, nicchie, pareti attrezzate o elementi decorativi. Può essere installato da solo come accento oppure ripetuto in sequenza per ottenere uniformità visiva in corridoi, scale e spazi contract. La presenza di più opzioni di finitura o dimensione aiuta inoltre a mantenere lo stesso linguaggio luminoso in ambienti differenti dello stesso progetto. Per chi acquista online lampade da parete Ideal Lux, Lite ap rappresenta una proposta da valutare in base a dimensioni disponibili, finitura, sorgente luminosa e tipo di ambiente da illuminare. Le informazioni sulle configurazioni consentono di selezionare la variante più coerente con il progetto, evitando scelte generiche e costruendo un’illuminazione realmente coordinata. Prima della posa è opportuno verificare misure, collegamento elettrico, compatibilità della sorgente quando sostituibile e indicazioni di installazione riportate nella documentazione tecnica del prodotto.","Ideal Lux Lite ap: applique da parete per interni con LED integrato, bianco, nero e ottone e formato compatto. Ideale per living, corridoi e contract."
IL-CONFIG-399,"Ideal Lux Litio ap1 è un’applique da parete per esterni progettata per un’illuminazione verticale curata e coerente con lo stile dell’ambiente. La costruzione in plexiglas e resina è pensata per un profilo ordinato e una diffusione uniforme, adatta a progetti nei quali la luce deve accompagnare l’architettura senza appesantirla. La collezione comprende 3 configurazioni selezionabili: nelle finiture bianco, grigio e nero; nelle dimensioni L 15 × H 12 × P 16,5 cm. Le potenze previste sono GX53 max 1 x 10W, con attacco GX53. La dotazione luminosa utilizza sorgenti sostituibili con attacco GX53; non è dichiarato un dimmer integrato; l’eventuale regolazione dipende dalla lampadina compatibile e dal comando dell’impianto. È una scelta indicata per facciate, ingressi, balconi, terrazze, portici, percorsi esterni, dehors e pareti in giardino, nel rispetto delle condizioni di installazione previste.","Ideal Lux Litio ap1 è una lampada da parete per esterni concepita per dare qualità all’illuminazione verticale e valorizzare la superficie su cui viene installata. La costruzione in plexiglas e resina è pensata per un profilo ordinato e una diffusione uniforme, adatta a progetti nei quali la luce deve accompagnare l’architettura senza appesantirla. La scelta della versione è un passaggio importante in un e-commerce di illuminazione, perché consente di coordinare lampada, parete e atmosfera luminosa. La collezione comprende 3 configurazioni selezionabili: nelle finiture bianco, grigio e nero; nelle dimensioni L 15 × H 12 × P 16,5 cm. Le potenze previste sono GX53 max 1 x 10W, con attacco GX53. La lampada impiega sorgenti sostituibili con attacco GX53; non è dichiarato un dimmer integrato; l’eventuale regolazione dipende dalla lampadina compatibile e dal comando dell’impianto. Le differenti finiture consentono di accordare l’applique a pareti chiare o scure, metalli presenti nell’arredo, infissi e complementi, mentre le eventuali variazioni di misura e potenza permettono di dimensionare la presenza luminosa in funzione della parete e del contesto. Come applique da parete per esterni è indicata per illuminare ingressi, facciate, balconi, terrazze coperte o scoperte in base alla corretta installazione, portici, pergolati e dehors di ristoranti, bar o strutture ricettive. Può accompagnare vialetti, camminamenti, accessi carrabili, muri perimetrali, zone di passaggio in giardino e aree parcheggio, creando riferimenti luminosi lungo il percorso e rendendo più accogliente l’arrivo serale. Nei progetti outdoor vicino a piscine o in aree particolarmente esposte, collocazione, collegamento e manutenzione vanno sempre valutati secondo la scheda tecnica e le norme applicabili. In un progetto di illuminazione esterna a parete, la posizione dell’apparecchio incide sia sulla resa estetica sia sulla fruibilità degli spazi: vicino alla porta rende riconoscibile l’accesso, lungo un passaggio aiuta a leggere il percorso, su una facciata disegna un ritmo luminoso coerente. Una serie di applique coordinate può collegare ingresso, terrazza e giardino, mentre una singola installazione può sottolineare un numero civico, una nicchia o un’area conversazione outdoor. La scelta della temperatura colore, quando disponibile, permette di privilegiare un’atmosfera più accogliente oppure una percezione più nitida dei dettagli. Per chi acquista online lampade da parete Ideal Lux, Litio ap1 rappresenta una proposta da valutare in base a dimensioni disponibili, finitura, sorgente luminosa e tipo di ambiente da illuminare. Le informazioni sulle configurazioni consentono di selezionare la variante più coerente con il progetto, evitando scelte generiche e costruendo un’illuminazione realmente coordinata. Prima della posa è opportuno verificare misure, collegamento elettrico, compatibilità della sorgente quando sostituibile e indicazioni di installazione riportate nella documentazione tecnica del prodotto.","Ideal Lux Litio ap1: applique da parete per esterni con attacco GX53, bianco, grigio e nero e formato compatto. Ideale per ingressi, terrazze e giardini."
IL-CONFIG-400,"L’applique Ideal Lux Lolly ap1 è una lampada da parete per esterni pensata per integrare luce e arredo su superfici verticali. La combinazione di alluminio, metallo e vetro unisce struttura e trasparenza: il vetro contribuisce a rendere l’emissione luminosa più curata e il punto luce più decorativo. La collezione comprende 3 configurazioni selezionabili: nelle finiture ambra, grigio e trasparente; nelle dimensioni Ø 10,5 × P 6,9 cm. Le potenze previste sono GX53 max 1 x 9W, con attacco GX53. La dotazione luminosa utilizza sorgenti sostituibili con attacco GX53; non è dichiarato un dimmer integrato; l’eventuale regolazione dipende dalla lampadina compatibile e dal comando dell’impianto. È una scelta indicata per facciate, ingressi, balconi, terrazze, portici, percorsi esterni, dehors e pareti in giardino, nel rispetto delle condizioni di installazione previste.","Con Ideal Lux Lolly ap1, l’applique da parete per esterni diventa uno strumento progettuale: illumina, ordina lo spazio e completa la composizione d’arredo. La combinazione di alluminio, metallo e vetro unisce struttura e trasparenza: il vetro contribuisce a rendere l’emissione luminosa più curata e il punto luce più decorativo. La scelta della versione è un passaggio importante in un e-commerce di illuminazione, perché consente di coordinare lampada, parete e atmosfera luminosa. La collezione comprende 3 configurazioni selezionabili: nelle finiture ambra, grigio e trasparente; nelle dimensioni Ø 10,5 × P 6,9 cm. Le potenze previste sono GX53 max 1 x 9W, con attacco GX53. La lampada impiega sorgenti sostituibili con attacco GX53; non è dichiarato un dimmer integrato; l’eventuale regolazione dipende dalla lampadina compatibile e dal comando dell’impianto. Le differenti finiture consentono di accordare l’applique a pareti chiare o scure, metalli presenti nell’arredo, infissi e complementi, mentre le eventuali variazioni di misura e potenza permettono di dimensionare la presenza luminosa in funzione della parete e del contesto. Come applique da parete per esterni è indicata per illuminare ingressi, facciate, balconi, terrazze coperte o scoperte in base alla corretta installazione, portici, pergolati e dehors di ristoranti, bar o strutture ricettive. Può accompagnare vialetti, camminamenti, accessi carrabili, muri perimetrali, zone di passaggio in giardino e aree parcheggio, creando riferimenti luminosi lungo il percorso e rendendo più accogliente l’arrivo serale. Nei progetti outdoor vicino a piscine o in aree particolarmente esposte, collocazione, collegamento e manutenzione vanno sempre valutati secondo la scheda tecnica e le norme applicabili. In un progetto di illuminazione esterna a parete, la posizione dell’apparecchio incide sia sulla resa estetica sia sulla fruibilità degli spazi: vicino alla porta rende riconoscibile l’accesso, lungo un passaggio aiuta a leggere il percorso, su una facciata disegna un ritmo luminoso coerente. Una serie di applique coordinate può collegare ingresso, terrazza e giardino, mentre una singola installazione può sottolineare un numero civico, una nicchia o un’area conversazione outdoor. La scelta della temperatura colore, quando disponibile, permette di privilegiare un’atmosfera più accogliente oppure una percezione più nitida dei dettagli. Per chi acquista online lampade da parete Ideal Lux, Lolly ap1 rappresenta una proposta da valutare in base a dimensioni disponibili, finitura, sorgente luminosa e tipo di ambiente da illuminare. Le informazioni sulle configurazioni consentono di selezionare la variante più coerente con il progetto, evitando scelte generiche e costruendo un’illuminazione realmente coordinata. Prima della posa è opportuno verificare misure, collegamento elettrico, compatibilità della sorgente quando sostituibile e indicazioni di installazione riportate nella documentazione tecnica del prodotto.","Ideal Lux Lolly ap1: applique da parete per esterni con attacco GX53, ambra, grigio e trasparente e formato compatto. Ideale per ingressi, terrazze e giardini."
IL-CONFIG-401,"Ideal Lux Look led ap2 round on-off propone una soluzione a parete per interni che permette di definire il punto luce senza ingombrare piani o percorsi. La combinazione di metallo e vetro unisce struttura e trasparenza: il vetro contribuisce a rendere l’emissione luminosa più curata e il punto luce più decorativo. La collezione comprende 6 configurazioni selezionabili: nelle finiture bianco, nero e ottone; nelle dimensioni Ø 3 × H 15 × P 5,5 cm e Ø 3 × H 30 × P 5,5 cm; con temperatura colore 3000K. Le potenze previste sono 9W, con sorgente LED. La dotazione luminosa utilizza sorgente LED integrata e inclusa; la funzione dimmer non è indicata nelle configurazioni standard disponibili. È indicata per living, corridoi, scale, camere, reception, uffici, showroom e locali commerciali in cerca di una luce a parete ordinata.","Ideal Lux Look led ap2 round on-off interpreta la lampada da parete per interni come un elemento luminoso capace di unire funzione, proporzioni e presenza estetica. La combinazione di metallo e vetro unisce struttura e trasparenza: il vetro contribuisce a rendere l’emissione luminosa più curata e il punto luce più decorativo. La scelta della versione è un passaggio importante in un e-commerce di illuminazione, perché consente di coordinare lampada, parete e atmosfera luminosa. La collezione comprende 6 configurazioni selezionabili: nelle finiture bianco, nero e ottone; nelle dimensioni Ø 3 × H 15 × P 5,5 cm e Ø 3 × H 30 × P 5,5 cm; con temperatura colore 3000K. Le potenze previste sono 9W, con sorgente LED. La lampada impiega sorgente LED integrata e inclusa; la funzione dimmer non è indicata nelle configurazioni standard disponibili. Le differenti finiture consentono di accordare l’applique a pareti chiare o scure, metalli presenti nell’arredo, infissi e complementi, mentre le eventuali variazioni di misura e potenza permettono di dimensionare la presenza luminosa in funzione della parete e del contesto. L’applique è adatta a ingressi, corridoi, scale, soggiorni, zona living, cucina, camera da letto e camerette, sia come punto luce di servizio sia come illuminazione d’accento lungo una parete. Nel mondo professionale può essere scelta per reception, uffici, studi, sale d’attesa, showroom, negozi, ristoranti e camere d’hotel, soprattutto quando si desidera una luce ordinata che non occupi superfici utili. In bagno o in prossimità di aree soggette a umidità, l’installazione va valutata in funzione della posizione prevista e delle indicazioni tecniche del prodotto. Nella progettazione della luce a parete, un apparecchio compatto permette di completare l’illuminazione generale e di evidenziare percorsi, quinte, nicchie, pareti attrezzate o elementi decorativi. Può essere installato da solo come accento oppure ripetuto in sequenza per ottenere uniformità visiva in corridoi, scale e spazi contract. La presenza di più opzioni di finitura o dimensione aiuta inoltre a mantenere lo stesso linguaggio luminoso in ambienti differenti dello stesso progetto. Per chi acquista online lampade da parete Ideal Lux, Look led ap2 round on-off rappresenta una proposta da valutare in base a dimensioni disponibili, finitura, sorgente luminosa e tipo di ambiente da illuminare. Le informazioni sulle configurazioni consentono di selezionare la variante più coerente con il progetto, evitando scelte generiche e costruendo un’illuminazione realmente coordinata. Prima della posa è opportuno verificare misure, collegamento elettrico, compatibilità della sorgente quando sostituibile e indicazioni di installazione riportate nella documentazione tecnica del prodotto.","Ideal Lux Look led ap2 round on-off: applique da parete per interni con LED integrato, bianco, nero e ottone e 2 misure. Ideale per living, corridoi e contract."
IL-CONFIG-402,"Ideal Lux Look led ap2 square on-off è un’applique da parete per interni progettata per un’illuminazione verticale curata e coerente con lo stile dell’ambiente. La combinazione di metallo e vetro unisce struttura e trasparenza: il vetro contribuisce a rendere l’emissione luminosa più curata e il punto luce più decorativo. La collezione comprende 6 configurazioni selezionabili: nelle finiture bianco, nero e ottone; nelle dimensioni L 3 × H 15 × P 5,5 cm e L 3 × H 30 × P 5,5 cm; con temperatura colore 3000K. Le potenze previste sono 9W, con sorgente LED. La dotazione luminosa utilizza sorgente LED integrata e inclusa; la funzione dimmer non è indicata nelle configurazioni standard disponibili. È indicata per living, corridoi, scale, camere, reception, uffici, showroom e locali commerciali in cerca di una luce a parete ordinata.","Ideal Lux Look led ap2 square on-off è una lampada da parete per interni concepita per dare qualità all’illuminazione verticale e valorizzare la superficie su cui viene installata. La combinazione di metallo e vetro unisce struttura e trasparenza: il vetro contribuisce a rendere l’emissione luminosa più curata e il punto luce più decorativo. La scelta della versione è un passaggio importante in un e-commerce di illuminazione, perché consente di coordinare lampada, parete e atmosfera luminosa. La collezione comprende 6 configurazioni selezionabili: nelle finiture bianco, nero e ottone; nelle dimensioni L 3 × H 15 × P 5,5 cm e L 3 × H 30 × P 5,5 cm; con temperatura colore 3000K. Le potenze previste sono 9W, con sorgente LED. La lampada impiega sorgente LED integrata e inclusa; la funzione dimmer non è indicata nelle configurazioni standard disponibili. Le differenti finiture consentono di accordare l’applique a pareti chiare o scure, metalli presenti nell’arredo, infissi e complementi, mentre le eventuali variazioni di misura e potenza permettono di dimensionare la presenza luminosa in funzione della parete e del contesto. L’applique è adatta a ingressi, corridoi, scale, soggiorni, zona living, cucina, camera da letto e camerette, sia come punto luce di servizio sia come illuminazione d’accento lungo una parete. Nel mondo professionale può essere scelta per reception, uffici, studi, sale d’attesa, showroom, negozi, ristoranti e camere d’hotel, soprattutto quando si desidera una luce ordinata che non occupi superfici utili. In bagno o in prossimità di aree soggette a umidità, l’installazione va valutata in funzione della posizione prevista e delle indicazioni tecniche del prodotto. Nella progettazione della luce a parete, un apparecchio compatto permette di completare l’illuminazione generale e di evidenziare percorsi, quinte, nicchie, pareti attrezzate o elementi decorativi. Può essere installato da solo come accento oppure ripetuto in sequenza per ottenere uniformità visiva in corridoi, scale e spazi contract. La presenza di più opzioni di finitura o dimensione aiuta inoltre a mantenere lo stesso linguaggio luminoso in ambienti differenti dello stesso progetto. Per chi acquista online lampade da parete Ideal Lux, Look led ap2 square on-off rappresenta una proposta da valutare in base a dimensioni disponibili, finitura, sorgente luminosa e tipo di ambiente da illuminare. Le informazioni sulle configurazioni consentono di selezionare la variante più coerente con il progetto, evitando scelte generiche e costruendo un’illuminazione realmente coordinata. Prima della posa è opportuno verificare misure, collegamento elettrico, compatibilità della sorgente quando sostituibile e indicazioni di installazione riportate nella documentazione tecnica del prodotto.","Ideal Lux Look led ap2 square on-off: applique da parete per interni con LED integrato, bianco, nero e ottone e 2 misure. Ideale per living, corridoi e contract."
IL-CONFIG-403,"L’applique Ideal Lux Look ap2 round è una lampada da parete per interni pensata per integrare luce e arredo su superfici verticali. La combinazione di alluminio, metallo e vetro unisce struttura e trasparenza: il vetro contribuisce a rendere l’emissione luminosa più curata e il punto luce più decorativo. La collezione comprende 12 configurazioni selezionabili: nelle finiture bianco, brunito, cromo, nero, ottone e rame; nelle dimensioni Ø 6 × H 15 × P 8 cm e Ø 6 × H 18 × P 8 cm. Le potenze previste sono GU10 max2 x 28W, con attacco GU10. La dotazione luminosa utilizza sorgenti sostituibili con attacco GU10; non è dichiarato un dimmer integrato; l’eventuale regolazione dipende dalla lampadina compatibile e dal comando dell’impianto. È indicata per living, corridoi, scale, camere, reception, uffici, showroom e locali commerciali in cerca di una luce a parete ordinata. La descrizione della collezione evidenzia inoltre: Base e corpo luce in metallo verniciato a polveri o placcato. Colori: Bianco, Nero, Ottone, Cromo, Rame, Brunito.","Con Ideal Lux Look ap2 round, l’applique da parete per interni diventa uno strumento progettuale: illumina, ordina lo spazio e completa la composizione d’arredo. La combinazione di alluminio, metallo e vetro unisce struttura e trasparenza: il vetro contribuisce a rendere l’emissione luminosa più curata e il punto luce più decorativo. La scheda originale della collezione specifica: Base e corpo luce in metallo verniciato a polveri o placcato. Colori: Bianco, Nero, Ottone, Cromo, Rame, Brunito. La scelta della versione è un passaggio importante in un e-commerce di illuminazione, perché consente di coordinare lampada, parete e atmosfera luminosa. La collezione comprende 12 configurazioni selezionabili: nelle finiture bianco, brunito, cromo, nero, ottone e rame; nelle dimensioni Ø 6 × H 15 × P 8 cm e Ø 6 × H 18 × P 8 cm. Le potenze previste sono GU10 max2 x 28W, con attacco GU10. La lampada impiega sorgenti sostituibili con attacco GU10; non è dichiarato un dimmer integrato; l’eventuale regolazione dipende dalla lampadina compatibile e dal comando dell’impianto. Le differenti finiture consentono di accordare l’applique a pareti chiare o scure, metalli presenti nell’arredo, infissi e complementi, mentre le eventuali variazioni di misura e potenza permettono di dimensionare la presenza luminosa in funzione della parete e del contesto. L’applique è adatta a ingressi, corridoi, scale, soggiorni, zona living, cucina, camera da letto e camerette, sia come punto luce di servizio sia come illuminazione d’accento lungo una parete. Nel mondo professionale può essere scelta per reception, uffici, studi, sale d’attesa, showroom, negozi, ristoranti e camere d’hotel, soprattutto quando si desidera una luce ordinata che non occupi superfici utili. In bagno o in prossimità di aree soggette a umidità, l’installazione va valutata in funzione della posizione prevista e delle indicazioni tecniche del prodotto. Nella progettazione della luce a parete, un apparecchio compatto permette di completare l’illuminazione generale e di evidenziare percorsi, quinte, nicchie, pareti attrezzate o elementi decorativi. Può essere installato da solo come accento oppure ripetuto in sequenza per ottenere uniformità visiva in corridoi, scale e spazi contract. La presenza di più opzioni di finitura o dimensione aiuta inoltre a mantenere lo stesso linguaggio luminoso in ambienti differenti dello stesso progetto. Per chi acquista online lampade da parete Ideal Lux, Look ap2 round rappresenta una proposta da valutare in base a dimensioni disponibili, finitura, sorgente luminosa e tipo di ambiente da illuminare. Le informazioni sulle configurazioni consentono di selezionare la variante più coerente con il progetto, evitando scelte generiche e costruendo un’illuminazione realmente coordinata. Prima della posa è opportuno verificare misure, collegamento elettrico, compatibilità della sorgente quando sostituibile e indicazioni di installazione riportate nella documentazione tecnica del prodotto.","Ideal Lux Look ap2 round: lampada da parete per interni con attacco GU10. 12 versioni con 6 finiture, 2 misure. Perfetta per living, corridoi e contract."
IL-CONFIG-404,"Ideal Lux Look ap2 square propone una soluzione a parete per interni che permette di definire il punto luce senza ingombrare piani o percorsi. La combinazione di alluminio, metallo e vetro unisce struttura e trasparenza: il vetro contribuisce a rendere l’emissione luminosa più curata e il punto luce più decorativo. La collezione comprende 12 configurazioni selezionabili: nelle finiture bianco, brunito, cromo, nero, ottone e rame; nelle dimensioni L 6 × H 15 × P 8 cm e L 6 × H 30 × P 8 cm. Le potenze previste sono GU10 max 2 x 28W e GU10 max2 x 28W, con attacco GU10. In dettaglio: L 6 × H 15 × P 8 cm con GU10 max2 x 28W; L 6 × H 30 × P 8 cm con GU10 max 2 x 28W e GU10 max2 x 28W. La dotazione luminosa utilizza sorgenti sostituibili con attacco GU10; non è dichiarato un dimmer integrato; l’eventuale regolazione dipende dalla lampadina compatibile e dal comando dell’impianto. È indicata per living, corridoi, scale, camere, reception, uffici, showroom e locali commerciali in cerca di una luce a parete ordinata.","Ideal Lux Look ap2 square interpreta la lampada da parete per interni come un elemento luminoso capace di unire funzione, proporzioni e presenza estetica. La combinazione di alluminio, metallo e vetro unisce struttura e trasparenza: il vetro contribuisce a rendere l’emissione luminosa più curata e il punto luce più decorativo. La scelta della versione è un passaggio importante in un e-commerce di illuminazione, perché consente di coordinare lampada, parete e atmosfera luminosa. La collezione comprende 12 configurazioni selezionabili: nelle finiture bianco, brunito, cromo, nero, ottone e rame; nelle dimensioni L 6 × H 15 × P 8 cm e L 6 × H 30 × P 8 cm. Le potenze previste sono GU10 max 2 x 28W e GU10 max2 x 28W, con attacco GU10. In dettaglio: L 6 × H 15 × P 8 cm con GU10 max2 x 28W; L 6 × H 30 × P 8 cm con GU10 max 2 x 28W e GU10 max2 x 28W. La lampada impiega sorgenti sostituibili con attacco GU10; non è dichiarato un dimmer integrato; l’eventuale regolazione dipende dalla lampadina compatibile e dal comando dell’impianto. Le differenti finiture consentono di accordare l’applique a pareti chiare o scure, metalli presenti nell’arredo, infissi e complementi, mentre le eventuali variazioni di misura e potenza permettono di dimensionare la presenza luminosa in funzione della parete e del contesto. L’applique è adatta a ingressi, corridoi, scale, soggiorni, zona living, cucina, camera da letto e camerette, sia come punto luce di servizio sia come illuminazione d’accento lungo una parete. Nel mondo professionale può essere scelta per reception, uffici, studi, sale d’attesa, showroom, negozi, ristoranti e camere d’hotel, soprattutto quando si desidera una luce ordinata che non occupi superfici utili. In bagno o in prossimità di aree soggette a umidità, l’installazione va valutata in funzione della posizione prevista e delle indicazioni tecniche del prodotto. Nella progettazione della luce a parete, un apparecchio compatto permette di completare l’illuminazione generale e di evidenziare percorsi, quinte, nicchie, pareti attrezzate o elementi decorativi. Può essere installato da solo come accento oppure ripetuto in sequenza per ottenere uniformità visiva in corridoi, scale e spazi contract. La presenza di più opzioni di finitura o dimensione aiuta inoltre a mantenere lo stesso linguaggio luminoso in ambienti differenti dello stesso progetto. Per chi acquista online lampade da parete Ideal Lux, Look ap2 square rappresenta una proposta da valutare in base a dimensioni disponibili, finitura, sorgente luminosa e tipo di ambiente da illuminare. Le informazioni sulle configurazioni consentono di selezionare la variante più coerente con il progetto, evitando scelte generiche e costruendo un’illuminazione realmente coordinata. Prima della posa è opportuno verificare misure, collegamento elettrico, compatibilità della sorgente quando sostituibile e indicazioni di installazione riportate nella documentazione tecnica del prodotto.","Ideal Lux Look ap2 square: lampada da parete per interni con attacco GU10. 12 versioni con 6 finiture, 2 misure. Perfetta per living, corridoi e contract."
IL-CONFIG-405,"Ideal Lux Make-up ap è un’applique da parete per esterni progettata per un’illuminazione verticale curata e coerente con lo stile dell’ambiente. La costruzione in metallo e plexiglas è pensata per un profilo ordinato e una diffusione uniforme, adatta a progetti nei quali la luce deve accompagnare l’architettura senza appesantirla. La collezione comprende 3 configurazioni selezionabili: nelle finiture bianco; nelle dimensioni L 45 × H 4 × P 11,5 cm, L 60 × H 4 × P 11,5 cm e L 90 × H 4 × P 11,5 cm. Le potenze previste sono LED 12W, LED 18W e LED 27W, con sorgente LED. In dettaglio: L 45 × H 4 × P 11,5 cm con LED 12W; L 60 × H 4 × P 11,5 cm con LED 18W; L 90 × H 4 × P 11,5 cm con LED 27W. La dotazione luminosa utilizza sorgente LED integrata e inclusa; la funzione dimmer non è indicata nelle configurazioni standard disponibili. È una scelta indicata per facciate, ingressi, balconi, terrazze, portici, percorsi esterni, dehors e pareti in giardino, nel rispetto delle condizioni di installazione previste.","Ideal Lux Make-up ap è una lampada da parete per esterni concepita per dare qualità all’illuminazione verticale e valorizzare la superficie su cui viene installata. La costruzione in metallo e plexiglas è pensata per un profilo ordinato e una diffusione uniforme, adatta a progetti nei quali la luce deve accompagnare l’architettura senza appesantirla. La scelta della versione è un passaggio importante in un e-commerce di illuminazione, perché consente di coordinare lampada, parete e atmosfera luminosa. La collezione comprende 3 configurazioni selezionabili: nelle finiture bianco; nelle dimensioni L 45 × H 4 × P 11,5 cm, L 60 × H 4 × P 11,5 cm e L 90 × H 4 × P 11,5 cm. Le potenze previste sono LED 12W, LED 18W e LED 27W, con sorgente LED. In dettaglio: L 45 × H 4 × P 11,5 cm con LED 12W; L 60 × H 4 × P 11,5 cm con LED 18W; L 90 × H 4 × P 11,5 cm con LED 27W. La lampada impiega sorgente LED integrata e inclusa; la funzione dimmer non è indicata nelle configurazioni standard disponibili. Le differenti finiture consentono di accordare l’applique a pareti chiare o scure, metalli presenti nell’arredo, infissi e complementi, mentre le eventuali variazioni di misura e potenza permettono di dimensionare la presenza luminosa in funzione della parete e del contesto. Come applique da parete per esterni è indicata per illuminare ingressi, facciate, balconi, terrazze coperte o scoperte in base alla corretta installazione, portici, pergolati e dehors di ristoranti, bar o strutture ricettive. Può accompagnare vialetti, camminamenti, accessi carrabili, muri perimetrali, zone di passaggio in giardino e aree parcheggio, creando riferimenti luminosi lungo il percorso e rendendo più accogliente l’arrivo serale. Nei progetti outdoor vicino a piscine o in aree particolarmente esposte, collocazione, collegamento e manutenzione vanno sempre valutati secondo la scheda tecnica e le norme applicabili. In un progetto di illuminazione esterna a parete, la posizione dell’apparecchio incide sia sulla resa estetica sia sulla fruibilità degli spazi: vicino alla porta rende riconoscibile l’accesso, lungo un passaggio aiuta a leggere il percorso, su una facciata disegna un ritmo luminoso coerente. Una serie di applique coordinate può collegare ingresso, terrazza e giardino, mentre una singola installazione può sottolineare un numero civico, una nicchia o un’area conversazione outdoor. La scelta della temperatura colore, quando disponibile, permette di privilegiare un’atmosfera più accogliente oppure una percezione più nitida dei dettagli. Per chi acquista online lampade da parete Ideal Lux, Make-up ap rappresenta una proposta da valutare in base a dimensioni disponibili, finitura, sorgente luminosa e tipo di ambiente da illuminare. Le informazioni sulle configurazioni consentono di selezionare la variante più coerente con il progetto, evitando scelte generiche e costruendo un’illuminazione realmente coordinata. Prima della posa è opportuno verificare misure, collegamento elettrico, compatibilità della sorgente quando sostituibile e indicazioni di installazione riportate nella documentazione tecnica del prodotto.","Scopri Ideal Lux Make-up ap, applique da parete per esterni con LED integrato. 3 versioni con bianco, 3 misure. Perfetta per ingressi, terrazze e giardini."
IL-CONFIG-406,"L’applique Ideal Lux Mapa ap1 è una lampada da parete per interni pensata per integrare luce e arredo su superfici verticali. La combinazione di metallo e vetro unisce struttura e trasparenza: il vetro contribuisce a rendere l’emissione luminosa più curata e il punto luce più decorativo. La collezione comprende 4 configurazioni selezionabili: nelle finiture bianco; nelle dimensioni Ø 10 × P 11 cm, Ø 15 × P 16 cm, Ø 20 × P 20 cm e Ø 30 × P 29 cm. Le potenze previste sono E27 max 1 x 42W, G9 max 1 x 15W e G9 max 1 x 4W, con attacco E27 e G9. In dettaglio: Ø 10 × P 11 cm con G9 max 1 x 4W; Ø 15 × P 16 cm con G9 max 1 x 15W; Ø 20 × P 20 cm con E27 max 1 x 42W; Ø 30 × P 29 cm con E27 max 1 x 42W. La dotazione luminosa utilizza sorgenti sostituibili con attacco E27 e G9; non è dichiarato un dimmer integrato; l’eventuale regolazione dipende dalla lampadina compatibile e dal comando dell’impianto. È indicata per living, corridoi, scale, camere, reception, uffici, showroom e locali commerciali in cerca di una luce a parete ordinata.","Con Ideal Lux Mapa ap1, l’applique da parete per interni diventa uno strumento progettuale: illumina, ordina lo spazio e completa la composizione d’arredo. La combinazione di metallo e vetro unisce struttura e trasparenza: il vetro contribuisce a rendere l’emissione luminosa più curata e il punto luce più decorativo. La scelta della versione è un passaggio importante in un e-commerce di illuminazione, perché consente di coordinare lampada, parete e atmosfera luminosa. La collezione comprende 4 configurazioni selezionabili: nelle finiture bianco; nelle dimensioni Ø 10 × P 11 cm, Ø 15 × P 16 cm, Ø 20 × P 20 cm e Ø 30 × P 29 cm. Le potenze previste sono E27 max 1 x 42W, G9 max 1 x 15W e G9 max 1 x 4W, con attacco E27 e G9. In dettaglio: Ø 10 × P 11 cm con G9 max 1 x 4W; Ø 15 × P 16 cm con G9 max 1 x 15W; Ø 20 × P 20 cm con E27 max 1 x 42W; Ø 30 × P 29 cm con E27 max 1 x 42W. La lampada impiega sorgenti sostituibili con attacco E27 e G9; non è dichiarato un dimmer integrato; l’eventuale regolazione dipende dalla lampadina compatibile e dal comando dell’impianto. Le differenti finiture consentono di accordare l’applique a pareti chiare o scure, metalli presenti nell’arredo, infissi e complementi, mentre le eventuali variazioni di misura e potenza permettono di dimensionare la presenza luminosa in funzione della parete e del contesto. L’applique è adatta a ingressi, corridoi, scale, soggiorni, zona living, cucina, camera da letto e camerette, sia come punto luce di servizio sia come illuminazione d’accento lungo una parete. Nel mondo professionale può essere scelta per reception, uffici, studi, sale d’attesa, showroom, negozi, ristoranti e camere d’hotel, soprattutto quando si desidera una luce ordinata che non occupi superfici utili. In bagno o in prossimità di aree soggette a umidità, l’installazione va valutata in funzione della posizione prevista e delle indicazioni tecniche del prodotto. Nella progettazione della luce a parete, un apparecchio compatto permette di completare l’illuminazione generale e di evidenziare percorsi, quinte, nicchie, pareti attrezzate o elementi decorativi. Può essere installato da solo come accento oppure ripetuto in sequenza per ottenere uniformità visiva in corridoi, scale e spazi contract. La presenza di più opzioni di finitura o dimensione aiuta inoltre a mantenere lo stesso linguaggio luminoso in ambienti differenti dello stesso progetto. Per chi acquista online lampade da parete Ideal Lux, Mapa ap1 rappresenta una proposta da valutare in base a dimensioni disponibili, finitura, sorgente luminosa e tipo di ambiente da illuminare. Le informazioni sulle configurazioni consentono di selezionare la variante più coerente con il progetto, evitando scelte generiche e costruendo un’illuminazione realmente coordinata. Prima della posa è opportuno verificare misure, collegamento elettrico, compatibilità della sorgente quando sostituibile e indicazioni di installazione riportate nella documentazione tecnica del prodotto.","Scopri Ideal Lux Mapa ap1, applique da parete per interni con attacco E27 e G9. 4 versioni con bianco, 4 misure. Perfetta per living, corridoi e contract."
IL-CONFIG-407,"Ideal Lux Mirror propone una soluzione a parete per interni che permette di definire il punto luce senza ingombrare piani o percorsi. La struttura in metallo dona consistenza al punto luce e consente di inserire la lampada con equilibrio in ambienti residenziali o professionali. La collezione comprende 2 configurazioni selezionabili: nelle finiture brunito e cromo; nelle dimensioni L 60 × H 15 × P 19 cm. Le potenze previste sono G9 max 4 x 40W, con attacco G9. La dotazione luminosa utilizza sorgenti sostituibili con attacco G9; non è dichiarato un dimmer integrato; l’eventuale regolazione dipende dalla lampadina compatibile e dal comando dell’impianto. È particolarmente utile presso specchi, zone lavabo, camerini, camere d’hotel, corridoi e pareti di servizio, verificando l’idoneità della collocazione in ambienti umidi. La descrizione della collezione evidenzia inoltre: Montatura in metallo con finitura in brunito, cromo o nickel satinato. Diffusore posizionabile.","Ideal Lux Mirror interpreta la lampada da parete per interni come un elemento luminoso capace di unire funzione, proporzioni e presenza estetica. La struttura in metallo dona consistenza al punto luce e consente di inserire la lampada con equilibrio in ambienti residenziali o professionali. La scheda originale della collezione specifica: Montatura in metallo con finitura in brunito, cromo o nickel satinato. Diffusore posizionabile. La scelta della versione è un passaggio importante in un e-commerce di illuminazione, perché consente di coordinare lampada, parete e atmosfera luminosa. La collezione comprende 2 configurazioni selezionabili: nelle finiture brunito e cromo; nelle dimensioni L 60 × H 15 × P 19 cm. Le potenze previste sono G9 max 4 x 40W, con attacco G9. La lampada impiega sorgenti sostituibili con attacco G9; non è dichiarato un dimmer integrato; l’eventuale regolazione dipende dalla lampadina compatibile e dal comando dell’impianto. Le differenti finiture consentono di accordare l’applique a pareti chiare o scure, metalli presenti nell’arredo, infissi e complementi, mentre le eventuali variazioni di misura e potenza permettono di dimensionare la presenza luminosa in funzione della parete e del contesto. La vocazione dell’applique è particolarmente interessante sopra o ai lati di specchi, consolle e superfici dedicate alla cura personale: può completare una zona lavabo, un angolo make-up, una cabina armadio o una parete attrezzata in camera da letto. In ambito contract si presta a camere d’hotel, suite, saloni di bellezza, barber shop, camerini di boutique e servizi di locali commerciali, dove un punto luce a parete contribuisce alla percezione dello spazio. Per l’installazione in bagno occorre sempre verificare che la posizione prescelta sia idonea secondo la scheda tecnica e le norme dell’ambiente. Nell’illuminazione vicino allo specchio la qualità del progetto dipende dalla distribuzione equilibrata della luce e dalla posizione della lampada rispetto al viso e alla superficie riflettente. Una applique ben inserita rende più ordinata la zona lavabo o make-up e può diventare un elemento distintivo in un bagno d’hotel, in un camerino o in un salone professionale. In abbinamento ad altre luci ambientali, contribuisce a una scena luminosa completa, piacevole e facilmente fruibile durante la giornata. Per chi acquista online lampade da parete Ideal Lux, Mirror rappresenta una proposta da valutare in base a dimensioni disponibili, finitura, sorgente luminosa e tipo di ambiente da illuminare. Le informazioni sulle configurazioni consentono di selezionare la variante più coerente con il progetto, evitando scelte generiche e costruendo un’illuminazione realmente coordinata. Prima della posa è opportuno verificare misure, collegamento elettrico, compatibilità della sorgente quando sostituibile e indicazioni di installazione riportate nella documentazione tecnica del prodotto.","Ideal Lux Mirror: applique da parete per interni con attacco G9, brunito e cromo e formato compatto. Ideale per specchi, camere e ambienti contract. Luce."
IL-CONFIG-408,"Ideal Lux Mirror è un’applique da parete per interni progettata per un’illuminazione verticale curata e coerente con lo stile dell’ambiente. La struttura in metallo dona consistenza al punto luce e consente di inserire la lampada con equilibrio in ambienti residenziali o professionali. La configurazione disponibile è unica: nelle finiture cromo; nelle dimensioni L 25 × H 10 × P 22 cm. Le potenze previste sono G9 max 2 x 40W, con attacco G9. La dotazione luminosa utilizza sorgenti sostituibili con attacco G9; non è dichiarato un dimmer integrato; l’eventuale regolazione dipende dalla lampadina compatibile e dal comando dell’impianto. È particolarmente utile presso specchi, zone lavabo, camerini, camere d’hotel, corridoi e pareti di servizio, verificando l’idoneità della collocazione in ambienti umidi.","Ideal Lux Mirror è una lampada da parete per interni concepita per dare qualità all’illuminazione verticale e valorizzare la superficie su cui viene installata. La struttura in metallo dona consistenza al punto luce e consente di inserire la lampada con equilibrio in ambienti residenziali o professionali. La scelta della versione è un passaggio importante in un e-commerce di illuminazione, perché consente di coordinare lampada, parete e atmosfera luminosa. La configurazione disponibile è unica: nelle finiture cromo; nelle dimensioni L 25 × H 10 × P 22 cm. Le potenze previste sono G9 max 2 x 40W, con attacco G9. La lampada impiega sorgenti sostituibili con attacco G9; non è dichiarato un dimmer integrato; l’eventuale regolazione dipende dalla lampadina compatibile e dal comando dell’impianto. Le differenti finiture consentono di accordare l’applique a pareti chiare o scure, metalli presenti nell’arredo, infissi e complementi, mentre le eventuali variazioni di misura e potenza permettono di dimensionare la presenza luminosa in funzione della parete e del contesto. La vocazione dell’applique è particolarmente interessante sopra o ai lati di specchi, consolle e superfici dedicate alla cura personale: può completare una zona lavabo, un angolo make-up, una cabina armadio o una parete attrezzata in camera da letto. In ambito contract si presta a camere d’hotel, suite, saloni di bellezza, barber shop, camerini di boutique e servizi di locali commerciali, dove un punto luce a parete contribuisce alla percezione dello spazio. Per l’installazione in bagno occorre sempre verificare che la posizione prescelta sia idonea secondo la scheda tecnica e le norme dell’ambiente. Nell’illuminazione vicino allo specchio la qualità del progetto dipende dalla distribuzione equilibrata della luce e dalla posizione della lampada rispetto al viso e alla superficie riflettente. Una applique ben inserita rende più ordinata la zona lavabo o make-up e può diventare un elemento distintivo in un bagno d’hotel, in un camerino o in un salone professionale. In abbinamento ad altre luci ambientali, contribuisce a una scena luminosa completa, piacevole e facilmente fruibile durante la giornata. Per chi acquista online lampade da parete Ideal Lux, Mirror rappresenta una proposta da valutare in base a dimensioni disponibili, finitura, sorgente luminosa e tipo di ambiente da illuminare. Le informazioni sulle configurazioni consentono di selezionare la variante più coerente con il progetto, evitando scelte generiche e costruendo un’illuminazione realmente coordinata. Prima della posa è opportuno verificare misure, collegamento elettrico, compatibilità della sorgente quando sostituibile e indicazioni di installazione riportate nella documentazione tecnica del prodotto.","Ideal Lux Mirror: lampada da parete per interni con attacco G9. 1 versioni con cromo, formato compatto. Perfetta per specchi, camere e ambienti contract."
IL-CONFIG-409,"L’applique Ideal Lux Moris ap2 è una lampada da parete per interni pensata per integrare luce e arredo su superfici verticali. La combinazione di vetro unisce struttura e trasparenza: il vetro contribuisce a rendere l’emissione luminosa più curata e il punto luce più decorativo. La configurazione disponibile è unica: nelle finiture bianco; nelle dimensioni L 28 × H 6,5 × P 10 cm. Le potenze previste sono G9 max 2 x 40W, con attacco G9. La dotazione luminosa utilizza sorgenti sostituibili con attacco G9; non è dichiarato un dimmer integrato; l’eventuale regolazione dipende dalla lampadina compatibile e dal comando dell’impianto. È indicata per living, corridoi, scale, camere, reception, uffici, showroom e locali commerciali in cerca di una luce a parete ordinata.","Con Ideal Lux Moris ap2, l’applique da parete per interni diventa uno strumento progettuale: illumina, ordina lo spazio e completa la composizione d’arredo. La combinazione di vetro unisce struttura e trasparenza: il vetro contribuisce a rendere l’emissione luminosa più curata e il punto luce più decorativo. La scelta della versione è un passaggio importante in un e-commerce di illuminazione, perché consente di coordinare lampada, parete e atmosfera luminosa. La configurazione disponibile è unica: nelle finiture bianco; nelle dimensioni L 28 × H 6,5 × P 10 cm. Le potenze previste sono G9 max 2 x 40W, con attacco G9. La lampada impiega sorgenti sostituibili con attacco G9; non è dichiarato un dimmer integrato; l’eventuale regolazione dipende dalla lampadina compatibile e dal comando dell’impianto. Le differenti finiture consentono di accordare l’applique a pareti chiare o scure, metalli presenti nell’arredo, infissi e complementi, mentre le eventuali variazioni di misura e potenza permettono di dimensionare la presenza luminosa in funzione della parete e del contesto. L’applique è adatta a ingressi, corridoi, scale, soggiorni, zona living, cucina, camera da letto e camerette, sia come punto luce di servizio sia come illuminazione d’accento lungo una parete. Nel mondo professionale può essere scelta per reception, uffici, studi, sale d’attesa, showroom, negozi, ristoranti e camere d’hotel, soprattutto quando si desidera una luce ordinata che non occupi superfici utili. In bagno o in prossimità di aree soggette a umidità, l’installazione va valutata in funzione della posizione prevista e delle indicazioni tecniche del prodotto. Nella progettazione della luce a parete, un apparecchio compatto permette di completare l’illuminazione generale e di evidenziare percorsi, quinte, nicchie, pareti attrezzate o elementi decorativi. Può essere installato da solo come accento oppure ripetuto in sequenza per ottenere uniformità visiva in corridoi, scale e spazi contract. La presenza di più opzioni di finitura o dimensione aiuta inoltre a mantenere lo stesso linguaggio luminoso in ambienti differenti dello stesso progetto. Per chi acquista online lampade da parete Ideal Lux, Moris ap2 rappresenta una proposta da valutare in base a dimensioni disponibili, finitura, sorgente luminosa e tipo di ambiente da illuminare. Le informazioni sulle configurazioni consentono di selezionare la variante più coerente con il progetto, evitando scelte generiche e costruendo un’illuminazione realmente coordinata. Prima della posa è opportuno verificare misure, collegamento elettrico, compatibilità della sorgente quando sostituibile e indicazioni di installazione riportate nella documentazione tecnica del prodotto.","Scopri Ideal Lux Moris ap2, applique da parete per interni con attacco G9. 1 versioni con bianco, formato compatto. Ideale per living, corridoi e contract."
IL-CONFIG-410,"Ideal Lux Negresco ap2 propone una soluzione a parete per interni che permette di definire il punto luce senza ingombrare piani o percorsi. La composizione in cristallo e vetro valorizza riflessi e trasparenze, trasformando il punto luce in un elemento scenografico capace di impreziosire la parete. La configurazione disponibile è unica: nelle finiture oro; nelle dimensioni L 34 × H 29 × P 25 cm. Le potenze previste sono E14 max 2 x 28W, con attacco E14. La dotazione luminosa utilizza sorgenti sostituibili con attacco E14; non è dichiarato un dimmer integrato; l’eventuale regolazione dipende dalla lampadina compatibile e dal comando dell’impianto. È indicata per living, corridoi, scale, camere, reception, uffici, showroom e locali commerciali in cerca di una luce a parete ordinata. La descrizione della collezione evidenzia inoltre: Montatura in metallo con finitura in cromo o dorata. Bracci in vetro soffiato trasparente con interno dorato nella versione oro. Centrale composto da blocchi di cristallo molato. Elementi decorativi in vetro trasparente e cristallo molato.","Ideal Lux Negresco ap2 interpreta la lampada da parete per interni come un elemento luminoso capace di unire funzione, proporzioni e presenza estetica. La composizione in cristallo e vetro valorizza riflessi e trasparenze, trasformando il punto luce in un elemento scenografico capace di impreziosire la parete. La scheda originale della collezione specifica: Montatura in metallo con finitura in cromo o dorata. Bracci in vetro soffiato trasparente con interno dorato nella versione oro. Centrale composto da blocchi di cristallo molato. Elementi decorativi in vetro trasparente e cristallo molato. La scelta della versione è un passaggio importante in un e-commerce di illuminazione, perché consente di coordinare lampada, parete e atmosfera luminosa. La configurazione disponibile è unica: nelle finiture oro; nelle dimensioni L 34 × H 29 × P 25 cm. Le potenze previste sono E14 max 2 x 28W, con attacco E14. La lampada impiega sorgenti sostituibili con attacco E14; non è dichiarato un dimmer integrato; l’eventuale regolazione dipende dalla lampadina compatibile e dal comando dell’impianto. Le differenti finiture consentono di accordare l’applique a pareti chiare o scure, metalli presenti nell’arredo, infissi e complementi, mentre le eventuali variazioni di misura e potenza permettono di dimensionare la presenza luminosa in funzione della parete e del contesto. L’applique è adatta a ingressi, corridoi, scale, soggiorni, zona living, cucina, camera da letto e camerette, sia come punto luce di servizio sia come illuminazione d’accento lungo una parete. Nel mondo professionale può essere scelta per reception, uffici, studi, sale d’attesa, showroom, negozi, ristoranti e camere d’hotel, soprattutto quando si desidera una luce ordinata che non occupi superfici utili. In bagno o in prossimità di aree soggette a umidità, l’installazione va valutata in funzione della posizione prevista e delle indicazioni tecniche del prodotto. Nella progettazione della luce a parete, un apparecchio compatto permette di completare l’illuminazione generale e di evidenziare percorsi, quinte, nicchie, pareti attrezzate o elementi decorativi. Può essere installato da solo come accento oppure ripetuto in sequenza per ottenere uniformità visiva in corridoi, scale e spazi contract. La presenza di più opzioni di finitura o dimensione aiuta inoltre a mantenere lo stesso linguaggio luminoso in ambienti differenti dello stesso progetto. Per chi acquista online lampade da parete Ideal Lux, Negresco ap2 rappresenta una proposta da valutare in base a dimensioni disponibili, finitura, sorgente luminosa e tipo di ambiente da illuminare. Le informazioni sulle configurazioni consentono di selezionare la variante più coerente con il progetto, evitando scelte generiche e costruendo un’illuminazione realmente coordinata. Prima della posa è opportuno verificare misure, collegamento elettrico, compatibilità della sorgente quando sostituibile e indicazioni di installazione riportate nella documentazione tecnica del prodotto.","Scopri Ideal Lux Negresco ap2, applique da parete per interni con attacco E14. 1 versioni con oro, formato compatto. Ideale per living, corridoi e contract."
IL-CONFIG-411,"Ideal Lux Newton ap1 è un’applique da parete per interni progettata per un’illuminazione verticale curata e coerente con lo stile dell’ambiente. La struttura in metallo dona consistenza al punto luce e consente di inserire la lampada con equilibrio in ambienti residenziali o professionali. La collezione comprende 3 configurazioni selezionabili: nelle finiture brunito, nero e nichel; nelle dimensioni L 14 × H 23 × P 44 cm. Le potenze previste sono E27 max 1 x 42W, con attacco E27. La dotazione luminosa utilizza sorgenti sostituibili con attacco E27; non è dichiarato un dimmer integrato; l’eventuale regolazione dipende dalla lampadina compatibile e dal comando dell’impianto. È indicata per living, corridoi, scale, camere, reception, uffici, showroom e locali commerciali in cerca di una luce a parete ordinata. La descrizione della collezione evidenzia inoltre: Montatura e diffusore in metallo. Disponibile con finitura in nickel satinato, brunito o con vernice nera opaca. Braccio regolabile. Diffusore orientabile smaltato bianco all'interno.","Ideal Lux Newton ap1 è una lampada da parete per interni concepita per dare qualità all’illuminazione verticale e valorizzare la superficie su cui viene installata. La struttura in metallo dona consistenza al punto luce e consente di inserire la lampada con equilibrio in ambienti residenziali o professionali. La scheda originale della collezione specifica: Montatura e diffusore in metallo. Disponibile con finitura in nickel satinato, brunito o con vernice nera opaca. Braccio regolabile. Diffusore orientabile smaltato bianco all'interno. La scelta della versione è un passaggio importante in un e-commerce di illuminazione, perché consente di coordinare lampada, parete e atmosfera luminosa. La collezione comprende 3 configurazioni selezionabili: nelle finiture brunito, nero e nichel; nelle dimensioni L 14 × H 23 × P 44 cm. Le potenze previste sono E27 max 1 x 42W, con attacco E27. La lampada impiega sorgenti sostituibili con attacco E27; non è dichiarato un dimmer integrato; l’eventuale regolazione dipende dalla lampadina compatibile e dal comando dell’impianto. Le differenti finiture consentono di accordare l’applique a pareti chiare o scure, metalli presenti nell’arredo, infissi e complementi, mentre le eventuali variazioni di misura e potenza permettono di dimensionare la presenza luminosa in funzione della parete e del contesto. L’applique è adatta a ingressi, corridoi, scale, soggiorni, zona living, cucina, camera da letto e camerette, sia come punto luce di servizio sia come illuminazione d’accento lungo una parete. Nel mondo professionale può essere scelta per reception, uffici, studi, sale d’attesa, showroom, negozi, ristoranti e camere d’hotel, soprattutto quando si desidera una luce ordinata che non occupi superfici utili. In bagno o in prossimità di aree soggette a umidità, l’installazione va valutata in funzione della posizione prevista e delle indicazioni tecniche del prodotto. Nella progettazione della luce a parete, un apparecchio compatto permette di completare l’illuminazione generale e di evidenziare percorsi, quinte, nicchie, pareti attrezzate o elementi decorativi. Può essere installato da solo come accento oppure ripetuto in sequenza per ottenere uniformità visiva in corridoi, scale e spazi contract. La presenza di più opzioni di finitura o dimensione aiuta inoltre a mantenere lo stesso linguaggio luminoso in ambienti differenti dello stesso progetto. Per chi acquista online lampade da parete Ideal Lux, Newton ap1 rappresenta una proposta da valutare in base a dimensioni disponibili, finitura, sorgente luminosa e tipo di ambiente da illuminare. Le informazioni sulle configurazioni consentono di selezionare la variante più coerente con il progetto, evitando scelte generiche e costruendo un’illuminazione realmente coordinata. Prima della posa è opportuno verificare misure, collegamento elettrico, compatibilità della sorgente quando sostituibile e indicazioni di installazione riportate nella documentazione tecnica del prodotto.","Ideal Lux Newton ap1: applique da parete per interni con attacco E27, brunito, nero e nichel e formato compatto. Ideale per living, corridoi e contract."
IL-CONFIG-412,"L’applique Ideal Lux Ninfea ap1 è una lampada da parete per interni pensata per integrare luce e arredo su superfici verticali. La combinazione di metallo e vetro unisce struttura e trasparenza: il vetro contribuisce a rendere l’emissione luminosa più curata e il punto luce più decorativo. La collezione comprende 3 configurazioni selezionabili: nelle finiture bianco e ottone; nelle dimensioni L 25 × H 21 × P 12,5 cm e Ø 20 × P 12 cm. Le potenze previste sono G9 max 2 x 4W e GX53 max 1 x 15W, con attacco G9 e GX53. In dettaglio: Ø 20 × P 12 cm con GX53 max 1 x 15W; L 25 × H 21 × P 12,5 cm con G9 max 2 x 4W. La dotazione luminosa utilizza sorgenti sostituibili con attacco G9 e GX53; non è dichiarato un dimmer integrato; l’eventuale regolazione dipende dalla lampadina compatibile e dal comando dell’impianto. È pensata per living, saloni, ingressi, camere, ristoranti, hall e showroom in cui la lampada contribuisce anche alla decorazione della parete.","Con Ideal Lux Ninfea ap1, l’applique da parete per interni diventa uno strumento progettuale: illumina, ordina lo spazio e completa la composizione d’arredo. La combinazione di metallo e vetro unisce struttura e trasparenza: il vetro contribuisce a rendere l’emissione luminosa più curata e il punto luce più decorativo. La scelta della versione è un passaggio importante in un e-commerce di illuminazione, perché consente di coordinare lampada, parete e atmosfera luminosa. La collezione comprende 3 configurazioni selezionabili: nelle finiture bianco e ottone; nelle dimensioni L 25 × H 21 × P 12,5 cm e Ø 20 × P 12 cm. Le potenze previste sono G9 max 2 x 4W e GX53 max 1 x 15W, con attacco G9 e GX53. In dettaglio: Ø 20 × P 12 cm con GX53 max 1 x 15W; L 25 × H 21 × P 12,5 cm con G9 max 2 x 4W. La lampada impiega sorgenti sostituibili con attacco G9 e GX53; non è dichiarato un dimmer integrato; l’eventuale regolazione dipende dalla lampadina compatibile e dal comando dell’impianto. Le differenti finiture consentono di accordare l’applique a pareti chiare o scure, metalli presenti nell’arredo, infissi e complementi, mentre le eventuali variazioni di misura e potenza permettono di dimensionare la presenza luminosa in funzione della parete e del contesto. Pensata per arredare oltre che illuminare, questa applique può valorizzare soggiorno, salone, sala da pranzo, ingresso, vano scala, camera da letto e pareti di rappresentanza della zona living. È indicata anche per hall, reception, ristoranti, boutique, showroom e camere di hotel, dove un dettaglio decorativo a parete contribuisce all’identità dell’ambiente. Installata singolarmente crea un accento visivo; disposta in coppia o in sequenza può incorniciare specchi, consolle, quadri o elementi architettonici, con un risultato più scenografico. La luce decorativa a parete è utile quando l’ambiente richiede profondità visiva e un dettaglio capace di farsi ricordare. In un salone o in una hall, la lampada può essere abbinata a sospensioni e piantane della stessa atmosfera; in un ristorante o showroom può scandire la parete e rafforzare la percezione del progetto. Finiture e materiali diventano così parte della narrazione d’arredo, dal contesto più elegante a quello contemporaneo e ricercato. Per chi acquista online lampade da parete Ideal Lux, Ninfea ap1 rappresenta una proposta da valutare in base a dimensioni disponibili, finitura, sorgente luminosa e tipo di ambiente da illuminare. Le informazioni sulle configurazioni consentono di selezionare la variante più coerente con il progetto, evitando scelte generiche e costruendo un’illuminazione realmente coordinata. Prima della posa è opportuno verificare misure, collegamento elettrico, compatibilità della sorgente quando sostituibile e indicazioni di installazione riportate nella documentazione tecnica del prodotto.","Ideal Lux Ninfea ap1: lampada da parete per interni con attacco G9 e GX53. 3 versioni con bianco e ottone, 2 misure. Ideale per living, hall e ristoranti."
IL-CONFIG-413,"Ideal Lux Nordik ap2 propone una soluzione a parete per interni che permette di definire il punto luce senza ingombrare piani o percorsi. I materiali indicati, metallo e tessuto, favoriscono una presenza calda e decorativa: la componente tessile ammorbidisce la percezione della luce e rende l’applique accogliente. La configurazione disponibile è unica: nelle finiture nero; nelle dimensioni L 18 × H 48 × P 21 cm. Le potenze previste sono E14/LED max 1 x 40W / 1.5W, con attacco E14/LED. La dotazione luminosa utilizza sorgenti sostituibili con attacco E14/LED; non è dichiarato un dimmer integrato; l’eventuale regolazione dipende dalla lampadina compatibile e dal comando dell’impianto. Si inserisce con carattere in living, sale da pranzo, ingressi, ristoranti, enoteche e boutique hotel, soprattutto accanto a superfici materiche e arredi caldi. La descrizione della collezione evidenzia inoltre: Montatura in metallo verniciato nero opaco. Interruttore unico con controllo indipendente delle due sorgenti luminose.","Ideal Lux Nordik ap2 interpreta la lampada da parete per interni come un elemento luminoso capace di unire funzione, proporzioni e presenza estetica. I materiali indicati, metallo e tessuto, favoriscono una presenza calda e decorativa: la componente tessile ammorbidisce la percezione della luce e rende l’applique accogliente. La scheda originale della collezione specifica: Montatura in metallo verniciato nero opaco. Interruttore unico con controllo indipendente delle due sorgenti luminose. La scelta della versione è un passaggio importante in un e-commerce di illuminazione, perché consente di coordinare lampada, parete e atmosfera luminosa. La configurazione disponibile è unica: nelle finiture nero; nelle dimensioni L 18 × H 48 × P 21 cm. Le potenze previste sono E14/LED max 1 x 40W / 1.5W, con attacco E14/LED. La lampada impiega sorgenti sostituibili con attacco E14/LED; non è dichiarato un dimmer integrato; l’eventuale regolazione dipende dalla lampadina compatibile e dal comando dell’impianto. Le differenti finiture consentono di accordare l’applique a pareti chiare o scure, metalli presenti nell’arredo, infissi e complementi, mentre le eventuali variazioni di misura e potenza permettono di dimensionare la presenza luminosa in funzione della parete e del contesto. Il carattere della lampada la rende adatta a soggiorni, sale da pranzo, cucine con materiali naturali, ingressi e corridoi nei quali la parete diventa parte dell’arredo. Trova una collocazione efficace anche in ristoranti, enoteche, bistrot, agriturismi, wine bar, boutique hotel e locali commerciali che desiderano un’illuminazione d’atmosfera coerente con legno, mattoni, metalli e texture materiche. In una composizione ripetuta lungo una parete o un passaggio può costruire un ritmo luminoso distintivo senza occupare spazio a pavimento. Una lampada a parete dal carattere materico permette di lavorare con contrasti e abbinamenti: pareti in mattoni, boiserie, legno, pietra, metalli bruniti o tessuti naturali. La luce può accompagnare tavoli, banconi, nicchie, passaggi e zone degustazione, dando continuità al concept di un locale oppure più calore a una casa. La posa in più punti consente inoltre di creare una sequenza luminosa coerente lungo una parete o un corridoio. Per chi acquista online lampade da parete Ideal Lux, Nordik ap2 rappresenta una proposta da valutare in base a dimensioni disponibili, finitura, sorgente luminosa e tipo di ambiente da illuminare. Le informazioni sulle configurazioni consentono di selezionare la variante più coerente con il progetto, evitando scelte generiche e costruendo un’illuminazione realmente coordinata. Prima della posa è opportuno verificare misure, collegamento elettrico, compatibilità della sorgente quando sostituibile e indicazioni di installazione riportate nella documentazione tecnica del prodotto.","Ideal Lux Nordik ap2: lampada da parete per interni con attacco E14/LED. 1 versioni con nero, formato compatto. Perfetta per living, locali e hospitality."
IL-CONFIG-414,"Ideal Lux O-zone ap è un’applique da parete per esterni progettata per un’illuminazione verticale curata e coerente con lo stile dell’ambiente. La struttura in metallo dona consistenza al punto luce e consente di inserire la lampada con equilibrio in ambienti residenziali o professionali. La configurazione disponibile è unica: nelle finiture nero; nelle dimensioni L 8,4 × H 10,2 × P 18,4 cm. Le potenze previste sono LED 13W, con sorgente LED. La dotazione luminosa utilizza sorgente LED integrata e inclusa; la funzione dimmer non è indicata nelle configurazioni standard disponibili. È una scelta indicata per facciate, ingressi, balconi, terrazze, portici, percorsi esterni, dehors e pareti in giardino, nel rispetto delle condizioni di installazione previste.","Ideal Lux O-zone ap è una lampada da parete per esterni concepita per dare qualità all’illuminazione verticale e valorizzare la superficie su cui viene installata. La struttura in metallo dona consistenza al punto luce e consente di inserire la lampada con equilibrio in ambienti residenziali o professionali. La scelta della versione è un passaggio importante in un e-commerce di illuminazione, perché consente di coordinare lampada, parete e atmosfera luminosa. La configurazione disponibile è unica: nelle finiture nero; nelle dimensioni L 8,4 × H 10,2 × P 18,4 cm. Le potenze previste sono LED 13W, con sorgente LED. La lampada impiega sorgente LED integrata e inclusa; la funzione dimmer non è indicata nelle configurazioni standard disponibili. Le differenti finiture consentono di accordare l’applique a pareti chiare o scure, metalli presenti nell’arredo, infissi e complementi, mentre le eventuali variazioni di misura e potenza permettono di dimensionare la presenza luminosa in funzione della parete e del contesto. Come applique da parete per esterni è indicata per illuminare ingressi, facciate, balconi, terrazze coperte o scoperte in base alla corretta installazione, portici, pergolati e dehors di ristoranti, bar o strutture ricettive. Può accompagnare vialetti, camminamenti, accessi carrabili, muri perimetrali, zone di passaggio in giardino e aree parcheggio, creando riferimenti luminosi lungo il percorso e rendendo più accogliente l’arrivo serale. Nei progetti outdoor vicino a piscine o in aree particolarmente esposte, collocazione, collegamento e manutenzione vanno sempre valutati secondo la scheda tecnica e le norme applicabili. In un progetto di illuminazione esterna a parete, la posizione dell’apparecchio incide sia sulla resa estetica sia sulla fruibilità degli spazi: vicino alla porta rende riconoscibile l’accesso, lungo un passaggio aiuta a leggere il percorso, su una facciata disegna un ritmo luminoso coerente. Una serie di applique coordinate può collegare ingresso, terrazza e giardino, mentre una singola installazione può sottolineare un numero civico, una nicchia o un’area conversazione outdoor. La scelta della temperatura colore, quando disponibile, permette di privilegiare un’atmosfera più accogliente oppure una percezione più nitida dei dettagli. Per chi acquista online lampade da parete Ideal Lux, O-zone ap rappresenta una proposta da valutare in base a dimensioni disponibili, finitura, sorgente luminosa e tipo di ambiente da illuminare. Le informazioni sulle configurazioni consentono di selezionare la variante più coerente con il progetto, evitando scelte generiche e costruendo un’illuminazione realmente coordinata. Prima della posa è opportuno verificare misure, collegamento elettrico, compatibilità della sorgente quando sostituibile e indicazioni di installazione riportate nella documentazione tecnica del prodotto.","Scopri Ideal Lux O-zone ap, applique da parete per esterni con LED integrato. 1 versioni con nero, formato compatto. Ideale per ingressi, terrazze e giardini."
IL-CONFIG-415,"L’applique Ideal Lux Oby ap1 è una lampada da parete per interni pensata per integrare luce e arredo su superfici verticali. La costruzione in metallo e plexiglas è pensata per un profilo ordinato e una diffusione uniforme, adatta a progetti nei quali la luce deve accompagnare l’architettura senza appesantirla. La collezione comprende 2 configurazioni selezionabili: nelle finiture bianco; nelle dimensioni L 10 × H 10 × P 13,5 cm e L 28 × H 8 × P 13,5 cm. Le potenze previste sono LED 12W e LED 6W, con sorgente LED. In dettaglio: L 10 × H 10 × P 13,5 cm con LED 6W; L 28 × H 8 × P 13,5 cm con LED 12W. La dotazione luminosa utilizza sorgente LED integrata e inclusa; la funzione dimmer non è indicata nelle configurazioni standard disponibili. È indicata per living, corridoi, scale, camere, reception, uffici, showroom e locali commerciali in cerca di una luce a parete ordinata. La descrizione della collezione evidenzia inoltre: Montatura in metallo verniciato bianco opaco, con snodi cromati. Corpo luce orientabile con diffusore in materiale plastico bianco.","Con Ideal Lux Oby ap1, l’applique da parete per interni diventa uno strumento progettuale: illumina, ordina lo spazio e completa la composizione d’arredo. La costruzione in metallo e plexiglas è pensata per un profilo ordinato e una diffusione uniforme, adatta a progetti nei quali la luce deve accompagnare l’architettura senza appesantirla. La scheda originale della collezione specifica: Montatura in metallo verniciato bianco opaco, con snodi cromati. Corpo luce orientabile con diffusore in materiale plastico bianco. La scelta della versione è un passaggio importante in un e-commerce di illuminazione, perché consente di coordinare lampada, parete e atmosfera luminosa. La collezione comprende 2 configurazioni selezionabili: nelle finiture bianco; nelle dimensioni L 10 × H 10 × P 13,5 cm e L 28 × H 8 × P 13,5 cm. Le potenze previste sono LED 12W e LED 6W, con sorgente LED. In dettaglio: L 10 × H 10 × P 13,5 cm con LED 6W; L 28 × H 8 × P 13,5 cm con LED 12W. La lampada impiega sorgente LED integrata e inclusa; la funzione dimmer non è indicata nelle configurazioni standard disponibili. Le differenti finiture consentono di accordare l’applique a pareti chiare o scure, metalli presenti nell’arredo, infissi e complementi, mentre le eventuali variazioni di misura e potenza permettono di dimensionare la presenza luminosa in funzione della parete e del contesto. L’applique è adatta a ingressi, corridoi, scale, soggiorni, zona living, cucina, camera da letto e camerette, sia come punto luce di servizio sia come illuminazione d’accento lungo una parete. Nel mondo professionale può essere scelta per reception, uffici, studi, sale d’attesa, showroom, negozi, ristoranti e camere d’hotel, soprattutto quando si desidera una luce ordinata che non occupi superfici utili. In bagno o in prossimità di aree soggette a umidità, l’installazione va valutata in funzione della posizione prevista e delle indicazioni tecniche del prodotto. Nella progettazione della luce a parete, un apparecchio compatto permette di completare l’illuminazione generale e di evidenziare percorsi, quinte, nicchie, pareti attrezzate o elementi decorativi. Può essere installato da solo come accento oppure ripetuto in sequenza per ottenere uniformità visiva in corridoi, scale e spazi contract. La presenza di più opzioni di finitura o dimensione aiuta inoltre a mantenere lo stesso linguaggio luminoso in ambienti differenti dello stesso progetto. Per chi acquista online lampade da parete Ideal Lux, Oby ap1 rappresenta una proposta da valutare in base a dimensioni disponibili, finitura, sorgente luminosa e tipo di ambiente da illuminare. Le informazioni sulle configurazioni consentono di selezionare la variante più coerente con il progetto, evitando scelte generiche e costruendo un’illuminazione realmente coordinata. Prima della posa è opportuno verificare misure, collegamento elettrico, compatibilità della sorgente quando sostituibile e indicazioni di installazione riportate nella documentazione tecnica del prodotto.","Ideal Lux Oby ap1: lampada da parete per interni con LED integrato. Disponibile in 2 varianti, bianco e 2 misure. Perfetta per living, corridoi e contract."
IL-CONFIG-416,"Ideal Lux Omega ap round propone una soluzione a parete per esterni che permette di definire il punto luce senza ingombrare piani o percorsi. La combinazione di metallo e vetro unisce struttura e trasparenza: il vetro contribuisce a rendere l’emissione luminosa più curata e il punto luce più decorativo. La collezione comprende 9 configurazioni selezionabili: nelle finiture antracite, bianco, caffè e nero; nelle dimensioni L 9 × H 9 × P 8,5 cm e Ø 9 × P 8,5 cm; con temperatura colore 3000K e 4000K. Le potenze previste sono 7W, con sorgente LED. La dotazione luminosa utilizza sorgente LED integrata e inclusa; la funzione dimmer non è indicata nelle configurazioni standard disponibili. È una scelta indicata per facciate, ingressi, balconi, terrazze, portici, percorsi esterni, dehors e pareti in giardino, nel rispetto delle condizioni di installazione previste. La descrizione della collezione evidenzia inoltre: Corpo luce in alluminio verniciato a polveri. Diffusore inclinabile con schermo in vetro. Disponibile nelle finiture antracite, bianco, coffee o nero.","Ideal Lux Omega ap round interpreta la lampada da parete per esterni come un elemento luminoso capace di unire funzione, proporzioni e presenza estetica. La combinazione di metallo e vetro unisce struttura e trasparenza: il vetro contribuisce a rendere l’emissione luminosa più curata e il punto luce più decorativo. La scheda originale della collezione specifica: Corpo luce in alluminio verniciato a polveri. Diffusore inclinabile con schermo in vetro. Disponibile nelle finiture antracite, bianco, coffee o nero. La scelta della versione è un passaggio importante in un e-commerce di illuminazione, perché consente di coordinare lampada, parete e atmosfera luminosa. La collezione comprende 9 configurazioni selezionabili: nelle finiture antracite, bianco, caffè e nero; nelle dimensioni L 9 × H 9 × P 8,5 cm e Ø 9 × P 8,5 cm; con temperatura colore 3000K e 4000K. Le potenze previste sono 7W, con sorgente LED. La lampada impiega sorgente LED integrata e inclusa; la funzione dimmer non è indicata nelle configurazioni standard disponibili. Le differenti finiture consentono di accordare l’applique a pareti chiare o scure, metalli presenti nell’arredo, infissi e complementi, mentre le eventuali variazioni di misura e potenza permettono di dimensionare la presenza luminosa in funzione della parete e del contesto. Come applique da parete per esterni è indicata per illuminare ingressi, facciate, balconi, terrazze coperte o scoperte in base alla corretta installazione, portici, pergolati e dehors di ristoranti, bar o strutture ricettive. Può accompagnare vialetti, camminamenti, accessi carrabili, muri perimetrali, zone di passaggio in giardino e aree parcheggio, creando riferimenti luminosi lungo il percorso e rendendo più accogliente l’arrivo serale. Nei progetti outdoor vicino a piscine o in aree particolarmente esposte, collocazione, collegamento e manutenzione vanno sempre valutati secondo la scheda tecnica e le norme applicabili. In un progetto di illuminazione esterna a parete, la posizione dell’apparecchio incide sia sulla resa estetica sia sulla fruibilità degli spazi: vicino alla porta rende riconoscibile l’accesso, lungo un passaggio aiuta a leggere il percorso, su una facciata disegna un ritmo luminoso coerente. Una serie di applique coordinate può collegare ingresso, terrazza e giardino, mentre una singola installazione può sottolineare un numero civico, una nicchia o un’area conversazione outdoor. La scelta della temperatura colore, quando disponibile, permette di privilegiare un’atmosfera più accogliente oppure una percezione più nitida dei dettagli. Per chi acquista online lampade da parete Ideal Lux, Omega ap round rappresenta una proposta da valutare in base a dimensioni disponibili, finitura, sorgente luminosa e tipo di ambiente da illuminare. Le informazioni sulle configurazioni consentono di selezionare la variante più coerente con il progetto, evitando scelte generiche e costruendo un’illuminazione realmente coordinata. Prima della posa è opportuno verificare misure, collegamento elettrico, compatibilità della sorgente quando sostituibile e indicazioni di installazione riportate nella documentazione tecnica del prodotto.","Ideal Lux Omega ap round: applique da parete per esterni con LED integrato, 4 finiture e 2 misure. Ideale per ingressi, terrazze e giardini. Acquista online."
IL-CONFIG-417,"Ideal Lux Opera ap3 è un’applique da parete per interni progettata per un’illuminazione verticale curata e coerente con lo stile dell’ambiente. La composizione in cristallo, metallo, tessuto e vetro valorizza riflessi e trasparenze, trasformando il punto luce in un elemento scenografico capace di impreziosire la parete. La configurazione disponibile è unica: nelle finiture bianco; nelle dimensioni L 30 × H 35 × P 19 cm. Le potenze previste sono E14/LED max 1 x 40W / 1.5W, con attacco E14/LED. La dotazione luminosa utilizza sorgenti sostituibili con attacco E14/LED; non è dichiarato un dimmer integrato; l’eventuale regolazione dipende dalla lampadina compatibile e dal comando dell’impianto. È pensata per living, saloni, ingressi, camere, ristoranti, hall e showroom in cui la lampada contribuisce anche alla decorazione della parete. La descrizione della collezione evidenzia inoltre: Montatura in cromo. Paralume in lamina di PVC con riflessi metallizzati e rivestita da fili. Pendagli in cristallo molato.","Ideal Lux Opera ap3 è una lampada da parete per interni concepita per dare qualità all’illuminazione verticale e valorizzare la superficie su cui viene installata. La composizione in cristallo, metallo, tessuto e vetro valorizza riflessi e trasparenze, trasformando il punto luce in un elemento scenografico capace di impreziosire la parete. La scheda originale della collezione specifica: Montatura in cromo. Paralume in lamina di PVC con riflessi metallizzati e rivestita da fili. Pendagli in cristallo molato. La scelta della versione è un passaggio importante in un e-commerce di illuminazione, perché consente di coordinare lampada, parete e atmosfera luminosa. La configurazione disponibile è unica: nelle finiture bianco; nelle dimensioni L 30 × H 35 × P 19 cm. Le potenze previste sono E14/LED max 1 x 40W / 1.5W, con attacco E14/LED. La lampada impiega sorgenti sostituibili con attacco E14/LED; non è dichiarato un dimmer integrato; l’eventuale regolazione dipende dalla lampadina compatibile e dal comando dell’impianto. Le differenti finiture consentono di accordare l’applique a pareti chiare o scure, metalli presenti nell’arredo, infissi e complementi, mentre le eventuali variazioni di misura e potenza permettono di dimensionare la presenza luminosa in funzione della parete e del contesto. Pensata per arredare oltre che illuminare, questa applique può valorizzare soggiorno, salone, sala da pranzo, ingresso, vano scala, camera da letto e pareti di rappresentanza della zona living. È indicata anche per hall, reception, ristoranti, boutique, showroom e camere di hotel, dove un dettaglio decorativo a parete contribuisce all’identità dell’ambiente. Installata singolarmente crea un accento visivo; disposta in coppia o in sequenza può incorniciare specchi, consolle, quadri o elementi architettonici, con un risultato più scenografico. La luce decorativa a parete è utile quando l’ambiente richiede profondità visiva e un dettaglio capace di farsi ricordare. In un salone o in una hall, la lampada può essere abbinata a sospensioni e piantane della stessa atmosfera; in un ristorante o showroom può scandire la parete e rafforzare la percezione del progetto. Finiture e materiali diventano così parte della narrazione d’arredo, dal contesto più elegante a quello contemporaneo e ricercato. Per chi acquista online lampade da parete Ideal Lux, Opera ap3 rappresenta una proposta da valutare in base a dimensioni disponibili, finitura, sorgente luminosa e tipo di ambiente da illuminare. Le informazioni sulle configurazioni consentono di selezionare la variante più coerente con il progetto, evitando scelte generiche e costruendo un’illuminazione realmente coordinata. Prima della posa è opportuno verificare misure, collegamento elettrico, compatibilità della sorgente quando sostituibile e indicazioni di installazione riportate nella documentazione tecnica del prodotto.","Scopri Ideal Lux Opera ap3, applique da parete per interni con attacco E14/LED. 1 versioni con bianco, formato compatto. Ideale per living, hall e ristoranti."
IL-CONFIG-418,"L’applique Ideal Lux Ovalino ap2 è una lampada da parete per interni pensata per integrare luce e arredo su superfici verticali. La combinazione di vetro unisce struttura e trasparenza: il vetro contribuisce a rendere l’emissione luminosa più curata e il punto luce più decorativo. La configurazione disponibile è unica: nelle finiture bianco; nelle dimensioni L 38 × H 21,5 × P 18 cm. Le potenze previste sono E27 max 2 x 60W, con attacco E27. La dotazione luminosa utilizza sorgenti sostituibili con attacco E27; non è dichiarato un dimmer integrato; l’eventuale regolazione dipende dalla lampadina compatibile e dal comando dell’impianto. È indicata per living, corridoi, scale, camere, reception, uffici, showroom e locali commerciali in cerca di una luce a parete ordinata. La descrizione della collezione evidenzia inoltre: Diffusore composto da elementi circolari in lastra di vetro curvata e acidata.","Con Ideal Lux Ovalino ap2, l’applique da parete per interni diventa uno strumento progettuale: illumina, ordina lo spazio e completa la composizione d’arredo. La combinazione di vetro unisce struttura e trasparenza: il vetro contribuisce a rendere l’emissione luminosa più curata e il punto luce più decorativo. La scheda originale della collezione specifica: Diffusore composto da elementi circolari in lastra di vetro curvata e acidata. La scelta della versione è un passaggio importante in un e-commerce di illuminazione, perché consente di coordinare lampada, parete e atmosfera luminosa. La configurazione disponibile è unica: nelle finiture bianco; nelle dimensioni L 38 × H 21,5 × P 18 cm. Le potenze previste sono E27 max 2 x 60W, con attacco E27. La lampada impiega sorgenti sostituibili con attacco E27; non è dichiarato un dimmer integrato; l’eventuale regolazione dipende dalla lampadina compatibile e dal comando dell’impianto. Le differenti finiture consentono di accordare l’applique a pareti chiare o scure, metalli presenti nell’arredo, infissi e complementi, mentre le eventuali variazioni di misura e potenza permettono di dimensionare la presenza luminosa in funzione della parete e del contesto. L’applique è adatta a ingressi, corridoi, scale, soggiorni, zona living, cucina, camera da letto e camerette, sia come punto luce di servizio sia come illuminazione d’accento lungo una parete. Nel mondo professionale può essere scelta per reception, uffici, studi, sale d’attesa, showroom, negozi, ristoranti e camere d’hotel, soprattutto quando si desidera una luce ordinata che non occupi superfici utili. In bagno o in prossimità di aree soggette a umidità, l’installazione va valutata in funzione della posizione prevista e delle indicazioni tecniche del prodotto. Nella progettazione della luce a parete, un apparecchio compatto permette di completare l’illuminazione generale e di evidenziare percorsi, quinte, nicchie, pareti attrezzate o elementi decorativi. Può essere installato da solo come accento oppure ripetuto in sequenza per ottenere uniformità visiva in corridoi, scale e spazi contract. La presenza di più opzioni di finitura o dimensione aiuta inoltre a mantenere lo stesso linguaggio luminoso in ambienti differenti dello stesso progetto. Per chi acquista online lampade da parete Ideal Lux, Ovalino ap2 rappresenta una proposta da valutare in base a dimensioni disponibili, finitura, sorgente luminosa e tipo di ambiente da illuminare. Le informazioni sulle configurazioni consentono di selezionare la variante più coerente con il progetto, evitando scelte generiche e costruendo un’illuminazione realmente coordinata. Prima della posa è opportuno verificare misure, collegamento elettrico, compatibilità della sorgente quando sostituibile e indicazioni di installazione riportate nella documentazione tecnica del prodotto.","Scopri Ideal Lux Ovalino ap2, applique da parete per interni con attacco E27. 1 versioni con bianco, formato compatto. Ideale per living, corridoi e contract."
IL-CONFIG-419,"Ideal Lux Oz ap dali propone una soluzione a parete per interni che permette di definire il punto luce senza ingombrare piani o percorsi. La costruzione in metallo e plexiglas è pensata per un profilo ordinato e una diffusione uniforme, adatta a progetti nei quali la luce deve accompagnare l’architettura senza appesantirla. La collezione comprende 12 configurazioni selezionabili: nelle finiture bianco, nero e ottone; nelle dimensioni L 29 × H 30 × P 8 cm; con temperatura colore 2700K, 3000K e 4000K. Le potenze previste sono 26W e 28W, con sorgente LED. La dotazione luminosa utilizza sorgente LED integrata e inclusa; la versione è dimmerabile e consente di modulare l’intensità luminosa secondo le esigenze dell’ambiente. È indicata per living, corridoi, scale, camere, reception, uffici, showroom e locali commerciali in cerca di una luce a parete ordinata.","Ideal Lux Oz ap dali interpreta la lampada da parete per interni come un elemento luminoso capace di unire funzione, proporzioni e presenza estetica. La costruzione in metallo e plexiglas è pensata per un profilo ordinato e una diffusione uniforme, adatta a progetti nei quali la luce deve accompagnare l’architettura senza appesantirla. La scelta della versione è un passaggio importante in un e-commerce di illuminazione, perché consente di coordinare lampada, parete e atmosfera luminosa. La collezione comprende 12 configurazioni selezionabili: nelle finiture bianco, nero e ottone; nelle dimensioni L 29 × H 30 × P 8 cm; con temperatura colore 2700K, 3000K e 4000K. Le potenze previste sono 26W e 28W, con sorgente LED. La lampada impiega sorgente LED integrata e inclusa; la versione è dimmerabile e consente di modulare l’intensità luminosa secondo le esigenze dell’ambiente. Le differenti finiture consentono di accordare l’applique a pareti chiare o scure, metalli presenti nell’arredo, infissi e complementi, mentre le eventuali variazioni di misura e potenza permettono di dimensionare la presenza luminosa in funzione della parete e del contesto. L’applique è adatta a ingressi, corridoi, scale, soggiorni, zona living, cucina, camera da letto e camerette, sia come punto luce di servizio sia come illuminazione d’accento lungo una parete. Nel mondo professionale può essere scelta per reception, uffici, studi, sale d’attesa, showroom, negozi, ristoranti e camere d’hotel, soprattutto quando si desidera una luce ordinata che non occupi superfici utili. In bagno o in prossimità di aree soggette a umidità, l’installazione va valutata in funzione della posizione prevista e delle indicazioni tecniche del prodotto. Nella progettazione della luce a parete, un apparecchio compatto permette di completare l’illuminazione generale e di evidenziare percorsi, quinte, nicchie, pareti attrezzate o elementi decorativi. Può essere installato da solo come accento oppure ripetuto in sequenza per ottenere uniformità visiva in corridoi, scale e spazi contract. La presenza di più opzioni di finitura o dimensione aiuta inoltre a mantenere lo stesso linguaggio luminoso in ambienti differenti dello stesso progetto. Per chi acquista online lampade da parete Ideal Lux, Oz ap dali rappresenta una proposta da valutare in base a dimensioni disponibili, finitura, sorgente luminosa e tipo di ambiente da illuminare. Le informazioni sulle configurazioni consentono di selezionare la variante più coerente con il progetto, evitando scelte generiche e costruendo un’illuminazione realmente coordinata. Prima della posa è opportuno verificare misure, collegamento elettrico, compatibilità della sorgente quando sostituibile e indicazioni di installazione riportate nella documentazione tecnica del prodotto.","Ideal Lux Oz ap dali: applique da parete per interni con LED integrato, bianco, nero e ottone e formato compatto. Ideale per living, corridoi e contract."
IL-CONFIG-420,"Ideal Lux Page ap round è un’applique da parete per interni progettata per un’illuminazione verticale curata e coerente con lo stile dell’ambiente. La struttura in metallo dona consistenza al punto luce e consente di inserire la lampada con equilibrio in ambienti residenziali o professionali. La collezione comprende 4 configurazioni selezionabili: nelle finiture bianco e nero; nelle dimensioni L 4 × H 11 × P 15 cm e Ø 9 × P 13 cm. Le potenze previste sono LED 3W, con sorgente LED. La dotazione luminosa utilizza sorgente LED integrata e inclusa; la funzione dimmer non è indicata nelle configurazioni standard disponibili. È particolarmente utile presso specchi, zone lavabo, camerini, camere d’hotel, corridoi e pareti di servizio, verificando l’idoneità della collocazione in ambienti umidi. La descrizione della collezione evidenzia inoltre: Corpo luce in alluminio verniciato a polveri bianco o nero. Diffusore orientabile con lente e elemento snodato in metallo cromato.","Ideal Lux Page ap round è una lampada da parete per interni concepita per dare qualità all’illuminazione verticale e valorizzare la superficie su cui viene installata. La struttura in metallo dona consistenza al punto luce e consente di inserire la lampada con equilibrio in ambienti residenziali o professionali. La scheda originale della collezione specifica: Corpo luce in alluminio verniciato a polveri bianco o nero. Diffusore orientabile con lente e elemento snodato in metallo cromato. La scelta della versione è un passaggio importante in un e-commerce di illuminazione, perché consente di coordinare lampada, parete e atmosfera luminosa. La collezione comprende 4 configurazioni selezionabili: nelle finiture bianco e nero; nelle dimensioni L 4 × H 11 × P 15 cm e Ø 9 × P 13 cm. Le potenze previste sono LED 3W, con sorgente LED. La lampada impiega sorgente LED integrata e inclusa; la funzione dimmer non è indicata nelle configurazioni standard disponibili. Le differenti finiture consentono di accordare l’applique a pareti chiare o scure, metalli presenti nell’arredo, infissi e complementi, mentre le eventuali variazioni di misura e potenza permettono di dimensionare la presenza luminosa in funzione della parete e del contesto. La vocazione dell’applique è particolarmente interessante sopra o ai lati di specchi, consolle e superfici dedicate alla cura personale: può completare una zona lavabo, un angolo make-up, una cabina armadio o una parete attrezzata in camera da letto. In ambito contract si presta a camere d’hotel, suite, saloni di bellezza, barber shop, camerini di boutique e servizi di locali commerciali, dove un punto luce a parete contribuisce alla percezione dello spazio. Per l’installazione in bagno occorre sempre verificare che la posizione prescelta sia idonea secondo la scheda tecnica e le norme dell’ambiente. Nell’illuminazione vicino allo specchio la qualità del progetto dipende dalla distribuzione equilibrata della luce e dalla posizione della lampada rispetto al viso e alla superficie riflettente. Una applique ben inserita rende più ordinata la zona lavabo o make-up e può diventare un elemento distintivo in un bagno d’hotel, in un camerino o in un salone professionale. In abbinamento ad altre luci ambientali, contribuisce a una scena luminosa completa, piacevole e facilmente fruibile durante la giornata. Per chi acquista online lampade da parete Ideal Lux, Page ap round rappresenta una proposta da valutare in base a dimensioni disponibili, finitura, sorgente luminosa e tipo di ambiente da illuminare. Le informazioni sulle configurazioni consentono di selezionare la variante più coerente con il progetto, evitando scelte generiche e costruendo un’illuminazione realmente coordinata. Prima della posa è opportuno verificare misure, collegamento elettrico, compatibilità della sorgente quando sostituibile e indicazioni di installazione riportate nella documentazione tecnica del prodotto.","Ideal Lux Page ap round: applique da parete per interni con LED integrato, bianco e nero e 2 misure. Ideale per specchi, camere e ambienti contract. Luce."
IL-CONFIG-421,"L’applique Ideal Lux Pan ap2 è una lampada da parete per interni pensata per integrare luce e arredo su superfici verticali. La struttura in metallo dona consistenza al punto luce e consente di inserire la lampada con equilibrio in ambienti residenziali o professionali. La configurazione disponibile è unica: nelle finiture oro; nelle dimensioni L 25 × H 58 × P 17 cm. Le potenze previste sono E14 max 2 x 40W, con attacco E14. La dotazione luminosa utilizza sorgenti sostituibili con attacco E14; non è dichiarato un dimmer integrato; l’eventuale regolazione dipende dalla lampadina compatibile e dal comando dell’impianto. È indicata per living, corridoi, scale, camere, reception, uffici, showroom e locali commerciali in cerca di una luce a parete ordinata. La descrizione della collezione evidenzia inoltre: Diffusore con tubi decorativi di diverse misure in metallo placcato. Emissione luce sopra e sotto.","Con Ideal Lux Pan ap2, l’applique da parete per interni diventa uno strumento progettuale: illumina, ordina lo spazio e completa la composizione d’arredo. La struttura in metallo dona consistenza al punto luce e consente di inserire la lampada con equilibrio in ambienti residenziali o professionali. La scheda originale della collezione specifica: Diffusore con tubi decorativi di diverse misure in metallo placcato. Emissione luce sopra e sotto. La scelta della versione è un passaggio importante in un e-commerce di illuminazione, perché consente di coordinare lampada, parete e atmosfera luminosa. La configurazione disponibile è unica: nelle finiture oro; nelle dimensioni L 25 × H 58 × P 17 cm. Le potenze previste sono E14 max 2 x 40W, con attacco E14. La lampada impiega sorgenti sostituibili con attacco E14; non è dichiarato un dimmer integrato; l’eventuale regolazione dipende dalla lampadina compatibile e dal comando dell’impianto. Le differenti finiture consentono di accordare l’applique a pareti chiare o scure, metalli presenti nell’arredo, infissi e complementi, mentre le eventuali variazioni di misura e potenza permettono di dimensionare la presenza luminosa in funzione della parete e del contesto. L’applique è adatta a ingressi, corridoi, scale, soggiorni, zona living, cucina, camera da letto e camerette, sia come punto luce di servizio sia come illuminazione d’accento lungo una parete. Nel mondo professionale può essere scelta per reception, uffici, studi, sale d’attesa, showroom, negozi, ristoranti e camere d’hotel, soprattutto quando si desidera una luce ordinata che non occupi superfici utili. In bagno o in prossimità di aree soggette a umidità, l’installazione va valutata in funzione della posizione prevista e delle indicazioni tecniche del prodotto. Nella progettazione della luce a parete, un apparecchio compatto permette di completare l’illuminazione generale e di evidenziare percorsi, quinte, nicchie, pareti attrezzate o elementi decorativi. Può essere installato da solo come accento oppure ripetuto in sequenza per ottenere uniformità visiva in corridoi, scale e spazi contract. La presenza di più opzioni di finitura o dimensione aiuta inoltre a mantenere lo stesso linguaggio luminoso in ambienti differenti dello stesso progetto. Per chi acquista online lampade da parete Ideal Lux, Pan ap2 rappresenta una proposta da valutare in base a dimensioni disponibili, finitura, sorgente luminosa e tipo di ambiente da illuminare. Le informazioni sulle configurazioni consentono di selezionare la variante più coerente con il progetto, evitando scelte generiche e costruendo un’illuminazione realmente coordinata. Prima della posa è opportuno verificare misure, collegamento elettrico, compatibilità della sorgente quando sostituibile e indicazioni di installazione riportate nella documentazione tecnica del prodotto.","Ideal Lux Pan ap2: lampada da parete per interni con attacco E14. Disponibile in 1 varianti, oro e formato compatto. Ideale per living, corridoi e contract."
IL-CONFIG-422,"Ideal Lux Pasha' ap3 propone una soluzione a parete per interni che permette di definire il punto luce senza ingombrare piani o percorsi. La composizione in cristallo, metallo e vetro valorizza riflessi e trasparenze, trasformando il punto luce in un elemento scenografico capace di impreziosire la parete. La collezione comprende 2 configurazioni selezionabili: nelle finiture cromo e oro; nelle dimensioni L 25,5 × H 12 × P 11,5 cm. Le potenze previste sono G9 max 3 x 40W, con attacco G9. La dotazione luminosa utilizza sorgenti sostituibili con attacco G9; non è dichiarato un dimmer integrato; l’eventuale regolazione dipende dalla lampadina compatibile e dal comando dell’impianto. È pensata per living, saloni, ingressi, camere, ristoranti, hall e showroom in cui la lampada contribuisce anche alla decorazione della parete. La descrizione della collezione evidenzia inoltre: Montatura in metallo. Diffusore composto da filari di perle in cristallo molato.","Ideal Lux Pasha' ap3 interpreta la lampada da parete per interni come un elemento luminoso capace di unire funzione, proporzioni e presenza estetica. La composizione in cristallo, metallo e vetro valorizza riflessi e trasparenze, trasformando il punto luce in un elemento scenografico capace di impreziosire la parete. La scheda originale della collezione specifica: Montatura in metallo. Diffusore composto da filari di perle in cristallo molato. La scelta della versione è un passaggio importante in un e-commerce di illuminazione, perché consente di coordinare lampada, parete e atmosfera luminosa. La collezione comprende 2 configurazioni selezionabili: nelle finiture cromo e oro; nelle dimensioni L 25,5 × H 12 × P 11,5 cm. Le potenze previste sono G9 max 3 x 40W, con attacco G9. La lampada impiega sorgenti sostituibili con attacco G9; non è dichiarato un dimmer integrato; l’eventuale regolazione dipende dalla lampadina compatibile e dal comando dell’impianto. Le differenti finiture consentono di accordare l’applique a pareti chiare o scure, metalli presenti nell’arredo, infissi e complementi, mentre le eventuali variazioni di misura e potenza permettono di dimensionare la presenza luminosa in funzione della parete e del contesto. Pensata per arredare oltre che illuminare, questa applique può valorizzare soggiorno, salone, sala da pranzo, ingresso, vano scala, camera da letto e pareti di rappresentanza della zona living. È indicata anche per hall, reception, ristoranti, boutique, showroom e camere di hotel, dove un dettaglio decorativo a parete contribuisce all’identità dell’ambiente. Installata singolarmente crea un accento visivo; disposta in coppia o in sequenza può incorniciare specchi, consolle, quadri o elementi architettonici, con un risultato più scenografico. La luce decorativa a parete è utile quando l’ambiente richiede profondità visiva e un dettaglio capace di farsi ricordare. In un salone o in una hall, la lampada può essere abbinata a sospensioni e piantane della stessa atmosfera; in un ristorante o showroom può scandire la parete e rafforzare la percezione del progetto. Finiture e materiali diventano così parte della narrazione d’arredo, dal contesto più elegante a quello contemporaneo e ricercato. Per chi acquista online lampade da parete Ideal Lux, Pasha' ap3 rappresenta una proposta da valutare in base a dimensioni disponibili, finitura, sorgente luminosa e tipo di ambiente da illuminare. Le informazioni sulle configurazioni consentono di selezionare la variante più coerente con il progetto, evitando scelte generiche e costruendo un’illuminazione realmente coordinata. Prima della posa è opportuno verificare misure, collegamento elettrico, compatibilità della sorgente quando sostituibile e indicazioni di installazione riportate nella documentazione tecnica del prodotto.","Ideal Lux Pasha' ap3: lampada da parete per interni con attacco G9. 2 versioni con cromo e oro, formato compatto. Perfetta per living, hall e ristoranti."
IL-CONFIG-423,"Ideal Lux Paul ap2 è un’applique da parete per interni progettata per un’illuminazione verticale curata e coerente con lo stile dell’ambiente. La combinazione di metallo e vetro unisce struttura e trasparenza: il vetro contribuisce a rendere l’emissione luminosa più curata e il punto luce più decorativo. La configurazione disponibile è unica: nelle finiture bianco; nelle dimensioni L 7 × H 17 × P 9,5 cm. Le potenze previste sono G9 max 2 x 40W, con attacco G9. La dotazione luminosa utilizza sorgenti sostituibili con attacco G9; non è dichiarato un dimmer integrato; l’eventuale regolazione dipende dalla lampadina compatibile e dal comando dell’impianto. È indicata per living, corridoi, scale, camere, reception, uffici, showroom e locali commerciali in cerca di una luce a parete ordinata.","Ideal Lux Paul ap2 è una lampada da parete per interni concepita per dare qualità all’illuminazione verticale e valorizzare la superficie su cui viene installata. La combinazione di metallo e vetro unisce struttura e trasparenza: il vetro contribuisce a rendere l’emissione luminosa più curata e il punto luce più decorativo. La scelta della versione è un passaggio importante in un e-commerce di illuminazione, perché consente di coordinare lampada, parete e atmosfera luminosa. La configurazione disponibile è unica: nelle finiture bianco; nelle dimensioni L 7 × H 17 × P 9,5 cm. Le potenze previste sono G9 max 2 x 40W, con attacco G9. La lampada impiega sorgenti sostituibili con attacco G9; non è dichiarato un dimmer integrato; l’eventuale regolazione dipende dalla lampadina compatibile e dal comando dell’impianto. Le differenti finiture consentono di accordare l’applique a pareti chiare o scure, metalli presenti nell’arredo, infissi e complementi, mentre le eventuali variazioni di misura e potenza permettono di dimensionare la presenza luminosa in funzione della parete e del contesto. L’applique è adatta a ingressi, corridoi, scale, soggiorni, zona living, cucina, camera da letto e camerette, sia come punto luce di servizio sia come illuminazione d’accento lungo una parete. Nel mondo professionale può essere scelta per reception, uffici, studi, sale d’attesa, showroom, negozi, ristoranti e camere d’hotel, soprattutto quando si desidera una luce ordinata che non occupi superfici utili. In bagno o in prossimità di aree soggette a umidità, l’installazione va valutata in funzione della posizione prevista e delle indicazioni tecniche del prodotto. Nella progettazione della luce a parete, un apparecchio compatto permette di completare l’illuminazione generale e di evidenziare percorsi, quinte, nicchie, pareti attrezzate o elementi decorativi. Può essere installato da solo come accento oppure ripetuto in sequenza per ottenere uniformità visiva in corridoi, scale e spazi contract. La presenza di più opzioni di finitura o dimensione aiuta inoltre a mantenere lo stesso linguaggio luminoso in ambienti differenti dello stesso progetto. Per chi acquista online lampade da parete Ideal Lux, Paul ap2 rappresenta una proposta da valutare in base a dimensioni disponibili, finitura, sorgente luminosa e tipo di ambiente da illuminare. Le informazioni sulle configurazioni consentono di selezionare la variante più coerente con il progetto, evitando scelte generiche e costruendo un’illuminazione realmente coordinata. Prima della posa è opportuno verificare misure, collegamento elettrico, compatibilità della sorgente quando sostituibile e indicazioni di installazione riportate nella documentazione tecnica del prodotto.","Scopri Ideal Lux Paul ap2, applique da parete per interni con attacco G9. 1 versioni con bianco, formato compatto. Ideale per living, corridoi e contract."
IL-CONFIG-424,"L’applique Ideal Lux Pegaso ap2 è una lampada da parete per interni pensata per integrare luce e arredo su superfici verticali. I materiali indicati, metallo, tessuto e vetro, favoriscono una presenza calda e decorativa: la componente tessile ammorbidisce la percezione della luce e rende l’applique accogliente. La collezione comprende 2 configurazioni selezionabili: nelle finiture bianco e ottone; nelle dimensioni L 43 × H 33,5 × P 20,5 cm. Le potenze previste sono E14 max 2 x 28W, con attacco E14. La dotazione luminosa utilizza sorgenti sostituibili con attacco E14; non è dichiarato un dimmer integrato; l’eventuale regolazione dipende dalla lampadina compatibile e dal comando dell’impianto. Si inserisce con carattere in living, sale da pranzo, ingressi, ristoranti, enoteche e boutique hotel, soprattutto accanto a superfici materiche e arredi caldi. La descrizione della collezione evidenzia inoltre: Montatura in metallo cromato oppure ottone satinato. Corpo centrale, bobeches e pendagli in cristallo molato. Paralumi in organza.","Con Ideal Lux Pegaso ap2, l’applique da parete per interni diventa uno strumento progettuale: illumina, ordina lo spazio e completa la composizione d’arredo. I materiali indicati, metallo, tessuto e vetro, favoriscono una presenza calda e decorativa: la componente tessile ammorbidisce la percezione della luce e rende l’applique accogliente. La scheda originale della collezione specifica: Montatura in metallo cromato oppure ottone satinato. Corpo centrale, bobeches e pendagli in cristallo molato. Paralumi in organza. La scelta della versione è un passaggio importante in un e-commerce di illuminazione, perché consente di coordinare lampada, parete e atmosfera luminosa. La collezione comprende 2 configurazioni selezionabili: nelle finiture bianco e ottone; nelle dimensioni L 43 × H 33,5 × P 20,5 cm. Le potenze previste sono E14 max 2 x 28W, con attacco E14. La lampada impiega sorgenti sostituibili con attacco E14; non è dichiarato un dimmer integrato; l’eventuale regolazione dipende dalla lampadina compatibile e dal comando dell’impianto. Le differenti finiture consentono di accordare l’applique a pareti chiare o scure, metalli presenti nell’arredo, infissi e complementi, mentre le eventuali variazioni di misura e potenza permettono di dimensionare la presenza luminosa in funzione della parete e del contesto. Il carattere della lampada la rende adatta a soggiorni, sale da pranzo, cucine con materiali naturali, ingressi e corridoi nei quali la parete diventa parte dell’arredo. Trova una collocazione efficace anche in ristoranti, enoteche, bistrot, agriturismi, wine bar, boutique hotel e locali commerciali che desiderano un’illuminazione d’atmosfera coerente con legno, mattoni, metalli e texture materiche. In una composizione ripetuta lungo una parete o un passaggio può costruire un ritmo luminoso distintivo senza occupare spazio a pavimento. Una lampada a parete dal carattere materico permette di lavorare con contrasti e abbinamenti: pareti in mattoni, boiserie, legno, pietra, metalli bruniti o tessuti naturali. La luce può accompagnare tavoli, banconi, nicchie, passaggi e zone degustazione, dando continuità al concept di un locale oppure più calore a una casa. La posa in più punti consente inoltre di creare una sequenza luminosa coerente lungo una parete o un corridoio. Per chi acquista online lampade da parete Ideal Lux, Pegaso ap2 rappresenta una proposta da valutare in base a dimensioni disponibili, finitura, sorgente luminosa e tipo di ambiente da illuminare. Le informazioni sulle configurazioni consentono di selezionare la variante più coerente con il progetto, evitando scelte generiche e costruendo un’illuminazione realmente coordinata. Prima della posa è opportuno verificare misure, collegamento elettrico, compatibilità della sorgente quando sostituibile e indicazioni di installazione riportate nella documentazione tecnica del prodotto.","Ideal Lux Pegaso ap2: lampada da parete per interni con attacco E14. 2 versioni con bianco e ottone, formato compatto. Ideale per living, locali e hospitality."
IL-CONFIG-425,"Ideal Lux Peggy ap 10w propone una soluzione a parete per interni che permette di definire il punto luce senza ingombrare piani o percorsi. Il corpo in alluminio e metallo conferisce all’applique un segno architettonico netto, adatto a installazioni coordinate e a pareti dal linguaggio contemporaneo. La collezione comprende 2 configurazioni selezionabili: nelle finiture bianco; nelle dimensioni L 20 × H 15,5 × P 6 cm e L 25 × H 19,5 × P 6,5 cm. Le potenze previste sono LED 10,5W e LED 15W, con sorgente LED. In dettaglio: L 20 × H 15,5 × P 6 cm con LED 10,5W; L 25 × H 19,5 × P 6,5 cm con LED 15W. La dotazione luminosa utilizza sorgente LED integrata e inclusa; la funzione dimmer non è indicata nelle configurazioni standard disponibili. È indicata per living, corridoi, scale, camere, reception, uffici, showroom e locali commerciali in cerca di una luce a parete ordinata. La descrizione della collezione evidenzia inoltre: Base e montatura in metallo verniciato a polveri con finitura bianca. Diffusore in acrilico satinato. Emissione luce indiretta.","Ideal Lux Peggy ap 10w interpreta la lampada da parete per interni come un elemento luminoso capace di unire funzione, proporzioni e presenza estetica. Il corpo in alluminio e metallo conferisce all’applique un segno architettonico netto, adatto a installazioni coordinate e a pareti dal linguaggio contemporaneo. La scheda originale della collezione specifica: Base e montatura in metallo verniciato a polveri con finitura bianca. Diffusore in acrilico satinato. Emissione luce indiretta. La scelta della versione è un passaggio importante in un e-commerce di illuminazione, perché consente di coordinare lampada, parete e atmosfera luminosa. La collezione comprende 2 configurazioni selezionabili: nelle finiture bianco; nelle dimensioni L 20 × H 15,5 × P 6 cm e L 25 × H 19,5 × P 6,5 cm. Le potenze previste sono LED 10,5W e LED 15W, con sorgente LED. In dettaglio: L 20 × H 15,5 × P 6 cm con LED 10,5W; L 25 × H 19,5 × P 6,5 cm con LED 15W. La lampada impiega sorgente LED integrata e inclusa; la funzione dimmer non è indicata nelle configurazioni standard disponibili. Le differenti finiture consentono di accordare l’applique a pareti chiare o scure, metalli presenti nell’arredo, infissi e complementi, mentre le eventuali variazioni di misura e potenza permettono di dimensionare la presenza luminosa in funzione della parete e del contesto. L’applique è adatta a ingressi, corridoi, scale, soggiorni, zona living, cucina, camera da letto e camerette, sia come punto luce di servizio sia come illuminazione d’accento lungo una parete. Nel mondo professionale può essere scelta per reception, uffici, studi, sale d’attesa, showroom, negozi, ristoranti e camere d’hotel, soprattutto quando si desidera una luce ordinata che non occupi superfici utili. In bagno o in prossimità di aree soggette a umidità, l’installazione va valutata in funzione della posizione prevista e delle indicazioni tecniche del prodotto. Nella progettazione della luce a parete, un apparecchio compatto permette di completare l’illuminazione generale e di evidenziare percorsi, quinte, nicchie, pareti attrezzate o elementi decorativi. Può essere installato da solo come accento oppure ripetuto in sequenza per ottenere uniformità visiva in corridoi, scale e spazi contract. La presenza di più opzioni di finitura o dimensione aiuta inoltre a mantenere lo stesso linguaggio luminoso in ambienti differenti dello stesso progetto. Per chi acquista online lampade da parete Ideal Lux, Peggy ap 10w rappresenta una proposta da valutare in base a dimensioni disponibili, finitura, sorgente luminosa e tipo di ambiente da illuminare. Le informazioni sulle configurazioni consentono di selezionare la variante più coerente con il progetto, evitando scelte generiche e costruendo un’illuminazione realmente coordinata. Prima della posa è opportuno verificare misure, collegamento elettrico, compatibilità della sorgente quando sostituibile e indicazioni di installazione riportate nella documentazione tecnica del prodotto.","Scopri Ideal Lux Peggy ap 10w, applique da parete per interni con LED integrato. 2 versioni con bianco, 2 misure. Perfetta per living, corridoi e contract."
IL-CONFIG-426,"Ideal Lux Perlage ap1 è un’applique da parete per interni progettata per un’illuminazione verticale curata e coerente con lo stile dell’ambiente. La combinazione di metallo e vetro unisce struttura e trasparenza: il vetro contribuisce a rendere l’emissione luminosa più curata e il punto luce più decorativo. La collezione comprende 6 configurazioni selezionabili: nelle finiture ambra, bianco e fumè; nelle dimensioni L 10 × H 10 × P 13,3 cm e L 24 × H 32 × P 16 cm. Le potenze previste sono G9 max 1 x 15W e G9 max 3 x 15W, con attacco G9. In dettaglio: L 10 × H 10 × P 13,3 cm con G9 max 1 x 15W; L 24 × H 32 × P 16 cm con G9 max 3 x 15W. La dotazione luminosa utilizza sorgenti sostituibili con attacco G9; non è dichiarato un dimmer integrato; l’eventuale regolazione dipende dalla lampadina compatibile e dal comando dell’impianto. È pensata per living, saloni, ingressi, camere, ristoranti, hall e showroom in cui la lampada contribuisce anche alla decorazione della parete.","Ideal Lux Perlage ap1 è una lampada da parete per interni concepita per dare qualità all’illuminazione verticale e valorizzare la superficie su cui viene installata. La combinazione di metallo e vetro unisce struttura e trasparenza: il vetro contribuisce a rendere l’emissione luminosa più curata e il punto luce più decorativo. La scelta della versione è un passaggio importante in un e-commerce di illuminazione, perché consente di coordinare lampada, parete e atmosfera luminosa. La collezione comprende 6 configurazioni selezionabili: nelle finiture ambra, bianco e fumè; nelle dimensioni L 10 × H 10 × P 13,3 cm e L 24 × H 32 × P 16 cm. Le potenze previste sono G9 max 1 x 15W e G9 max 3 x 15W, con attacco G9. In dettaglio: L 10 × H 10 × P 13,3 cm con G9 max 1 x 15W; L 24 × H 32 × P 16 cm con G9 max 3 x 15W. La lampada impiega sorgenti sostituibili con attacco G9; non è dichiarato un dimmer integrato; l’eventuale regolazione dipende dalla lampadina compatibile e dal comando dell’impianto. Le differenti finiture consentono di accordare l’applique a pareti chiare o scure, metalli presenti nell’arredo, infissi e complementi, mentre le eventuali variazioni di misura e potenza permettono di dimensionare la presenza luminosa in funzione della parete e del contesto. Pensata per arredare oltre che illuminare, questa applique può valorizzare soggiorno, salone, sala da pranzo, ingresso, vano scala, camera da letto e pareti di rappresentanza della zona living. È indicata anche per hall, reception, ristoranti, boutique, showroom e camere di hotel, dove un dettaglio decorativo a parete contribuisce all’identità dell’ambiente. Installata singolarmente crea un accento visivo; disposta in coppia o in sequenza può incorniciare specchi, consolle, quadri o elementi architettonici, con un risultato più scenografico. La luce decorativa a parete è utile quando l’ambiente richiede profondità visiva e un dettaglio capace di farsi ricordare. In un salone o in una hall, la lampada può essere abbinata a sospensioni e piantane della stessa atmosfera; in un ristorante o showroom può scandire la parete e rafforzare la percezione del progetto. Finiture e materiali diventano così parte della narrazione d’arredo, dal contesto più elegante a quello contemporaneo e ricercato. Per chi acquista online lampade da parete Ideal Lux, Perlage ap1 rappresenta una proposta da valutare in base a dimensioni disponibili, finitura, sorgente luminosa e tipo di ambiente da illuminare. Le informazioni sulle configurazioni consentono di selezionare la variante più coerente con il progetto, evitando scelte generiche e costruendo un’illuminazione realmente coordinata. Prima della posa è opportuno verificare misure, collegamento elettrico, compatibilità della sorgente quando sostituibile e indicazioni di installazione riportate nella documentazione tecnica del prodotto.","Ideal Lux Perlage ap1: lampada da parete per interni con attacco G9. 6 versioni con ambra, bianco e fumè, 2 misure. Perfetta per living, hall e ristoranti."
IL-CONFIG-427,"L’applique Ideal Lux Peter ap2 è una lampada da parete per interni pensata per integrare luce e arredo su superfici verticali. I materiali indicati, resina e tessuto, favoriscono una presenza calda e decorativa: la componente tessile ammorbidisce la percezione della luce e rende l’applique accogliente. La configurazione disponibile è unica: nelle finiture canvas; nelle dimensioni L 30,5 × H 45,5 × P 10 cm. Le potenze previste sono E14 max 2 x 40W, con attacco E14. La dotazione luminosa utilizza sorgenti sostituibili con attacco E14; non è dichiarato un dimmer integrato; l’eventuale regolazione dipende dalla lampadina compatibile e dal comando dell’impianto. È indicata per living, corridoi, scale, camere, reception, uffici, showroom e locali commerciali in cerca di una luce a parete ordinata.","Con Ideal Lux Peter ap2, l’applique da parete per interni diventa uno strumento progettuale: illumina, ordina lo spazio e completa la composizione d’arredo. I materiali indicati, resina e tessuto, favoriscono una presenza calda e decorativa: la componente tessile ammorbidisce la percezione della luce e rende l’applique accogliente. La scelta della versione è un passaggio importante in un e-commerce di illuminazione, perché consente di coordinare lampada, parete e atmosfera luminosa. La configurazione disponibile è unica: nelle finiture canvas; nelle dimensioni L 30,5 × H 45,5 × P 10 cm. Le potenze previste sono E14 max 2 x 40W, con attacco E14. La lampada impiega sorgenti sostituibili con attacco E14; non è dichiarato un dimmer integrato; l’eventuale regolazione dipende dalla lampadina compatibile e dal comando dell’impianto. Le differenti finiture consentono di accordare l’applique a pareti chiare o scure, metalli presenti nell’arredo, infissi e complementi, mentre le eventuali variazioni di misura e potenza permettono di dimensionare la presenza luminosa in funzione della parete e del contesto. L’applique è adatta a ingressi, corridoi, scale, soggiorni, zona living, cucina, camera da letto e camerette, sia come punto luce di servizio sia come illuminazione d’accento lungo una parete. Nel mondo professionale può essere scelta per reception, uffici, studi, sale d’attesa, showroom, negozi, ristoranti e camere d’hotel, soprattutto quando si desidera una luce ordinata che non occupi superfici utili. In bagno o in prossimità di aree soggette a umidità, l’installazione va valutata in funzione della posizione prevista e delle indicazioni tecniche del prodotto. Nella progettazione della luce a parete, un apparecchio compatto permette di completare l’illuminazione generale e di evidenziare percorsi, quinte, nicchie, pareti attrezzate o elementi decorativi. Può essere installato da solo come accento oppure ripetuto in sequenza per ottenere uniformità visiva in corridoi, scale e spazi contract. La presenza di più opzioni di finitura o dimensione aiuta inoltre a mantenere lo stesso linguaggio luminoso in ambienti differenti dello stesso progetto. Per chi acquista online lampade da parete Ideal Lux, Peter ap2 rappresenta una proposta da valutare in base a dimensioni disponibili, finitura, sorgente luminosa e tipo di ambiente da illuminare. Le informazioni sulle configurazioni consentono di selezionare la variante più coerente con il progetto, evitando scelte generiche e costruendo un’illuminazione realmente coordinata. Prima della posa è opportuno verificare misure, collegamento elettrico, compatibilità della sorgente quando sostituibile e indicazioni di installazione riportate nella documentazione tecnica del prodotto.","Scopri Ideal Lux Peter ap2, applique da parete per interni con attacco E14. 1 versioni con canvas, formato compatto. Ideale per living, corridoi e contract."
IL-CONFIG-428,"Ideal Lux Piano ap propone una soluzione a parete per interni che permette di definire il punto luce senza ingombrare piani o percorsi. La struttura in metallo dona consistenza al punto luce e consente di inserire la lampada con equilibrio in ambienti residenziali o professionali. La collezione comprende 2 configurazioni selezionabili: nelle finiture bianco e nero; nelle dimensioni L 18 × H 12 × P 14 cm. Le potenze previste sono LED 10W, con sorgente LED. La dotazione luminosa utilizza sorgente LED integrata e inclusa; la funzione dimmer non è indicata nelle configurazioni standard disponibili. È adatta accanto al letto, in una zona lettura, in corridoio o in una camera d’hotel, dove l’illuminazione a parete libera il comodino e rende il progetto più ordinato.","Ideal Lux Piano ap interpreta la lampada da parete per interni come un elemento luminoso capace di unire funzione, proporzioni e presenza estetica. La struttura in metallo dona consistenza al punto luce e consente di inserire la lampada con equilibrio in ambienti residenziali o professionali. La scelta della versione è un passaggio importante in un e-commerce di illuminazione, perché consente di coordinare lampada, parete e atmosfera luminosa. La collezione comprende 2 configurazioni selezionabili: nelle finiture bianco e nero; nelle dimensioni L 18 × H 12 × P 14 cm. Le potenze previste sono LED 10W, con sorgente LED. La lampada impiega sorgente LED integrata e inclusa; la funzione dimmer non è indicata nelle configurazioni standard disponibili. Le differenti finiture consentono di accordare l’applique a pareti chiare o scure, metalli presenti nell’arredo, infissi e complementi, mentre le eventuali variazioni di misura e potenza permettono di dimensionare la presenza luminosa in funzione della parete e del contesto. La sua collocazione ideale è accanto al letto, dietro una testata, lungo una parete di lettura o vicino a una poltrona, dove l’applique consente di liberare i piani d’appoggio e organizzare la luce con precisione. È una soluzione convincente per camere da letto, camerette, corridoi, scale e piccoli ingressi, oltre che per hotel, bed & breakfast, residence e aree lounge in cui ogni postazione richiede comfort e ordine visivo. Può inoltre affiancare una scrivania o una nicchia decorativa, contribuendo a una luce stratificata e piacevole. L’installazione a parete consente di lasciare libero il comodino o la consolle e di ottenere una luce supplementare esattamente dove serve. In una camera la lampada può lavorare insieme alla luce generale, costruendo un’atmosfera più rilassata; in una struttura ricettiva offre all’ospite una postazione ordinata e intuitiva. In un corridoio o in una nicchia, la stessa applique diventa un accento luminoso discreto che accompagna il percorso e completa la parete. Per chi acquista online lampade da parete Ideal Lux, Piano ap rappresenta una proposta da valutare in base a dimensioni disponibili, finitura, sorgente luminosa e tipo di ambiente da illuminare. Le informazioni sulle configurazioni consentono di selezionare la variante più coerente con il progetto, evitando scelte generiche e costruendo un’illuminazione realmente coordinata. Prima della posa è opportuno verificare misure, collegamento elettrico, compatibilità della sorgente quando sostituibile e indicazioni di installazione riportate nella documentazione tecnica del prodotto.","Ideal Lux Piano ap: lampada da parete per interni con LED integrato. 2 versioni con bianco e nero, formato compatto. Perfetta per camere, lettura e hotel."
IL-CONFIG-429,"Ideal Lux Pipe ap è un’applique da parete per interni progettata per un’illuminazione verticale curata e coerente con lo stile dell’ambiente. Il corpo in alluminio e metallo conferisce all’applique un segno architettonico netto, adatto a installazioni coordinate e a pareti dal linguaggio contemporaneo. La collezione comprende 2 configurazioni selezionabili: nelle finiture bianco e nero; nelle dimensioni L 5 × H 12 × P 12,5 cm. Le potenze previste sono LED 7W, con sorgente LED. La dotazione luminosa utilizza sorgente LED integrata e inclusa; la funzione dimmer non è indicata nelle configurazioni standard disponibili. È adatta accanto al letto, in una zona lettura, in corridoio o in una camera d’hotel, dove l’illuminazione a parete libera il comodino e rende il progetto più ordinato.","Ideal Lux Pipe ap è una lampada da parete per interni concepita per dare qualità all’illuminazione verticale e valorizzare la superficie su cui viene installata. Il corpo in alluminio e metallo conferisce all’applique un segno architettonico netto, adatto a installazioni coordinate e a pareti dal linguaggio contemporaneo. La scelta della versione è un passaggio importante in un e-commerce di illuminazione, perché consente di coordinare lampada, parete e atmosfera luminosa. La collezione comprende 2 configurazioni selezionabili: nelle finiture bianco e nero; nelle dimensioni L 5 × H 12 × P 12,5 cm. Le potenze previste sono LED 7W, con sorgente LED. La lampada impiega sorgente LED integrata e inclusa; la funzione dimmer non è indicata nelle configurazioni standard disponibili. Le differenti finiture consentono di accordare l’applique a pareti chiare o scure, metalli presenti nell’arredo, infissi e complementi, mentre le eventuali variazioni di misura e potenza permettono di dimensionare la presenza luminosa in funzione della parete e del contesto. La sua collocazione ideale è accanto al letto, dietro una testata, lungo una parete di lettura o vicino a una poltrona, dove l’applique consente di liberare i piani d’appoggio e organizzare la luce con precisione. È una soluzione convincente per camere da letto, camerette, corridoi, scale e piccoli ingressi, oltre che per hotel, bed & breakfast, residence e aree lounge in cui ogni postazione richiede comfort e ordine visivo. Può inoltre affiancare una scrivania o una nicchia decorativa, contribuendo a una luce stratificata e piacevole. L’installazione a parete consente di lasciare libero il comodino o la consolle e di ottenere una luce supplementare esattamente dove serve. In una camera la lampada può lavorare insieme alla luce generale, costruendo un’atmosfera più rilassata; in una struttura ricettiva offre all’ospite una postazione ordinata e intuitiva. In un corridoio o in una nicchia, la stessa applique diventa un accento luminoso discreto che accompagna il percorso e completa la parete. Per chi acquista online lampade da parete Ideal Lux, Pipe ap rappresenta una proposta da valutare in base a dimensioni disponibili, finitura, sorgente luminosa e tipo di ambiente da illuminare. Le informazioni sulle configurazioni consentono di selezionare la variante più coerente con il progetto, evitando scelte generiche e costruendo un’illuminazione realmente coordinata. Prima della posa è opportuno verificare misure, collegamento elettrico, compatibilità della sorgente quando sostituibile e indicazioni di installazione riportate nella documentazione tecnica del prodotto.","Ideal Lux Pipe ap: lampada da parete per interni con LED integrato. 2 versioni con bianco e nero, formato compatto. Perfetta per camere, lettura e hotel."
IL-CONFIG-430,"L’applique Ideal Lux Polar è una lampada da parete per esterni pensata per integrare luce e arredo su superfici verticali. La costruzione in plexiglas e resina è pensata per un profilo ordinato e una diffusione uniforme, adatta a progetti nei quali la luce deve accompagnare l’architettura senza appesantirla. La collezione comprende 4 configurazioni selezionabili: nelle finiture bianco e nero; nelle dimensioni L 33 × H 23 × P 9 cm e Ø 30 × P 9 cm. Le potenze previste sono E27 max 1 x 23W, con attacco E27. La dotazione luminosa utilizza sorgenti sostituibili con attacco E27; non è dichiarato un dimmer integrato; l’eventuale regolazione dipende dalla lampadina compatibile e dal comando dell’impianto. È una scelta indicata per facciate, ingressi, balconi, terrazze, portici, percorsi esterni, dehors e pareti in giardino, nel rispetto delle condizioni di installazione previste.","Con Ideal Lux Polar, l’applique da parete per esterni diventa uno strumento progettuale: illumina, ordina lo spazio e completa la composizione d’arredo. La costruzione in plexiglas e resina è pensata per un profilo ordinato e una diffusione uniforme, adatta a progetti nei quali la luce deve accompagnare l’architettura senza appesantirla. La scelta della versione è un passaggio importante in un e-commerce di illuminazione, perché consente di coordinare lampada, parete e atmosfera luminosa. La collezione comprende 4 configurazioni selezionabili: nelle finiture bianco e nero; nelle dimensioni L 33 × H 23 × P 9 cm e Ø 30 × P 9 cm. Le potenze previste sono E27 max 1 x 23W, con attacco E27. La lampada impiega sorgenti sostituibili con attacco E27; non è dichiarato un dimmer integrato; l’eventuale regolazione dipende dalla lampadina compatibile e dal comando dell’impianto. Le differenti finiture consentono di accordare l’applique a pareti chiare o scure, metalli presenti nell’arredo, infissi e complementi, mentre le eventuali variazioni di misura e potenza permettono di dimensionare la presenza luminosa in funzione della parete e del contesto. Come applique da parete per esterni è indicata per illuminare ingressi, facciate, balconi, terrazze coperte o scoperte in base alla corretta installazione, portici, pergolati e dehors di ristoranti, bar o strutture ricettive. Può accompagnare vialetti, camminamenti, accessi carrabili, muri perimetrali, zone di passaggio in giardino e aree parcheggio, creando riferimenti luminosi lungo il percorso e rendendo più accogliente l’arrivo serale. Nei progetti outdoor vicino a piscine o in aree particolarmente esposte, collocazione, collegamento e manutenzione vanno sempre valutati secondo la scheda tecnica e le norme applicabili. In un progetto di illuminazione esterna a parete, la posizione dell’apparecchio incide sia sulla resa estetica sia sulla fruibilità degli spazi: vicino alla porta rende riconoscibile l’accesso, lungo un passaggio aiuta a leggere il percorso, su una facciata disegna un ritmo luminoso coerente. Una serie di applique coordinate può collegare ingresso, terrazza e giardino, mentre una singola installazione può sottolineare un numero civico, una nicchia o un’area conversazione outdoor. La scelta della temperatura colore, quando disponibile, permette di privilegiare un’atmosfera più accogliente oppure una percezione più nitida dei dettagli. Per chi acquista online lampade da parete Ideal Lux, Polar rappresenta una proposta da valutare in base a dimensioni disponibili, finitura, sorgente luminosa e tipo di ambiente da illuminare. Le informazioni sulle configurazioni consentono di selezionare la variante più coerente con il progetto, evitando scelte generiche e costruendo un’illuminazione realmente coordinata. Prima della posa è opportuno verificare misure, collegamento elettrico, compatibilità della sorgente quando sostituibile e indicazioni di installazione riportate nella documentazione tecnica del prodotto.","Scopri Ideal Lux Polar, applique da parete per esterni con attacco E27. 4 versioni con bianco e nero, 2 misure. Perfetta per ingressi, terrazze e giardini."
IL-CONFIG-431,"Ideal Lux Polar propone una soluzione a parete per esterni che permette di definire il punto luce senza ingombrare piani o percorsi. La costruzione in plexiglas e resina è pensata per un profilo ordinato e una diffusione uniforme, adatta a progetti nei quali la luce deve accompagnare l’architettura senza appesantirla. La collezione comprende 4 configurazioni selezionabili: nelle finiture bianco e nero; nelle dimensioni L 33 × H 23 × P 9 cm e Ø 30 × P 9 cm. Le potenze previste sono E27 max 1 x 23W, con attacco E27. La dotazione luminosa utilizza sorgenti sostituibili con attacco E27; non è dichiarato un dimmer integrato; l’eventuale regolazione dipende dalla lampadina compatibile e dal comando dell’impianto. È una scelta indicata per facciate, ingressi, balconi, terrazze, portici, percorsi esterni, dehors e pareti in giardino, nel rispetto delle condizioni di installazione previste.","Ideal Lux Polar interpreta la lampada da parete per esterni come un elemento luminoso capace di unire funzione, proporzioni e presenza estetica. La costruzione in plexiglas e resina è pensata per un profilo ordinato e una diffusione uniforme, adatta a progetti nei quali la luce deve accompagnare l’architettura senza appesantirla. La scelta della versione è un passaggio importante in un e-commerce di illuminazione, perché consente di coordinare lampada, parete e atmosfera luminosa. La collezione comprende 4 configurazioni selezionabili: nelle finiture bianco e nero; nelle dimensioni L 33 × H 23 × P 9 cm e Ø 30 × P 9 cm. Le potenze previste sono E27 max 1 x 23W, con attacco E27. La lampada impiega sorgenti sostituibili con attacco E27; non è dichiarato un dimmer integrato; l’eventuale regolazione dipende dalla lampadina compatibile e dal comando dell’impianto. Le differenti finiture consentono di accordare l’applique a pareti chiare o scure, metalli presenti nell’arredo, infissi e complementi, mentre le eventuali variazioni di misura e potenza permettono di dimensionare la presenza luminosa in funzione della parete e del contesto. Come applique da parete per esterni è indicata per illuminare ingressi, facciate, balconi, terrazze coperte o scoperte in base alla corretta installazione, portici, pergolati e dehors di ristoranti, bar o strutture ricettive. Può accompagnare vialetti, camminamenti, accessi carrabili, muri perimetrali, zone di passaggio in giardino e aree parcheggio, creando riferimenti luminosi lungo il percorso e rendendo più accogliente l’arrivo serale. Nei progetti outdoor vicino a piscine o in aree particolarmente esposte, collocazione, collegamento e manutenzione vanno sempre valutati secondo la scheda tecnica e le norme applicabili. In un progetto di illuminazione esterna a parete, la posizione dell’apparecchio incide sia sulla resa estetica sia sulla fruibilità degli spazi: vicino alla porta rende riconoscibile l’accesso, lungo un passaggio aiuta a leggere il percorso, su una facciata disegna un ritmo luminoso coerente. Una serie di applique coordinate può collegare ingresso, terrazza e giardino, mentre una singola installazione può sottolineare un numero civico, una nicchia o un’area conversazione outdoor. La scelta della temperatura colore, quando disponibile, permette di privilegiare un’atmosfera più accogliente oppure una percezione più nitida dei dettagli. Per chi acquista online lampade da parete Ideal Lux, Polar rappresenta una proposta da valutare in base a dimensioni disponibili, finitura, sorgente luminosa e tipo di ambiente da illuminare. Le informazioni sulle configurazioni consentono di selezionare la variante più coerente con il progetto, evitando scelte generiche e costruendo un’illuminazione realmente coordinata. Prima della posa è opportuno verificare misure, collegamento elettrico, compatibilità della sorgente quando sostituibile e indicazioni di installazione riportate nella documentazione tecnica del prodotto.","Scopri Ideal Lux Polar, applique da parete per esterni con attacco E27. 4 versioni con bianco e nero, 2 misure. Perfetta per ingressi, terrazze e giardini."
IL-CONFIG-432,"Ideal Lux Post-it ap big è un’applique da parete per esterni progettata per un’illuminazione verticale curata e coerente con lo stile dell’ambiente. La struttura in metallo dona consistenza al punto luce e consente di inserire la lampada con equilibrio in ambienti residenziali o professionali. La collezione comprende 5 configurazioni selezionabili: nelle finiture acciaio, bianco, caffè, nero e ottone; nelle dimensioni L 8 × H 18 × P 1,5 cm. Le potenze previste sono LED 6W, con sorgente LED. La dotazione luminosa utilizza sorgente LED integrata e inclusa; la funzione dimmer non è indicata nelle configurazioni standard disponibili. È una scelta indicata per facciate, ingressi, balconi, terrazze, portici, percorsi esterni, dehors e pareti in giardino, nel rispetto delle condizioni di installazione previste.","Ideal Lux Post-it ap big è una lampada da parete per esterni concepita per dare qualità all’illuminazione verticale e valorizzare la superficie su cui viene installata. La struttura in metallo dona consistenza al punto luce e consente di inserire la lampada con equilibrio in ambienti residenziali o professionali. La scelta della versione è un passaggio importante in un e-commerce di illuminazione, perché consente di coordinare lampada, parete e atmosfera luminosa. La collezione comprende 5 configurazioni selezionabili: nelle finiture acciaio, bianco, caffè, nero e ottone; nelle dimensioni L 8 × H 18 × P 1,5 cm. Le potenze previste sono LED 6W, con sorgente LED. La lampada impiega sorgente LED integrata e inclusa; la funzione dimmer non è indicata nelle configurazioni standard disponibili. Le differenti finiture consentono di accordare l’applique a pareti chiare o scure, metalli presenti nell’arredo, infissi e complementi, mentre le eventuali variazioni di misura e potenza permettono di dimensionare la presenza luminosa in funzione della parete e del contesto. Come applique da parete per esterni è indicata per illuminare ingressi, facciate, balconi, terrazze coperte o scoperte in base alla corretta installazione, portici, pergolati e dehors di ristoranti, bar o strutture ricettive. Può accompagnare vialetti, camminamenti, accessi carrabili, muri perimetrali, zone di passaggio in giardino e aree parcheggio, creando riferimenti luminosi lungo il percorso e rendendo più accogliente l’arrivo serale. Nei progetti outdoor vicino a piscine o in aree particolarmente esposte, collocazione, collegamento e manutenzione vanno sempre valutati secondo la scheda tecnica e le norme applicabili. In un progetto di illuminazione esterna a parete, la posizione dell’apparecchio incide sia sulla resa estetica sia sulla fruibilità degli spazi: vicino alla porta rende riconoscibile l’accesso, lungo un passaggio aiuta a leggere il percorso, su una facciata disegna un ritmo luminoso coerente. Una serie di applique coordinate può collegare ingresso, terrazza e giardino, mentre una singola installazione può sottolineare un numero civico, una nicchia o un’area conversazione outdoor. La scelta della temperatura colore, quando disponibile, permette di privilegiare un’atmosfera più accogliente oppure una percezione più nitida dei dettagli. Per chi acquista online lampade da parete Ideal Lux, Post-it ap big rappresenta una proposta da valutare in base a dimensioni disponibili, finitura, sorgente luminosa e tipo di ambiente da illuminare. Le informazioni sulle configurazioni consentono di selezionare la variante più coerente con il progetto, evitando scelte generiche e costruendo un’illuminazione realmente coordinata. Prima della posa è opportuno verificare misure, collegamento elettrico, compatibilità della sorgente quando sostituibile e indicazioni di installazione riportate nella documentazione tecnica del prodotto.","Ideal Lux Post-it ap big: applique da parete per esterni con LED integrato, 5 finiture e formato compatto. Ideale per ingressi, terrazze e giardini. Luce."
IL-CONFIG-433,"L’applique Ideal Lux Post-it ap small è una lampada da parete per esterni pensata per integrare luce e arredo su superfici verticali. La struttura in metallo dona consistenza al punto luce e consente di inserire la lampada con equilibrio in ambienti residenziali o professionali. La collezione comprende 5 configurazioni selezionabili: nelle finiture acciaio, bianco, caffè, nero e ottone; nelle dimensioni L 8 × H 8 × P 1,5 cm. Le potenze previste sono LED 3W, con sorgente LED. La dotazione luminosa utilizza sorgente LED integrata e inclusa; la funzione dimmer non è indicata nelle configurazioni standard disponibili. È una scelta indicata per facciate, ingressi, balconi, terrazze, portici, percorsi esterni, dehors e pareti in giardino, nel rispetto delle condizioni di installazione previste.","Con Ideal Lux Post-it ap small, l’applique da parete per esterni diventa uno strumento progettuale: illumina, ordina lo spazio e completa la composizione d’arredo. La struttura in metallo dona consistenza al punto luce e consente di inserire la lampada con equilibrio in ambienti residenziali o professionali. La scelta della versione è un passaggio importante in un e-commerce di illuminazione, perché consente di coordinare lampada, parete e atmosfera luminosa. La collezione comprende 5 configurazioni selezionabili: nelle finiture acciaio, bianco, caffè, nero e ottone; nelle dimensioni L 8 × H 8 × P 1,5 cm. Le potenze previste sono LED 3W, con sorgente LED. La lampada impiega sorgente LED integrata e inclusa; la funzione dimmer non è indicata nelle configurazioni standard disponibili. Le differenti finiture consentono di accordare l’applique a pareti chiare o scure, metalli presenti nell’arredo, infissi e complementi, mentre le eventuali variazioni di misura e potenza permettono di dimensionare la presenza luminosa in funzione della parete e del contesto. Come applique da parete per esterni è indicata per illuminare ingressi, facciate, balconi, terrazze coperte o scoperte in base alla corretta installazione, portici, pergolati e dehors di ristoranti, bar o strutture ricettive. Può accompagnare vialetti, camminamenti, accessi carrabili, muri perimetrali, zone di passaggio in giardino e aree parcheggio, creando riferimenti luminosi lungo il percorso e rendendo più accogliente l’arrivo serale. Nei progetti outdoor vicino a piscine o in aree particolarmente esposte, collocazione, collegamento e manutenzione vanno sempre valutati secondo la scheda tecnica e le norme applicabili. In un progetto di illuminazione esterna a parete, la posizione dell’apparecchio incide sia sulla resa estetica sia sulla fruibilità degli spazi: vicino alla porta rende riconoscibile l’accesso, lungo un passaggio aiuta a leggere il percorso, su una facciata disegna un ritmo luminoso coerente. Una serie di applique coordinate può collegare ingresso, terrazza e giardino, mentre una singola installazione può sottolineare un numero civico, una nicchia o un’area conversazione outdoor. La scelta della temperatura colore, quando disponibile, permette di privilegiare un’atmosfera più accogliente oppure una percezione più nitida dei dettagli. Per chi acquista online lampade da parete Ideal Lux, Post-it ap small rappresenta una proposta da valutare in base a dimensioni disponibili, finitura, sorgente luminosa e tipo di ambiente da illuminare. Le informazioni sulle configurazioni consentono di selezionare la variante più coerente con il progetto, evitando scelte generiche e costruendo un’illuminazione realmente coordinata. Prima della posa è opportuno verificare misure, collegamento elettrico, compatibilità della sorgente quando sostituibile e indicazioni di installazione riportate nella documentazione tecnica del prodotto.","Ideal Lux Post-it ap small: applique da parete per esterni con LED integrato, 5 finiture e formato compatto. Ideale per ingressi, terrazze e giardini."
IL-CONFIG-434,"Ideal Lux Pouche ap round propone una soluzione a parete per interni che permette di definire il punto luce senza ingombrare piani o percorsi. La struttura in metallo dona consistenza al punto luce e consente di inserire la lampada con equilibrio in ambienti residenziali o professionali. La collezione comprende 2 configurazioni selezionabili: nelle finiture bianco; nelle dimensioni L 25 × H 25 × P 5 cm. Le potenze previste sono LED 15W, con sorgente LED. La dotazione luminosa utilizza sorgente LED integrata e inclusa; la funzione dimmer non è indicata nelle configurazioni standard disponibili. È indicata per living, corridoi, scale, camere, reception, uffici, showroom e locali commerciali in cerca di una luce a parete ordinata. La descrizione della collezione evidenzia inoltre: Montatura in metallo rifinito con vernice a polveri di colore bianco. Diffusore in acrilico trasparente satinato. Emissione luce indiretta.","Ideal Lux Pouche ap round interpreta la lampada da parete per interni come un elemento luminoso capace di unire funzione, proporzioni e presenza estetica. La struttura in metallo dona consistenza al punto luce e consente di inserire la lampada con equilibrio in ambienti residenziali o professionali. La scheda originale della collezione specifica: Montatura in metallo rifinito con vernice a polveri di colore bianco. Diffusore in acrilico trasparente satinato. Emissione luce indiretta. La scelta della versione è un passaggio importante in un e-commerce di illuminazione, perché consente di coordinare lampada, parete e atmosfera luminosa. La collezione comprende 2 configurazioni selezionabili: nelle finiture bianco; nelle dimensioni L 25 × H 25 × P 5 cm. Le potenze previste sono LED 15W, con sorgente LED. La lampada impiega sorgente LED integrata e inclusa; la funzione dimmer non è indicata nelle configurazioni standard disponibili. Le differenti finiture consentono di accordare l’applique a pareti chiare o scure, metalli presenti nell’arredo, infissi e complementi, mentre le eventuali variazioni di misura e potenza permettono di dimensionare la presenza luminosa in funzione della parete e del contesto. L’applique è adatta a ingressi, corridoi, scale, soggiorni, zona living, cucina, camera da letto e camerette, sia come punto luce di servizio sia come illuminazione d’accento lungo una parete. Nel mondo professionale può essere scelta per reception, uffici, studi, sale d’attesa, showroom, negozi, ristoranti e camere d’hotel, soprattutto quando si desidera una luce ordinata che non occupi superfici utili. In bagno o in prossimità di aree soggette a umidità, l’installazione va valutata in funzione della posizione prevista e delle indicazioni tecniche del prodotto. Nella progettazione della luce a parete, un apparecchio compatto permette di completare l’illuminazione generale e di evidenziare percorsi, quinte, nicchie, pareti attrezzate o elementi decorativi. Può essere installato da solo come accento oppure ripetuto in sequenza per ottenere uniformità visiva in corridoi, scale e spazi contract. La presenza di più opzioni di finitura o dimensione aiuta inoltre a mantenere lo stesso linguaggio luminoso in ambienti differenti dello stesso progetto. Per chi acquista online lampade da parete Ideal Lux, Pouche ap round rappresenta una proposta da valutare in base a dimensioni disponibili, finitura, sorgente luminosa e tipo di ambiente da illuminare. Le informazioni sulle configurazioni consentono di selezionare la variante più coerente con il progetto, evitando scelte generiche e costruendo un’illuminazione realmente coordinata. Prima della posa è opportuno verificare misure, collegamento elettrico, compatibilità della sorgente quando sostituibile e indicazioni di installazione riportate nella documentazione tecnica del prodotto.","Ideal Lux Pouche ap round: lampada da parete per interni con LED integrato. 2 versioni con bianco, formato compatto. Ideale per living, corridoi e contract."
IL-CONFIG-435,"Ideal Lux Pretty ap è un’applique da parete per esterni progettata per un’illuminazione verticale curata e coerente con lo stile dell’ambiente. La costruzione in metallo e plexiglas è pensata per un profilo ordinato e una diffusione uniforme, adatta a progetti nei quali la luce deve accompagnare l’architettura senza appesantirla. La collezione comprende 3 configurazioni selezionabili: nelle finiture bianco; nelle dimensioni L 107 × H 5,7 × P 9,5 cm, L 60,5 × H 5,7 × P 9,5 cm e L 80,7 × H 5,7 × P 9,5 cm. Le potenze previste sono LED 11,5W, LED 18W e LED 24W, con sorgente LED. In dettaglio: L 60,5 × H 5,7 × P 9,5 cm con LED 11,5W; L 80,7 × H 5,7 × P 9,5 cm con LED 18W; L 107 × H 5,7 × P 9,5 cm con LED 24W. La dotazione luminosa utilizza sorgente LED integrata e inclusa; la funzione dimmer non è indicata nelle configurazioni standard disponibili. È una scelta indicata per facciate, ingressi, balconi, terrazze, portici, percorsi esterni, dehors e pareti in giardino, nel rispetto delle condizioni di installazione previste.","Ideal Lux Pretty ap è una lampada da parete per esterni concepita per dare qualità all’illuminazione verticale e valorizzare la superficie su cui viene installata. La costruzione in metallo e plexiglas è pensata per un profilo ordinato e una diffusione uniforme, adatta a progetti nei quali la luce deve accompagnare l’architettura senza appesantirla. La scelta della versione è un passaggio importante in un e-commerce di illuminazione, perché consente di coordinare lampada, parete e atmosfera luminosa. La collezione comprende 3 configurazioni selezionabili: nelle finiture bianco; nelle dimensioni L 107 × H 5,7 × P 9,5 cm, L 60,5 × H 5,7 × P 9,5 cm e L 80,7 × H 5,7 × P 9,5 cm. Le potenze previste sono LED 11,5W, LED 18W e LED 24W, con sorgente LED. In dettaglio: L 60,5 × H 5,7 × P 9,5 cm con LED 11,5W; L 80,7 × H 5,7 × P 9,5 cm con LED 18W; L 107 × H 5,7 × P 9,5 cm con LED 24W. La lampada impiega sorgente LED integrata e inclusa; la funzione dimmer non è indicata nelle configurazioni standard disponibili. Le differenti finiture consentono di accordare l’applique a pareti chiare o scure, metalli presenti nell’arredo, infissi e complementi, mentre le eventuali variazioni di misura e potenza permettono di dimensionare la presenza luminosa in funzione della parete e del contesto. Come applique da parete per esterni è indicata per illuminare ingressi, facciate, balconi, terrazze coperte o scoperte in base alla corretta installazione, portici, pergolati e dehors di ristoranti, bar o strutture ricettive. Può accompagnare vialetti, camminamenti, accessi carrabili, muri perimetrali, zone di passaggio in giardino e aree parcheggio, creando riferimenti luminosi lungo il percorso e rendendo più accogliente l’arrivo serale. Nei progetti outdoor vicino a piscine o in aree particolarmente esposte, collocazione, collegamento e manutenzione vanno sempre valutati secondo la scheda tecnica e le norme applicabili. In un progetto di illuminazione esterna a parete, la posizione dell’apparecchio incide sia sulla resa estetica sia sulla fruibilità degli spazi: vicino alla porta rende riconoscibile l’accesso, lungo un passaggio aiuta a leggere il percorso, su una facciata disegna un ritmo luminoso coerente. Una serie di applique coordinate può collegare ingresso, terrazza e giardino, mentre una singola installazione può sottolineare un numero civico, una nicchia o un’area conversazione outdoor. La scelta della temperatura colore, quando disponibile, permette di privilegiare un’atmosfera più accogliente oppure una percezione più nitida dei dettagli. Per chi acquista online lampade da parete Ideal Lux, Pretty ap rappresenta una proposta da valutare in base a dimensioni disponibili, finitura, sorgente luminosa e tipo di ambiente da illuminare. Le informazioni sulle configurazioni consentono di selezionare la variante più coerente con il progetto, evitando scelte generiche e costruendo un’illuminazione realmente coordinata. Prima della posa è opportuno verificare misure, collegamento elettrico, compatibilità della sorgente quando sostituibile e indicazioni di installazione riportate nella documentazione tecnica del prodotto.","Scopri Ideal Lux Pretty ap, applique da parete per esterni con LED integrato. 3 versioni con bianco, 3 misure. Perfetta per ingressi, terrazze e giardini."
IL-CONFIG-436,"L’applique Ideal Lux Privè ap6 è una lampada da parete per interni pensata per integrare luce e arredo su superfici verticali. La struttura in metallo dona consistenza al punto luce e consente di inserire la lampada con equilibrio in ambienti residenziali o professionali. La collezione comprende 6 configurazioni selezionabili: nelle finiture bianco, cromo, nero e ottone; nelle dimensioni L 60,5 × H 4 × P 8 cm e L 80,5 × H 4 × P 8 cm. Le potenze previste sono E14 max 6 x 40W e E14 max 8 x 40W, con attacco E14. In dettaglio: L 60,5 × H 4 × P 8 cm con E14 max 6 x 40W; L 80,5 × H 4 × P 8 cm con E14 max 8 x 40W. La dotazione luminosa utilizza sorgenti sostituibili con attacco E14; non è dichiarato un dimmer integrato; l’eventuale regolazione dipende dalla lampadina compatibile e dal comando dell’impianto. È pensata per living, saloni, ingressi, camere, ristoranti, hall e showroom in cui la lampada contribuisce anche alla decorazione della parete.","Con Ideal Lux Privè ap6, l’applique da parete per interni diventa uno strumento progettuale: illumina, ordina lo spazio e completa la composizione d’arredo. La struttura in metallo dona consistenza al punto luce e consente di inserire la lampada con equilibrio in ambienti residenziali o professionali. La scelta della versione è un passaggio importante in un e-commerce di illuminazione, perché consente di coordinare lampada, parete e atmosfera luminosa. La collezione comprende 6 configurazioni selezionabili: nelle finiture bianco, cromo, nero e ottone; nelle dimensioni L 60,5 × H 4 × P 8 cm e L 80,5 × H 4 × P 8 cm. Le potenze previste sono E14 max 6 x 40W e E14 max 8 x 40W, con attacco E14. In dettaglio: L 60,5 × H 4 × P 8 cm con E14 max 6 x 40W; L 80,5 × H 4 × P 8 cm con E14 max 8 x 40W. La lampada impiega sorgenti sostituibili con attacco E14; non è dichiarato un dimmer integrato; l’eventuale regolazione dipende dalla lampadina compatibile e dal comando dell’impianto. Le differenti finiture consentono di accordare l’applique a pareti chiare o scure, metalli presenti nell’arredo, infissi e complementi, mentre le eventuali variazioni di misura e potenza permettono di dimensionare la presenza luminosa in funzione della parete e del contesto. Pensata per arredare oltre che illuminare, questa applique può valorizzare soggiorno, salone, sala da pranzo, ingresso, vano scala, camera da letto e pareti di rappresentanza della zona living. È indicata anche per hall, reception, ristoranti, boutique, showroom e camere di hotel, dove un dettaglio decorativo a parete contribuisce all’identità dell’ambiente. Installata singolarmente crea un accento visivo; disposta in coppia o in sequenza può incorniciare specchi, consolle, quadri o elementi architettonici, con un risultato più scenografico. La luce decorativa a parete è utile quando l’ambiente richiede profondità visiva e un dettaglio capace di farsi ricordare. In un salone o in una hall, la lampada può essere abbinata a sospensioni e piantane della stessa atmosfera; in un ristorante o showroom può scandire la parete e rafforzare la percezione del progetto. Finiture e materiali diventano così parte della narrazione d’arredo, dal contesto più elegante a quello contemporaneo e ricercato. Per chi acquista online lampade da parete Ideal Lux, Privè ap6 rappresenta una proposta da valutare in base a dimensioni disponibili, finitura, sorgente luminosa e tipo di ambiente da illuminare. Le informazioni sulle configurazioni consentono di selezionare la variante più coerente con il progetto, evitando scelte generiche e costruendo un’illuminazione realmente coordinata. Prima della posa è opportuno verificare misure, collegamento elettrico, compatibilità della sorgente quando sostituibile e indicazioni di installazione riportate nella documentazione tecnica del prodotto.","Ideal Lux Privè ap6: lampada da parete per interni con attacco E14. Disponibile in 6 varianti, 4 finiture e 2 misure. Ideale per living, hall e ristoranti."
IL-CONFIG-437,"Ideal Lux Punto ap propone una soluzione a parete per esterni che permette di definire il punto luce senza ingombrare piani o percorsi. La struttura in metallo dona consistenza al punto luce e consente di inserire la lampada con equilibrio in ambienti residenziali o professionali. La collezione comprende 12 configurazioni selezionabili: nelle finiture antracite, bianco, caffè e nero; nelle dimensioni Ø 18 × P 3 cm, Ø 24 × P 5 cm e Ø 30 × P 6 cm. Le potenze previste sono LED 12W, LED 16W e LED 9W, con sorgente LED. In dettaglio: Ø 18 × P 3 cm con LED 9W; Ø 24 × P 5 cm con LED 12W; Ø 30 × P 6 cm con LED 16W. La dotazione luminosa utilizza sorgente LED integrata e inclusa; la funzione dimmer non è indicata nelle configurazioni standard disponibili. È una scelta indicata per facciate, ingressi, balconi, terrazze, portici, percorsi esterni, dehors e pareti in giardino, nel rispetto delle condizioni di installazione previste.","Ideal Lux Punto ap interpreta la lampada da parete per esterni come un elemento luminoso capace di unire funzione, proporzioni e presenza estetica. La struttura in metallo dona consistenza al punto luce e consente di inserire la lampada con equilibrio in ambienti residenziali o professionali. La scelta della versione è un passaggio importante in un e-commerce di illuminazione, perché consente di coordinare lampada, parete e atmosfera luminosa. La collezione comprende 12 configurazioni selezionabili: nelle finiture antracite, bianco, caffè e nero; nelle dimensioni Ø 18 × P 3 cm, Ø 24 × P 5 cm e Ø 30 × P 6 cm. Le potenze previste sono LED 12W, LED 16W e LED 9W, con sorgente LED. In dettaglio: Ø 18 × P 3 cm con LED 9W; Ø 24 × P 5 cm con LED 12W; Ø 30 × P 6 cm con LED 16W. La lampada impiega sorgente LED integrata e inclusa; la funzione dimmer non è indicata nelle configurazioni standard disponibili. Le differenti finiture consentono di accordare l’applique a pareti chiare o scure, metalli presenti nell’arredo, infissi e complementi, mentre le eventuali variazioni di misura e potenza permettono di dimensionare la presenza luminosa in funzione della parete e del contesto. Come applique da parete per esterni è indicata per illuminare ingressi, facciate, balconi, terrazze coperte o scoperte in base alla corretta installazione, portici, pergolati e dehors di ristoranti, bar o strutture ricettive. Può accompagnare vialetti, camminamenti, accessi carrabili, muri perimetrali, zone di passaggio in giardino e aree parcheggio, creando riferimenti luminosi lungo il percorso e rendendo più accogliente l’arrivo serale. Nei progetti outdoor vicino a piscine o in aree particolarmente esposte, collocazione, collegamento e manutenzione vanno sempre valutati secondo la scheda tecnica e le norme applicabili. In un progetto di illuminazione esterna a parete, la posizione dell’apparecchio incide sia sulla resa estetica sia sulla fruibilità degli spazi: vicino alla porta rende riconoscibile l’accesso, lungo un passaggio aiuta a leggere il percorso, su una facciata disegna un ritmo luminoso coerente. Una serie di applique coordinate può collegare ingresso, terrazza e giardino, mentre una singola installazione può sottolineare un numero civico, una nicchia o un’area conversazione outdoor. La scelta della temperatura colore, quando disponibile, permette di privilegiare un’atmosfera più accogliente oppure una percezione più nitida dei dettagli. Per chi acquista online lampade da parete Ideal Lux, Punto ap rappresenta una proposta da valutare in base a dimensioni disponibili, finitura, sorgente luminosa e tipo di ambiente da illuminare. Le informazioni sulle configurazioni consentono di selezionare la variante più coerente con il progetto, evitando scelte generiche e costruendo un’illuminazione realmente coordinata. Prima della posa è opportuno verificare misure, collegamento elettrico, compatibilità della sorgente quando sostituibile e indicazioni di installazione riportate nella documentazione tecnica del prodotto.","Scopri Ideal Lux Punto ap, applique da parete per esterni con LED integrato. 12 versioni con 4 finiture, 3 misure. Ideale per ingressi, terrazze e giardini."
IL-CONFIG-438,"Ideal Lux Radio ap1 è un’applique da parete per interni progettata per un’illuminazione verticale curata e coerente con lo stile dell’ambiente. I materiali indicati, metallo e tessuto, favoriscono una presenza calda e decorativa: la componente tessile ammorbidisce la percezione della luce e rende l’applique accogliente. La collezione comprende 3 configurazioni selezionabili: nelle finiture bianco, cromo e nero; nelle dimensioni Ø 18 × P 24 cm. Le potenze previste sono E27 max 1 x 60W, con attacco E27. La dotazione luminosa utilizza sorgenti sostituibili con attacco E27; non è dichiarato un dimmer integrato; l’eventuale regolazione dipende dalla lampadina compatibile e dal comando dell’impianto. È indicata per living, corridoi, scale, camere, reception, uffici, showroom e locali commerciali in cerca di una luce a parete ordinata. La descrizione della collezione evidenzia inoltre: Rosone e montatura in metallo. Diffusore posizionabile. Cavo elettrico in tessuto. Disponibile con finitura in cromo o con vernice opaca bianca o nera.","Ideal Lux Radio ap1 è una lampada da parete per interni concepita per dare qualità all’illuminazione verticale e valorizzare la superficie su cui viene installata. I materiali indicati, metallo e tessuto, favoriscono una presenza calda e decorativa: la componente tessile ammorbidisce la percezione della luce e rende l’applique accogliente. La scheda originale della collezione specifica: Rosone e montatura in metallo. Diffusore posizionabile. Cavo elettrico in tessuto. Disponibile con finitura in cromo o con vernice opaca bianca o nera. La scelta della versione è un passaggio importante in un e-commerce di illuminazione, perché consente di coordinare lampada, parete e atmosfera luminosa. La collezione comprende 3 configurazioni selezionabili: nelle finiture bianco, cromo e nero; nelle dimensioni Ø 18 × P 24 cm. Le potenze previste sono E27 max 1 x 60W, con attacco E27. La lampada impiega sorgenti sostituibili con attacco E27; non è dichiarato un dimmer integrato; l’eventuale regolazione dipende dalla lampadina compatibile e dal comando dell’impianto. Le differenti finiture consentono di accordare l’applique a pareti chiare o scure, metalli presenti nell’arredo, infissi e complementi, mentre le eventuali variazioni di misura e potenza permettono di dimensionare la presenza luminosa in funzione della parete e del contesto. L’applique è adatta a ingressi, corridoi, scale, soggiorni, zona living, cucina, camera da letto e camerette, sia come punto luce di servizio sia come illuminazione d’accento lungo una parete. Nel mondo professionale può essere scelta per reception, uffici, studi, sale d’attesa, showroom, negozi, ristoranti e camere d’hotel, soprattutto quando si desidera una luce ordinata che non occupi superfici utili. In bagno o in prossimità di aree soggette a umidità, l’installazione va valutata in funzione della posizione prevista e delle indicazioni tecniche del prodotto. Nella progettazione della luce a parete, un apparecchio compatto permette di completare l’illuminazione generale e di evidenziare percorsi, quinte, nicchie, pareti attrezzate o elementi decorativi. Può essere installato da solo come accento oppure ripetuto in sequenza per ottenere uniformità visiva in corridoi, scale e spazi contract. La presenza di più opzioni di finitura o dimensione aiuta inoltre a mantenere lo stesso linguaggio luminoso in ambienti differenti dello stesso progetto. Per chi acquista online lampade da parete Ideal Lux, Radio ap1 rappresenta una proposta da valutare in base a dimensioni disponibili, finitura, sorgente luminosa e tipo di ambiente da illuminare. Le informazioni sulle configurazioni consentono di selezionare la variante più coerente con il progetto, evitando scelte generiche e costruendo un’illuminazione realmente coordinata. Prima della posa è opportuno verificare misure, collegamento elettrico, compatibilità della sorgente quando sostituibile e indicazioni di installazione riportate nella documentazione tecnica del prodotto.","Ideal Lux Radio ap1: applique da parete per interni con attacco E27, bianco, cromo e nero e formato compatto. Ideale per living, corridoi e contract. Luce."
IL-CONFIG-439,"L’applique Ideal Lux Retro' ap2 è una lampada da parete per interni pensata per integrare luce e arredo su superfici verticali. La struttura in metallo dona consistenza al punto luce e consente di inserire la lampada con equilibrio in ambienti residenziali o professionali. La configurazione disponibile è unica: nelle finiture brunito; nelle dimensioni L 35 × H 18 × P 18 cm. Le potenze previste sono E14 max 2 x 28W, con attacco E14. La dotazione luminosa utilizza sorgenti sostituibili con attacco E14; non è dichiarato un dimmer integrato; l’eventuale regolazione dipende dalla lampadina compatibile e dal comando dell’impianto. Si inserisce con carattere in living, sale da pranzo, ingressi, ristoranti, enoteche e boutique hotel, soprattutto accanto a superfici materiche e arredi caldi. La descrizione della collezione evidenzia inoltre: Base braccio e diffusore interamente in metallo con finitura brunito. Diffusore orientabile.","Con Ideal Lux Retro' ap2, l’applique da parete per interni diventa uno strumento progettuale: illumina, ordina lo spazio e completa la composizione d’arredo. La struttura in metallo dona consistenza al punto luce e consente di inserire la lampada con equilibrio in ambienti residenziali o professionali. La scheda originale della collezione specifica: Base braccio e diffusore interamente in metallo con finitura brunito. Diffusore orientabile. La scelta della versione è un passaggio importante in un e-commerce di illuminazione, perché consente di coordinare lampada, parete e atmosfera luminosa. La configurazione disponibile è unica: nelle finiture brunito; nelle dimensioni L 35 × H 18 × P 18 cm. Le potenze previste sono E14 max 2 x 28W, con attacco E14. La lampada impiega sorgenti sostituibili con attacco E14; non è dichiarato un dimmer integrato; l’eventuale regolazione dipende dalla lampadina compatibile e dal comando dell’impianto. Le differenti finiture consentono di accordare l’applique a pareti chiare o scure, metalli presenti nell’arredo, infissi e complementi, mentre le eventuali variazioni di misura e potenza permettono di dimensionare la presenza luminosa in funzione della parete e del contesto. Il carattere della lampada la rende adatta a soggiorni, sale da pranzo, cucine con materiali naturali, ingressi e corridoi nei quali la parete diventa parte dell’arredo. Trova una collocazione efficace anche in ristoranti, enoteche, bistrot, agriturismi, wine bar, boutique hotel e locali commerciali che desiderano un’illuminazione d’atmosfera coerente con legno, mattoni, metalli e texture materiche. In una composizione ripetuta lungo una parete o un passaggio può costruire un ritmo luminoso distintivo senza occupare spazio a pavimento. Una lampada a parete dal carattere materico permette di lavorare con contrasti e abbinamenti: pareti in mattoni, boiserie, legno, pietra, metalli bruniti o tessuti naturali. La luce può accompagnare tavoli, banconi, nicchie, passaggi e zone degustazione, dando continuità al concept di un locale oppure più calore a una casa. La posa in più punti consente inoltre di creare una sequenza luminosa coerente lungo una parete o un corridoio. Per chi acquista online lampade da parete Ideal Lux, Retro' ap2 rappresenta una proposta da valutare in base a dimensioni disponibili, finitura, sorgente luminosa e tipo di ambiente da illuminare. Le informazioni sulle configurazioni consentono di selezionare la variante più coerente con il progetto, evitando scelte generiche e costruendo un’illuminazione realmente coordinata. Prima della posa è opportuno verificare misure, collegamento elettrico, compatibilità della sorgente quando sostituibile e indicazioni di installazione riportate nella documentazione tecnica del prodotto.","Ideal Lux Retro' ap2: lampada da parete per interni con attacco E14. 1 versioni con brunito, formato compatto. Perfetta per living, locali e hospitality."
IL-CONFIG-440,"Ideal Lux Rex propone una soluzione a parete per esterni che permette di definire il punto luce senza ingombrare piani o percorsi. La costruzione in alluminio, metallo e plexiglas è pensata per un profilo ordinato e una diffusione uniforme, adatta a progetti nei quali la luce deve accompagnare l’architettura senza appesantirla. La collezione comprende 5 configurazioni selezionabili: nelle finiture antracite, bianco, caffè, grigio e nero; nelle dimensioni L 25 × H 12 × P 13 cm. Le potenze previste sono E27 max 1 x 60W, con attacco E27. La dotazione luminosa utilizza sorgenti sostituibili con attacco E27; non è dichiarato un dimmer integrato; l’eventuale regolazione dipende dalla lampadina compatibile e dal comando dell’impianto. È una scelta indicata per facciate, ingressi, balconi, terrazze, portici, percorsi esterni, dehors e pareti in giardino, nel rispetto delle condizioni di installazione previste.","Ideal Lux Rex interpreta la lampada da parete per esterni come un elemento luminoso capace di unire funzione, proporzioni e presenza estetica. La costruzione in alluminio, metallo e plexiglas è pensata per un profilo ordinato e una diffusione uniforme, adatta a progetti nei quali la luce deve accompagnare l’architettura senza appesantirla. La scelta della versione è un passaggio importante in un e-commerce di illuminazione, perché consente di coordinare lampada, parete e atmosfera luminosa. La collezione comprende 5 configurazioni selezionabili: nelle finiture antracite, bianco, caffè, grigio e nero; nelle dimensioni L 25 × H 12 × P 13 cm. Le potenze previste sono E27 max 1 x 60W, con attacco E27. La lampada impiega sorgenti sostituibili con attacco E27; non è dichiarato un dimmer integrato; l’eventuale regolazione dipende dalla lampadina compatibile e dal comando dell’impianto. Le differenti finiture consentono di accordare l’applique a pareti chiare o scure, metalli presenti nell’arredo, infissi e complementi, mentre le eventuali variazioni di misura e potenza permettono di dimensionare la presenza luminosa in funzione della parete e del contesto. Come applique da parete per esterni è indicata per illuminare ingressi, facciate, balconi, terrazze coperte o scoperte in base alla corretta installazione, portici, pergolati e dehors di ristoranti, bar o strutture ricettive. Può accompagnare vialetti, camminamenti, accessi carrabili, muri perimetrali, zone di passaggio in giardino e aree parcheggio, creando riferimenti luminosi lungo il percorso e rendendo più accogliente l’arrivo serale. Nei progetti outdoor vicino a piscine o in aree particolarmente esposte, collocazione, collegamento e manutenzione vanno sempre valutati secondo la scheda tecnica e le norme applicabili. In un progetto di illuminazione esterna a parete, la posizione dell’apparecchio incide sia sulla resa estetica sia sulla fruibilità degli spazi: vicino alla porta rende riconoscibile l’accesso, lungo un passaggio aiuta a leggere il percorso, su una facciata disegna un ritmo luminoso coerente. Una serie di applique coordinate può collegare ingresso, terrazza e giardino, mentre una singola installazione può sottolineare un numero civico, una nicchia o un’area conversazione outdoor. La scelta della temperatura colore, quando disponibile, permette di privilegiare un’atmosfera più accogliente oppure una percezione più nitida dei dettagli. Per chi acquista online lampade da parete Ideal Lux, Rex rappresenta una proposta da valutare in base a dimensioni disponibili, finitura, sorgente luminosa e tipo di ambiente da illuminare. Le informazioni sulle configurazioni consentono di selezionare la variante più coerente con il progetto, evitando scelte generiche e costruendo un’illuminazione realmente coordinata. Prima della posa è opportuno verificare misure, collegamento elettrico, compatibilità della sorgente quando sostituibile e indicazioni di installazione riportate nella documentazione tecnica del prodotto.","Scopri Ideal Lux Rex, applique da parete per esterni con attacco E27. 5 versioni con 5 finiture, formato compatto. Ideale per ingressi, terrazze e giardini."
IL-CONFIG-441,"Ideal Lux Rex è un’applique da parete per esterni progettata per un’illuminazione verticale curata e coerente con lo stile dell’ambiente. La costruzione in alluminio, metallo e plexiglas è pensata per un profilo ordinato e una diffusione uniforme, adatta a progetti nei quali la luce deve accompagnare l’architettura senza appesantirla. La collezione comprende 5 configurazioni selezionabili: nelle finiture antracite, bianco, caffè, grigio e nero; nelle dimensioni L 25 × H 12 × P 13 cm. Le potenze previste sono E27 max 1 x 60W, con attacco E27. La dotazione luminosa utilizza sorgenti sostituibili con attacco E27; non è dichiarato un dimmer integrato; l’eventuale regolazione dipende dalla lampadina compatibile e dal comando dell’impianto. È una scelta indicata per facciate, ingressi, balconi, terrazze, portici, percorsi esterni, dehors e pareti in giardino, nel rispetto delle condizioni di installazione previste.","Ideal Lux Rex è una lampada da parete per esterni concepita per dare qualità all’illuminazione verticale e valorizzare la superficie su cui viene installata. La costruzione in alluminio, metallo e plexiglas è pensata per un profilo ordinato e una diffusione uniforme, adatta a progetti nei quali la luce deve accompagnare l’architettura senza appesantirla. La scelta della versione è un passaggio importante in un e-commerce di illuminazione, perché consente di coordinare lampada, parete e atmosfera luminosa. La collezione comprende 5 configurazioni selezionabili: nelle finiture antracite, bianco, caffè, grigio e nero; nelle dimensioni L 25 × H 12 × P 13 cm. Le potenze previste sono E27 max 1 x 60W, con attacco E27. La lampada impiega sorgenti sostituibili con attacco E27; non è dichiarato un dimmer integrato; l’eventuale regolazione dipende dalla lampadina compatibile e dal comando dell’impianto. Le differenti finiture consentono di accordare l’applique a pareti chiare o scure, metalli presenti nell’arredo, infissi e complementi, mentre le eventuali variazioni di misura e potenza permettono di dimensionare la presenza luminosa in funzione della parete e del contesto. Come applique da parete per esterni è indicata per illuminare ingressi, facciate, balconi, terrazze coperte o scoperte in base alla corretta installazione, portici, pergolati e dehors di ristoranti, bar o strutture ricettive. Può accompagnare vialetti, camminamenti, accessi carrabili, muri perimetrali, zone di passaggio in giardino e aree parcheggio, creando riferimenti luminosi lungo il percorso e rendendo più accogliente l’arrivo serale. Nei progetti outdoor vicino a piscine o in aree particolarmente esposte, collocazione, collegamento e manutenzione vanno sempre valutati secondo la scheda tecnica e le norme applicabili. In un progetto di illuminazione esterna a parete, la posizione dell’apparecchio incide sia sulla resa estetica sia sulla fruibilità degli spazi: vicino alla porta rende riconoscibile l’accesso, lungo un passaggio aiuta a leggere il percorso, su una facciata disegna un ritmo luminoso coerente. Una serie di applique coordinate può collegare ingresso, terrazza e giardino, mentre una singola installazione può sottolineare un numero civico, una nicchia o un’area conversazione outdoor. La scelta della temperatura colore, quando disponibile, permette di privilegiare un’atmosfera più accogliente oppure una percezione più nitida dei dettagli. Per chi acquista online lampade da parete Ideal Lux, Rex rappresenta una proposta da valutare in base a dimensioni disponibili, finitura, sorgente luminosa e tipo di ambiente da illuminare. Le informazioni sulle configurazioni consentono di selezionare la variante più coerente con il progetto, evitando scelte generiche e costruendo un’illuminazione realmente coordinata. Prima della posa è opportuno verificare misure, collegamento elettrico, compatibilità della sorgente quando sostituibile e indicazioni di installazione riportate nella documentazione tecnica del prodotto.","Scopri Ideal Lux Rex, applique da parete per esterni con attacco E27. 5 versioni con 5 finiture, formato compatto. Ideale per ingressi, terrazze e giardini."
IL-CONFIG-442,"L’applique Ideal Lux Rex è una lampada da parete per esterni pensata per integrare luce e arredo su superfici verticali. La costruzione in alluminio, metallo e plexiglas è pensata per un profilo ordinato e una diffusione uniforme, adatta a progetti nei quali la luce deve accompagnare l’architettura senza appesantirla. La collezione comprende 5 configurazioni selezionabili: nelle finiture antracite, bianco, caffè, grigio e nero; nelle dimensioni L 25 × H 12 × P 13 cm. Le potenze previste sono E27 max 1 x 60W, con attacco E27. La dotazione luminosa utilizza sorgenti sostituibili con attacco E27; non è dichiarato un dimmer integrato; l’eventuale regolazione dipende dalla lampadina compatibile e dal comando dell’impianto. È una scelta indicata per facciate, ingressi, balconi, terrazze, portici, percorsi esterni, dehors e pareti in giardino, nel rispetto delle condizioni di installazione previste.","Con Ideal Lux Rex, l’applique da parete per esterni diventa uno strumento progettuale: illumina, ordina lo spazio e completa la composizione d’arredo. La costruzione in alluminio, metallo e plexiglas è pensata per un profilo ordinato e una diffusione uniforme, adatta a progetti nei quali la luce deve accompagnare l’architettura senza appesantirla. La scelta della versione è un passaggio importante in un e-commerce di illuminazione, perché consente di coordinare lampada, parete e atmosfera luminosa. La collezione comprende 5 configurazioni selezionabili: nelle finiture antracite, bianco, caffè, grigio e nero; nelle dimensioni L 25 × H 12 × P 13 cm. Le potenze previste sono E27 max 1 x 60W, con attacco E27. La lampada impiega sorgenti sostituibili con attacco E27; non è dichiarato un dimmer integrato; l’eventuale regolazione dipende dalla lampadina compatibile e dal comando dell’impianto. Le differenti finiture consentono di accordare l’applique a pareti chiare o scure, metalli presenti nell’arredo, infissi e complementi, mentre le eventuali variazioni di misura e potenza permettono di dimensionare la presenza luminosa in funzione della parete e del contesto. Come applique da parete per esterni è indicata per illuminare ingressi, facciate, balconi, terrazze coperte o scoperte in base alla corretta installazione, portici, pergolati e dehors di ristoranti, bar o strutture ricettive. Può accompagnare vialetti, camminamenti, accessi carrabili, muri perimetrali, zone di passaggio in giardino e aree parcheggio, creando riferimenti luminosi lungo il percorso e rendendo più accogliente l’arrivo serale. Nei progetti outdoor vicino a piscine o in aree particolarmente esposte, collocazione, collegamento e manutenzione vanno sempre valutati secondo la scheda tecnica e le norme applicabili. In un progetto di illuminazione esterna a parete, la posizione dell’apparecchio incide sia sulla resa estetica sia sulla fruibilità degli spazi: vicino alla porta rende riconoscibile l’accesso, lungo un passaggio aiuta a leggere il percorso, su una facciata disegna un ritmo luminoso coerente. Una serie di applique coordinate può collegare ingresso, terrazza e giardino, mentre una singola installazione può sottolineare un numero civico, una nicchia o un’area conversazione outdoor. La scelta della temperatura colore, quando disponibile, permette di privilegiare un’atmosfera più accogliente oppure una percezione più nitida dei dettagli. Per chi acquista online lampade da parete Ideal Lux, Rex rappresenta una proposta da valutare in base a dimensioni disponibili, finitura, sorgente luminosa e tipo di ambiente da illuminare. Le informazioni sulle configurazioni consentono di selezionare la variante più coerente con il progetto, evitando scelte generiche e costruendo un’illuminazione realmente coordinata. Prima della posa è opportuno verificare misure, collegamento elettrico, compatibilità della sorgente quando sostituibile e indicazioni di installazione riportate nella documentazione tecnica del prodotto.","Scopri Ideal Lux Rex, applique da parete per esterni con attacco E27. 5 versioni con 5 finiture, formato compatto. Ideale per ingressi, terrazze e giardini."
IL-CONFIG-443,"Ideal Lux Riflesso ap propone una soluzione a parete per esterni che permette di definire il punto luce senza ingombrare piani o percorsi. La costruzione in metallo e plexiglas è pensata per un profilo ordinato e una diffusione uniforme, adatta a progetti nei quali la luce deve accompagnare l’architettura senza appesantirla. La collezione comprende 9 configurazioni selezionabili: nelle finiture bianco, cromo e nero; nelle dimensioni L 42 × H 4 × P 9 cm, L 42 × H 4,5 × P 9 cm, L 62 × H 4 × P 9 cm e L 82 × H 4 × P 9 cm. Le potenze previste sono LED 10W, LED 16W e LED 19W, con sorgente LED. In dettaglio: L 42 × H 4 × P 9 cm con LED 10W; L 42 × H 4,5 × P 9 cm con LED 10W; L 62 × H 4 × P 9 cm con LED 16W; L 82 × H 4 × P 9 cm con LED 19W. La dotazione luminosa utilizza sorgente LED integrata e inclusa; la funzione dimmer non è indicata nelle configurazioni standard disponibili. È una scelta indicata per facciate, ingressi, balconi, terrazze, portici, percorsi esterni, dehors e pareti in giardino, nel rispetto delle condizioni di installazione previste. La descrizione della collezione evidenzia inoltre: Montatura in metallo rifinito in cromo, vernice bianca o nera opaca. Diffusore in materiale acrilico trasparente e satinato.","Ideal Lux Riflesso ap interpreta la lampada da parete per esterni come un elemento luminoso capace di unire funzione, proporzioni e presenza estetica. La costruzione in metallo e plexiglas è pensata per un profilo ordinato e una diffusione uniforme, adatta a progetti nei quali la luce deve accompagnare l’architettura senza appesantirla. La scheda originale della collezione specifica: Montatura in metallo rifinito in cromo, vernice bianca o nera opaca. Diffusore in materiale acrilico trasparente e satinato. La scelta della versione è un passaggio importante in un e-commerce di illuminazione, perché consente di coordinare lampada, parete e atmosfera luminosa. La collezione comprende 9 configurazioni selezionabili: nelle finiture bianco, cromo e nero; nelle dimensioni L 42 × H 4 × P 9 cm, L 42 × H 4,5 × P 9 cm, L 62 × H 4 × P 9 cm e L 82 × H 4 × P 9 cm. Le potenze previste sono LED 10W, LED 16W e LED 19W, con sorgente LED. In dettaglio: L 42 × H 4 × P 9 cm con LED 10W; L 42 × H 4,5 × P 9 cm con LED 10W; L 62 × H 4 × P 9 cm con LED 16W; L 82 × H 4 × P 9 cm con LED 19W. La lampada impiega sorgente LED integrata e inclusa; la funzione dimmer non è indicata nelle configurazioni standard disponibili. Le differenti finiture consentono di accordare l’applique a pareti chiare o scure, metalli presenti nell’arredo, infissi e complementi, mentre le eventuali variazioni di misura e potenza permettono di dimensionare la presenza luminosa in funzione della parete e del contesto. Come applique da parete per esterni è indicata per illuminare ingressi, facciate, balconi, terrazze coperte o scoperte in base alla corretta installazione, portici, pergolati e dehors di ristoranti, bar o strutture ricettive. Può accompagnare vialetti, camminamenti, accessi carrabili, muri perimetrali, zone di passaggio in giardino e aree parcheggio, creando riferimenti luminosi lungo il percorso e rendendo più accogliente l’arrivo serale. Nei progetti outdoor vicino a piscine o in aree particolarmente esposte, collocazione, collegamento e manutenzione vanno sempre valutati secondo la scheda tecnica e le norme applicabili. In un progetto di illuminazione esterna a parete, la posizione dell’apparecchio incide sia sulla resa estetica sia sulla fruibilità degli spazi: vicino alla porta rende riconoscibile l’accesso, lungo un passaggio aiuta a leggere il percorso, su una facciata disegna un ritmo luminoso coerente. Una serie di applique coordinate può collegare ingresso, terrazza e giardino, mentre una singola installazione può sottolineare un numero civico, una nicchia o un’area conversazione outdoor. La scelta della temperatura colore, quando disponibile, permette di privilegiare un’atmosfera più accogliente oppure una percezione più nitida dei dettagli. Per chi acquista online lampade da parete Ideal Lux, Riflesso ap rappresenta una proposta da valutare in base a dimensioni disponibili, finitura, sorgente luminosa e tipo di ambiente da illuminare. Le informazioni sulle configurazioni consentono di selezionare la variante più coerente con il progetto, evitando scelte generiche e costruendo un’illuminazione realmente coordinata. Prima della posa è opportuno verificare misure, collegamento elettrico, compatibilità della sorgente quando sostituibile e indicazioni di installazione riportate nella documentazione tecnica del prodotto.","Ideal Lux Riflesso ap: lampada da parete per esterni con LED integrato. 9 versioni con bianco, cromo e nero, 4 misure. Ideale per ingressi, terrazze e giardini."
IL-CONFIG-444,"Ideal Lux Roma ap2 è un’applique da parete per interni progettata per un’illuminazione verticale curata e coerente con lo stile dell’ambiente. La composizione in cristallo, metallo e vetro valorizza riflessi e trasparenze, trasformando il punto luce in un elemento scenografico capace di impreziosire la parete. La configurazione disponibile è unica: nelle finiture cromo; nelle dimensioni L 30 × H 15 × P 10 cm. Le potenze previste sono G9 max 2 x 40W, con attacco G9. La dotazione luminosa utilizza sorgenti sostituibili con attacco G9; non è dichiarato un dimmer integrato; l’eventuale regolazione dipende dalla lampadina compatibile e dal comando dell’impianto. È pensata per living, saloni, ingressi, camere, ristoranti, hall e showroom in cui la lampada contribuisce anche alla decorazione della parete.","Ideal Lux Roma ap2 è una lampada da parete per interni concepita per dare qualità all’illuminazione verticale e valorizzare la superficie su cui viene installata. La composizione in cristallo, metallo e vetro valorizza riflessi e trasparenze, trasformando il punto luce in un elemento scenografico capace di impreziosire la parete. La scelta della versione è un passaggio importante in un e-commerce di illuminazione, perché consente di coordinare lampada, parete e atmosfera luminosa. La configurazione disponibile è unica: nelle finiture cromo; nelle dimensioni L 30 × H 15 × P 10 cm. Le potenze previste sono G9 max 2 x 40W, con attacco G9. La lampada impiega sorgenti sostituibili con attacco G9; non è dichiarato un dimmer integrato; l’eventuale regolazione dipende dalla lampadina compatibile e dal comando dell’impianto. Le differenti finiture consentono di accordare l’applique a pareti chiare o scure, metalli presenti nell’arredo, infissi e complementi, mentre le eventuali variazioni di misura e potenza permettono di dimensionare la presenza luminosa in funzione della parete e del contesto. Pensata per arredare oltre che illuminare, questa applique può valorizzare soggiorno, salone, sala da pranzo, ingresso, vano scala, camera da letto e pareti di rappresentanza della zona living. È indicata anche per hall, reception, ristoranti, boutique, showroom e camere di hotel, dove un dettaglio decorativo a parete contribuisce all’identità dell’ambiente. Installata singolarmente crea un accento visivo; disposta in coppia o in sequenza può incorniciare specchi, consolle, quadri o elementi architettonici, con un risultato più scenografico. La luce decorativa a parete è utile quando l’ambiente richiede profondità visiva e un dettaglio capace di farsi ricordare. In un salone o in una hall, la lampada può essere abbinata a sospensioni e piantane della stessa atmosfera; in un ristorante o showroom può scandire la parete e rafforzare la percezione del progetto. Finiture e materiali diventano così parte della narrazione d’arredo, dal contesto più elegante a quello contemporaneo e ricercato. Per chi acquista online lampade da parete Ideal Lux, Roma ap2 rappresenta una proposta da valutare in base a dimensioni disponibili, finitura, sorgente luminosa e tipo di ambiente da illuminare. Le informazioni sulle configurazioni consentono di selezionare la variante più coerente con il progetto, evitando scelte generiche e costruendo un’illuminazione realmente coordinata. Prima della posa è opportuno verificare misure, collegamento elettrico, compatibilità della sorgente quando sostituibile e indicazioni di installazione riportate nella documentazione tecnica del prodotto.","Ideal Lux Roma ap2: lampada da parete per interni con attacco G9. Disponibile in 1 varianti, cromo e formato compatto. Ideale per living, hall e ristoranti."
IL-CONFIG-445,"L’applique Ideal Lux Rubik ap è una lampada da parete per esterni pensata per integrare luce e arredo su superfici verticali. Il corpo in alluminio e metallo conferisce all’applique un segno architettonico netto, adatto a installazioni coordinate e a pareti dal linguaggio contemporaneo. La collezione comprende 10 configurazioni selezionabili: nelle finiture antracite, bianco, caffè, grigio e nero; nelle dimensioni L 10 × H 10 × P 10 cm; con temperatura colore 3000K e 4000K. Le potenze previste sono 8,5W, con sorgente LED. La dotazione luminosa utilizza sorgente LED integrata e inclusa; la funzione dimmer non è indicata nelle configurazioni standard disponibili. È una scelta indicata per facciate, ingressi, balconi, terrazze, portici, percorsi esterni, dehors e pareti in giardino, nel rispetto delle condizioni di installazione previste.","Con Ideal Lux Rubik ap, l’applique da parete per esterni diventa uno strumento progettuale: illumina, ordina lo spazio e completa la composizione d’arredo. Il corpo in alluminio e metallo conferisce all’applique un segno architettonico netto, adatto a installazioni coordinate e a pareti dal linguaggio contemporaneo. La scelta della versione è un passaggio importante in un e-commerce di illuminazione, perché consente di coordinare lampada, parete e atmosfera luminosa. La collezione comprende 10 configurazioni selezionabili: nelle finiture antracite, bianco, caffè, grigio e nero; nelle dimensioni L 10 × H 10 × P 10 cm; con temperatura colore 3000K e 4000K. Le potenze previste sono 8,5W, con sorgente LED. La lampada impiega sorgente LED integrata e inclusa; la funzione dimmer non è indicata nelle configurazioni standard disponibili. Le differenti finiture consentono di accordare l’applique a pareti chiare o scure, metalli presenti nell’arredo, infissi e complementi, mentre le eventuali variazioni di misura e potenza permettono di dimensionare la presenza luminosa in funzione della parete e del contesto. Come applique da parete per esterni è indicata per illuminare ingressi, facciate, balconi, terrazze coperte o scoperte in base alla corretta installazione, portici, pergolati e dehors di ristoranti, bar o strutture ricettive. Può accompagnare vialetti, camminamenti, accessi carrabili, muri perimetrali, zone di passaggio in giardino e aree parcheggio, creando riferimenti luminosi lungo il percorso e rendendo più accogliente l’arrivo serale. Nei progetti outdoor vicino a piscine o in aree particolarmente esposte, collocazione, collegamento e manutenzione vanno sempre valutati secondo la scheda tecnica e le norme applicabili. In un progetto di illuminazione esterna a parete, la posizione dell’apparecchio incide sia sulla resa estetica sia sulla fruibilità degli spazi: vicino alla porta rende riconoscibile l’accesso, lungo un passaggio aiuta a leggere il percorso, su una facciata disegna un ritmo luminoso coerente. Una serie di applique coordinate può collegare ingresso, terrazza e giardino, mentre una singola installazione può sottolineare un numero civico, una nicchia o un’area conversazione outdoor. La scelta della temperatura colore, quando disponibile, permette di privilegiare un’atmosfera più accogliente oppure una percezione più nitida dei dettagli. Per chi acquista online lampade da parete Ideal Lux, Rubik ap rappresenta una proposta da valutare in base a dimensioni disponibili, finitura, sorgente luminosa e tipo di ambiente da illuminare. Le informazioni sulle configurazioni consentono di selezionare la variante più coerente con il progetto, evitando scelte generiche e costruendo un’illuminazione realmente coordinata. Prima della posa è opportuno verificare misure, collegamento elettrico, compatibilità della sorgente quando sostituibile e indicazioni di installazione riportate nella documentazione tecnica del prodotto.","Ideal Lux Rubik ap: applique da parete per esterni con LED integrato, 5 finiture e formato compatto. Ideale per ingressi, terrazze e giardini. Acquista online."
IL-CONFIG-446,"Ideal Lux Rudy ap1 round propone una soluzione a parete per interni che permette di definire il punto luce senza ingombrare piani o percorsi. Il corpo in alluminio e metallo conferisce all’applique un segno architettonico netto, adatto a installazioni coordinate e a pareti dal linguaggio contemporaneo. La collezione comprende 4 configurazioni selezionabili: nelle finiture bianco e nero; nelle dimensioni L 32 × H 12,5 × P min 9 / max 11,5 cm e L 7 × H 13 × P min 9 / max 11,5 cm. Le potenze previste sono GU10 max 1 x 35W e GU10 max 2 x 35W, con attacco GU10. In dettaglio: L 7 × H 13 × P min 9 / max 11,5 cm con GU10 max 1 x 35W; L 32 × H 12,5 × P min 9 / max 11,5 cm con GU10 max 2 x 35W. La dotazione luminosa utilizza sorgenti sostituibili con attacco GU10; non è dichiarato un dimmer integrato; l’eventuale regolazione dipende dalla lampadina compatibile e dal comando dell’impianto. È indicata per living, corridoi, scale, camere, reception, uffici, showroom e locali commerciali in cerca di una luce a parete ordinata.","Ideal Lux Rudy ap1 round interpreta la lampada da parete per interni come un elemento luminoso capace di unire funzione, proporzioni e presenza estetica. Il corpo in alluminio e metallo conferisce all’applique un segno architettonico netto, adatto a installazioni coordinate e a pareti dal linguaggio contemporaneo. La scelta della versione è un passaggio importante in un e-commerce di illuminazione, perché consente di coordinare lampada, parete e atmosfera luminosa. La collezione comprende 4 configurazioni selezionabili: nelle finiture bianco e nero; nelle dimensioni L 32 × H 12,5 × P min 9 / max 11,5 cm e L 7 × H 13 × P min 9 / max 11,5 cm. Le potenze previste sono GU10 max 1 x 35W e GU10 max 2 x 35W, con attacco GU10. In dettaglio: L 7 × H 13 × P min 9 / max 11,5 cm con GU10 max 1 x 35W; L 32 × H 12,5 × P min 9 / max 11,5 cm con GU10 max 2 x 35W. La lampada impiega sorgenti sostituibili con attacco GU10; non è dichiarato un dimmer integrato; l’eventuale regolazione dipende dalla lampadina compatibile e dal comando dell’impianto. Le differenti finiture consentono di accordare l’applique a pareti chiare o scure, metalli presenti nell’arredo, infissi e complementi, mentre le eventuali variazioni di misura e potenza permettono di dimensionare la presenza luminosa in funzione della parete e del contesto. L’applique è adatta a ingressi, corridoi, scale, soggiorni, zona living, cucina, camera da letto e camerette, sia come punto luce di servizio sia come illuminazione d’accento lungo una parete. Nel mondo professionale può essere scelta per reception, uffici, studi, sale d’attesa, showroom, negozi, ristoranti e camere d’hotel, soprattutto quando si desidera una luce ordinata che non occupi superfici utili. In bagno o in prossimità di aree soggette a umidità, l’installazione va valutata in funzione della posizione prevista e delle indicazioni tecniche del prodotto. Nella progettazione della luce a parete, un apparecchio compatto permette di completare l’illuminazione generale e di evidenziare percorsi, quinte, nicchie, pareti attrezzate o elementi decorativi. Può essere installato da solo come accento oppure ripetuto in sequenza per ottenere uniformità visiva in corridoi, scale e spazi contract. La presenza di più opzioni di finitura o dimensione aiuta inoltre a mantenere lo stesso linguaggio luminoso in ambienti differenti dello stesso progetto. Per chi acquista online lampade da parete Ideal Lux, Rudy ap1 round rappresenta una proposta da valutare in base a dimensioni disponibili, finitura, sorgente luminosa e tipo di ambiente da illuminare. Le informazioni sulle configurazioni consentono di selezionare la variante più coerente con il progetto, evitando scelte generiche e costruendo un’illuminazione realmente coordinata. Prima della posa è opportuno verificare misure, collegamento elettrico, compatibilità della sorgente quando sostituibile e indicazioni di installazione riportate nella documentazione tecnica del prodotto.","Ideal Lux Rudy ap1 round: lampada da parete per interni con attacco GU10. 4 versioni con bianco e nero, 2 misure. Perfetta per living, corridoi e contract."
IL-CONFIG-447,"Ideal Lux Rudy ap1 square è un’applique da parete per interni progettata per un’illuminazione verticale curata e coerente con lo stile dell’ambiente. Il corpo in alluminio e metallo conferisce all’applique un segno architettonico netto, adatto a installazioni coordinate e a pareti dal linguaggio contemporaneo. La collezione comprende 2 configurazioni selezionabili: nelle finiture nero; nelle dimensioni L 31,5 × H 12,5 × P min 9 / max 11 cm e L 7 × H 13 × P min 9 / max 11 cm. Le potenze previste sono GU10 max 1 x 35W e GU10 max 2 x 35W, con attacco GU10. In dettaglio: L 7 × H 13 × P min 9 / max 11 cm con GU10 max 1 x 35W; L 31,5 × H 12,5 × P min 9 / max 11 cm con GU10 max 2 x 35W. La dotazione luminosa utilizza sorgenti sostituibili con attacco GU10; non è dichiarato un dimmer integrato; l’eventuale regolazione dipende dalla lampadina compatibile e dal comando dell’impianto. È indicata per living, corridoi, scale, camere, reception, uffici, showroom e locali commerciali in cerca di una luce a parete ordinata.","Ideal Lux Rudy ap1 square è una lampada da parete per interni concepita per dare qualità all’illuminazione verticale e valorizzare la superficie su cui viene installata. Il corpo in alluminio e metallo conferisce all’applique un segno architettonico netto, adatto a installazioni coordinate e a pareti dal linguaggio contemporaneo. La scelta della versione è un passaggio importante in un e-commerce di illuminazione, perché consente di coordinare lampada, parete e atmosfera luminosa. La collezione comprende 2 configurazioni selezionabili: nelle finiture nero; nelle dimensioni L 31,5 × H 12,5 × P min 9 / max 11 cm e L 7 × H 13 × P min 9 / max 11 cm. Le potenze previste sono GU10 max 1 x 35W e GU10 max 2 x 35W, con attacco GU10. In dettaglio: L 7 × H 13 × P min 9 / max 11 cm con GU10 max 1 x 35W; L 31,5 × H 12,5 × P min 9 / max 11 cm con GU10 max 2 x 35W. La lampada impiega sorgenti sostituibili con attacco GU10; non è dichiarato un dimmer integrato; l’eventuale regolazione dipende dalla lampadina compatibile e dal comando dell’impianto. Le differenti finiture consentono di accordare l’applique a pareti chiare o scure, metalli presenti nell’arredo, infissi e complementi, mentre le eventuali variazioni di misura e potenza permettono di dimensionare la presenza luminosa in funzione della parete e del contesto. L’applique è adatta a ingressi, corridoi, scale, soggiorni, zona living, cucina, camera da letto e camerette, sia come punto luce di servizio sia come illuminazione d’accento lungo una parete. Nel mondo professionale può essere scelta per reception, uffici, studi, sale d’attesa, showroom, negozi, ristoranti e camere d’hotel, soprattutto quando si desidera una luce ordinata che non occupi superfici utili. In bagno o in prossimità di aree soggette a umidità, l’installazione va valutata in funzione della posizione prevista e delle indicazioni tecniche del prodotto. Nella progettazione della luce a parete, un apparecchio compatto permette di completare l’illuminazione generale e di evidenziare percorsi, quinte, nicchie, pareti attrezzate o elementi decorativi. Può essere installato da solo come accento oppure ripetuto in sequenza per ottenere uniformità visiva in corridoi, scale e spazi contract. La presenza di più opzioni di finitura o dimensione aiuta inoltre a mantenere lo stesso linguaggio luminoso in ambienti differenti dello stesso progetto. Per chi acquista online lampade da parete Ideal Lux, Rudy ap1 square rappresenta una proposta da valutare in base a dimensioni disponibili, finitura, sorgente luminosa e tipo di ambiente da illuminare. Le informazioni sulle configurazioni consentono di selezionare la variante più coerente con il progetto, evitando scelte generiche e costruendo un’illuminazione realmente coordinata. Prima della posa è opportuno verificare misure, collegamento elettrico, compatibilità della sorgente quando sostituibile e indicazioni di installazione riportate nella documentazione tecnica del prodotto.","Scopri Ideal Lux Rudy ap1 square, applique da parete per interni con attacco GU10. 2 versioni con nero, 2 misure. Perfetta per living, corridoi e contract."
IL-CONFIG-448,"L’applique Ideal Lux Santa ap1 big è una lampada da parete per interni pensata per integrare luce e arredo su superfici verticali. La combinazione di vetro unisce struttura e trasparenza: il vetro contribuisce a rendere l’emissione luminosa più curata e il punto luce più decorativo. La collezione comprende 4 configurazioni selezionabili: nelle finiture oro e trasparente; nelle dimensioni L 24,5 × H 22 × P 16 cm e L 38,5 × H 24 × P 23 cm. Le potenze previste sono E14 max 1 x 40W, con attacco E14. La dotazione luminosa utilizza sorgenti sostituibili con attacco E14; non è dichiarato un dimmer integrato; l’eventuale regolazione dipende dalla lampadina compatibile e dal comando dell’impianto. È pensata per living, saloni, ingressi, camere, ristoranti, hall e showroom in cui la lampada contribuisce anche alla decorazione della parete. La descrizione della collezione evidenzia inoltre: Lampadario in vetro trasparente soffiato e lavorato a mano. Dettagli in metallo cromato. Versione oro disponibile con graniglia sul vetro.","Con Ideal Lux Santa ap1 big, l’applique da parete per interni diventa uno strumento progettuale: illumina, ordina lo spazio e completa la composizione d’arredo. La combinazione di vetro unisce struttura e trasparenza: il vetro contribuisce a rendere l’emissione luminosa più curata e il punto luce più decorativo. La scheda originale della collezione specifica: Lampadario in vetro trasparente soffiato e lavorato a mano. Dettagli in metallo cromato. Versione oro disponibile con graniglia sul vetro. La scelta della versione è un passaggio importante in un e-commerce di illuminazione, perché consente di coordinare lampada, parete e atmosfera luminosa. La collezione comprende 4 configurazioni selezionabili: nelle finiture oro e trasparente; nelle dimensioni L 24,5 × H 22 × P 16 cm e L 38,5 × H 24 × P 23 cm. Le potenze previste sono E14 max 1 x 40W, con attacco E14. La lampada impiega sorgenti sostituibili con attacco E14; non è dichiarato un dimmer integrato; l’eventuale regolazione dipende dalla lampadina compatibile e dal comando dell’impianto. Le differenti finiture consentono di accordare l’applique a pareti chiare o scure, metalli presenti nell’arredo, infissi e complementi, mentre le eventuali variazioni di misura e potenza permettono di dimensionare la presenza luminosa in funzione della parete e del contesto. Pensata per arredare oltre che illuminare, questa applique può valorizzare soggiorno, salone, sala da pranzo, ingresso, vano scala, camera da letto e pareti di rappresentanza della zona living. È indicata anche per hall, reception, ristoranti, boutique, showroom e camere di hotel, dove un dettaglio decorativo a parete contribuisce all’identità dell’ambiente. Installata singolarmente crea un accento visivo; disposta in coppia o in sequenza può incorniciare specchi, consolle, quadri o elementi architettonici, con un risultato più scenografico. La luce decorativa a parete è utile quando l’ambiente richiede profondità visiva e un dettaglio capace di farsi ricordare. In un salone o in una hall, la lampada può essere abbinata a sospensioni e piantane della stessa atmosfera; in un ristorante o showroom può scandire la parete e rafforzare la percezione del progetto. Finiture e materiali diventano così parte della narrazione d’arredo, dal contesto più elegante a quello contemporaneo e ricercato. Per chi acquista online lampade da parete Ideal Lux, Santa ap1 big rappresenta una proposta da valutare in base a dimensioni disponibili, finitura, sorgente luminosa e tipo di ambiente da illuminare. Le informazioni sulle configurazioni consentono di selezionare la variante più coerente con il progetto, evitando scelte generiche e costruendo un’illuminazione realmente coordinata. Prima della posa è opportuno verificare misure, collegamento elettrico, compatibilità della sorgente quando sostituibile e indicazioni di installazione riportate nella documentazione tecnica del prodotto.","Ideal Lux Santa ap1 big: lampada da parete per interni con attacco E14. 4 versioni con oro e trasparente, 2 misure. Perfetta per living, hall e ristoranti."
IL-CONFIG-449,"Ideal Lux Set up map1 propone una soluzione a parete per interni che permette di definire il punto luce senza ingombrare piani o percorsi. Il corpo in alluminio e metallo conferisce all’applique un segno architettonico netto, adatto a installazioni coordinate e a pareti dal linguaggio contemporaneo. La collezione comprende 4 configurazioni selezionabili: nelle finiture bianco, nero, nichel e ottone; nelle dimensioni L 8,5 × H 16 × P 19 cm. Le potenze previste sono E27 max 1 x 42W, con attacco E27. La dotazione luminosa utilizza sorgenti sostituibili con attacco E27; non è dichiarato un dimmer integrato; l’eventuale regolazione dipende dalla lampadina compatibile e dal comando dell’impianto. È indicata per living, corridoi, scale, camere, reception, uffici, showroom e locali commerciali in cerca di una luce a parete ordinata. La descrizione della collezione evidenzia inoltre: Montature in metallo verniciato a polveri o placcato. Paralumi in pvc ignifugo rivestito di tessuto. Colori montature: bianco, nero oppure nickel satinato o ottone spazzolato. Colori paralumi: beige, tortora, bianco o nero.","Ideal Lux Set up map1 interpreta la lampada da parete per interni come un elemento luminoso capace di unire funzione, proporzioni e presenza estetica. Il corpo in alluminio e metallo conferisce all’applique un segno architettonico netto, adatto a installazioni coordinate e a pareti dal linguaggio contemporaneo. La scheda originale della collezione specifica: Montature in metallo verniciato a polveri o placcato. Paralumi in pvc ignifugo rivestito di tessuto. Colori montature: bianco, nero oppure nickel satinato o ottone spazzolato. Colori paralumi: beige, tortora, bianco o nero. La scelta della versione è un passaggio importante in un e-commerce di illuminazione, perché consente di coordinare lampada, parete e atmosfera luminosa. La collezione comprende 4 configurazioni selezionabili: nelle finiture bianco, nero, nichel e ottone; nelle dimensioni L 8,5 × H 16 × P 19 cm. Le potenze previste sono E27 max 1 x 42W, con attacco E27. La lampada impiega sorgenti sostituibili con attacco E27; non è dichiarato un dimmer integrato; l’eventuale regolazione dipende dalla lampadina compatibile e dal comando dell’impianto. Le differenti finiture consentono di accordare l’applique a pareti chiare o scure, metalli presenti nell’arredo, infissi e complementi, mentre le eventuali variazioni di misura e potenza permettono di dimensionare la presenza luminosa in funzione della parete e del contesto. L’applique è adatta a ingressi, corridoi, scale, soggiorni, zona living, cucina, camera da letto e camerette, sia come punto luce di servizio sia come illuminazione d’accento lungo una parete. Nel mondo professionale può essere scelta per reception, uffici, studi, sale d’attesa, showroom, negozi, ristoranti e camere d’hotel, soprattutto quando si desidera una luce ordinata che non occupi superfici utili. In bagno o in prossimità di aree soggette a umidità, l’installazione va valutata in funzione della posizione prevista e delle indicazioni tecniche del prodotto. Nella progettazione della luce a parete, un apparecchio compatto permette di completare l’illuminazione generale e di evidenziare percorsi, quinte, nicchie, pareti attrezzate o elementi decorativi. Può essere installato da solo come accento oppure ripetuto in sequenza per ottenere uniformità visiva in corridoi, scale e spazi contract. La presenza di più opzioni di finitura o dimensione aiuta inoltre a mantenere lo stesso linguaggio luminoso in ambienti differenti dello stesso progetto. Per chi acquista online lampade da parete Ideal Lux, Set up map1 rappresenta una proposta da valutare in base a dimensioni disponibili, finitura, sorgente luminosa e tipo di ambiente da illuminare. Le informazioni sulle configurazioni consentono di selezionare la variante più coerente con il progetto, evitando scelte generiche e costruendo un’illuminazione realmente coordinata. Prima della posa è opportuno verificare misure, collegamento elettrico, compatibilità della sorgente quando sostituibile e indicazioni di installazione riportate nella documentazione tecnica del prodotto.","Ideal Lux Set up map1: lampada da parete per interni con attacco E27. 4 versioni con 4 finiture, formato compatto. Ideale per living, corridoi e contract."
IL-CONFIG-450,"Ideal Lux Set up map2 è un’applique da parete per interni progettata per un’illuminazione verticale curata e coerente con lo stile dell’ambiente. Il corpo in alluminio e metallo conferisce all’applique un segno architettonico netto, adatto a installazioni coordinate e a pareti dal linguaggio contemporaneo. La collezione comprende 4 configurazioni selezionabili: nelle finiture bianco, nero, nichel e ottone; nelle dimensioni L 10,5 × H 20,5 × P 19,5 cm. Le potenze previste sono max 1 x 42W / 3W, con attacco E27/LED. La dotazione luminosa utilizza sorgenti sostituibili con attacco E27/LED; non è dichiarato un dimmer integrato; l’eventuale regolazione dipende dalla lampadina compatibile e dal comando dell’impianto. È indicata per living, corridoi, scale, camere, reception, uffici, showroom e locali commerciali in cerca di una luce a parete ordinata. La descrizione della collezione evidenzia inoltre: Montature in metallo verniciato a polveri o placcato. Paralumi in pvc ignifugo rivestito di tessuto. Colori montature: bianco, nero oppure nickel satinato o ottone spazzolato. Colori paralumi: beige, tortora, bianco o nero.","Ideal Lux Set up map2 è una lampada da parete per interni concepita per dare qualità all’illuminazione verticale e valorizzare la superficie su cui viene installata. Il corpo in alluminio e metallo conferisce all’applique un segno architettonico netto, adatto a installazioni coordinate e a pareti dal linguaggio contemporaneo. La scheda originale della collezione specifica: Montature in metallo verniciato a polveri o placcato. Paralumi in pvc ignifugo rivestito di tessuto. Colori montature: bianco, nero oppure nickel satinato o ottone spazzolato. Colori paralumi: beige, tortora, bianco o nero. La scelta della versione è un passaggio importante in un e-commerce di illuminazione, perché consente di coordinare lampada, parete e atmosfera luminosa. La collezione comprende 4 configurazioni selezionabili: nelle finiture bianco, nero, nichel e ottone; nelle dimensioni L 10,5 × H 20,5 × P 19,5 cm. Le potenze previste sono max 1 x 42W / 3W, con attacco E27/LED. La lampada impiega sorgenti sostituibili con attacco E27/LED; non è dichiarato un dimmer integrato; l’eventuale regolazione dipende dalla lampadina compatibile e dal comando dell’impianto. Le differenti finiture consentono di accordare l’applique a pareti chiare o scure, metalli presenti nell’arredo, infissi e complementi, mentre le eventuali variazioni di misura e potenza permettono di dimensionare la presenza luminosa in funzione della parete e del contesto. L’applique è adatta a ingressi, corridoi, scale, soggiorni, zona living, cucina, camera da letto e camerette, sia come punto luce di servizio sia come illuminazione d’accento lungo una parete. Nel mondo professionale può essere scelta per reception, uffici, studi, sale d’attesa, showroom, negozi, ristoranti e camere d’hotel, soprattutto quando si desidera una luce ordinata che non occupi superfici utili. In bagno o in prossimità di aree soggette a umidità, l’installazione va valutata in funzione della posizione prevista e delle indicazioni tecniche del prodotto. Nella progettazione della luce a parete, un apparecchio compatto permette di completare l’illuminazione generale e di evidenziare percorsi, quinte, nicchie, pareti attrezzate o elementi decorativi. Può essere installato da solo come accento oppure ripetuto in sequenza per ottenere uniformità visiva in corridoi, scale e spazi contract. La presenza di più opzioni di finitura o dimensione aiuta inoltre a mantenere lo stesso linguaggio luminoso in ambienti differenti dello stesso progetto. Per chi acquista online lampade da parete Ideal Lux, Set up map2 rappresenta una proposta da valutare in base a dimensioni disponibili, finitura, sorgente luminosa e tipo di ambiente da illuminare. Le informazioni sulle configurazioni consentono di selezionare la variante più coerente con il progetto, evitando scelte generiche e costruendo un’illuminazione realmente coordinata. Prima della posa è opportuno verificare misure, collegamento elettrico, compatibilità della sorgente quando sostituibile e indicazioni di installazione riportate nella documentazione tecnica del prodotto.","Ideal Lux Set up map2: lampada da parete per interni con attacco E27/LED. 4 versioni con 4 finiture, formato compatto. Ideale per living, corridoi e contract."
IL-CONFIG-451,"L’applique Ideal Lux Shower ap1 è una lampada da parete per interni pensata per integrare luce e arredo su superfici verticali. La struttura in metallo dona consistenza al punto luce e consente di inserire la lampada con equilibrio in ambienti residenziali o professionali. La configurazione disponibile è unica: nelle finiture nero; nelle dimensioni L 16 × H 89 × P 35 cm. Le potenze previste sono E27 max 1 x 60W, con attacco E27. La dotazione luminosa utilizza sorgenti sostituibili con attacco E27; non è dichiarato un dimmer integrato; l’eventuale regolazione dipende dalla lampadina compatibile e dal comando dell’impianto. È particolarmente utile presso specchi, zone lavabo, camerini, camere d’hotel, corridoi e pareti di servizio, verificando l’idoneità della collocazione in ambienti umidi. La descrizione della collezione evidenzia inoltre: Montatura in metallo verniciato opaco nero. Elemento snodato in cromo. Diffusore orientabile. Cavo in tessuto con interruttore e spina.","Con Ideal Lux Shower ap1, l’applique da parete per interni diventa uno strumento progettuale: illumina, ordina lo spazio e completa la composizione d’arredo. La struttura in metallo dona consistenza al punto luce e consente di inserire la lampada con equilibrio in ambienti residenziali o professionali. La scheda originale della collezione specifica: Montatura in metallo verniciato opaco nero. Elemento snodato in cromo. Diffusore orientabile. Cavo in tessuto con interruttore e spina. La scelta della versione è un passaggio importante in un e-commerce di illuminazione, perché consente di coordinare lampada, parete e atmosfera luminosa. La configurazione disponibile è unica: nelle finiture nero; nelle dimensioni L 16 × H 89 × P 35 cm. Le potenze previste sono E27 max 1 x 60W, con attacco E27. La lampada impiega sorgenti sostituibili con attacco E27; non è dichiarato un dimmer integrato; l’eventuale regolazione dipende dalla lampadina compatibile e dal comando dell’impianto. Le differenti finiture consentono di accordare l’applique a pareti chiare o scure, metalli presenti nell’arredo, infissi e complementi, mentre le eventuali variazioni di misura e potenza permettono di dimensionare la presenza luminosa in funzione della parete e del contesto. La vocazione dell’applique è particolarmente interessante sopra o ai lati di specchi, consolle e superfici dedicate alla cura personale: può completare una zona lavabo, un angolo make-up, una cabina armadio o una parete attrezzata in camera da letto. In ambito contract si presta a camere d’hotel, suite, saloni di bellezza, barber shop, camerini di boutique e servizi di locali commerciali, dove un punto luce a parete contribuisce alla percezione dello spazio. Per l’installazione in bagno occorre sempre verificare che la posizione prescelta sia idonea secondo la scheda tecnica e le norme dell’ambiente. Nell’illuminazione vicino allo specchio la qualità del progetto dipende dalla distribuzione equilibrata della luce e dalla posizione della lampada rispetto al viso e alla superficie riflettente. Una applique ben inserita rende più ordinata la zona lavabo o make-up e può diventare un elemento distintivo in un bagno d’hotel, in un camerino o in un salone professionale. In abbinamento ad altre luci ambientali, contribuisce a una scena luminosa completa, piacevole e facilmente fruibile durante la giornata. Per chi acquista online lampade da parete Ideal Lux, Shower ap1 rappresenta una proposta da valutare in base a dimensioni disponibili, finitura, sorgente luminosa e tipo di ambiente da illuminare. Le informazioni sulle configurazioni consentono di selezionare la variante più coerente con il progetto, evitando scelte generiche e costruendo un’illuminazione realmente coordinata. Prima della posa è opportuno verificare misure, collegamento elettrico, compatibilità della sorgente quando sostituibile e indicazioni di installazione riportate nella documentazione tecnica del prodotto.","Ideal Lux Shower ap1: lampada da parete per interni con attacco E27. 1 versioni con nero, formato compatto. Ideale per specchi, camere e ambienti contract."
IL-CONFIG-452,"Ideal Lux Sirio ap1 propone una soluzione a parete per esterni che permette di definire il punto luce senza ingombrare piani o percorsi. La combinazione di metallo e vetro unisce struttura e trasparenza: il vetro contribuisce a rendere l’emissione luminosa più curata e il punto luce più decorativo. La collezione comprende 5 configurazioni selezionabili: nelle finiture antracite, bianco, caffè, grigio e nero; nelle dimensioni L 10 × H 5 × P 16 cm. Le potenze previste sono GX53 max 1 x 9W, con attacco GX53. La dotazione luminosa utilizza sorgenti sostituibili con attacco GX53; non è dichiarato un dimmer integrato; l’eventuale regolazione dipende dalla lampadina compatibile e dal comando dell’impianto. È una scelta indicata per facciate, ingressi, balconi, terrazze, portici, percorsi esterni, dehors e pareti in giardino, nel rispetto delle condizioni di installazione previste.","Ideal Lux Sirio ap1 interpreta la lampada da parete per esterni come un elemento luminoso capace di unire funzione, proporzioni e presenza estetica. La combinazione di metallo e vetro unisce struttura e trasparenza: il vetro contribuisce a rendere l’emissione luminosa più curata e il punto luce più decorativo. La scelta della versione è un passaggio importante in un e-commerce di illuminazione, perché consente di coordinare lampada, parete e atmosfera luminosa. La collezione comprende 5 configurazioni selezionabili: nelle finiture antracite, bianco, caffè, grigio e nero; nelle dimensioni L 10 × H 5 × P 16 cm. Le potenze previste sono GX53 max 1 x 9W, con attacco GX53. La lampada impiega sorgenti sostituibili con attacco GX53; non è dichiarato un dimmer integrato; l’eventuale regolazione dipende dalla lampadina compatibile e dal comando dell’impianto. Le differenti finiture consentono di accordare l’applique a pareti chiare o scure, metalli presenti nell’arredo, infissi e complementi, mentre le eventuali variazioni di misura e potenza permettono di dimensionare la presenza luminosa in funzione della parete e del contesto. Come applique da parete per esterni è indicata per illuminare ingressi, facciate, balconi, terrazze coperte o scoperte in base alla corretta installazione, portici, pergolati e dehors di ristoranti, bar o strutture ricettive. Può accompagnare vialetti, camminamenti, accessi carrabili, muri perimetrali, zone di passaggio in giardino e aree parcheggio, creando riferimenti luminosi lungo il percorso e rendendo più accogliente l’arrivo serale. Nei progetti outdoor vicino a piscine o in aree particolarmente esposte, collocazione, collegamento e manutenzione vanno sempre valutati secondo la scheda tecnica e le norme applicabili. In un progetto di illuminazione esterna a parete, la posizione dell’apparecchio incide sia sulla resa estetica sia sulla fruibilità degli spazi: vicino alla porta rende riconoscibile l’accesso, lungo un passaggio aiuta a leggere il percorso, su una facciata disegna un ritmo luminoso coerente. Una serie di applique coordinate può collegare ingresso, terrazza e giardino, mentre una singola installazione può sottolineare un numero civico, una nicchia o un’area conversazione outdoor. La scelta della temperatura colore, quando disponibile, permette di privilegiare un’atmosfera più accogliente oppure una percezione più nitida dei dettagli. Per chi acquista online lampade da parete Ideal Lux, Sirio ap1 rappresenta una proposta da valutare in base a dimensioni disponibili, finitura, sorgente luminosa e tipo di ambiente da illuminare. Le informazioni sulle configurazioni consentono di selezionare la variante più coerente con il progetto, evitando scelte generiche e costruendo un’illuminazione realmente coordinata. Prima della posa è opportuno verificare misure, collegamento elettrico, compatibilità della sorgente quando sostituibile e indicazioni di installazione riportate nella documentazione tecnica del prodotto.","Ideal Lux Sirio ap1: lampada da parete per esterni con attacco GX53. 5 versioni con 5 finiture, formato compatto. Ideale per ingressi, terrazze e giardini."
IL-CONFIG-453,"Ideal Lux Smarties ap1 è un’applique da parete per interni progettata per un’illuminazione verticale curata e coerente con lo stile dell’ambiente. La combinazione di vetro unisce struttura e trasparenza: il vetro contribuisce a rendere l’emissione luminosa più curata e il punto luce più decorativo. La configurazione disponibile è unica: nelle finiture bianco; nelle dimensioni Ø 14 × P 8 cm. Le potenze previste sono G9 max 1 x 15W, con attacco G9. La dotazione luminosa utilizza sorgenti sostituibili con attacco G9; non è dichiarato un dimmer integrato; l’eventuale regolazione dipende dalla lampadina compatibile e dal comando dell’impianto. È indicata per living, corridoi, scale, camere, reception, uffici, showroom e locali commerciali in cerca di una luce a parete ordinata. La descrizione della collezione evidenzia inoltre: Base in metallo. Diffusore in vetro soffiato bianco acidato con sistema di fissaggio senza viti.","Ideal Lux Smarties ap1 è una lampada da parete per interni concepita per dare qualità all’illuminazione verticale e valorizzare la superficie su cui viene installata. La combinazione di vetro unisce struttura e trasparenza: il vetro contribuisce a rendere l’emissione luminosa più curata e il punto luce più decorativo. La scheda originale della collezione specifica: Base in metallo. Diffusore in vetro soffiato bianco acidato con sistema di fissaggio senza viti. La scelta della versione è un passaggio importante in un e-commerce di illuminazione, perché consente di coordinare lampada, parete e atmosfera luminosa. La configurazione disponibile è unica: nelle finiture bianco; nelle dimensioni Ø 14 × P 8 cm. Le potenze previste sono G9 max 1 x 15W, con attacco G9. La lampada impiega sorgenti sostituibili con attacco G9; non è dichiarato un dimmer integrato; l’eventuale regolazione dipende dalla lampadina compatibile e dal comando dell’impianto. Le differenti finiture consentono di accordare l’applique a pareti chiare o scure, metalli presenti nell’arredo, infissi e complementi, mentre le eventuali variazioni di misura e potenza permettono di dimensionare la presenza luminosa in funzione della parete e del contesto. L’applique è adatta a ingressi, corridoi, scale, soggiorni, zona living, cucina, camera da letto e camerette, sia come punto luce di servizio sia come illuminazione d’accento lungo una parete. Nel mondo professionale può essere scelta per reception, uffici, studi, sale d’attesa, showroom, negozi, ristoranti e camere d’hotel, soprattutto quando si desidera una luce ordinata che non occupi superfici utili. In bagno o in prossimità di aree soggette a umidità, l’installazione va valutata in funzione della posizione prevista e delle indicazioni tecniche del prodotto. Nella progettazione della luce a parete, un apparecchio compatto permette di completare l’illuminazione generale e di evidenziare percorsi, quinte, nicchie, pareti attrezzate o elementi decorativi. Può essere installato da solo come accento oppure ripetuto in sequenza per ottenere uniformità visiva in corridoi, scale e spazi contract. La presenza di più opzioni di finitura o dimensione aiuta inoltre a mantenere lo stesso linguaggio luminoso in ambienti differenti dello stesso progetto. Per chi acquista online lampade da parete Ideal Lux, Smarties ap1 rappresenta una proposta da valutare in base a dimensioni disponibili, finitura, sorgente luminosa e tipo di ambiente da illuminare. Le informazioni sulle configurazioni consentono di selezionare la variante più coerente con il progetto, evitando scelte generiche e costruendo un’illuminazione realmente coordinata. Prima della posa è opportuno verificare misure, collegamento elettrico, compatibilità della sorgente quando sostituibile e indicazioni di installazione riportate nella documentazione tecnica del prodotto.","Scopri Ideal Lux Smarties ap1, applique da parete per interni con attacco G9. 1 versioni con bianco, formato compatto. Ideale per living, corridoi e contract."
IL-CONFIG-454,"L’applique Ideal Lux Snif ap1 round è una lampada da parete per esterni pensata per integrare luce e arredo su superfici verticali. Il corpo in alluminio e metallo conferisce all’applique un segno architettonico netto, adatto a installazioni coordinate e a pareti dal linguaggio contemporaneo. La collezione comprende 8 configurazioni selezionabili: nelle finiture antracite, bianco, grigio e nero; nelle dimensioni L 11 × H 11 × P 15,5 cm e L 9 × H 10 × P 14 cm. Le potenze previste sono G9 max 1 x 40W, con attacco G9. La dotazione luminosa utilizza sorgenti sostituibili con attacco G9; non è dichiarato un dimmer integrato; l’eventuale regolazione dipende dalla lampadina compatibile e dal comando dell’impianto. È una scelta indicata per facciate, ingressi, balconi, terrazze, portici, percorsi esterni, dehors e pareti in giardino, nel rispetto delle condizioni di installazione previste. La descrizione della collezione evidenzia inoltre: Corpo luce in alluminio pressofuso verniciato. Doppio diffusore, superiore e inferiore, in vetro pirex trasparente. Disponibile nelle finiture antracite, bianco, grigio o nero.","Con Ideal Lux Snif ap1 round, l’applique da parete per esterni diventa uno strumento progettuale: illumina, ordina lo spazio e completa la composizione d’arredo. Il corpo in alluminio e metallo conferisce all’applique un segno architettonico netto, adatto a installazioni coordinate e a pareti dal linguaggio contemporaneo. La scheda originale della collezione specifica: Corpo luce in alluminio pressofuso verniciato. Doppio diffusore, superiore e inferiore, in vetro pirex trasparente. Disponibile nelle finiture antracite, bianco, grigio o nero. La scelta della versione è un passaggio importante in un e-commerce di illuminazione, perché consente di coordinare lampada, parete e atmosfera luminosa. La collezione comprende 8 configurazioni selezionabili: nelle finiture antracite, bianco, grigio e nero; nelle dimensioni L 11 × H 11 × P 15,5 cm e L 9 × H 10 × P 14 cm. Le potenze previste sono G9 max 1 x 40W, con attacco G9. La lampada impiega sorgenti sostituibili con attacco G9; non è dichiarato un dimmer integrato; l’eventuale regolazione dipende dalla lampadina compatibile e dal comando dell’impianto. Le differenti finiture consentono di accordare l’applique a pareti chiare o scure, metalli presenti nell’arredo, infissi e complementi, mentre le eventuali variazioni di misura e potenza permettono di dimensionare la presenza luminosa in funzione della parete e del contesto. Come applique da parete per esterni è indicata per illuminare ingressi, facciate, balconi, terrazze coperte o scoperte in base alla corretta installazione, portici, pergolati e dehors di ristoranti, bar o strutture ricettive. Può accompagnare vialetti, camminamenti, accessi carrabili, muri perimetrali, zone di passaggio in giardino e aree parcheggio, creando riferimenti luminosi lungo il percorso e rendendo più accogliente l’arrivo serale. Nei progetti outdoor vicino a piscine o in aree particolarmente esposte, collocazione, collegamento e manutenzione vanno sempre valutati secondo la scheda tecnica e le norme applicabili. In un progetto di illuminazione esterna a parete, la posizione dell’apparecchio incide sia sulla resa estetica sia sulla fruibilità degli spazi: vicino alla porta rende riconoscibile l’accesso, lungo un passaggio aiuta a leggere il percorso, su una facciata disegna un ritmo luminoso coerente. Una serie di applique coordinate può collegare ingresso, terrazza e giardino, mentre una singola installazione può sottolineare un numero civico, una nicchia o un’area conversazione outdoor. La scelta della temperatura colore, quando disponibile, permette di privilegiare un’atmosfera più accogliente oppure una percezione più nitida dei dettagli. Per chi acquista online lampade da parete Ideal Lux, Snif ap1 round rappresenta una proposta da valutare in base a dimensioni disponibili, finitura, sorgente luminosa e tipo di ambiente da illuminare. Le informazioni sulle configurazioni consentono di selezionare la variante più coerente con il progetto, evitando scelte generiche e costruendo un’illuminazione realmente coordinata. Prima della posa è opportuno verificare misure, collegamento elettrico, compatibilità della sorgente quando sostituibile e indicazioni di installazione riportate nella documentazione tecnica del prodotto.","Scopri Ideal Lux Snif ap1 round, applique da parete per esterni con attacco G9. 8 versioni con 4 finiture, 2 misure. Ideale per ingressi, terrazze e giardini."
IL-CONFIG-455,"Ideal Lux Snow ap propone una soluzione a parete per esterni che permette di definire il punto luce senza ingombrare piani o percorsi. La costruzione in plexiglas è pensata per un profilo ordinato e una diffusione uniforme, adatta a progetti nei quali la luce deve accompagnare l’architettura senza appesantirla. La collezione comprende 2 configurazioni selezionabili: nelle finiture bianco; nelle dimensioni L 10 × H 10 × P 5,5 cm; con temperatura colore 3000K e 4000K. Le potenze previste sono LED 6W, con sorgente LED. La dotazione luminosa utilizza sorgente LED integrata e inclusa; la funzione dimmer non è indicata nelle configurazioni standard disponibili. È una scelta indicata per facciate, ingressi, balconi, terrazze, portici, percorsi esterni, dehors e pareti in giardino, nel rispetto delle condizioni di installazione previste.","Ideal Lux Snow ap interpreta la lampada da parete per esterni come un elemento luminoso capace di unire funzione, proporzioni e presenza estetica. La costruzione in plexiglas è pensata per un profilo ordinato e una diffusione uniforme, adatta a progetti nei quali la luce deve accompagnare l’architettura senza appesantirla. La scelta della versione è un passaggio importante in un e-commerce di illuminazione, perché consente di coordinare lampada, parete e atmosfera luminosa. La collezione comprende 2 configurazioni selezionabili: nelle finiture bianco; nelle dimensioni L 10 × H 10 × P 5,5 cm; con temperatura colore 3000K e 4000K. Le potenze previste sono LED 6W, con sorgente LED. La lampada impiega sorgente LED integrata e inclusa; la funzione dimmer non è indicata nelle configurazioni standard disponibili. Le differenti finiture consentono di accordare l’applique a pareti chiare o scure, metalli presenti nell’arredo, infissi e complementi, mentre le eventuali variazioni di misura e potenza permettono di dimensionare la presenza luminosa in funzione della parete e del contesto. Come applique da parete per esterni è indicata per illuminare ingressi, facciate, balconi, terrazze coperte o scoperte in base alla corretta installazione, portici, pergolati e dehors di ristoranti, bar o strutture ricettive. Può accompagnare vialetti, camminamenti, accessi carrabili, muri perimetrali, zone di passaggio in giardino e aree parcheggio, creando riferimenti luminosi lungo il percorso e rendendo più accogliente l’arrivo serale. Nei progetti outdoor vicino a piscine o in aree particolarmente esposte, collocazione, collegamento e manutenzione vanno sempre valutati secondo la scheda tecnica e le norme applicabili. In un progetto di illuminazione esterna a parete, la posizione dell’apparecchio incide sia sulla resa estetica sia sulla fruibilità degli spazi: vicino alla porta rende riconoscibile l’accesso, lungo un passaggio aiuta a leggere il percorso, su una facciata disegna un ritmo luminoso coerente. Una serie di applique coordinate può collegare ingresso, terrazza e giardino, mentre una singola installazione può sottolineare un numero civico, una nicchia o un’area conversazione outdoor. La scelta della temperatura colore, quando disponibile, permette di privilegiare un’atmosfera più accogliente oppure una percezione più nitida dei dettagli. Per chi acquista online lampade da parete Ideal Lux, Snow ap rappresenta una proposta da valutare in base a dimensioni disponibili, finitura, sorgente luminosa e tipo di ambiente da illuminare. Le informazioni sulle configurazioni consentono di selezionare la variante più coerente con il progetto, evitando scelte generiche e costruendo un’illuminazione realmente coordinata. Prima della posa è opportuno verificare misure, collegamento elettrico, compatibilità della sorgente quando sostituibile e indicazioni di installazione riportate nella documentazione tecnica del prodotto.","Ideal Lux Snow ap: applique da parete per esterni con LED integrato, bianco e formato compatto. Ideale per ingressi, terrazze e giardini. Acquista online."
IL-CONFIG-456,"Ideal Lux Soda ap1 è un’applique da parete per interni progettata per un’illuminazione verticale curata e coerente con lo stile dell’ambiente. La struttura in gesso dona consistenza al punto luce e consente di inserire la lampada con equilibrio in ambienti residenziali o professionali. La collezione comprende 2 configurazioni selezionabili: nelle finiture bianco; nelle dimensioni L 30 × H 7,5 × P 9,5 cm e L 51 × H 9 × P 12,5 cm. Le potenze previste sono E14 max 1 x 40W e E14 max 2 x 40W, con attacco E14. In dettaglio: L 30 × H 7,5 × P 9,5 cm con E14 max 1 x 40W; L 51 × H 9 × P 12,5 cm con E14 max 2 x 40W. La dotazione luminosa utilizza sorgenti sostituibili con attacco E14; non è dichiarato un dimmer integrato; l’eventuale regolazione dipende dalla lampadina compatibile e dal comando dell’impianto. È indicata per living, corridoi, scale, camere, reception, uffici, showroom e locali commerciali in cerca di una luce a parete ordinata. La descrizione della collezione evidenzia inoltre: Corpo luce in gesso bianco. Base in metallo smaltato bianco. Diffusore inferiore in vetro trasparente satinato. Emissione luce sia sopra che sotto.","Ideal Lux Soda ap1 è una lampada da parete per interni concepita per dare qualità all’illuminazione verticale e valorizzare la superficie su cui viene installata. La struttura in gesso dona consistenza al punto luce e consente di inserire la lampada con equilibrio in ambienti residenziali o professionali. La scheda originale della collezione specifica: Corpo luce in gesso bianco. Base in metallo smaltato bianco. Diffusore inferiore in vetro trasparente satinato. Emissione luce sia sopra che sotto. La scelta della versione è un passaggio importante in un e-commerce di illuminazione, perché consente di coordinare lampada, parete e atmosfera luminosa. La collezione comprende 2 configurazioni selezionabili: nelle finiture bianco; nelle dimensioni L 30 × H 7,5 × P 9,5 cm e L 51 × H 9 × P 12,5 cm. Le potenze previste sono E14 max 1 x 40W e E14 max 2 x 40W, con attacco E14. In dettaglio: L 30 × H 7,5 × P 9,5 cm con E14 max 1 x 40W; L 51 × H 9 × P 12,5 cm con E14 max 2 x 40W. La lampada impiega sorgenti sostituibili con attacco E14; non è dichiarato un dimmer integrato; l’eventuale regolazione dipende dalla lampadina compatibile e dal comando dell’impianto. Le differenti finiture consentono di accordare l’applique a pareti chiare o scure, metalli presenti nell’arredo, infissi e complementi, mentre le eventuali variazioni di misura e potenza permettono di dimensionare la presenza luminosa in funzione della parete e del contesto. L’applique è adatta a ingressi, corridoi, scale, soggiorni, zona living, cucina, camera da letto e camerette, sia come punto luce di servizio sia come illuminazione d’accento lungo una parete. Nel mondo professionale può essere scelta per reception, uffici, studi, sale d’attesa, showroom, negozi, ristoranti e camere d’hotel, soprattutto quando si desidera una luce ordinata che non occupi superfici utili. In bagno o in prossimità di aree soggette a umidità, l’installazione va valutata in funzione della posizione prevista e delle indicazioni tecniche del prodotto. Nella progettazione della luce a parete, un apparecchio compatto permette di completare l’illuminazione generale e di evidenziare percorsi, quinte, nicchie, pareti attrezzate o elementi decorativi. Può essere installato da solo come accento oppure ripetuto in sequenza per ottenere uniformità visiva in corridoi, scale e spazi contract. La presenza di più opzioni di finitura o dimensione aiuta inoltre a mantenere lo stesso linguaggio luminoso in ambienti differenti dello stesso progetto. Per chi acquista online lampade da parete Ideal Lux, Soda ap1 rappresenta una proposta da valutare in base a dimensioni disponibili, finitura, sorgente luminosa e tipo di ambiente da illuminare. Le informazioni sulle configurazioni consentono di selezionare la variante più coerente con il progetto, evitando scelte generiche e costruendo un’illuminazione realmente coordinata. Prima della posa è opportuno verificare misure, collegamento elettrico, compatibilità della sorgente quando sostituibile e indicazioni di installazione riportate nella documentazione tecnica del prodotto.","Scopri Ideal Lux Soda ap1, applique da parete per interni con attacco E14. 2 versioni con bianco, 2 misure. Per living, corridoi e contract. Ordina online."
IL-CONFIG-457,"L’applique Ideal Lux Steel ap1 mono-emission wide è una lampada da parete per interni pensata per integrare luce e arredo su superfici verticali. Il corpo in alluminio e metallo conferisce all’applique un segno architettonico netto, adatto a installazioni coordinate e a pareti dal linguaggio contemporaneo. La configurazione disponibile è unica: nelle finiture nero; nelle dimensioni L 120,3 × H 9,4 × P 4 cm; con temperatura colore 3000K. Le potenze previste sono 29W, con sorgente LED. La dotazione luminosa utilizza sorgente LED integrata e inclusa; la versione è dimmerabile e consente di modulare l’intensità luminosa secondo le esigenze dell’ambiente. È indicata per living, corridoi, scale, camere, reception, uffici, showroom e locali commerciali in cerca di una luce a parete ordinata.","Con Ideal Lux Steel ap1 mono-emission wide, l’applique da parete per interni diventa uno strumento progettuale: illumina, ordina lo spazio e completa la composizione d’arredo. Il corpo in alluminio e metallo conferisce all’applique un segno architettonico netto, adatto a installazioni coordinate e a pareti dal linguaggio contemporaneo. La scelta della versione è un passaggio importante in un e-commerce di illuminazione, perché consente di coordinare lampada, parete e atmosfera luminosa. La configurazione disponibile è unica: nelle finiture nero; nelle dimensioni L 120,3 × H 9,4 × P 4 cm; con temperatura colore 3000K. Le potenze previste sono 29W, con sorgente LED. La lampada impiega sorgente LED integrata e inclusa; la versione è dimmerabile e consente di modulare l’intensità luminosa secondo le esigenze dell’ambiente. Le differenti finiture consentono di accordare l’applique a pareti chiare o scure, metalli presenti nell’arredo, infissi e complementi, mentre le eventuali variazioni di misura e potenza permettono di dimensionare la presenza luminosa in funzione della parete e del contesto. L’applique è adatta a ingressi, corridoi, scale, soggiorni, zona living, cucina, camera da letto e camerette, sia come punto luce di servizio sia come illuminazione d’accento lungo una parete. Nel mondo professionale può essere scelta per reception, uffici, studi, sale d’attesa, showroom, negozi, ristoranti e camere d’hotel, soprattutto quando si desidera una luce ordinata che non occupi superfici utili. In bagno o in prossimità di aree soggette a umidità, l’installazione va valutata in funzione della posizione prevista e delle indicazioni tecniche del prodotto. Nella progettazione della luce a parete, un apparecchio compatto permette di completare l’illuminazione generale e di evidenziare percorsi, quinte, nicchie, pareti attrezzate o elementi decorativi. Può essere installato da solo come accento oppure ripetuto in sequenza per ottenere uniformità visiva in corridoi, scale e spazi contract. La presenza di più opzioni di finitura o dimensione aiuta inoltre a mantenere lo stesso linguaggio luminoso in ambienti differenti dello stesso progetto. Per chi acquista online lampade da parete Ideal Lux, Steel ap1 mono-emission wide rappresenta una proposta da valutare in base a dimensioni disponibili, finitura, sorgente luminosa e tipo di ambiente da illuminare. Le informazioni sulle configurazioni consentono di selezionare la variante più coerente con il progetto, evitando scelte generiche e costruendo un’illuminazione realmente coordinata. Prima della posa è opportuno verificare misure, collegamento elettrico, compatibilità della sorgente quando sostituibile e indicazioni di installazione riportate nella documentazione tecnica del prodotto.","Ideal Lux Steel ap1 mono-emission wide: applique da parete per interni con LED integrato, nero e formato compatto. Ideale per living, corridoi e contract."
IL-CONFIG-458,"Ideal Lux Steel ap2 bi-emission wide propone una soluzione a parete per interni che permette di definire il punto luce senza ingombrare piani o percorsi. Il corpo in alluminio e metallo conferisce all’applique un segno architettonico netto, adatto a installazioni coordinate e a pareti dal linguaggio contemporaneo. La collezione comprende 4 configurazioni selezionabili: nelle finiture bianco e nero; nelle dimensioni L 120 × H 9,5 × P 4 cm; con temperatura colore 3000K e 4000K. Le potenze previste sono 32W, con sorgente LED. La dotazione luminosa utilizza sorgente LED integrata e inclusa; la versione è dimmerabile e consente di modulare l’intensità luminosa secondo le esigenze dell’ambiente. È indicata per living, corridoi, scale, camere, reception, uffici, showroom e locali commerciali in cerca di una luce a parete ordinata.","Ideal Lux Steel ap2 bi-emission wide interpreta la lampada da parete per interni come un elemento luminoso capace di unire funzione, proporzioni e presenza estetica. Il corpo in alluminio e metallo conferisce all’applique un segno architettonico netto, adatto a installazioni coordinate e a pareti dal linguaggio contemporaneo. La scelta della versione è un passaggio importante in un e-commerce di illuminazione, perché consente di coordinare lampada, parete e atmosfera luminosa. La collezione comprende 4 configurazioni selezionabili: nelle finiture bianco e nero; nelle dimensioni L 120 × H 9,5 × P 4 cm; con temperatura colore 3000K e 4000K. Le potenze previste sono 32W, con sorgente LED. La lampada impiega sorgente LED integrata e inclusa; la versione è dimmerabile e consente di modulare l’intensità luminosa secondo le esigenze dell’ambiente. Le differenti finiture consentono di accordare l’applique a pareti chiare o scure, metalli presenti nell’arredo, infissi e complementi, mentre le eventuali variazioni di misura e potenza permettono di dimensionare la presenza luminosa in funzione della parete e del contesto. L’applique è adatta a ingressi, corridoi, scale, soggiorni, zona living, cucina, camera da letto e camerette, sia come punto luce di servizio sia come illuminazione d’accento lungo una parete. Nel mondo professionale può essere scelta per reception, uffici, studi, sale d’attesa, showroom, negozi, ristoranti e camere d’hotel, soprattutto quando si desidera una luce ordinata che non occupi superfici utili. In bagno o in prossimità di aree soggette a umidità, l’installazione va valutata in funzione della posizione prevista e delle indicazioni tecniche del prodotto. Nella progettazione della luce a parete, un apparecchio compatto permette di completare l’illuminazione generale e di evidenziare percorsi, quinte, nicchie, pareti attrezzate o elementi decorativi. Può essere installato da solo come accento oppure ripetuto in sequenza per ottenere uniformità visiva in corridoi, scale e spazi contract. La presenza di più opzioni di finitura o dimensione aiuta inoltre a mantenere lo stesso linguaggio luminoso in ambienti differenti dello stesso progetto. Per chi acquista online lampade da parete Ideal Lux, Steel ap2 bi-emission wide rappresenta una proposta da valutare in base a dimensioni disponibili, finitura, sorgente luminosa e tipo di ambiente da illuminare. Le informazioni sulle configurazioni consentono di selezionare la variante più coerente con il progetto, evitando scelte generiche e costruendo un’illuminazione realmente coordinata. Prima della posa è opportuno verificare misure, collegamento elettrico, compatibilità della sorgente quando sostituibile e indicazioni di installazione riportate nella documentazione tecnica del prodotto.","Ideal Lux Steel ap2 bi-emission wide: applique da parete per interni con LED integrato, bianco e nero e formato compatto. Ideale per living, corridoi e contract."
IL-CONFIG-459,"Ideal Lux Strauss ap2 è un’applique da parete per interni progettata per un’illuminazione verticale curata e coerente con lo stile dell’ambiente. La combinazione di vetro unisce struttura e trasparenza: il vetro contribuisce a rendere l’emissione luminosa più curata e il punto luce più decorativo. La configurazione disponibile è unica: nelle finiture oro; nelle dimensioni L 43 × H 23 × P 22,5 cm. Le potenze previste sono E14 max 2 x 40W, con attacco E14. La dotazione luminosa utilizza sorgenti sostituibili con attacco E14; non è dichiarato un dimmer integrato; l’eventuale regolazione dipende dalla lampadina compatibile e dal comando dell’impianto. È pensata per living, saloni, ingressi, camere, ristoranti, hall e showroom in cui la lampada contribuisce anche alla decorazione della parete. La descrizione della collezione evidenzia inoltre: Montatura e dettagli in metallo con finitura oro rosa. Bracci in vetro soffiato trasparente. Elementi decorativi in cristallo ambrato.","Ideal Lux Strauss ap2 è una lampada da parete per interni concepita per dare qualità all’illuminazione verticale e valorizzare la superficie su cui viene installata. La combinazione di vetro unisce struttura e trasparenza: il vetro contribuisce a rendere l’emissione luminosa più curata e il punto luce più decorativo. La scheda originale della collezione specifica: Montatura e dettagli in metallo con finitura oro rosa. Bracci in vetro soffiato trasparente. Elementi decorativi in cristallo ambrato. La scelta della versione è un passaggio importante in un e-commerce di illuminazione, perché consente di coordinare lampada, parete e atmosfera luminosa. La configurazione disponibile è unica: nelle finiture oro; nelle dimensioni L 43 × H 23 × P 22,5 cm. Le potenze previste sono E14 max 2 x 40W, con attacco E14. La lampada impiega sorgenti sostituibili con attacco E14; non è dichiarato un dimmer integrato; l’eventuale regolazione dipende dalla lampadina compatibile e dal comando dell’impianto. Le differenti finiture consentono di accordare l’applique a pareti chiare o scure, metalli presenti nell’arredo, infissi e complementi, mentre le eventuali variazioni di misura e potenza permettono di dimensionare la presenza luminosa in funzione della parete e del contesto. Pensata per arredare oltre che illuminare, questa applique può valorizzare soggiorno, salone, sala da pranzo, ingresso, vano scala, camera da letto e pareti di rappresentanza della zona living. È indicata anche per hall, reception, ristoranti, boutique, showroom e camere di hotel, dove un dettaglio decorativo a parete contribuisce all’identità dell’ambiente. Installata singolarmente crea un accento visivo; disposta in coppia o in sequenza può incorniciare specchi, consolle, quadri o elementi architettonici, con un risultato più scenografico. La luce decorativa a parete è utile quando l’ambiente richiede profondità visiva e un dettaglio capace di farsi ricordare. In un salone o in una hall, la lampada può essere abbinata a sospensioni e piantane della stessa atmosfera; in un ristorante o showroom può scandire la parete e rafforzare la percezione del progetto. Finiture e materiali diventano così parte della narrazione d’arredo, dal contesto più elegante a quello contemporaneo e ricercato. Per chi acquista online lampade da parete Ideal Lux, Strauss ap2 rappresenta una proposta da valutare in base a dimensioni disponibili, finitura, sorgente luminosa e tipo di ambiente da illuminare. Le informazioni sulle configurazioni consentono di selezionare la variante più coerente con il progetto, evitando scelte generiche e costruendo un’illuminazione realmente coordinata. Prima della posa è opportuno verificare misure, collegamento elettrico, compatibilità della sorgente quando sostituibile e indicazioni di installazione riportate nella documentazione tecnica del prodotto.","Scopri Ideal Lux Strauss ap2, applique da parete per interni con attacco E14. 1 versioni con oro, formato compatto. Perfetta per living, hall e ristoranti."
IL-CONFIG-460,"L’applique Ideal Lux Style ap è una lampada da parete per esterni pensata per integrare luce e arredo su superfici verticali. Il corpo in alluminio e metallo conferisce all’applique un segno architettonico netto, adatto a installazioni coordinate e a pareti dal linguaggio contemporaneo. La collezione comprende 10 configurazioni selezionabili: nelle finiture antracite, bianco, caffè, grigio e nero; nelle dimensioni L 10 × H 16,4 × P 10,4 cm; con temperatura colore 3000K e 4000K. Le potenze previste sono 8,5W, con sorgente LED. La dotazione luminosa utilizza sorgente LED integrata e inclusa; la funzione dimmer non è indicata nelle configurazioni standard disponibili. È una scelta indicata per facciate, ingressi, balconi, terrazze, portici, percorsi esterni, dehors e pareti in giardino, nel rispetto delle condizioni di installazione previste. La descrizione della collezione evidenzia inoltre: Corpo luce in alluminio verniciato a polveri. Diffusore in materiale plastico opale. Sorgente luminosa a led integrato. Modello AP Sensor dotato di sensore PIR. Disponibile nelle finiture antracite, bianco, coffee, grigio o nero.","Con Ideal Lux Style ap, l’applique da parete per esterni diventa uno strumento progettuale: illumina, ordina lo spazio e completa la composizione d’arredo. Il corpo in alluminio e metallo conferisce all’applique un segno architettonico netto, adatto a installazioni coordinate e a pareti dal linguaggio contemporaneo. La scheda originale della collezione specifica: Corpo luce in alluminio verniciato a polveri. Diffusore in materiale plastico opale. Sorgente luminosa a led integrato. Modello AP Sensor dotato di sensore PIR. Disponibile nelle finiture antracite, bianco, coffee, grigio o nero. La scelta della versione è un passaggio importante in un e-commerce di illuminazione, perché consente di coordinare lampada, parete e atmosfera luminosa. La collezione comprende 10 configurazioni selezionabili: nelle finiture antracite, bianco, caffè, grigio e nero; nelle dimensioni L 10 × H 16,4 × P 10,4 cm; con temperatura colore 3000K e 4000K. Le potenze previste sono 8,5W, con sorgente LED. La lampada impiega sorgente LED integrata e inclusa; la funzione dimmer non è indicata nelle configurazioni standard disponibili. Le differenti finiture consentono di accordare l’applique a pareti chiare o scure, metalli presenti nell’arredo, infissi e complementi, mentre le eventuali variazioni di misura e potenza permettono di dimensionare la presenza luminosa in funzione della parete e del contesto. Come applique da parete per esterni è indicata per illuminare ingressi, facciate, balconi, terrazze coperte o scoperte in base alla corretta installazione, portici, pergolati e dehors di ristoranti, bar o strutture ricettive. Può accompagnare vialetti, camminamenti, accessi carrabili, muri perimetrali, zone di passaggio in giardino e aree parcheggio, creando riferimenti luminosi lungo il percorso e rendendo più accogliente l’arrivo serale. Nei progetti outdoor vicino a piscine o in aree particolarmente esposte, collocazione, collegamento e manutenzione vanno sempre valutati secondo la scheda tecnica e le norme applicabili. In un progetto di illuminazione esterna a parete, la posizione dell’apparecchio incide sia sulla resa estetica sia sulla fruibilità degli spazi: vicino alla porta rende riconoscibile l’accesso, lungo un passaggio aiuta a leggere il percorso, su una facciata disegna un ritmo luminoso coerente. Una serie di applique coordinate può collegare ingresso, terrazza e giardino, mentre una singola installazione può sottolineare un numero civico, una nicchia o un’area conversazione outdoor. La scelta della temperatura colore, quando disponibile, permette di privilegiare un’atmosfera più accogliente oppure una percezione più nitida dei dettagli. Per chi acquista online lampade da parete Ideal Lux, Style ap rappresenta una proposta da valutare in base a dimensioni disponibili, finitura, sorgente luminosa e tipo di ambiente da illuminare. Le informazioni sulle configurazioni consentono di selezionare la variante più coerente con il progetto, evitando scelte generiche e costruendo un’illuminazione realmente coordinata. Prima della posa è opportuno verificare misure, collegamento elettrico, compatibilità della sorgente quando sostituibile e indicazioni di installazione riportate nella documentazione tecnica del prodotto.","Ideal Lux Style ap: applique da parete per esterni con LED integrato, 5 finiture e formato compatto. Ideale per ingressi, terrazze e giardini. Acquista online."
IL-CONFIG-461,"Ideal Lux Style ap sensor propone una soluzione a parete per esterni che permette di definire il punto luce senza ingombrare piani o percorsi. Il corpo in alluminio e metallo conferisce all’applique un segno architettonico netto, adatto a installazioni coordinate e a pareti dal linguaggio contemporaneo. La collezione comprende 4 configurazioni selezionabili: nelle finiture antracite e bianco; nelle dimensioni L 10 × H 16,4 × P 10,4 cm; con temperatura colore 3000K e 4000K. Le potenze previste sono 9W, con sorgente LED. La dotazione luminosa utilizza sorgente LED integrata e inclusa; la funzione dimmer non è indicata nelle configurazioni standard disponibili. È una scelta indicata per facciate, ingressi, balconi, terrazze, portici, percorsi esterni, dehors e pareti in giardino, nel rispetto delle condizioni di installazione previste. La descrizione della collezione evidenzia inoltre: Corpo luce in alluminio verniciato a polveri. Diffusore in materiale plastico opale. Sorgente luminosa a led integrato. Modello AP Sensor dotato di sensore PIR. Disponibile nelle finiture antracite, bianco, coffee, grigio o nero.","Ideal Lux Style ap sensor interpreta la lampada da parete per esterni come un elemento luminoso capace di unire funzione, proporzioni e presenza estetica. Il corpo in alluminio e metallo conferisce all’applique un segno architettonico netto, adatto a installazioni coordinate e a pareti dal linguaggio contemporaneo. La scheda originale della collezione specifica: Corpo luce in alluminio verniciato a polveri. Diffusore in materiale plastico opale. Sorgente luminosa a led integrato. Modello AP Sensor dotato di sensore PIR. Disponibile nelle finiture antracite, bianco, coffee, grigio o nero. La scelta della versione è un passaggio importante in un e-commerce di illuminazione, perché consente di coordinare lampada, parete e atmosfera luminosa. La collezione comprende 4 configurazioni selezionabili: nelle finiture antracite e bianco; nelle dimensioni L 10 × H 16,4 × P 10,4 cm; con temperatura colore 3000K e 4000K. Le potenze previste sono 9W, con sorgente LED. La lampada impiega sorgente LED integrata e inclusa; la funzione dimmer non è indicata nelle configurazioni standard disponibili. Le differenti finiture consentono di accordare l’applique a pareti chiare o scure, metalli presenti nell’arredo, infissi e complementi, mentre le eventuali variazioni di misura e potenza permettono di dimensionare la presenza luminosa in funzione della parete e del contesto. Come applique da parete per esterni è indicata per illuminare ingressi, facciate, balconi, terrazze coperte o scoperte in base alla corretta installazione, portici, pergolati e dehors di ristoranti, bar o strutture ricettive. Può accompagnare vialetti, camminamenti, accessi carrabili, muri perimetrali, zone di passaggio in giardino e aree parcheggio, creando riferimenti luminosi lungo il percorso e rendendo più accogliente l’arrivo serale. Nei progetti outdoor vicino a piscine o in aree particolarmente esposte, collocazione, collegamento e manutenzione vanno sempre valutati secondo la scheda tecnica e le norme applicabili. In un progetto di illuminazione esterna a parete, la posizione dell’apparecchio incide sia sulla resa estetica sia sulla fruibilità degli spazi: vicino alla porta rende riconoscibile l’accesso, lungo un passaggio aiuta a leggere il percorso, su una facciata disegna un ritmo luminoso coerente. Una serie di applique coordinate può collegare ingresso, terrazza e giardino, mentre una singola installazione può sottolineare un numero civico, una nicchia o un’area conversazione outdoor. La scelta della temperatura colore, quando disponibile, permette di privilegiare un’atmosfera più accogliente oppure una percezione più nitida dei dettagli. Per chi acquista online lampade da parete Ideal Lux, Style ap sensor rappresenta una proposta da valutare in base a dimensioni disponibili, finitura, sorgente luminosa e tipo di ambiente da illuminare. Le informazioni sulle configurazioni consentono di selezionare la variante più coerente con il progetto, evitando scelte generiche e costruendo un’illuminazione realmente coordinata. Prima della posa è opportuno verificare misure, collegamento elettrico, compatibilità della sorgente quando sostituibile e indicazioni di installazione riportate nella documentazione tecnica del prodotto.","Ideal Lux Style ap sensor: applique da parete per esterni con LED integrato, antracite e bianco e formato compatto. Ideale per ingressi, terrazze e giardini."
IL-CONFIG-462,"Ideal Lux Swipe ap è un’applique da parete per esterni progettata per un’illuminazione verticale curata e coerente con lo stile dell’ambiente. La costruzione in metallo e plexiglas è pensata per un profilo ordinato e una diffusione uniforme, adatta a progetti nei quali la luce deve accompagnare l’architettura senza appesantirla. La collezione comprende 5 configurazioni selezionabili: nelle finiture antracite, bianco, caffè, grigio e nero; nelle dimensioni L 21,2 × H 10 × P min 12 / max 16,5 cm. Le potenze previste sono LED 20,5W, con sorgente LED. La dotazione luminosa utilizza sorgente LED integrata e inclusa; la funzione dimmer non è indicata nelle configurazioni standard disponibili. È una scelta indicata per facciate, ingressi, balconi, terrazze, portici, percorsi esterni, dehors e pareti in giardino, nel rispetto delle condizioni di installazione previste.","Ideal Lux Swipe ap è una lampada da parete per esterni concepita per dare qualità all’illuminazione verticale e valorizzare la superficie su cui viene installata. La costruzione in metallo e plexiglas è pensata per un profilo ordinato e una diffusione uniforme, adatta a progetti nei quali la luce deve accompagnare l’architettura senza appesantirla. La scelta della versione è un passaggio importante in un e-commerce di illuminazione, perché consente di coordinare lampada, parete e atmosfera luminosa. La collezione comprende 5 configurazioni selezionabili: nelle finiture antracite, bianco, caffè, grigio e nero; nelle dimensioni L 21,2 × H 10 × P min 12 / max 16,5 cm. Le potenze previste sono LED 20,5W, con sorgente LED. La lampada impiega sorgente LED integrata e inclusa; la funzione dimmer non è indicata nelle configurazioni standard disponibili. Le differenti finiture consentono di accordare l’applique a pareti chiare o scure, metalli presenti nell’arredo, infissi e complementi, mentre le eventuali variazioni di misura e potenza permettono di dimensionare la presenza luminosa in funzione della parete e del contesto. Come applique da parete per esterni è indicata per illuminare ingressi, facciate, balconi, terrazze coperte o scoperte in base alla corretta installazione, portici, pergolati e dehors di ristoranti, bar o strutture ricettive. Può accompagnare vialetti, camminamenti, accessi carrabili, muri perimetrali, zone di passaggio in giardino e aree parcheggio, creando riferimenti luminosi lungo il percorso e rendendo più accogliente l’arrivo serale. Nei progetti outdoor vicino a piscine o in aree particolarmente esposte, collocazione, collegamento e manutenzione vanno sempre valutati secondo la scheda tecnica e le norme applicabili. In un progetto di illuminazione esterna a parete, la posizione dell’apparecchio incide sia sulla resa estetica sia sulla fruibilità degli spazi: vicino alla porta rende riconoscibile l’accesso, lungo un passaggio aiuta a leggere il percorso, su una facciata disegna un ritmo luminoso coerente. Una serie di applique coordinate può collegare ingresso, terrazza e giardino, mentre una singola installazione può sottolineare un numero civico, una nicchia o un’area conversazione outdoor. La scelta della temperatura colore, quando disponibile, permette di privilegiare un’atmosfera più accogliente oppure una percezione più nitida dei dettagli. Per chi acquista online lampade da parete Ideal Lux, Swipe ap rappresenta una proposta da valutare in base a dimensioni disponibili, finitura, sorgente luminosa e tipo di ambiente da illuminare. Le informazioni sulle configurazioni consentono di selezionare la variante più coerente con il progetto, evitando scelte generiche e costruendo un’illuminazione realmente coordinata. Prima della posa è opportuno verificare misure, collegamento elettrico, compatibilità della sorgente quando sostituibile e indicazioni di installazione riportate nella documentazione tecnica del prodotto.","Ideal Lux Swipe ap: lampada da parete per esterni con LED integrato. 5 versioni con 5 finiture, formato compatto. Ideale per ingressi, terrazze e giardini."
IL-CONFIG-463,"L’applique Ideal Lux Swipe ap sensor è una lampada da parete per esterni pensata per integrare luce e arredo su superfici verticali. La costruzione in metallo e plexiglas è pensata per un profilo ordinato e una diffusione uniforme, adatta a progetti nei quali la luce deve accompagnare l’architettura senza appesantirla. La collezione comprende 5 configurazioni selezionabili: nelle finiture antracite, bianco, caffè, grigio e nero; nelle dimensioni L 21,2 × H 10 × P min 12 / max 16,5 cm. Le potenze previste sono LED 21W, con sorgente LED. La dotazione luminosa utilizza sorgente LED integrata e inclusa; la funzione dimmer non è indicata nelle configurazioni standard disponibili. È una scelta indicata per facciate, ingressi, balconi, terrazze, portici, percorsi esterni, dehors e pareti in giardino, nel rispetto delle condizioni di installazione previste.","Con Ideal Lux Swipe ap sensor, l’applique da parete per esterni diventa uno strumento progettuale: illumina, ordina lo spazio e completa la composizione d’arredo. La costruzione in metallo e plexiglas è pensata per un profilo ordinato e una diffusione uniforme, adatta a progetti nei quali la luce deve accompagnare l’architettura senza appesantirla. La scelta della versione è un passaggio importante in un e-commerce di illuminazione, perché consente di coordinare lampada, parete e atmosfera luminosa. La collezione comprende 5 configurazioni selezionabili: nelle finiture antracite, bianco, caffè, grigio e nero; nelle dimensioni L 21,2 × H 10 × P min 12 / max 16,5 cm. Le potenze previste sono LED 21W, con sorgente LED. La lampada impiega sorgente LED integrata e inclusa; la funzione dimmer non è indicata nelle configurazioni standard disponibili. Le differenti finiture consentono di accordare l’applique a pareti chiare o scure, metalli presenti nell’arredo, infissi e complementi, mentre le eventuali variazioni di misura e potenza permettono di dimensionare la presenza luminosa in funzione della parete e del contesto. Come applique da parete per esterni è indicata per illuminare ingressi, facciate, balconi, terrazze coperte o scoperte in base alla corretta installazione, portici, pergolati e dehors di ristoranti, bar o strutture ricettive. Può accompagnare vialetti, camminamenti, accessi carrabili, muri perimetrali, zone di passaggio in giardino e aree parcheggio, creando riferimenti luminosi lungo il percorso e rendendo più accogliente l’arrivo serale. Nei progetti outdoor vicino a piscine o in aree particolarmente esposte, collocazione, collegamento e manutenzione vanno sempre valutati secondo la scheda tecnica e le norme applicabili. In un progetto di illuminazione esterna a parete, la posizione dell’apparecchio incide sia sulla resa estetica sia sulla fruibilità degli spazi: vicino alla porta rende riconoscibile l’accesso, lungo un passaggio aiuta a leggere il percorso, su una facciata disegna un ritmo luminoso coerente. Una serie di applique coordinate può collegare ingresso, terrazza e giardino, mentre una singola installazione può sottolineare un numero civico, una nicchia o un’area conversazione outdoor. La scelta della temperatura colore, quando disponibile, permette di privilegiare un’atmosfera più accogliente oppure una percezione più nitida dei dettagli. Per chi acquista online lampade da parete Ideal Lux, Swipe ap sensor rappresenta una proposta da valutare in base a dimensioni disponibili, finitura, sorgente luminosa e tipo di ambiente da illuminare. Le informazioni sulle configurazioni consentono di selezionare la variante più coerente con il progetto, evitando scelte generiche e costruendo un’illuminazione realmente coordinata. Prima della posa è opportuno verificare misure, collegamento elettrico, compatibilità della sorgente quando sostituibile e indicazioni di installazione riportate nella documentazione tecnica del prodotto.","Ideal Lux Swipe ap sensor: applique da parete per esterni con LED integrato, 5 finiture e formato compatto. Ideale per ingressi, terrazze e giardini. Luce."
IL-CONFIG-464,"Ideal Lux Tab ap propone una soluzione a parete per interni che permette di definire il punto luce senza ingombrare piani o percorsi. Il corpo in alluminio e metallo conferisce all’applique un segno architettonico netto, adatto a installazioni coordinate e a pareti dal linguaggio contemporaneo. La collezione comprende 3 configurazioni selezionabili: nelle finiture bianco, nero e ottone; nelle dimensioni L 10 × H 3,6 × P 10 cm. Le potenze previste sono LED 24W, con sorgente LED. La dotazione luminosa utilizza sorgente LED integrata e inclusa; la funzione dimmer non è indicata nelle configurazioni standard disponibili. È adatta accanto al letto, in una zona lettura, in corridoio o in una camera d’hotel, dove l’illuminazione a parete libera il comodino e rende il progetto più ordinato.","Ideal Lux Tab ap interpreta la lampada da parete per interni come un elemento luminoso capace di unire funzione, proporzioni e presenza estetica. Il corpo in alluminio e metallo conferisce all’applique un segno architettonico netto, adatto a installazioni coordinate e a pareti dal linguaggio contemporaneo. La scelta della versione è un passaggio importante in un e-commerce di illuminazione, perché consente di coordinare lampada, parete e atmosfera luminosa. La collezione comprende 3 configurazioni selezionabili: nelle finiture bianco, nero e ottone; nelle dimensioni L 10 × H 3,6 × P 10 cm. Le potenze previste sono LED 24W, con sorgente LED. La lampada impiega sorgente LED integrata e inclusa; la funzione dimmer non è indicata nelle configurazioni standard disponibili. Le differenti finiture consentono di accordare l’applique a pareti chiare o scure, metalli presenti nell’arredo, infissi e complementi, mentre le eventuali variazioni di misura e potenza permettono di dimensionare la presenza luminosa in funzione della parete e del contesto. La sua collocazione ideale è accanto al letto, dietro una testata, lungo una parete di lettura o vicino a una poltrona, dove l’applique consente di liberare i piani d’appoggio e organizzare la luce con precisione. È una soluzione convincente per camere da letto, camerette, corridoi, scale e piccoli ingressi, oltre che per hotel, bed & breakfast, residence e aree lounge in cui ogni postazione richiede comfort e ordine visivo. Può inoltre affiancare una scrivania o una nicchia decorativa, contribuendo a una luce stratificata e piacevole. L’installazione a parete consente di lasciare libero il comodino o la consolle e di ottenere una luce supplementare esattamente dove serve. In una camera la lampada può lavorare insieme alla luce generale, costruendo un’atmosfera più rilassata; in una struttura ricettiva offre all’ospite una postazione ordinata e intuitiva. In un corridoio o in una nicchia, la stessa applique diventa un accento luminoso discreto che accompagna il percorso e completa la parete. Per chi acquista online lampade da parete Ideal Lux, Tab ap rappresenta una proposta da valutare in base a dimensioni disponibili, finitura, sorgente luminosa e tipo di ambiente da illuminare. Le informazioni sulle configurazioni consentono di selezionare la variante più coerente con il progetto, evitando scelte generiche e costruendo un’illuminazione realmente coordinata. Prima della posa è opportuno verificare misure, collegamento elettrico, compatibilità della sorgente quando sostituibile e indicazioni di installazione riportate nella documentazione tecnica del prodotto.","Ideal Lux Tab ap: lampada da parete per interni con LED integrato. 3 versioni con bianco, nero e ottone, formato compatto. Ideale per camere, lettura e hotel."
IL-CONFIG-465,"Ideal Lux Terra ap1 big è un’applique da parete per esterni progettata per un’illuminazione verticale curata e coerente con lo stile dell’ambiente. Il corpo in alluminio e metallo conferisce all’applique un segno architettonico netto, adatto a installazioni coordinate e a pareti dal linguaggio contemporaneo. La collezione comprende 2 configurazioni selezionabili: nelle finiture antracite; nelle dimensioni L 10 × H 25 × P 25 cm e L 16 × H 25 × P 30 cm. Le potenze previste sono E27 max 1 x 42W e GU10 max 1 x 28W, con attacco E27 e GU10. In dettaglio: L 16 × H 25 × P 30 cm con E27 max 1 x 42W; L 10 × H 25 × P 25 cm con GU10 max 1 x 28W. La dotazione luminosa utilizza sorgenti sostituibili con attacco E27 e GU10; non è dichiarato un dimmer integrato; l’eventuale regolazione dipende dalla lampadina compatibile e dal comando dell’impianto. È una scelta indicata per facciate, ingressi, balconi, terrazze, portici, percorsi esterni, dehors e pareti in giardino, nel rispetto delle condizioni di installazione previste. La descrizione della collezione evidenzia inoltre: Montatura in fusione d'alluminio verniciata. Corpo luce posizionabile. Diffusore in vetro pirex trasparente.","Ideal Lux Terra ap1 big è una lampada da parete per esterni concepita per dare qualità all’illuminazione verticale e valorizzare la superficie su cui viene installata. Il corpo in alluminio e metallo conferisce all’applique un segno architettonico netto, adatto a installazioni coordinate e a pareti dal linguaggio contemporaneo. La scheda originale della collezione specifica: Montatura in fusione d'alluminio verniciata. Corpo luce posizionabile. Diffusore in vetro pirex trasparente. La scelta della versione è un passaggio importante in un e-commerce di illuminazione, perché consente di coordinare lampada, parete e atmosfera luminosa. La collezione comprende 2 configurazioni selezionabili: nelle finiture antracite; nelle dimensioni L 10 × H 25 × P 25 cm e L 16 × H 25 × P 30 cm. Le potenze previste sono E27 max 1 x 42W e GU10 max 1 x 28W, con attacco E27 e GU10. In dettaglio: L 16 × H 25 × P 30 cm con E27 max 1 x 42W; L 10 × H 25 × P 25 cm con GU10 max 1 x 28W. La lampada impiega sorgenti sostituibili con attacco E27 e GU10; non è dichiarato un dimmer integrato; l’eventuale regolazione dipende dalla lampadina compatibile e dal comando dell’impianto. Le differenti finiture consentono di accordare l’applique a pareti chiare o scure, metalli presenti nell’arredo, infissi e complementi, mentre le eventuali variazioni di misura e potenza permettono di dimensionare la presenza luminosa in funzione della parete e del contesto. Come applique da parete per esterni è indicata per illuminare ingressi, facciate, balconi, terrazze coperte o scoperte in base alla corretta installazione, portici, pergolati e dehors di ristoranti, bar o strutture ricettive. Può accompagnare vialetti, camminamenti, accessi carrabili, muri perimetrali, zone di passaggio in giardino e aree parcheggio, creando riferimenti luminosi lungo il percorso e rendendo più accogliente l’arrivo serale. Nei progetti outdoor vicino a piscine o in aree particolarmente esposte, collocazione, collegamento e manutenzione vanno sempre valutati secondo la scheda tecnica e le norme applicabili. In un progetto di illuminazione esterna a parete, la posizione dell’apparecchio incide sia sulla resa estetica sia sulla fruibilità degli spazi: vicino alla porta rende riconoscibile l’accesso, lungo un passaggio aiuta a leggere il percorso, su una facciata disegna un ritmo luminoso coerente. Una serie di applique coordinate può collegare ingresso, terrazza e giardino, mentre una singola installazione può sottolineare un numero civico, una nicchia o un’area conversazione outdoor. La scelta della temperatura colore, quando disponibile, permette di privilegiare un’atmosfera più accogliente oppure una percezione più nitida dei dettagli. Per chi acquista online lampade da parete Ideal Lux, Terra ap1 big rappresenta una proposta da valutare in base a dimensioni disponibili, finitura, sorgente luminosa e tipo di ambiente da illuminare. Le informazioni sulle configurazioni consentono di selezionare la variante più coerente con il progetto, evitando scelte generiche e costruendo un’illuminazione realmente coordinata. Prima della posa è opportuno verificare misure, collegamento elettrico, compatibilità della sorgente quando sostituibile e indicazioni di installazione riportate nella documentazione tecnica del prodotto.","Ideal Lux Terra ap1 big: lampada da parete per esterni con attacco E27 e GU10. 2 versioni con antracite, 2 misure. Ideale per ingressi, terrazze e giardini."
IL-CONFIG-466,"L’applique Ideal Lux Tetris è una lampada da parete per esterni pensata per integrare luce e arredo su superfici verticali. Il corpo in alluminio e metallo conferisce all’applique un segno architettonico netto, adatto a installazioni coordinate e a pareti dal linguaggio contemporaneo. La collezione comprende 5 configurazioni selezionabili: nelle finiture antracite, bianco, caffè, grigio e nero; nelle dimensioni L 10 × H 9 × P 4 cm. Le potenze previste sono G9 max 1 x 15W, con attacco G9. La dotazione luminosa utilizza sorgenti sostituibili con attacco G9; non è dichiarato un dimmer integrato; l’eventuale regolazione dipende dalla lampadina compatibile e dal comando dell’impianto. È una scelta indicata per facciate, ingressi, balconi, terrazze, portici, percorsi esterni, dehors e pareti in giardino, nel rispetto delle condizioni di installazione previste.","Con Ideal Lux Tetris, l’applique da parete per esterni diventa uno strumento progettuale: illumina, ordina lo spazio e completa la composizione d’arredo. Il corpo in alluminio e metallo conferisce all’applique un segno architettonico netto, adatto a installazioni coordinate e a pareti dal linguaggio contemporaneo. La scelta della versione è un passaggio importante in un e-commerce di illuminazione, perché consente di coordinare lampada, parete e atmosfera luminosa. La collezione comprende 5 configurazioni selezionabili: nelle finiture antracite, bianco, caffè, grigio e nero; nelle dimensioni L 10 × H 9 × P 4 cm. Le potenze previste sono G9 max 1 x 15W, con attacco G9. La lampada impiega sorgenti sostituibili con attacco G9; non è dichiarato un dimmer integrato; l’eventuale regolazione dipende dalla lampadina compatibile e dal comando dell’impianto. Le differenti finiture consentono di accordare l’applique a pareti chiare o scure, metalli presenti nell’arredo, infissi e complementi, mentre le eventuali variazioni di misura e potenza permettono di dimensionare la presenza luminosa in funzione della parete e del contesto. Come applique da parete per esterni è indicata per illuminare ingressi, facciate, balconi, terrazze coperte o scoperte in base alla corretta installazione, portici, pergolati e dehors di ristoranti, bar o strutture ricettive. Può accompagnare vialetti, camminamenti, accessi carrabili, muri perimetrali, zone di passaggio in giardino e aree parcheggio, creando riferimenti luminosi lungo il percorso e rendendo più accogliente l’arrivo serale. Nei progetti outdoor vicino a piscine o in aree particolarmente esposte, collocazione, collegamento e manutenzione vanno sempre valutati secondo la scheda tecnica e le norme applicabili. In un progetto di illuminazione esterna a parete, la posizione dell’apparecchio incide sia sulla resa estetica sia sulla fruibilità degli spazi: vicino alla porta rende riconoscibile l’accesso, lungo un passaggio aiuta a leggere il percorso, su una facciata disegna un ritmo luminoso coerente. Una serie di applique coordinate può collegare ingresso, terrazza e giardino, mentre una singola installazione può sottolineare un numero civico, una nicchia o un’area conversazione outdoor. La scelta della temperatura colore, quando disponibile, permette di privilegiare un’atmosfera più accogliente oppure una percezione più nitida dei dettagli. Per chi acquista online lampade da parete Ideal Lux, Tetris rappresenta una proposta da valutare in base a dimensioni disponibili, finitura, sorgente luminosa e tipo di ambiente da illuminare. Le informazioni sulle configurazioni consentono di selezionare la variante più coerente con il progetto, evitando scelte generiche e costruendo un’illuminazione realmente coordinata. Prima della posa è opportuno verificare misure, collegamento elettrico, compatibilità della sorgente quando sostituibile e indicazioni di installazione riportate nella documentazione tecnica del prodotto.","Scopri Ideal Lux Tetris, applique da parete per esterni con attacco G9. 5 versioni con 5 finiture, formato compatto. Ideale per ingressi, terrazze e giardini."
IL-CONFIG-467,"Ideal Lux Tetris propone una soluzione a parete per esterni che permette di definire il punto luce senza ingombrare piani o percorsi. Il corpo in alluminio e metallo conferisce all’applique un segno architettonico netto, adatto a installazioni coordinate e a pareti dal linguaggio contemporaneo. La collezione comprende 2 configurazioni selezionabili: nelle finiture antracite e bianco; nelle dimensioni L 4 × H 13 × P 9 cm. Le potenze previste sono G9 max 2 x 15W, con attacco G9. La dotazione luminosa utilizza sorgenti sostituibili con attacco G9; non è dichiarato un dimmer integrato; l’eventuale regolazione dipende dalla lampadina compatibile e dal comando dell’impianto. È una scelta indicata per facciate, ingressi, balconi, terrazze, portici, percorsi esterni, dehors e pareti in giardino, nel rispetto delle condizioni di installazione previste.","Ideal Lux Tetris interpreta la lampada da parete per esterni come un elemento luminoso capace di unire funzione, proporzioni e presenza estetica. Il corpo in alluminio e metallo conferisce all’applique un segno architettonico netto, adatto a installazioni coordinate e a pareti dal linguaggio contemporaneo. La scelta della versione è un passaggio importante in un e-commerce di illuminazione, perché consente di coordinare lampada, parete e atmosfera luminosa. La collezione comprende 2 configurazioni selezionabili: nelle finiture antracite e bianco; nelle dimensioni L 4 × H 13 × P 9 cm. Le potenze previste sono G9 max 2 x 15W, con attacco G9. La lampada impiega sorgenti sostituibili con attacco G9; non è dichiarato un dimmer integrato; l’eventuale regolazione dipende dalla lampadina compatibile e dal comando dell’impianto. Le differenti finiture consentono di accordare l’applique a pareti chiare o scure, metalli presenti nell’arredo, infissi e complementi, mentre le eventuali variazioni di misura e potenza permettono di dimensionare la presenza luminosa in funzione della parete e del contesto. Come applique da parete per esterni è indicata per illuminare ingressi, facciate, balconi, terrazze coperte o scoperte in base alla corretta installazione, portici, pergolati e dehors di ristoranti, bar o strutture ricettive. Può accompagnare vialetti, camminamenti, accessi carrabili, muri perimetrali, zone di passaggio in giardino e aree parcheggio, creando riferimenti luminosi lungo il percorso e rendendo più accogliente l’arrivo serale. Nei progetti outdoor vicino a piscine o in aree particolarmente esposte, collocazione, collegamento e manutenzione vanno sempre valutati secondo la scheda tecnica e le norme applicabili. In un progetto di illuminazione esterna a parete, la posizione dell’apparecchio incide sia sulla resa estetica sia sulla fruibilità degli spazi: vicino alla porta rende riconoscibile l’accesso, lungo un passaggio aiuta a leggere il percorso, su una facciata disegna un ritmo luminoso coerente. Una serie di applique coordinate può collegare ingresso, terrazza e giardino, mentre una singola installazione può sottolineare un numero civico, una nicchia o un’area conversazione outdoor. La scelta della temperatura colore, quando disponibile, permette di privilegiare un’atmosfera più accogliente oppure una percezione più nitida dei dettagli. Per chi acquista online lampade da parete Ideal Lux, Tetris rappresenta una proposta da valutare in base a dimensioni disponibili, finitura, sorgente luminosa e tipo di ambiente da illuminare. Le informazioni sulle configurazioni consentono di selezionare la variante più coerente con il progetto, evitando scelte generiche e costruendo un’illuminazione realmente coordinata. Prima della posa è opportuno verificare misure, collegamento elettrico, compatibilità della sorgente quando sostituibile e indicazioni di installazione riportate nella documentazione tecnica del prodotto.","Ideal Lux Tetris: lampada da parete per esterni con attacco G9. 2 versioni con antracite e bianco, formato compatto. Ideale per ingressi, terrazze e giardini."
IL-CONFIG-468,"Ideal Lux Tick ap è un’applique da parete per interni progettata per un’illuminazione verticale curata e coerente con lo stile dell’ambiente. La struttura in metallo dona consistenza al punto luce e consente di inserire la lampada con equilibrio in ambienti residenziali o professionali. La collezione comprende 3 configurazioni selezionabili: nelle finiture argento, bianco e oro; nelle dimensioni Ø 18 × P 7 cm. Le potenze previste sono LED 7,5W, con sorgente LED. La dotazione luminosa utilizza sorgente LED integrata e inclusa; la funzione dimmer non è indicata nelle configurazioni standard disponibili. È indicata per living, corridoi, scale, camere, reception, uffici, showroom e locali commerciali in cerca di una luce a parete ordinata. La descrizione della collezione evidenzia inoltre: Corpo luce in metallo verniciato a polveri bianco o rifinito in foglia oro o argento. Diffusore inclinabile di 90°.","Ideal Lux Tick ap è una lampada da parete per interni concepita per dare qualità all’illuminazione verticale e valorizzare la superficie su cui viene installata. La struttura in metallo dona consistenza al punto luce e consente di inserire la lampada con equilibrio in ambienti residenziali o professionali. La scheda originale della collezione specifica: Corpo luce in metallo verniciato a polveri bianco o rifinito in foglia oro o argento. Diffusore inclinabile di 90°. La scelta della versione è un passaggio importante in un e-commerce di illuminazione, perché consente di coordinare lampada, parete e atmosfera luminosa. La collezione comprende 3 configurazioni selezionabili: nelle finiture argento, bianco e oro; nelle dimensioni Ø 18 × P 7 cm. Le potenze previste sono LED 7,5W, con sorgente LED. La lampada impiega sorgente LED integrata e inclusa; la funzione dimmer non è indicata nelle configurazioni standard disponibili. Le differenti finiture consentono di accordare l’applique a pareti chiare o scure, metalli presenti nell’arredo, infissi e complementi, mentre le eventuali variazioni di misura e potenza permettono di dimensionare la presenza luminosa in funzione della parete e del contesto. L’applique è adatta a ingressi, corridoi, scale, soggiorni, zona living, cucina, camera da letto e camerette, sia come punto luce di servizio sia come illuminazione d’accento lungo una parete. Nel mondo professionale può essere scelta per reception, uffici, studi, sale d’attesa, showroom, negozi, ristoranti e camere d’hotel, soprattutto quando si desidera una luce ordinata che non occupi superfici utili. In bagno o in prossimità di aree soggette a umidità, l’installazione va valutata in funzione della posizione prevista e delle indicazioni tecniche del prodotto. Nella progettazione della luce a parete, un apparecchio compatto permette di completare l’illuminazione generale e di evidenziare percorsi, quinte, nicchie, pareti attrezzate o elementi decorativi. Può essere installato da solo come accento oppure ripetuto in sequenza per ottenere uniformità visiva in corridoi, scale e spazi contract. La presenza di più opzioni di finitura o dimensione aiuta inoltre a mantenere lo stesso linguaggio luminoso in ambienti differenti dello stesso progetto. Per chi acquista online lampade da parete Ideal Lux, Tick ap rappresenta una proposta da valutare in base a dimensioni disponibili, finitura, sorgente luminosa e tipo di ambiente da illuminare. Le informazioni sulle configurazioni consentono di selezionare la variante più coerente con il progetto, evitando scelte generiche e costruendo un’illuminazione realmente coordinata. Prima della posa è opportuno verificare misure, collegamento elettrico, compatibilità della sorgente quando sostituibile e indicazioni di installazione riportate nella documentazione tecnica del prodotto.","Ideal Lux Tick ap: applique da parete per interni con LED integrato, argento, bianco e oro e formato compatto. Ideale per living, corridoi e contract."
IL-CONFIG-469,"L’applique Ideal Lux Toffee ap è una lampada da parete per esterni pensata per integrare luce e arredo su superfici verticali. Il corpo in alluminio e metallo conferisce all’applique un segno architettonico netto, adatto a installazioni coordinate e a pareti dal linguaggio contemporaneo. La collezione comprende 4 configurazioni selezionabili: nelle finiture antracite, bianco, caffè e nero; nelle dimensioni Ø 8 × P 7,7 cm. Le potenze previste sono LED 8W, con sorgente LED. La dotazione luminosa utilizza sorgente LED integrata e inclusa; la funzione dimmer non è indicata nelle configurazioni standard disponibili. È una scelta indicata per facciate, ingressi, balconi, terrazze, portici, percorsi esterni, dehors e pareti in giardino, nel rispetto delle condizioni di installazione previste.","Con Ideal Lux Toffee ap, l’applique da parete per esterni diventa uno strumento progettuale: illumina, ordina lo spazio e completa la composizione d’arredo. Il corpo in alluminio e metallo conferisce all’applique un segno architettonico netto, adatto a installazioni coordinate e a pareti dal linguaggio contemporaneo. La scelta della versione è un passaggio importante in un e-commerce di illuminazione, perché consente di coordinare lampada, parete e atmosfera luminosa. La collezione comprende 4 configurazioni selezionabili: nelle finiture antracite, bianco, caffè e nero; nelle dimensioni Ø 8 × P 7,7 cm. Le potenze previste sono LED 8W, con sorgente LED. La lampada impiega sorgente LED integrata e inclusa; la funzione dimmer non è indicata nelle configurazioni standard disponibili. Le differenti finiture consentono di accordare l’applique a pareti chiare o scure, metalli presenti nell’arredo, infissi e complementi, mentre le eventuali variazioni di misura e potenza permettono di dimensionare la presenza luminosa in funzione della parete e del contesto. Come applique da parete per esterni è indicata per illuminare ingressi, facciate, balconi, terrazze coperte o scoperte in base alla corretta installazione, portici, pergolati e dehors di ristoranti, bar o strutture ricettive. Può accompagnare vialetti, camminamenti, accessi carrabili, muri perimetrali, zone di passaggio in giardino e aree parcheggio, creando riferimenti luminosi lungo il percorso e rendendo più accogliente l’arrivo serale. Nei progetti outdoor vicino a piscine o in aree particolarmente esposte, collocazione, collegamento e manutenzione vanno sempre valutati secondo la scheda tecnica e le norme applicabili. In un progetto di illuminazione esterna a parete, la posizione dell’apparecchio incide sia sulla resa estetica sia sulla fruibilità degli spazi: vicino alla porta rende riconoscibile l’accesso, lungo un passaggio aiuta a leggere il percorso, su una facciata disegna un ritmo luminoso coerente. Una serie di applique coordinate può collegare ingresso, terrazza e giardino, mentre una singola installazione può sottolineare un numero civico, una nicchia o un’area conversazione outdoor. La scelta della temperatura colore, quando disponibile, permette di privilegiare un’atmosfera più accogliente oppure una percezione più nitida dei dettagli. Per chi acquista online lampade da parete Ideal Lux, Toffee ap rappresenta una proposta da valutare in base a dimensioni disponibili, finitura, sorgente luminosa e tipo di ambiente da illuminare. Le informazioni sulle configurazioni consentono di selezionare la variante più coerente con il progetto, evitando scelte generiche e costruendo un’illuminazione realmente coordinata. Prima della posa è opportuno verificare misure, collegamento elettrico, compatibilità della sorgente quando sostituibile e indicazioni di installazione riportate nella documentazione tecnica del prodotto.","Ideal Lux Toffee ap: lampada da parete per esterni con LED integrato. 4 versioni con 4 finiture, formato compatto. Ideale per ingressi, terrazze e giardini."
IL-CONFIG-470,"Ideal Lux Triplo ap1 propone una soluzione a parete per interni che permette di definire il punto luce senza ingombrare piani o percorsi. La combinazione di vetro unisce struttura e trasparenza: il vetro contribuisce a rendere l’emissione luminosa più curata e il punto luce più decorativo. La collezione comprende 2 configurazioni selezionabili: nelle finiture bianco; nelle dimensioni L 21,5 × H 27,5 × P 10 cm e L 29,5 × H 38 × P 10,5 cm. Le potenze previste sono E27 max 1 x 60W e E27 max 2 x 60W, con attacco E27. In dettaglio: L 21,5 × H 27,5 × P 10 cm con E27 max 1 x 60W; L 29,5 × H 38 × P 10,5 cm con E27 max 2 x 60W. La dotazione luminosa utilizza sorgenti sostituibili con attacco E27; non è dichiarato un dimmer integrato; l’eventuale regolazione dipende dalla lampadina compatibile e dal comando dell’impianto. È indicata per living, corridoi, scale, camere, reception, uffici, showroom e locali commerciali in cerca di una luce a parete ordinata.","Ideal Lux Triplo ap1 interpreta la lampada da parete per interni come un elemento luminoso capace di unire funzione, proporzioni e presenza estetica. La combinazione di vetro unisce struttura e trasparenza: il vetro contribuisce a rendere l’emissione luminosa più curata e il punto luce più decorativo. La scelta della versione è un passaggio importante in un e-commerce di illuminazione, perché consente di coordinare lampada, parete e atmosfera luminosa. La collezione comprende 2 configurazioni selezionabili: nelle finiture bianco; nelle dimensioni L 21,5 × H 27,5 × P 10 cm e L 29,5 × H 38 × P 10,5 cm. Le potenze previste sono E27 max 1 x 60W e E27 max 2 x 60W, con attacco E27. In dettaglio: L 21,5 × H 27,5 × P 10 cm con E27 max 1 x 60W; L 29,5 × H 38 × P 10,5 cm con E27 max 2 x 60W. La lampada impiega sorgenti sostituibili con attacco E27; non è dichiarato un dimmer integrato; l’eventuale regolazione dipende dalla lampadina compatibile e dal comando dell’impianto. Le differenti finiture consentono di accordare l’applique a pareti chiare o scure, metalli presenti nell’arredo, infissi e complementi, mentre le eventuali variazioni di misura e potenza permettono di dimensionare la presenza luminosa in funzione della parete e del contesto. L’applique è adatta a ingressi, corridoi, scale, soggiorni, zona living, cucina, camera da letto e camerette, sia come punto luce di servizio sia come illuminazione d’accento lungo una parete. Nel mondo professionale può essere scelta per reception, uffici, studi, sale d’attesa, showroom, negozi, ristoranti e camere d’hotel, soprattutto quando si desidera una luce ordinata che non occupi superfici utili. In bagno o in prossimità di aree soggette a umidità, l’installazione va valutata in funzione della posizione prevista e delle indicazioni tecniche del prodotto. Nella progettazione della luce a parete, un apparecchio compatto permette di completare l’illuminazione generale e di evidenziare percorsi, quinte, nicchie, pareti attrezzate o elementi decorativi. Può essere installato da solo come accento oppure ripetuto in sequenza per ottenere uniformità visiva in corridoi, scale e spazi contract. La presenza di più opzioni di finitura o dimensione aiuta inoltre a mantenere lo stesso linguaggio luminoso in ambienti differenti dello stesso progetto. Per chi acquista online lampade da parete Ideal Lux, Triplo ap1 rappresenta una proposta da valutare in base a dimensioni disponibili, finitura, sorgente luminosa e tipo di ambiente da illuminare. Le informazioni sulle configurazioni consentono di selezionare la variante più coerente con il progetto, evitando scelte generiche e costruendo un’illuminazione realmente coordinata. Prima della posa è opportuno verificare misure, collegamento elettrico, compatibilità della sorgente quando sostituibile e indicazioni di installazione riportate nella documentazione tecnica del prodotto.","Ideal Lux Triplo ap1: lampada da parete per interni con attacco E27. Disponibile in 2 varianti, bianco e 2 misure. Ideale per living, corridoi e contract."
IL-CONFIG-471,"Ideal Lux Triumph ap1 è un’applique da parete per interni progettata per un’illuminazione verticale curata e coerente con lo stile dell’ambiente. La struttura in metallo dona consistenza al punto luce e consente di inserire la lampada con equilibrio in ambienti residenziali o professionali. La collezione comprende 2 configurazioni selezionabili: nelle finiture ottone; nelle dimensioni L 4 × H 16 × P 62,5 cm e L 5 × H 29 × P 31 cm. Le potenze previste sono E27 max 1 x 42W e E27 max 2 x 42W, con attacco E27. In dettaglio: L 4 × H 16 × P 62,5 cm con E27 max 1 x 42W; L 5 × H 29 × P 31 cm con E27 max 2 x 42W. La dotazione luminosa utilizza sorgenti sostituibili con attacco E27; non è dichiarato un dimmer integrato; l’eventuale regolazione dipende dalla lampadina compatibile e dal comando dell’impianto. È pensata per living, saloni, ingressi, camere, ristoranti, hall e showroom in cui la lampada contribuisce anche alla decorazione della parete.","Ideal Lux Triumph ap1 è una lampada da parete per interni concepita per dare qualità all’illuminazione verticale e valorizzare la superficie su cui viene installata. La struttura in metallo dona consistenza al punto luce e consente di inserire la lampada con equilibrio in ambienti residenziali o professionali. La scelta della versione è un passaggio importante in un e-commerce di illuminazione, perché consente di coordinare lampada, parete e atmosfera luminosa. La collezione comprende 2 configurazioni selezionabili: nelle finiture ottone; nelle dimensioni L 4 × H 16 × P 62,5 cm e L 5 × H 29 × P 31 cm. Le potenze previste sono E27 max 1 x 42W e E27 max 2 x 42W, con attacco E27. In dettaglio: L 4 × H 16 × P 62,5 cm con E27 max 1 x 42W; L 5 × H 29 × P 31 cm con E27 max 2 x 42W. La lampada impiega sorgenti sostituibili con attacco E27; non è dichiarato un dimmer integrato; l’eventuale regolazione dipende dalla lampadina compatibile e dal comando dell’impianto. Le differenti finiture consentono di accordare l’applique a pareti chiare o scure, metalli presenti nell’arredo, infissi e complementi, mentre le eventuali variazioni di misura e potenza permettono di dimensionare la presenza luminosa in funzione della parete e del contesto. Pensata per arredare oltre che illuminare, questa applique può valorizzare soggiorno, salone, sala da pranzo, ingresso, vano scala, camera da letto e pareti di rappresentanza della zona living. È indicata anche per hall, reception, ristoranti, boutique, showroom e camere di hotel, dove un dettaglio decorativo a parete contribuisce all’identità dell’ambiente. Installata singolarmente crea un accento visivo; disposta in coppia o in sequenza può incorniciare specchi, consolle, quadri o elementi architettonici, con un risultato più scenografico. La luce decorativa a parete è utile quando l’ambiente richiede profondità visiva e un dettaglio capace di farsi ricordare. In un salone o in una hall, la lampada può essere abbinata a sospensioni e piantane della stessa atmosfera; in un ristorante o showroom può scandire la parete e rafforzare la percezione del progetto. Finiture e materiali diventano così parte della narrazione d’arredo, dal contesto più elegante a quello contemporaneo e ricercato. Per chi acquista online lampade da parete Ideal Lux, Triumph ap1 rappresenta una proposta da valutare in base a dimensioni disponibili, finitura, sorgente luminosa e tipo di ambiente da illuminare. Le informazioni sulle configurazioni consentono di selezionare la variante più coerente con il progetto, evitando scelte generiche e costruendo un’illuminazione realmente coordinata. Prima della posa è opportuno verificare misure, collegamento elettrico, compatibilità della sorgente quando sostituibile e indicazioni di installazione riportate nella documentazione tecnica del prodotto.","Ideal Lux Triumph ap1: lampada da parete per interni con attacco E27. Disponibile in 2 varianti, ottone e 2 misure. Perfetta per living, hall e ristoranti."
IL-CONFIG-472,"L’applique Ideal Lux Tronco ap1 è una lampada da parete per esterni pensata per integrare luce e arredo su superfici verticali. Il corpo in alluminio e metallo conferisce all’applique un segno architettonico netto, adatto a installazioni coordinate e a pareti dal linguaggio contemporaneo. La collezione comprende 5 configurazioni selezionabili: nelle finiture antracite, bianco, caffè, grigio e nero; nelle dimensioni L 11 × H 25 × P 18 cm. Le potenze previste sono E27 max 1 x 42W, con attacco E27. La dotazione luminosa utilizza sorgenti sostituibili con attacco E27; non è dichiarato un dimmer integrato; l’eventuale regolazione dipende dalla lampadina compatibile e dal comando dell’impianto. È una scelta indicata per facciate, ingressi, balconi, terrazze, portici, percorsi esterni, dehors e pareti in giardino, nel rispetto delle condizioni di installazione previste. La descrizione della collezione evidenzia inoltre: Corpo luce in alluminio pressofuso rifinito in vernice di colore antracite, bianco, coffee, grigio o nero. Diffusore in vetro pirex con elementi interni in alluminio.","Con Ideal Lux Tronco ap1, l’applique da parete per esterni diventa uno strumento progettuale: illumina, ordina lo spazio e completa la composizione d’arredo. Il corpo in alluminio e metallo conferisce all’applique un segno architettonico netto, adatto a installazioni coordinate e a pareti dal linguaggio contemporaneo. La scheda originale della collezione specifica: Corpo luce in alluminio pressofuso rifinito in vernice di colore antracite, bianco, coffee, grigio o nero. Diffusore in vetro pirex con elementi interni in alluminio. La scelta della versione è un passaggio importante in un e-commerce di illuminazione, perché consente di coordinare lampada, parete e atmosfera luminosa. La collezione comprende 5 configurazioni selezionabili: nelle finiture antracite, bianco, caffè, grigio e nero; nelle dimensioni L 11 × H 25 × P 18 cm. Le potenze previste sono E27 max 1 x 42W, con attacco E27. La lampada impiega sorgenti sostituibili con attacco E27; non è dichiarato un dimmer integrato; l’eventuale regolazione dipende dalla lampadina compatibile e dal comando dell’impianto. Le differenti finiture consentono di accordare l’applique a pareti chiare o scure, metalli presenti nell’arredo, infissi e complementi, mentre le eventuali variazioni di misura e potenza permettono di dimensionare la presenza luminosa in funzione della parete e del contesto. Come applique da parete per esterni è indicata per illuminare ingressi, facciate, balconi, terrazze coperte o scoperte in base alla corretta installazione, portici, pergolati e dehors di ristoranti, bar o strutture ricettive. Può accompagnare vialetti, camminamenti, accessi carrabili, muri perimetrali, zone di passaggio in giardino e aree parcheggio, creando riferimenti luminosi lungo il percorso e rendendo più accogliente l’arrivo serale. Nei progetti outdoor vicino a piscine o in aree particolarmente esposte, collocazione, collegamento e manutenzione vanno sempre valutati secondo la scheda tecnica e le norme applicabili. In un progetto di illuminazione esterna a parete, la posizione dell’apparecchio incide sia sulla resa estetica sia sulla fruibilità degli spazi: vicino alla porta rende riconoscibile l’accesso, lungo un passaggio aiuta a leggere il percorso, su una facciata disegna un ritmo luminoso coerente. Una serie di applique coordinate può collegare ingresso, terrazza e giardino, mentre una singola installazione può sottolineare un numero civico, una nicchia o un’area conversazione outdoor. La scelta della temperatura colore, quando disponibile, permette di privilegiare un’atmosfera più accogliente oppure una percezione più nitida dei dettagli. Per chi acquista online lampade da parete Ideal Lux, Tronco ap1 rappresenta una proposta da valutare in base a dimensioni disponibili, finitura, sorgente luminosa e tipo di ambiente da illuminare. Le informazioni sulle configurazioni consentono di selezionare la variante più coerente con il progetto, evitando scelte generiche e costruendo un’illuminazione realmente coordinata. Prima della posa è opportuno verificare misure, collegamento elettrico, compatibilità della sorgente quando sostituibile e indicazioni di installazione riportate nella documentazione tecnica del prodotto.","Ideal Lux Tronco ap1: lampada da parete per esterni con attacco E27. 5 versioni con 5 finiture, formato compatto. Ideale per ingressi, terrazze e giardini."
IL-CONFIG-473,"Ideal Lux Twin ap1 propone una soluzione a parete per esterni che permette di definire il punto luce senza ingombrare piani o percorsi. Il corpo in alluminio e metallo conferisce all’applique un segno architettonico netto, adatto a installazioni coordinate e a pareti dal linguaggio contemporaneo. La collezione comprende 5 configurazioni selezionabili: nelle finiture antracite, bianco, caffè, grigio e nero; nelle dimensioni L 16,5 × H 6,5 × P 11,5 cm. Le potenze previste sono G9 max 1 x 28W, con attacco G9. La dotazione luminosa utilizza sorgenti sostituibili con attacco G9; non è dichiarato un dimmer integrato; l’eventuale regolazione dipende dalla lampadina compatibile e dal comando dell’impianto. È una scelta indicata per facciate, ingressi, balconi, terrazze, portici, percorsi esterni, dehors e pareti in giardino, nel rispetto delle condizioni di installazione previste. La descrizione della collezione evidenzia inoltre: Corpo luce in alluminio pressofuso verniciato a polveri di colore antracite, bianco, coffee, grigio o nero. Doppio diffusore, superiore e inferiore, in vetro pirex trasparente satinato.","Ideal Lux Twin ap1 interpreta la lampada da parete per esterni come un elemento luminoso capace di unire funzione, proporzioni e presenza estetica. Il corpo in alluminio e metallo conferisce all’applique un segno architettonico netto, adatto a installazioni coordinate e a pareti dal linguaggio contemporaneo. La scheda originale della collezione specifica: Corpo luce in alluminio pressofuso verniciato a polveri di colore antracite, bianco, coffee, grigio o nero. Doppio diffusore, superiore e inferiore, in vetro pirex trasparente satinato. La scelta della versione è un passaggio importante in un e-commerce di illuminazione, perché consente di coordinare lampada, parete e atmosfera luminosa. La collezione comprende 5 configurazioni selezionabili: nelle finiture antracite, bianco, caffè, grigio e nero; nelle dimensioni L 16,5 × H 6,5 × P 11,5 cm. Le potenze previste sono G9 max 1 x 28W, con attacco G9. La lampada impiega sorgenti sostituibili con attacco G9; non è dichiarato un dimmer integrato; l’eventuale regolazione dipende dalla lampadina compatibile e dal comando dell’impianto. Le differenti finiture consentono di accordare l’applique a pareti chiare o scure, metalli presenti nell’arredo, infissi e complementi, mentre le eventuali variazioni di misura e potenza permettono di dimensionare la presenza luminosa in funzione della parete e del contesto. Come applique da parete per esterni è indicata per illuminare ingressi, facciate, balconi, terrazze coperte o scoperte in base alla corretta installazione, portici, pergolati e dehors di ristoranti, bar o strutture ricettive. Può accompagnare vialetti, camminamenti, accessi carrabili, muri perimetrali, zone di passaggio in giardino e aree parcheggio, creando riferimenti luminosi lungo il percorso e rendendo più accogliente l’arrivo serale. Nei progetti outdoor vicino a piscine o in aree particolarmente esposte, collocazione, collegamento e manutenzione vanno sempre valutati secondo la scheda tecnica e le norme applicabili. In un progetto di illuminazione esterna a parete, la posizione dell’apparecchio incide sia sulla resa estetica sia sulla fruibilità degli spazi: vicino alla porta rende riconoscibile l’accesso, lungo un passaggio aiuta a leggere il percorso, su una facciata disegna un ritmo luminoso coerente. Una serie di applique coordinate può collegare ingresso, terrazza e giardino, mentre una singola installazione può sottolineare un numero civico, una nicchia o un’area conversazione outdoor. La scelta della temperatura colore, quando disponibile, permette di privilegiare un’atmosfera più accogliente oppure una percezione più nitida dei dettagli. Per chi acquista online lampade da parete Ideal Lux, Twin ap1 rappresenta una proposta da valutare in base a dimensioni disponibili, finitura, sorgente luminosa e tipo di ambiente da illuminare. Le informazioni sulle configurazioni consentono di selezionare la variante più coerente con il progetto, evitando scelte generiche e costruendo un’illuminazione realmente coordinata. Prima della posa è opportuno verificare misure, collegamento elettrico, compatibilità della sorgente quando sostituibile e indicazioni di installazione riportate nella documentazione tecnica del prodotto.","Ideal Lux Twin ap1: lampada da parete per esterni con attacco G9. 5 versioni con 5 finiture, formato compatto. Perfetta per ingressi, terrazze e giardini."
IL-CONFIG-474,"Ideal Lux Up ap1 è un’applique da parete per esterni progettata per un’illuminazione verticale curata e coerente con lo stile dell’ambiente. Il corpo in alluminio e metallo conferisce all’applique un segno architettonico netto, adatto a installazioni coordinate e a pareti dal linguaggio contemporaneo. La collezione comprende 8 configurazioni selezionabili: nelle finiture antracite, bianco, caffè e nero; nelle dimensioni L 6,5 × H 15 × P 9,5 cm e L 6,5 × H 8 × P 9,5 cm. Le potenze previste sono G9 max 1 x 15W e G9 max 2 x 15W, con attacco G9. In dettaglio: L 6,5 × H 8 × P 9,5 cm con G9 max 1 x 15W; L 6,5 × H 15 × P 9,5 cm con G9 max 2 x 15W. La dotazione luminosa utilizza sorgenti sostituibili con attacco G9; non è dichiarato un dimmer integrato; l’eventuale regolazione dipende dalla lampadina compatibile e dal comando dell’impianto. È una scelta indicata per facciate, ingressi, balconi, terrazze, portici, percorsi esterni, dehors e pareti in giardino, nel rispetto delle condizioni di installazione previste. La descrizione della collezione evidenzia inoltre: Corpo luce in fusione di alluminio verniciato a polveri. Diffusori in vetro pirex trasparente. Disponibile nelle finiture antracite, bianco, coffee, grigio o nero.","Ideal Lux Up ap1 è una lampada da parete per esterni concepita per dare qualità all’illuminazione verticale e valorizzare la superficie su cui viene installata. Il corpo in alluminio e metallo conferisce all’applique un segno architettonico netto, adatto a installazioni coordinate e a pareti dal linguaggio contemporaneo. La scheda originale della collezione specifica: Corpo luce in fusione di alluminio verniciato a polveri. Diffusori in vetro pirex trasparente. Disponibile nelle finiture antracite, bianco, coffee, grigio o nero. La scelta della versione è un passaggio importante in un e-commerce di illuminazione, perché consente di coordinare lampada, parete e atmosfera luminosa. La collezione comprende 8 configurazioni selezionabili: nelle finiture antracite, bianco, caffè e nero; nelle dimensioni L 6,5 × H 15 × P 9,5 cm e L 6,5 × H 8 × P 9,5 cm. Le potenze previste sono G9 max 1 x 15W e G9 max 2 x 15W, con attacco G9. In dettaglio: L 6,5 × H 8 × P 9,5 cm con G9 max 1 x 15W; L 6,5 × H 15 × P 9,5 cm con G9 max 2 x 15W. La lampada impiega sorgenti sostituibili con attacco G9; non è dichiarato un dimmer integrato; l’eventuale regolazione dipende dalla lampadina compatibile e dal comando dell’impianto. Le differenti finiture consentono di accordare l’applique a pareti chiare o scure, metalli presenti nell’arredo, infissi e complementi, mentre le eventuali variazioni di misura e potenza permettono di dimensionare la presenza luminosa in funzione della parete e del contesto. Come applique da parete per esterni è indicata per illuminare ingressi, facciate, balconi, terrazze coperte o scoperte in base alla corretta installazione, portici, pergolati e dehors di ristoranti, bar o strutture ricettive. Può accompagnare vialetti, camminamenti, accessi carrabili, muri perimetrali, zone di passaggio in giardino e aree parcheggio, creando riferimenti luminosi lungo il percorso e rendendo più accogliente l’arrivo serale. Nei progetti outdoor vicino a piscine o in aree particolarmente esposte, collocazione, collegamento e manutenzione vanno sempre valutati secondo la scheda tecnica e le norme applicabili. In un progetto di illuminazione esterna a parete, la posizione dell’apparecchio incide sia sulla resa estetica sia sulla fruibilità degli spazi: vicino alla porta rende riconoscibile l’accesso, lungo un passaggio aiuta a leggere il percorso, su una facciata disegna un ritmo luminoso coerente. Una serie di applique coordinate può collegare ingresso, terrazza e giardino, mentre una singola installazione può sottolineare un numero civico, una nicchia o un’area conversazione outdoor. La scelta della temperatura colore, quando disponibile, permette di privilegiare un’atmosfera più accogliente oppure una percezione più nitida dei dettagli. Per chi acquista online lampade da parete Ideal Lux, Up ap1 rappresenta una proposta da valutare in base a dimensioni disponibili, finitura, sorgente luminosa e tipo di ambiente da illuminare. Le informazioni sulle configurazioni consentono di selezionare la variante più coerente con il progetto, evitando scelte generiche e costruendo un’illuminazione realmente coordinata. Prima della posa è opportuno verificare misure, collegamento elettrico, compatibilità della sorgente quando sostituibile e indicazioni di installazione riportate nella documentazione tecnica del prodotto.","Ideal Lux Up ap1: lampada da parete per esterni con attacco G9. Disponibile in 8 varianti, 4 finiture e 2 misure. Ideale per ingressi, terrazze e giardini."
IL-CONFIG-475,"L’applique Ideal Lux Winery ap1 è una lampada da parete per interni pensata per integrare luce e arredo su superfici verticali. La struttura in ceramica dona consistenza al punto luce e consente di inserire la lampada con equilibrio in ambienti residenziali o professionali. La collezione comprende 2 configurazioni selezionabili: nelle finiture bianco e nero; nelle dimensioni L 7,5 × H 6,8 × P 6,5 cm. Le potenze previste sono E27 max 1 x 60W, con attacco E27. La dotazione luminosa utilizza sorgenti sostituibili con attacco E27; non è dichiarato un dimmer integrato; l’eventuale regolazione dipende dalla lampadina compatibile e dal comando dell’impianto. Si inserisce con carattere in living, sale da pranzo, ingressi, ristoranti, enoteche e boutique hotel, soprattutto accanto a superfici materiche e arredi caldi. La descrizione della collezione evidenzia inoltre: Corpo luce con portalampade incorporato interamente in ceramica smaltata bianca o nera. Modello AP con assetto inclinato verso il basso.","Con Ideal Lux Winery ap1, l’applique da parete per interni diventa uno strumento progettuale: illumina, ordina lo spazio e completa la composizione d’arredo. La struttura in ceramica dona consistenza al punto luce e consente di inserire la lampada con equilibrio in ambienti residenziali o professionali. La scheda originale della collezione specifica: Corpo luce con portalampade incorporato interamente in ceramica smaltata bianca o nera. Modello AP con assetto inclinato verso il basso. La scelta della versione è un passaggio importante in un e-commerce di illuminazione, perché consente di coordinare lampada, parete e atmosfera luminosa. La collezione comprende 2 configurazioni selezionabili: nelle finiture bianco e nero; nelle dimensioni L 7,5 × H 6,8 × P 6,5 cm. Le potenze previste sono E27 max 1 x 60W, con attacco E27. La lampada impiega sorgenti sostituibili con attacco E27; non è dichiarato un dimmer integrato; l’eventuale regolazione dipende dalla lampadina compatibile e dal comando dell’impianto. Le differenti finiture consentono di accordare l’applique a pareti chiare o scure, metalli presenti nell’arredo, infissi e complementi, mentre le eventuali variazioni di misura e potenza permettono di dimensionare la presenza luminosa in funzione della parete e del contesto. Il carattere della lampada la rende adatta a soggiorni, sale da pranzo, cucine con materiali naturali, ingressi e corridoi nei quali la parete diventa parte dell’arredo. Trova una collocazione efficace anche in ristoranti, enoteche, bistrot, agriturismi, wine bar, boutique hotel e locali commerciali che desiderano un’illuminazione d’atmosfera coerente con legno, mattoni, metalli e texture materiche. In una composizione ripetuta lungo una parete o un passaggio può costruire un ritmo luminoso distintivo senza occupare spazio a pavimento. Una lampada a parete dal carattere materico permette di lavorare con contrasti e abbinamenti: pareti in mattoni, boiserie, legno, pietra, metalli bruniti o tessuti naturali. La luce può accompagnare tavoli, banconi, nicchie, passaggi e zone degustazione, dando continuità al concept di un locale oppure più calore a una casa. La posa in più punti consente inoltre di creare una sequenza luminosa coerente lungo una parete o un corridoio. Per chi acquista online lampade da parete Ideal Lux, Winery ap1 rappresenta una proposta da valutare in base a dimensioni disponibili, finitura, sorgente luminosa e tipo di ambiente da illuminare. Le informazioni sulle configurazioni consentono di selezionare la variante più coerente con il progetto, evitando scelte generiche e costruendo un’illuminazione realmente coordinata. Prima della posa è opportuno verificare misure, collegamento elettrico, compatibilità della sorgente quando sostituibile e indicazioni di installazione riportate nella documentazione tecnica del prodotto.","Ideal Lux Winery ap1: lampada da parete per interni con attacco E27. 2 versioni con bianco e nero, formato compatto. Ideale per living, locali e hospitality."
IL-CONFIG-476,"Ideal Lux Xeno ap1 propone una soluzione a parete per esterni che permette di definire il punto luce senza ingombrare piani o percorsi. Il corpo in alluminio e metallo conferisce all’applique un segno architettonico netto, adatto a installazioni coordinate e a pareti dal linguaggio contemporaneo. La collezione comprende 3 configurazioni selezionabili: nelle finiture bianco, grigio e nero; nelle dimensioni L 9 × H 11 × P min 11,5 / max 13,5 cm. Le potenze previste sono GU10 max 1 x 28W, con attacco GU10. La dotazione luminosa utilizza sorgenti sostituibili con attacco GU10; non è dichiarato un dimmer integrato; l’eventuale regolazione dipende dalla lampadina compatibile e dal comando dell’impianto. È una scelta indicata per facciate, ingressi, balconi, terrazze, portici, percorsi esterni, dehors e pareti in giardino, nel rispetto delle condizioni di installazione previste. La descrizione della collezione evidenzia inoltre: Corpo luce in alluminio rifinito con vernice opaca a polveri. Diffusori orientabili con vetro temperato trasparente. Disponibile nelle finiture bianco, grigio o nero.","Ideal Lux Xeno ap1 interpreta la lampada da parete per esterni come un elemento luminoso capace di unire funzione, proporzioni e presenza estetica. Il corpo in alluminio e metallo conferisce all’applique un segno architettonico netto, adatto a installazioni coordinate e a pareti dal linguaggio contemporaneo. La scheda originale della collezione specifica: Corpo luce in alluminio rifinito con vernice opaca a polveri. Diffusori orientabili con vetro temperato trasparente. Disponibile nelle finiture bianco, grigio o nero. La scelta della versione è un passaggio importante in un e-commerce di illuminazione, perché consente di coordinare lampada, parete e atmosfera luminosa. La collezione comprende 3 configurazioni selezionabili: nelle finiture bianco, grigio e nero; nelle dimensioni L 9 × H 11 × P min 11,5 / max 13,5 cm. Le potenze previste sono GU10 max 1 x 28W, con attacco GU10. La lampada impiega sorgenti sostituibili con attacco GU10; non è dichiarato un dimmer integrato; l’eventuale regolazione dipende dalla lampadina compatibile e dal comando dell’impianto. Le differenti finiture consentono di accordare l’applique a pareti chiare o scure, metalli presenti nell’arredo, infissi e complementi, mentre le eventuali variazioni di misura e potenza permettono di dimensionare la presenza luminosa in funzione della parete e del contesto. Come applique da parete per esterni è indicata per illuminare ingressi, facciate, balconi, terrazze coperte o scoperte in base alla corretta installazione, portici, pergolati e dehors di ristoranti, bar o strutture ricettive. Può accompagnare vialetti, camminamenti, accessi carrabili, muri perimetrali, zone di passaggio in giardino e aree parcheggio, creando riferimenti luminosi lungo il percorso e rendendo più accogliente l’arrivo serale. Nei progetti outdoor vicino a piscine o in aree particolarmente esposte, collocazione, collegamento e manutenzione vanno sempre valutati secondo la scheda tecnica e le norme applicabili. In un progetto di illuminazione esterna a parete, la posizione dell’apparecchio incide sia sulla resa estetica sia sulla fruibilità degli spazi: vicino alla porta rende riconoscibile l’accesso, lungo un passaggio aiuta a leggere il percorso, su una facciata disegna un ritmo luminoso coerente. Una serie di applique coordinate può collegare ingresso, terrazza e giardino, mentre una singola installazione può sottolineare un numero civico, una nicchia o un’area conversazione outdoor. La scelta della temperatura colore, quando disponibile, permette di privilegiare un’atmosfera più accogliente oppure una percezione più nitida dei dettagli. Per chi acquista online lampade da parete Ideal Lux, Xeno ap1 rappresenta una proposta da valutare in base a dimensioni disponibili, finitura, sorgente luminosa e tipo di ambiente da illuminare. Le informazioni sulle configurazioni consentono di selezionare la variante più coerente con il progetto, evitando scelte generiche e costruendo un’illuminazione realmente coordinata. Prima della posa è opportuno verificare misure, collegamento elettrico, compatibilità della sorgente quando sostituibile e indicazioni di installazione riportate nella documentazione tecnica del prodotto.","Ideal Lux Xeno ap1: applique da parete per esterni con attacco GU10, bianco, grigio e nero e formato compatto. Ideale per ingressi, terrazze e giardini."
IL-CONFIG-477,"Ideal Lux Zig zag ap round è un’applique da parete per interni progettata per un’illuminazione verticale curata e coerente con lo stile dell’ambiente. La struttura in metallo dona consistenza al punto luce e consente di inserire la lampada con equilibrio in ambienti residenziali o professionali. La collezione comprende 9 configurazioni selezionabili: nelle finiture bianco, nero e ottone; nelle dimensioni L 33 × H 9 × P 5 cm, L 54 × H 8 × P 5 cm e L 76 × H 8 × P 5 cm; con temperatura colore 3000K. Le potenze previste sono 12,5W, 23W e 30W, con sorgente LED. In dettaglio: L 33 × H 9 × P 5 cm con 12,5W; L 54 × H 8 × P 5 cm con 23W; L 76 × H 8 × P 5 cm con 30W. La dotazione luminosa utilizza sorgente LED integrata e inclusa; la funzione dimmer non è indicata nelle configurazioni standard disponibili. È indicata per living, corridoi, scale, camere, reception, uffici, showroom e locali commerciali in cerca di una luce a parete ordinata.","Ideal Lux Zig zag ap round è una lampada da parete per interni concepita per dare qualità all’illuminazione verticale e valorizzare la superficie su cui viene installata. La struttura in metallo dona consistenza al punto luce e consente di inserire la lampada con equilibrio in ambienti residenziali o professionali. La scelta della versione è un passaggio importante in un e-commerce di illuminazione, perché consente di coordinare lampada, parete e atmosfera luminosa. La collezione comprende 9 configurazioni selezionabili: nelle finiture bianco, nero e ottone; nelle dimensioni L 33 × H 9 × P 5 cm, L 54 × H 8 × P 5 cm e L 76 × H 8 × P 5 cm; con temperatura colore 3000K. Le potenze previste sono 12,5W, 23W e 30W, con sorgente LED. In dettaglio: L 33 × H 9 × P 5 cm con 12,5W; L 54 × H 8 × P 5 cm con 23W; L 76 × H 8 × P 5 cm con 30W. La lampada impiega sorgente LED integrata e inclusa; la funzione dimmer non è indicata nelle configurazioni standard disponibili. Le differenti finiture consentono di accordare l’applique a pareti chiare o scure, metalli presenti nell’arredo, infissi e complementi, mentre le eventuali variazioni di misura e potenza permettono di dimensionare la presenza luminosa in funzione della parete e del contesto. L’applique è adatta a ingressi, corridoi, scale, soggiorni, zona living, cucina, camera da letto e camerette, sia come punto luce di servizio sia come illuminazione d’accento lungo una parete. Nel mondo professionale può essere scelta per reception, uffici, studi, sale d’attesa, showroom, negozi, ristoranti e camere d’hotel, soprattutto quando si desidera una luce ordinata che non occupi superfici utili. In bagno o in prossimità di aree soggette a umidità, l’installazione va valutata in funzione della posizione prevista e delle indicazioni tecniche del prodotto. Nella progettazione della luce a parete, un apparecchio compatto permette di completare l’illuminazione generale e di evidenziare percorsi, quinte, nicchie, pareti attrezzate o elementi decorativi. Può essere installato da solo come accento oppure ripetuto in sequenza per ottenere uniformità visiva in corridoi, scale e spazi contract. La presenza di più opzioni di finitura o dimensione aiuta inoltre a mantenere lo stesso linguaggio luminoso in ambienti differenti dello stesso progetto. Per chi acquista online lampade da parete Ideal Lux, Zig zag ap round rappresenta una proposta da valutare in base a dimensioni disponibili, finitura, sorgente luminosa e tipo di ambiente da illuminare. Le informazioni sulle configurazioni consentono di selezionare la variante più coerente con il progetto, evitando scelte generiche e costruendo un’illuminazione realmente coordinata. Prima della posa è opportuno verificare misure, collegamento elettrico, compatibilità della sorgente quando sostituibile e indicazioni di installazione riportate nella documentazione tecnica del prodotto.","Ideal Lux Zig zag ap round: applique da parete per interni con LED integrato, bianco, nero e ottone e 3 misure. Ideale per living, corridoi e contract."
IL-CONFIG-478,"L’applique Ideal Lux Zig zag ap square è una lampada da parete per interni pensata per integrare luce e arredo su superfici verticali. Il corpo in alluminio, concreto e metallo conferisce all’applique un segno architettonico netto, adatto a installazioni coordinate e a pareti dal linguaggio contemporaneo. La collezione comprende 21 configurazioni selezionabili: nelle finiture bianco, cemento, nero e ottone; nelle dimensioni L 29 × H 9 × P 4,5 cm, L 29 × H 9 × P 5 cm, L 53 × H 7,5 × P 4,5 cm, L 53 × H 7,5 × P 5 cm, L 75 × H 8 × P 4,5 cm e L 75 × H 8 × P 5 cm; con temperatura colore 2700K, 3000K e 4000K. Le potenze previste sono 12,5W, 23W, 26W e 30W, con sorgente LED. In dettaglio: L 29 × H 9 × P 5 cm con 12,5W; L 29 × H 9 × P 4,5 cm con 12,5W; L 53 × H 7,5 × P 5 cm con 23W; L 53 × H 7,5 × P 4,5 cm con 23W; L 75 × H 8 × P 5 cm con 30W; L 75 × H 8 × P 4,5 cm con 26W. La dotazione luminosa utilizza sorgente LED integrata e inclusa; la funzione dimmer non è indicata nelle configurazioni standard disponibili. È indicata per living, corridoi, scale, camere, reception, uffici, showroom e locali commerciali in cerca di una luce a parete ordinata.","Con Ideal Lux Zig zag ap square, l’applique da parete per interni diventa uno strumento progettuale: illumina, ordina lo spazio e completa la composizione d’arredo. Il corpo in alluminio, concreto e metallo conferisce all’applique un segno architettonico netto, adatto a installazioni coordinate e a pareti dal linguaggio contemporaneo. La scelta della versione è un passaggio importante in un e-commerce di illuminazione, perché consente di coordinare lampada, parete e atmosfera luminosa. La collezione comprende 21 configurazioni selezionabili: nelle finiture bianco, cemento, nero e ottone; nelle dimensioni L 29 × H 9 × P 4,5 cm, L 29 × H 9 × P 5 cm, L 53 × H 7,5 × P 4,5 cm, L 53 × H 7,5 × P 5 cm, L 75 × H 8 × P 4,5 cm e L 75 × H 8 × P 5 cm; con temperatura colore 2700K, 3000K e 4000K. Le potenze previste sono 12,5W, 23W, 26W e 30W, con sorgente LED. In dettaglio: L 29 × H 9 × P 5 cm con 12,5W; L 29 × H 9 × P 4,5 cm con 12,5W; L 53 × H 7,5 × P 5 cm con 23W; L 53 × H 7,5 × P 4,5 cm con 23W; L 75 × H 8 × P 5 cm con 30W; L 75 × H 8 × P 4,5 cm con 26W. La lampada impiega sorgente LED integrata e inclusa; la funzione dimmer non è indicata nelle configurazioni standard disponibili. Le differenti finiture consentono di accordare l’applique a pareti chiare o scure, metalli presenti nell’arredo, infissi e complementi, mentre le eventuali variazioni di misura e potenza permettono di dimensionare la presenza luminosa in funzione della parete e del contesto. L’applique è adatta a ingressi, corridoi, scale, soggiorni, zona living, cucina, camera da letto e camerette, sia come punto luce di servizio sia come illuminazione d’accento lungo una parete. Nel mondo professionale può essere scelta per reception, uffici, studi, sale d’attesa, showroom, negozi, ristoranti e camere d’hotel, soprattutto quando si desidera una luce ordinata che non occupi superfici utili. In bagno o in prossimità di aree soggette a umidità, l’installazione va valutata in funzione della posizione prevista e delle indicazioni tecniche del prodotto. Nella progettazione della luce a parete, un apparecchio compatto permette di completare l’illuminazione generale e di evidenziare percorsi, quinte, nicchie, pareti attrezzate o elementi decorativi. Può essere installato da solo come accento oppure ripetuto in sequenza per ottenere uniformità visiva in corridoi, scale e spazi contract. La presenza di più opzioni di finitura o dimensione aiuta inoltre a mantenere lo stesso linguaggio luminoso in ambienti differenti dello stesso progetto. Per chi acquista online lampade da parete Ideal Lux, Zig zag ap square rappresenta una proposta da valutare in base a dimensioni disponibili, finitura, sorgente luminosa e tipo di ambiente da illuminare. Le informazioni sulle configurazioni consentono di selezionare la variante più coerente con il progetto, evitando scelte generiche e costruendo un’illuminazione realmente coordinata. Prima della posa è opportuno verificare misure, collegamento elettrico, compatibilità della sorgente quando sostituibile e indicazioni di installazione riportate nella documentazione tecnica del prodotto.","Ideal Lux Zig zag ap square: applique da parete per interni con LED integrato, 4 finiture e 6 misure. Ideale per living, corridoi e contract. Acquista online."
