sku,short_description,description,meta_description
IL-CONFIG-140,"Ideal Lux A-line sp1 Lampade a Sospensione per Interni è una lampada a sospensione Ideal Lux pensata per l’illuminazione di interni residenziali e professionali, con una presenza scenografica coerente con il modello A-line sp1. Il prodotto configurabile riunisce le varianti realmente associate nel catalogo: finiture/colori Bianco e Nero; dimensioni Diametro, 13cm e 30cm; attacco E27 e GU10; potenza massima 28W - 60W; materiali Metallo; lampadina inclusa: Sì. Le configurazioni disponibili comprendono: A-line sp1 -Bianco-Diametro-13cm, A-line sp1 -Nero-Diametro-13cm, A-line sp1 -Bianco-Diametro-30cm e A-line sp1 -Nero-Diametro-30cm. Secondo la descrizione ufficiale Ideal Lux, rosone in metallo verniciato a polveri. Diffusore in metallo verniciato bianco o nero opaco con interno bianco. Cavo rivestito in tessuto. La sospensione è indicata per soggiorno, zona living, sala da pranzo, cucina con isola o penisola, camera da letto, corridoi ampi e ambienti contract come reception, showroom, sale riunioni, ristoranti e boutique, scegliendo la configurazione più adatta per dimensione, finitura e numero di luci.","La Ideal Lux A-line sp1 Lampade a Sospensione per Interni è una lampada a sospensione Ideal Lux per interni progettata per completare l’arredo con una luce sospesa elegante, riconoscibile e proporzionata agli spazi. Il modello A-line sp1 è stato trattato come prodotto configurabile: le informazioni sono state aggregate dalle varianti semplici collegate, dagli attributi tecnici del configurabile, dal listino giacenze e dalle descrizioni ufficiali Ideal Lux quando presenti. In questo modo la scheda prodotto descrive l’intera famiglia disponibile senza creare testi separati per ogni singola variante. Le configurazioni disponibili includono finiture/colori Bianco e Nero; dimensioni Diametro, 13cm e 30cm; attacco E27 e GU10; potenza massima 28W - 60W; materiali Metallo; lampadina inclusa: Sì. Le configurazioni disponibili comprendono: A-line sp1 -Bianco-Diametro-13cm, A-line sp1 -Nero-Diametro-13cm, A-line sp1 -Bianco-Diametro-30cm e A-line sp1 -Nero-Diametro-30cm. Dal punto di vista tecnico, la scheda riporta materiali dichiarati: Metallo; ingombri disponibili: Ø13cm x H min 365 / max 2115 - Ø30cm x H min 520 / max 2270; potenza massima: 28W - 60W; attacco portalampada: E27 e GU10; lampadina inclusa: Sì; grado di protezione: IP20. Secondo la descrizione ufficiale Ideal Lux, rosone in metallo verniciato a polveri. Diffusore in metallo verniciato bianco o nero opaco con interno bianco. Cavo rivestito in tessuto. Questa sospensione è adatta a diversi ambienti della casa: sopra il tavolo da pranzo crea un punto luce centrale, in soggiorno e nella zona living contribuisce a definire l’atmosfera, in cucina può illuminare isole, penisole e piani snack, mentre in camera da letto o in un corridoio ampio può diventare un elemento decorativo capace di dare personalità allo spazio. Nei contesti professionali può essere utilizzata in reception, sale d’attesa, uffici direzionali, showroom, negozi, ristoranti, bar, hotel e spazi contract, sempre valutando altezza di installazione, dimensioni della stanza e quantità di luce desiderata. La scelta tra le varianti permette di coordinare la lampada con arredi chiari o scuri, superfici metalliche, vetro, legno, pietra o finiture contemporanee. Le versioni con diametri, forme o numero di sorgenti differenti sono utili per adattare la presenza visiva della sospensione a tavoli piccoli, piani allungati, ambienti con soffitto alto o zone living più scenografiche. Il grado di protezione indicato, quando presente nella scheda tecnica, conferma la destinazione ad ambienti interni asciutti: non viene quindi descritta come lampada da esterno o per zone esposte ad acqua e agenti atmosferici. Per ottenere il miglior risultato è consigliabile scegliere la sorgente luminosa compatibile con l’attacco e la potenza previsti, valutando temperatura colore, intensità e resa cromatica in funzione dell’ambiente. Una luce calda valorizza aree relax, sale da pranzo e camere, mentre una luce più neutra può essere utile in cucina, studio o spazi commerciali. La Ideal Lux A-line sp1 Lampade a Sospensione per Interni unisce funzione luminosa e valore decorativo, offrendo una soluzione SEO friendly e completa per chi cerca una lampada a sospensione Ideal Lux affidabile, ben descritta nelle varianti e pronta per essere inserita in un progetto di illuminazione domestico o professionale.","Lampada a sospensione Ideal Lux A-line sp1 per interni: ideale per soggiorno, cucina, living, sala da pranzo, camera e ambienti contract."
IL-CONFIG-141,"Ideal Lux Abc sp1 triangle Lampade a Sospensione per Interni è una lampada a sospensione Ideal Lux pensata per l’illuminazione di interni residenziali e professionali, con una presenza scenografica coerente con il modello Abc sp1 triangle. Il prodotto configurabile riunisce le varianti realmente associate nel catalogo: dimensioni L33.5cm x H min 570 / max 2320 x P12cm; attacco E27; potenza massima 70W; materiali Metallo. Le configurazioni disponibili comprendono: Abc sp1 triangle. La sospensione è indicata per soggiorno, zona living, sala da pranzo, cucina con isola o penisola, camera da letto, corridoi ampi e ambienti contract come reception, showroom, sale riunioni, ristoranti e boutique, scegliendo la configurazione più adatta per dimensione, finitura e numero di luci.","La Ideal Lux Abc sp1 triangle Lampade a Sospensione per Interni è una lampada a sospensione Ideal Lux per interni progettata per completare l’arredo con una luce sospesa elegante, riconoscibile e proporzionata agli spazi. Il modello Abc sp1 triangle è stato trattato come prodotto configurabile: le informazioni sono state aggregate dalle varianti semplici collegate, dagli attributi tecnici del configurabile, dal listino giacenze e dalle descrizioni ufficiali Ideal Lux quando presenti. In questo modo la scheda prodotto descrive l’intera famiglia disponibile senza creare testi separati per ogni singola variante. Le configurazioni disponibili includono dimensioni L33.5cm x H min 570 / max 2320 x P12cm; attacco E27; potenza massima 70W; materiali Metallo. Le configurazioni disponibili comprendono: Abc sp1 triangle. Dal punto di vista tecnico, la scheda riporta materiali dichiarati: Metallo; ingombri disponibili: L33.5cm x H min 570 / max 2320 x P12cm; potenza massima: 70W; attacco portalampada: E27; grado di protezione: IP20. Questa sospensione è adatta a diversi ambienti della casa: sopra il tavolo da pranzo crea un punto luce centrale, in soggiorno e nella zona living contribuisce a definire l’atmosfera, in cucina può illuminare isole, penisole e piani snack, mentre in camera da letto o in un corridoio ampio può diventare un elemento decorativo capace di dare personalità allo spazio. Nei contesti professionali può essere utilizzata in reception, sale d’attesa, uffici direzionali, showroom, negozi, ristoranti, bar, hotel e spazi contract, sempre valutando altezza di installazione, dimensioni della stanza e quantità di luce desiderata. La scelta tra le varianti permette di coordinare la lampada con arredi chiari o scuri, superfici metalliche, vetro, legno, pietra o finiture contemporanee. Le versioni con diametri, forme o numero di sorgenti differenti sono utili per adattare la presenza visiva della sospensione a tavoli piccoli, piani allungati, ambienti con soffitto alto o zone living più scenografiche. Il grado di protezione indicato, quando presente nella scheda tecnica, conferma la destinazione ad ambienti interni asciutti: non viene quindi descritta come lampada da esterno o per zone esposte ad acqua e agenti atmosferici. Per ottenere il miglior risultato è consigliabile scegliere la sorgente luminosa compatibile con l’attacco e la potenza previsti, valutando temperatura colore, intensità e resa cromatica in funzione dell’ambiente. Una luce calda valorizza aree relax, sale da pranzo e camere, mentre una luce più neutra può essere utile in cucina, studio o spazi commerciali. La Ideal Lux Abc sp1 triangle Lampade a Sospensione per Interni unisce funzione luminosa e valore decorativo, offrendo una soluzione SEO friendly e completa per chi cerca una lampada a sospensione Ideal Lux affidabile, ben descritta nelle varianti e pronta per essere inserita in un progetto di illuminazione domestico o professionale.","Lampada a sospensione Ideal Lux Abc sp1 triangle per interni: ideale per soggiorno, cucina, living, sala da pranzo, camera e ambienti contract."
IL-CONFIG-142,"Ideal Lux Amadeus sp6 Lampade a Sospensione per Interni è una lampada a sospensione Ideal Lux pensata per l’illuminazione di interni residenziali e professionali, con una presenza scenografica coerente con il modello Amadeus sp6. Il prodotto configurabile riunisce le varianti realmente associate nel catalogo: dimensioni Ø67cm x H min 790 / max 1500 e Ø80cm x H min 1060 / max 1800; configurazioni 6 sorgenti luminose e 8 sorgenti luminose; attacco E14; potenza massima 6 x 40W - 8 x 40W; materiali Cristallo, Vetro. Le configurazioni disponibili comprendono: Amadeus sp6 -6 Sorgenti Luminose e Amadeus sp8 -8 Sorgenti Luminose. Secondo la descrizione ufficiale Ideal Lux, montatura in metallo cromato. Elementi decorativi in vetro soffiato e cristallo molato. Copricatena in velluto. La sospensione è indicata per soggiorno, zona living, sala da pranzo, cucina con isola o penisola, camera da letto, corridoi ampi e ambienti contract come reception, showroom, sale riunioni, ristoranti e boutique, scegliendo la configurazione più adatta per dimensione, finitura e numero di luci.","La Ideal Lux Amadeus sp6 Lampade a Sospensione per Interni è una lampada a sospensione Ideal Lux per interni progettata per completare l’arredo con una luce sospesa elegante, riconoscibile e proporzionata agli spazi. Il modello Amadeus sp6 è stato trattato come prodotto configurabile: le informazioni sono state aggregate dalle varianti semplici collegate, dagli attributi tecnici del configurabile, dal listino giacenze e dalle descrizioni ufficiali Ideal Lux quando presenti. In questo modo la scheda prodotto descrive l’intera famiglia disponibile senza creare testi separati per ogni singola variante. Le configurazioni disponibili includono dimensioni Ø67cm x H min 790 / max 1500 e Ø80cm x H min 1060 / max 1800; configurazioni 6 sorgenti luminose e 8 sorgenti luminose; attacco E14; potenza massima 6 x 40W - 8 x 40W; materiali Cristallo, Vetro. Le configurazioni disponibili comprendono: Amadeus sp6 -6 Sorgenti Luminose e Amadeus sp8 -8 Sorgenti Luminose. Dal punto di vista tecnico, la scheda riporta materiali dichiarati: Cristallo, Vetro; ingombri disponibili: Ø67cm x H min 790 / max 1500 - Ø80cm x H min 1060 / max 1800; potenza massima: 6 x 40W - 8 x 40W; attacco portalampada: E14; grado di protezione: IP20. Secondo la descrizione ufficiale Ideal Lux, montatura in metallo cromato. Elementi decorativi in vetro soffiato e cristallo molato. Copricatena in velluto. Questa sospensione è adatta a diversi ambienti della casa: sopra il tavolo da pranzo crea un punto luce centrale, in soggiorno e nella zona living contribuisce a definire l’atmosfera, in cucina può illuminare isole, penisole e piani snack, mentre in camera da letto o in un corridoio ampio può diventare un elemento decorativo capace di dare personalità allo spazio. Nei contesti professionali può essere utilizzata in reception, sale d’attesa, uffici direzionali, showroom, negozi, ristoranti, bar, hotel e spazi contract, sempre valutando altezza di installazione, dimensioni della stanza e quantità di luce desiderata. La scelta tra le varianti permette di coordinare la lampada con arredi chiari o scuri, superfici metalliche, vetro, legno, pietra o finiture contemporanee. Le versioni con diametri, forme o numero di sorgenti differenti sono utili per adattare la presenza visiva della sospensione a tavoli piccoli, piani allungati, ambienti con soffitto alto o zone living più scenografiche. Il grado di protezione indicato, quando presente nella scheda tecnica, conferma la destinazione ad ambienti interni asciutti: non viene quindi descritta come lampada da esterno o per zone esposte ad acqua e agenti atmosferici. Per ottenere il miglior risultato è consigliabile scegliere la sorgente luminosa compatibile con l’attacco e la potenza previsti, valutando temperatura colore, intensità e resa cromatica in funzione dell’ambiente. Una luce calda valorizza aree relax, sale da pranzo e camere, mentre una luce più neutra può essere utile in cucina, studio o spazi commerciali. La Ideal Lux Amadeus sp6 Lampade a Sospensione per Interni unisce funzione luminosa e valore decorativo, offrendo una soluzione SEO friendly e completa per chi cerca una lampada a sospensione Ideal Lux affidabile, ben descritta nelle varianti e pronta per essere inserita in un progetto di illuminazione domestico o professionale.","Lampada a sospensione Ideal Lux Amadeus sp6 per interni: ideale per soggiorno, cucina, living, sala da pranzo, camera e ambienti contract."
IL-CONFIG-143,"Ideal Lux Ampolla per Interni è una lampada a sospensione Ideal Lux pensata per l’illuminazione di interni residenziali e professionali, con una presenza scenografica coerente con il modello Ampolla. Il prodotto configurabile riunisce le varianti realmente associate nel catalogo: dimensioni Ø35cm x H min 630 / max 1200; attacco E27; potenza massima 60W; materiali Metallo. Le configurazioni disponibili comprendono: Ampolla-1 sp1. Secondo la descrizione ufficiale Ideal Lux, rosone porta lampade e struttura decorativa in metallo con finitura bianco e nero. Cavo elettrico regolabile in lunghezza. La sospensione è indicata per soggiorno, zona living, sala da pranzo, cucina con isola o penisola, camera da letto, corridoi ampi e ambienti contract come reception, showroom, sale riunioni, ristoranti e boutique, scegliendo la configurazione più adatta per dimensione, finitura e numero di luci.","La Ideal Lux Ampolla per Interni è una lampada a sospensione Ideal Lux per interni progettata per completare l’arredo con una luce sospesa elegante, riconoscibile e proporzionata agli spazi. Il modello Ampolla è stato trattato come prodotto configurabile: le informazioni sono state aggregate dalle varianti semplici collegate, dagli attributi tecnici del configurabile, dal listino giacenze e dalle descrizioni ufficiali Ideal Lux quando presenti. In questo modo la scheda prodotto descrive l’intera famiglia disponibile senza creare testi separati per ogni singola variante. Le configurazioni disponibili includono dimensioni Ø35cm x H min 630 / max 1200; attacco E27; potenza massima 60W; materiali Metallo. Le configurazioni disponibili comprendono: Ampolla-1 sp1. Dal punto di vista tecnico, la scheda riporta materiali dichiarati: Metallo; ingombri disponibili: Ø35cm x H min 630 / max 1200; potenza massima: 60W; attacco portalampada: E27; grado di protezione: IP20. Secondo la descrizione ufficiale Ideal Lux, rosone porta lampade e struttura decorativa in metallo con finitura bianco e nero. Cavo elettrico regolabile in lunghezza. Questa sospensione è adatta a diversi ambienti della casa: sopra il tavolo da pranzo crea un punto luce centrale, in soggiorno e nella zona living contribuisce a definire l’atmosfera, in cucina può illuminare isole, penisole e piani snack, mentre in camera da letto o in un corridoio ampio può diventare un elemento decorativo capace di dare personalità allo spazio. Nei contesti professionali può essere utilizzata in reception, sale d’attesa, uffici direzionali, showroom, negozi, ristoranti, bar, hotel e spazi contract, sempre valutando altezza di installazione, dimensioni della stanza e quantità di luce desiderata. La scelta tra le varianti permette di coordinare la lampada con arredi chiari o scuri, superfici metalliche, vetro, legno, pietra o finiture contemporanee. Le versioni con diametri, forme o numero di sorgenti differenti sono utili per adattare la presenza visiva della sospensione a tavoli piccoli, piani allungati, ambienti con soffitto alto o zone living più scenografiche. Il grado di protezione indicato, quando presente nella scheda tecnica, conferma la destinazione ad ambienti interni asciutti: non viene quindi descritta come lampada da esterno o per zone esposte ad acqua e agenti atmosferici. Per ottenere il miglior risultato è consigliabile scegliere la sorgente luminosa compatibile con l’attacco e la potenza previsti, valutando temperatura colore, intensità e resa cromatica in funzione dell’ambiente. Una luce calda valorizza aree relax, sale da pranzo e camere, mentre una luce più neutra può essere utile in cucina, studio o spazi commerciali. La Ideal Lux Ampolla per Interni unisce funzione luminosa e valore decorativo, offrendo una soluzione SEO friendly e completa per chi cerca una lampada a sospensione Ideal Lux affidabile, ben descritta nelle varianti e pronta per essere inserita in un progetto di illuminazione domestico o professionale.","Lampada a sospensione Ideal Lux Ampolla per interni: ideale per soggiorno, cucina, living, sala da pranzo, camera e ambienti contract."
IL-CONFIG-144,"Ideal Lux Ampolla per Interni è una lampada a sospensione Ideal Lux pensata per l’illuminazione di interni residenziali e professionali, con una presenza scenografica coerente con il modello Ampolla. Il prodotto configurabile riunisce le varianti realmente associate nel catalogo: dimensioni Ø20.5cm x H min 570 / max 1140; attacco E27; potenza massima 60W; materiali Metallo. Le configurazioni disponibili comprendono: Ampolla-2 sp1. Secondo la descrizione ufficiale Ideal Lux, rosone porta lampade e struttura decorativa in metallo con finitura bianco e nero. Cavo elettrico regolabile in lunghezza. La sospensione è indicata per soggiorno, zona living, sala da pranzo, cucina con isola o penisola, camera da letto, corridoi ampi e ambienti contract come reception, showroom, sale riunioni, ristoranti e boutique, scegliendo la configurazione più adatta per dimensione, finitura e numero di luci.","La Ideal Lux Ampolla per Interni è una lampada a sospensione Ideal Lux per interni progettata per completare l’arredo con una luce sospesa elegante, riconoscibile e proporzionata agli spazi. Il modello Ampolla è stato trattato come prodotto configurabile: le informazioni sono state aggregate dalle varianti semplici collegate, dagli attributi tecnici del configurabile, dal listino giacenze e dalle descrizioni ufficiali Ideal Lux quando presenti. In questo modo la scheda prodotto descrive l’intera famiglia disponibile senza creare testi separati per ogni singola variante. Le configurazioni disponibili includono dimensioni Ø20.5cm x H min 570 / max 1140; attacco E27; potenza massima 60W; materiali Metallo. Le configurazioni disponibili comprendono: Ampolla-2 sp1. Dal punto di vista tecnico, la scheda riporta materiali dichiarati: Metallo; ingombri disponibili: Ø20.5cm x H min 570 / max 1140; potenza massima: 60W; attacco portalampada: E27; grado di protezione: IP20. Secondo la descrizione ufficiale Ideal Lux, rosone porta lampade e struttura decorativa in metallo con finitura bianco e nero. Cavo elettrico regolabile in lunghezza. Questa sospensione è adatta a diversi ambienti della casa: sopra il tavolo da pranzo crea un punto luce centrale, in soggiorno e nella zona living contribuisce a definire l’atmosfera, in cucina può illuminare isole, penisole e piani snack, mentre in camera da letto o in un corridoio ampio può diventare un elemento decorativo capace di dare personalità allo spazio. Nei contesti professionali può essere utilizzata in reception, sale d’attesa, uffici direzionali, showroom, negozi, ristoranti, bar, hotel e spazi contract, sempre valutando altezza di installazione, dimensioni della stanza e quantità di luce desiderata. La scelta tra le varianti permette di coordinare la lampada con arredi chiari o scuri, superfici metalliche, vetro, legno, pietra o finiture contemporanee. Le versioni con diametri, forme o numero di sorgenti differenti sono utili per adattare la presenza visiva della sospensione a tavoli piccoli, piani allungati, ambienti con soffitto alto o zone living più scenografiche. Il grado di protezione indicato, quando presente nella scheda tecnica, conferma la destinazione ad ambienti interni asciutti: non viene quindi descritta come lampada da esterno o per zone esposte ad acqua e agenti atmosferici. Per ottenere il miglior risultato è consigliabile scegliere la sorgente luminosa compatibile con l’attacco e la potenza previsti, valutando temperatura colore, intensità e resa cromatica in funzione dell’ambiente. Una luce calda valorizza aree relax, sale da pranzo e camere, mentre una luce più neutra può essere utile in cucina, studio o spazi commerciali. La Ideal Lux Ampolla per Interni unisce funzione luminosa e valore decorativo, offrendo una soluzione SEO friendly e completa per chi cerca una lampada a sospensione Ideal Lux affidabile, ben descritta nelle varianti e pronta per essere inserita in un progetto di illuminazione domestico o professionale.","Lampada a sospensione Ideal Lux Ampolla per interni: ideale per soggiorno, cucina, living, sala da pranzo, camera e ambienti contract."
IL-CONFIG-145,"Ideal Lux Ampolla per Interni è una lampada a sospensione Ideal Lux pensata per l’illuminazione di interni residenziali e professionali, con una presenza scenografica coerente con il modello Ampolla. Il prodotto configurabile riunisce le varianti realmente associate nel catalogo: dimensioni Ø30cm x H min 670 / max 1200; attacco E27; potenza massima 60W; materiali Metallo. Le configurazioni disponibili comprendono: Ampolla-3 sp1. Secondo la descrizione ufficiale Ideal Lux, rosone porta lampade e struttura decorativa in metallo con finitura bianco e nero. Cavo elettrico regolabile in lunghezza. La sospensione è indicata per soggiorno, zona living, sala da pranzo, cucina con isola o penisola, camera da letto, corridoi ampi e ambienti contract come reception, showroom, sale riunioni, ristoranti e boutique, scegliendo la configurazione più adatta per dimensione, finitura e numero di luci.","La Ideal Lux Ampolla per Interni è una lampada a sospensione Ideal Lux per interni progettata per completare l’arredo con una luce sospesa elegante, riconoscibile e proporzionata agli spazi. Il modello Ampolla è stato trattato come prodotto configurabile: le informazioni sono state aggregate dalle varianti semplici collegate, dagli attributi tecnici del configurabile, dal listino giacenze e dalle descrizioni ufficiali Ideal Lux quando presenti. In questo modo la scheda prodotto descrive l’intera famiglia disponibile senza creare testi separati per ogni singola variante. Le configurazioni disponibili includono dimensioni Ø30cm x H min 670 / max 1200; attacco E27; potenza massima 60W; materiali Metallo. Le configurazioni disponibili comprendono: Ampolla-3 sp1. Dal punto di vista tecnico, la scheda riporta materiali dichiarati: Metallo; ingombri disponibili: Ø30cm x H min 670 / max 1200; potenza massima: 60W; attacco portalampada: E27; grado di protezione: IP20. Secondo la descrizione ufficiale Ideal Lux, rosone porta lampade e struttura decorativa in metallo con finitura bianco e nero. Cavo elettrico regolabile in lunghezza. Questa sospensione è adatta a diversi ambienti della casa: sopra il tavolo da pranzo crea un punto luce centrale, in soggiorno e nella zona living contribuisce a definire l’atmosfera, in cucina può illuminare isole, penisole e piani snack, mentre in camera da letto o in un corridoio ampio può diventare un elemento decorativo capace di dare personalità allo spazio. Nei contesti professionali può essere utilizzata in reception, sale d’attesa, uffici direzionali, showroom, negozi, ristoranti, bar, hotel e spazi contract, sempre valutando altezza di installazione, dimensioni della stanza e quantità di luce desiderata. La scelta tra le varianti permette di coordinare la lampada con arredi chiari o scuri, superfici metalliche, vetro, legno, pietra o finiture contemporanee. Le versioni con diametri, forme o numero di sorgenti differenti sono utili per adattare la presenza visiva della sospensione a tavoli piccoli, piani allungati, ambienti con soffitto alto o zone living più scenografiche. Il grado di protezione indicato, quando presente nella scheda tecnica, conferma la destinazione ad ambienti interni asciutti: non viene quindi descritta come lampada da esterno o per zone esposte ad acqua e agenti atmosferici. Per ottenere il miglior risultato è consigliabile scegliere la sorgente luminosa compatibile con l’attacco e la potenza previsti, valutando temperatura colore, intensità e resa cromatica in funzione dell’ambiente. Una luce calda valorizza aree relax, sale da pranzo e camere, mentre una luce più neutra può essere utile in cucina, studio o spazi commerciali. La Ideal Lux Ampolla per Interni unisce funzione luminosa e valore decorativo, offrendo una soluzione SEO friendly e completa per chi cerca una lampada a sospensione Ideal Lux affidabile, ben descritta nelle varianti e pronta per essere inserita in un progetto di illuminazione domestico o professionale.","Lampada a sospensione Ideal Lux Ampolla per interni: ideale per soggiorno, cucina, living, sala da pranzo, camera e ambienti contract."
IL-CONFIG-146,"Ideal Lux Ampolla per Interni è una lampada a sospensione Ideal Lux pensata per l’illuminazione di interni residenziali e professionali, con una presenza scenografica coerente con il modello Ampolla. Il prodotto configurabile riunisce le varianti realmente associate nel catalogo: dimensioni Ø39.5cm x H min 620 / max 1430; attacco E27; potenza massima 60W; materiali Metallo. Le configurazioni disponibili comprendono: Ampolla-4 sp1. Secondo la descrizione ufficiale Ideal Lux, rosone porta lampade e struttura decorativa in metallo con finitura bianco e nero. Cavo elettrico regolabile in lunghezza. La sospensione è indicata per soggiorno, zona living, sala da pranzo, cucina con isola o penisola, camera da letto, corridoi ampi e ambienti contract come reception, showroom, sale riunioni, ristoranti e boutique, scegliendo la configurazione più adatta per dimensione, finitura e numero di luci.","La Ideal Lux Ampolla per Interni è una lampada a sospensione Ideal Lux per interni progettata per completare l’arredo con una luce sospesa elegante, riconoscibile e proporzionata agli spazi. Il modello Ampolla è stato trattato come prodotto configurabile: le informazioni sono state aggregate dalle varianti semplici collegate, dagli attributi tecnici del configurabile, dal listino giacenze e dalle descrizioni ufficiali Ideal Lux quando presenti. In questo modo la scheda prodotto descrive l’intera famiglia disponibile senza creare testi separati per ogni singola variante. Le configurazioni disponibili includono dimensioni Ø39.5cm x H min 620 / max 1430; attacco E27; potenza massima 60W; materiali Metallo. Le configurazioni disponibili comprendono: Ampolla-4 sp1. Dal punto di vista tecnico, la scheda riporta materiali dichiarati: Metallo; ingombri disponibili: Ø39.5cm x H min 620 / max 1430; potenza massima: 60W; attacco portalampada: E27; grado di protezione: IP20. Secondo la descrizione ufficiale Ideal Lux, rosone porta lampade e struttura decorativa in metallo con finitura bianco e nero. Cavo elettrico regolabile in lunghezza. Questa sospensione è adatta a diversi ambienti della casa: sopra il tavolo da pranzo crea un punto luce centrale, in soggiorno e nella zona living contribuisce a definire l’atmosfera, in cucina può illuminare isole, penisole e piani snack, mentre in camera da letto o in un corridoio ampio può diventare un elemento decorativo capace di dare personalità allo spazio. Nei contesti professionali può essere utilizzata in reception, sale d’attesa, uffici direzionali, showroom, negozi, ristoranti, bar, hotel e spazi contract, sempre valutando altezza di installazione, dimensioni della stanza e quantità di luce desiderata. La scelta tra le varianti permette di coordinare la lampada con arredi chiari o scuri, superfici metalliche, vetro, legno, pietra o finiture contemporanee. Le versioni con diametri, forme o numero di sorgenti differenti sono utili per adattare la presenza visiva della sospensione a tavoli piccoli, piani allungati, ambienti con soffitto alto o zone living più scenografiche. Il grado di protezione indicato, quando presente nella scheda tecnica, conferma la destinazione ad ambienti interni asciutti: non viene quindi descritta come lampada da esterno o per zone esposte ad acqua e agenti atmosferici. Per ottenere il miglior risultato è consigliabile scegliere la sorgente luminosa compatibile con l’attacco e la potenza previsti, valutando temperatura colore, intensità e resa cromatica in funzione dell’ambiente. Una luce calda valorizza aree relax, sale da pranzo e camere, mentre una luce più neutra può essere utile in cucina, studio o spazi commerciali. La Ideal Lux Ampolla per Interni unisce funzione luminosa e valore decorativo, offrendo una soluzione SEO friendly e completa per chi cerca una lampada a sospensione Ideal Lux affidabile, ben descritta nelle varianti e pronta per essere inserita in un progetto di illuminazione domestico o professionale.","Lampada a sospensione Ideal Lux Ampolla per interni: ideale per soggiorno, cucina, living, sala da pranzo, camera e ambienti contract."
IL-CONFIG-147,"Ideal Lux Archimede sp cilindro Lampade a Sospensione per Interni è una lampada a sospensione Ideal Lux pensata per l’illuminazione di interni residenziali e professionali, con una presenza scenografica coerente con il modello Archimede sp cilindro. Il prodotto configurabile riunisce le varianti realmente associate nel catalogo: finiture/colori Bianco e Nero; dimensioni Ø9cm x H min 375 / max 6150; forme o versioni cilindro, cono e sfera; attacco LED; potenza massima 4W; materiali Metallo, PS; lampadina inclusa: Sì. Le configurazioni disponibili comprendono: Archimede sp cilindro -Cilindro-Bianco, Archimede sp cilindro -Cilindro-Nero, Archimede sp cono -Cono-Bianco, Archimede sp cono -Cono-Nero, Archimede sp sfera -Sfera-Bianco e Archimede sp sfera -Sfera-Nero. La sospensione è indicata per soggiorno, zona living, sala da pranzo, cucina con isola o penisola, camera da letto, corridoi ampi e ambienti contract come reception, showroom, sale riunioni, ristoranti e boutique, scegliendo la configurazione più adatta per dimensione, finitura e numero di luci.","La Ideal Lux Archimede sp cilindro Lampade a Sospensione per Interni è una lampada a sospensione Ideal Lux per interni progettata per completare l’arredo con una luce sospesa elegante, riconoscibile e proporzionata agli spazi. Il modello Archimede sp cilindro è stato trattato come prodotto configurabile: le informazioni sono state aggregate dalle varianti semplici collegate, dagli attributi tecnici del configurabile, dal listino giacenze e dalle descrizioni ufficiali Ideal Lux quando presenti. In questo modo la scheda prodotto descrive l’intera famiglia disponibile senza creare testi separati per ogni singola variante. Le configurazioni disponibili includono finiture/colori Bianco e Nero; dimensioni Ø9cm x H min 375 / max 6150; forme o versioni cilindro, cono e sfera; attacco LED; potenza massima 4W; materiali Metallo, PS; lampadina inclusa: Sì. Le configurazioni disponibili comprendono: Archimede sp cilindro -Cilindro-Bianco, Archimede sp cilindro -Cilindro-Nero, Archimede sp cono -Cono-Bianco, Archimede sp cono -Cono-Nero, Archimede sp sfera -Sfera-Bianco e Archimede sp sfera -Sfera-Nero. Dal punto di vista tecnico, la scheda riporta materiali dichiarati: Metallo, PS; ingombri disponibili: Ø9cm x H min 375 / max 6150; potenza massima: 4W; attacco portalampada: LED; lampadina inclusa: Sì; grado di protezione: IP20. Questa sospensione è adatta a diversi ambienti della casa: sopra il tavolo da pranzo crea un punto luce centrale, in soggiorno e nella zona living contribuisce a definire l’atmosfera, in cucina può illuminare isole, penisole e piani snack, mentre in camera da letto o in un corridoio ampio può diventare un elemento decorativo capace di dare personalità allo spazio. Nei contesti professionali può essere utilizzata in reception, sale d’attesa, uffici direzionali, showroom, negozi, ristoranti, bar, hotel e spazi contract, sempre valutando altezza di installazione, dimensioni della stanza e quantità di luce desiderata. La scelta tra le varianti permette di coordinare la lampada con arredi chiari o scuri, superfici metalliche, vetro, legno, pietra o finiture contemporanee. Le versioni con diametri, forme o numero di sorgenti differenti sono utili per adattare la presenza visiva della sospensione a tavoli piccoli, piani allungati, ambienti con soffitto alto o zone living più scenografiche. Il grado di protezione indicato, quando presente nella scheda tecnica, conferma la destinazione ad ambienti interni asciutti: non viene quindi descritta come lampada da esterno o per zone esposte ad acqua e agenti atmosferici. Per ottenere il miglior risultato è consigliabile scegliere la sorgente luminosa compatibile con l’attacco e la potenza previsti, valutando temperatura colore, intensità e resa cromatica in funzione dell’ambiente. Una luce calda valorizza aree relax, sale da pranzo e camere, mentre una luce più neutra può essere utile in cucina, studio o spazi commerciali. La Ideal Lux Archimede sp cilindro Lampade a Sospensione per Interni unisce funzione luminosa e valore decorativo, offrendo una soluzione SEO friendly e completa per chi cerca una lampada a sospensione Ideal Lux affidabile, ben descritta nelle varianti e pronta per essere inserita in un progetto di illuminazione domestico o professionale.","Lampada a sospensione Ideal Lux Archimede sp cilindro per interni: ideale per soggiorno, cucina, living, sala da pranzo, camera e ambienti contract."
IL-CONFIG-148,"Ideal Lux Aria sp1 Lampade a Sospensione per Interni è una lampada a sospensione Ideal Lux pensata per l’illuminazione di interni residenziali e professionali, con una presenza scenografica coerente con il modello Aria sp1. Il prodotto configurabile riunisce le varianti realmente associate nel catalogo: dimensioni Ø49.5cm x H min 420 / max 2170; attacco E27; potenza massima 60W; materiali Vetro. Le configurazioni disponibili comprendono: Aria sp1. Secondo la descrizione ufficiale Ideal Lux, diffusore in vetro bianco soffiato e acidato. Cavi in acciaio a lunghezza regolabile con dispositivi ferma cavo automatici. La sospensione è indicata per soggiorno, zona living, sala da pranzo, cucina con isola o penisola, camera da letto, corridoi ampi e ambienti contract come reception, showroom, sale riunioni, ristoranti e boutique, scegliendo la configurazione più adatta per dimensione, finitura e numero di luci.","La Ideal Lux Aria sp1 Lampade a Sospensione per Interni è una lampada a sospensione Ideal Lux per interni progettata per completare l’arredo con una luce sospesa elegante, riconoscibile e proporzionata agli spazi. Il modello Aria sp1 è stato trattato come prodotto configurabile: le informazioni sono state aggregate dalle varianti semplici collegate, dagli attributi tecnici del configurabile, dal listino giacenze e dalle descrizioni ufficiali Ideal Lux quando presenti. In questo modo la scheda prodotto descrive l’intera famiglia disponibile senza creare testi separati per ogni singola variante. Le configurazioni disponibili includono dimensioni Ø49.5cm x H min 420 / max 2170; attacco E27; potenza massima 60W; materiali Vetro. Le configurazioni disponibili comprendono: Aria sp1. Dal punto di vista tecnico, la scheda riporta materiali dichiarati: Vetro; ingombri disponibili: Ø49.5cm x H min 420 / max 2170; potenza massima: 60W; attacco portalampada: E27; grado di protezione: IP20. Secondo la descrizione ufficiale Ideal Lux, diffusore in vetro bianco soffiato e acidato. Cavi in acciaio a lunghezza regolabile con dispositivi ferma cavo automatici. Questa sospensione è adatta a diversi ambienti della casa: sopra il tavolo da pranzo crea un punto luce centrale, in soggiorno e nella zona living contribuisce a definire l’atmosfera, in cucina può illuminare isole, penisole e piani snack, mentre in camera da letto o in un corridoio ampio può diventare un elemento decorativo capace di dare personalità allo spazio. Nei contesti professionali può essere utilizzata in reception, sale d’attesa, uffici direzionali, showroom, negozi, ristoranti, bar, hotel e spazi contract, sempre valutando altezza di installazione, dimensioni della stanza e quantità di luce desiderata. La scelta tra le varianti permette di coordinare la lampada con arredi chiari o scuri, superfici metalliche, vetro, legno, pietra o finiture contemporanee. Le versioni con diametri, forme o numero di sorgenti differenti sono utili per adattare la presenza visiva della sospensione a tavoli piccoli, piani allungati, ambienti con soffitto alto o zone living più scenografiche. Il grado di protezione indicato, quando presente nella scheda tecnica, conferma la destinazione ad ambienti interni asciutti: non viene quindi descritta come lampada da esterno o per zone esposte ad acqua e agenti atmosferici. Per ottenere il miglior risultato è consigliabile scegliere la sorgente luminosa compatibile con l’attacco e la potenza previsti, valutando temperatura colore, intensità e resa cromatica in funzione dell’ambiente. Una luce calda valorizza aree relax, sale da pranzo e camere, mentre una luce più neutra può essere utile in cucina, studio o spazi commerciali. La Ideal Lux Aria sp1 Lampade a Sospensione per Interni unisce funzione luminosa e valore decorativo, offrendo una soluzione SEO friendly e completa per chi cerca una lampada a sospensione Ideal Lux affidabile, ben descritta nelle varianti e pronta per essere inserita in un progetto di illuminazione domestico o professionale.","Lampada a sospensione Ideal Lux Aria sp1 per interni: ideale per soggiorno, cucina, living, sala da pranzo, camera e ambienti contract."
IL-CONFIG-149,"Ideal Lux Arizona sp3 Lampade a Sospensione per Interni è una lampada a sospensione Ideal Lux pensata per l’illuminazione di interni residenziali e professionali, con una presenza scenografica coerente con il modello Arizona sp3. Il prodotto configurabile riunisce le varianti realmente associate nel catalogo: dimensioni Diametro, 40cm e 52cm; attacco GX53; potenza massima 3 x 9W - 5 x 9W; materiali Vetro; lampadina inclusa: Sì. Le configurazioni disponibili comprendono: Arizona sp3 -Diametro-40cm e Arizona sp5 -Diametro-52cm. Secondo la descrizione ufficiale Ideal Lux, montatura in metallo rifinito in ottone satinato. Diffusore in vetro bianco soffiato, acidato e con rigature decorative in rilievo. La sospensione è indicata per soggiorno, zona living, sala da pranzo, cucina con isola o penisola, camera da letto, corridoi ampi e ambienti contract come reception, showroom, sale riunioni, ristoranti e boutique, scegliendo la configurazione più adatta per dimensione, finitura e numero di luci.","La Ideal Lux Arizona sp3 Lampade a Sospensione per Interni è una lampada a sospensione Ideal Lux per interni progettata per completare l’arredo con una luce sospesa elegante, riconoscibile e proporzionata agli spazi. Il modello Arizona sp3 è stato trattato come prodotto configurabile: le informazioni sono state aggregate dalle varianti semplici collegate, dagli attributi tecnici del configurabile, dal listino giacenze e dalle descrizioni ufficiali Ideal Lux quando presenti. In questo modo la scheda prodotto descrive l’intera famiglia disponibile senza creare testi separati per ogni singola variante. Le configurazioni disponibili includono dimensioni Diametro, 40cm e 52cm; attacco GX53; potenza massima 3 x 9W - 5 x 9W; materiali Vetro; lampadina inclusa: Sì. Le configurazioni disponibili comprendono: Arizona sp3 -Diametro-40cm e Arizona sp5 -Diametro-52cm. Dal punto di vista tecnico, la scheda riporta materiali dichiarati: Vetro; ingombri disponibili: Ø40cm x H min 425 / max 2175 - Ø52cm x H min 475 / max 2225; potenza massima: 3 x 9W - 5 x 9W; attacco portalampada: GX53; lampadina inclusa: Sì; grado di protezione: IP20. Secondo la descrizione ufficiale Ideal Lux, montatura in metallo rifinito in ottone satinato. Diffusore in vetro bianco soffiato, acidato e con rigature decorative in rilievo. Questa sospensione è adatta a diversi ambienti della casa: sopra il tavolo da pranzo crea un punto luce centrale, in soggiorno e nella zona living contribuisce a definire l’atmosfera, in cucina può illuminare isole, penisole e piani snack, mentre in camera da letto o in un corridoio ampio può diventare un elemento decorativo capace di dare personalità allo spazio. Nei contesti professionali può essere utilizzata in reception, sale d’attesa, uffici direzionali, showroom, negozi, ristoranti, bar, hotel e spazi contract, sempre valutando altezza di installazione, dimensioni della stanza e quantità di luce desiderata. La scelta tra le varianti permette di coordinare la lampada con arredi chiari o scuri, superfici metalliche, vetro, legno, pietra o finiture contemporanee. Le versioni con diametri, forme o numero di sorgenti differenti sono utili per adattare la presenza visiva della sospensione a tavoli piccoli, piani allungati, ambienti con soffitto alto o zone living più scenografiche. Il grado di protezione indicato, quando presente nella scheda tecnica, conferma la destinazione ad ambienti interni asciutti: non viene quindi descritta come lampada da esterno o per zone esposte ad acqua e agenti atmosferici. Per ottenere il miglior risultato è consigliabile scegliere la sorgente luminosa compatibile con l’attacco e la potenza previsti, valutando temperatura colore, intensità e resa cromatica in funzione dell’ambiente. Una luce calda valorizza aree relax, sale da pranzo e camere, mentre una luce più neutra può essere utile in cucina, studio o spazi commerciali. La Ideal Lux Arizona sp3 Lampade a Sospensione per Interni unisce funzione luminosa e valore decorativo, offrendo una soluzione SEO friendly e completa per chi cerca una lampada a sospensione Ideal Lux affidabile, ben descritta nelle varianti e pronta per essere inserita in un progetto di illuminazione domestico o professionale.","Lampada a sospensione Ideal Lux Arizona sp3 per interni: ideale per soggiorno, cucina, living, sala da pranzo, camera e ambienti contract."
IL-CONFIG-150,"Ideal Lux Atlas sp4 Lampade a Sospensione per Interni è una lampada a sospensione Ideal Lux pensata per l’illuminazione di interni residenziali e professionali, con una presenza scenografica coerente con il modello Atlas sp4. Il prodotto configurabile riunisce le varianti realmente associate nel catalogo: finiture/colori Bianco, Nero e Oro; dimensioni Ø62cm x H min 450 / max 2255 e Ø80cm x H min 460 / max 2265; configurazioni 4 sorgenti luminose e 6 sorgenti luminose; attacco G9; potenza massima 4 x 4W - 6 x 4W; materiali Metallo, Vetro; lampadina inclusa: Sì. Le configurazioni disponibili comprendono: Atlas sp4 -4 Sorgenti Luminose-Bianco, Atlas sp4 -4 Sorgenti Luminose-Nero, Atlas sp4 -4 Sorgenti Luminose-Oro, Atlas sp6 -6 Sorgenti Luminose-Bianco, Atlas sp6 -6 Sorgenti Luminose-Nero e Atlas sp6 -6 Sorgenti Luminose-Oro. La sospensione è indicata per soggiorno, zona living, sala da pranzo, cucina con isola o penisola, camera da letto, corridoi ampi e ambienti contract come reception, showroom, sale riunioni, ristoranti e boutique, scegliendo la configurazione più adatta per dimensione, finitura e numero di luci.","La Ideal Lux Atlas sp4 Lampade a Sospensione per Interni è una lampada a sospensione Ideal Lux per interni progettata per completare l’arredo con una luce sospesa elegante, riconoscibile e proporzionata agli spazi. Il modello Atlas sp4 è stato trattato come prodotto configurabile: le informazioni sono state aggregate dalle varianti semplici collegate, dagli attributi tecnici del configurabile, dal listino giacenze e dalle descrizioni ufficiali Ideal Lux quando presenti. In questo modo la scheda prodotto descrive l’intera famiglia disponibile senza creare testi separati per ogni singola variante. Le configurazioni disponibili includono finiture/colori Bianco, Nero e Oro; dimensioni Ø62cm x H min 450 / max 2255 e Ø80cm x H min 460 / max 2265; configurazioni 4 sorgenti luminose e 6 sorgenti luminose; attacco G9; potenza massima 4 x 4W - 6 x 4W; materiali Metallo, Vetro; lampadina inclusa: Sì. Le configurazioni disponibili comprendono: Atlas sp4 -4 Sorgenti Luminose-Bianco, Atlas sp4 -4 Sorgenti Luminose-Nero, Atlas sp4 -4 Sorgenti Luminose-Oro, Atlas sp6 -6 Sorgenti Luminose-Bianco, Atlas sp6 -6 Sorgenti Luminose-Nero e Atlas sp6 -6 Sorgenti Luminose-Oro. Dal punto di vista tecnico, la scheda riporta materiali dichiarati: Metallo, Vetro; ingombri disponibili: Ø62cm x H min 450 / max 2255 - Ø80cm x H min 460 / max 2265; potenza massima: 4 x 4W - 6 x 4W; attacco portalampada: G9; lampadina inclusa: Sì; grado di protezione: IP20. Questa sospensione è adatta a diversi ambienti della casa: sopra il tavolo da pranzo crea un punto luce centrale, in soggiorno e nella zona living contribuisce a definire l’atmosfera, in cucina può illuminare isole, penisole e piani snack, mentre in camera da letto o in un corridoio ampio può diventare un elemento decorativo capace di dare personalità allo spazio. Nei contesti professionali può essere utilizzata in reception, sale d’attesa, uffici direzionali, showroom, negozi, ristoranti, bar, hotel e spazi contract, sempre valutando altezza di installazione, dimensioni della stanza e quantità di luce desiderata. La scelta tra le varianti permette di coordinare la lampada con arredi chiari o scuri, superfici metalliche, vetro, legno, pietra o finiture contemporanee. Le versioni con diametri, forme o numero di sorgenti differenti sono utili per adattare la presenza visiva della sospensione a tavoli piccoli, piani allungati, ambienti con soffitto alto o zone living più scenografiche. Il grado di protezione indicato, quando presente nella scheda tecnica, conferma la destinazione ad ambienti interni asciutti: non viene quindi descritta come lampada da esterno o per zone esposte ad acqua e agenti atmosferici. Per ottenere il miglior risultato è consigliabile scegliere la sorgente luminosa compatibile con l’attacco e la potenza previsti, valutando temperatura colore, intensità e resa cromatica in funzione dell’ambiente. Una luce calda valorizza aree relax, sale da pranzo e camere, mentre una luce più neutra può essere utile in cucina, studio o spazi commerciali. La Ideal Lux Atlas sp4 Lampade a Sospensione per Interni unisce funzione luminosa e valore decorativo, offrendo una soluzione SEO friendly e completa per chi cerca una lampada a sospensione Ideal Lux affidabile, ben descritta nelle varianti e pronta per essere inserita in un progetto di illuminazione domestico o professionale.","Lampada a sospensione Ideal Lux Atlas sp4 per interni: ideale per soggiorno, cucina, living, sala da pranzo, camera e ambienti contract."
IL-CONFIG-151,"Ideal Lux Audi per Interni è una lampada a sospensione Ideal Lux pensata per l’illuminazione di interni residenziali e professionali, con una presenza scenografica coerente con il modello Audi. Il prodotto configurabile riunisce le varianti realmente associate nel catalogo: finiture/colori Fumé e Trasparente; dimensioni Ø48.5cm x H min 470 / max 1000; attacco E27; potenza massima 5 x 60W; materiali Metallo, Vetro; lampadina inclusa: Sì. Le configurazioni disponibili comprendono: Audi-10 sp5 -Fumé e Audi-10 sp5 -Trasparente. Secondo la descrizione ufficiale Ideal Lux, montatura in metallo cromato. Diffusore in vetro soffiato trasparente o fume'. Cavi in acciaio a lunghezza regolabile con dispositivi ferma cavo automatici. La sospensione è indicata per soggiorno, zona living, sala da pranzo, cucina con isola o penisola, camera da letto, corridoi ampi e ambienti contract come reception, showroom, sale riunioni, ristoranti e boutique, scegliendo la configurazione più adatta per dimensione, finitura e numero di luci.","La Ideal Lux Audi per Interni è una lampada a sospensione Ideal Lux per interni progettata per completare l’arredo con una luce sospesa elegante, riconoscibile e proporzionata agli spazi. Il modello Audi è stato trattato come prodotto configurabile: le informazioni sono state aggregate dalle varianti semplici collegate, dagli attributi tecnici del configurabile, dal listino giacenze e dalle descrizioni ufficiali Ideal Lux quando presenti. In questo modo la scheda prodotto descrive l’intera famiglia disponibile senza creare testi separati per ogni singola variante. Le configurazioni disponibili includono finiture/colori Fumé e Trasparente; dimensioni Ø48.5cm x H min 470 / max 1000; attacco E27; potenza massima 5 x 60W; materiali Metallo, Vetro; lampadina inclusa: Sì. Le configurazioni disponibili comprendono: Audi-10 sp5 -Fumé e Audi-10 sp5 -Trasparente. Dal punto di vista tecnico, la scheda riporta materiali dichiarati: Metallo, Vetro; ingombri disponibili: Ø48.5cm x H min 470 / max 1000; potenza massima: 5 x 60W; attacco portalampada: E27; lampadina inclusa: Sì; grado di protezione: IP20. Secondo la descrizione ufficiale Ideal Lux, montatura in metallo cromato. Diffusore in vetro soffiato trasparente o fume'. Cavi in acciaio a lunghezza regolabile con dispositivi ferma cavo automatici. Questa sospensione è adatta a diversi ambienti della casa: sopra il tavolo da pranzo crea un punto luce centrale, in soggiorno e nella zona living contribuisce a definire l’atmosfera, in cucina può illuminare isole, penisole e piani snack, mentre in camera da letto o in un corridoio ampio può diventare un elemento decorativo capace di dare personalità allo spazio. Nei contesti professionali può essere utilizzata in reception, sale d’attesa, uffici direzionali, showroom, negozi, ristoranti, bar, hotel e spazi contract, sempre valutando altezza di installazione, dimensioni della stanza e quantità di luce desiderata. La scelta tra le varianti permette di coordinare la lampada con arredi chiari o scuri, superfici metalliche, vetro, legno, pietra o finiture contemporanee. Le versioni con diametri, forme o numero di sorgenti differenti sono utili per adattare la presenza visiva della sospensione a tavoli piccoli, piani allungati, ambienti con soffitto alto o zone living più scenografiche. Il grado di protezione indicato, quando presente nella scheda tecnica, conferma la destinazione ad ambienti interni asciutti: non viene quindi descritta come lampada da esterno o per zone esposte ad acqua e agenti atmosferici. Per ottenere il miglior risultato è consigliabile scegliere la sorgente luminosa compatibile con l’attacco e la potenza previsti, valutando temperatura colore, intensità e resa cromatica in funzione dell’ambiente. Una luce calda valorizza aree relax, sale da pranzo e camere, mentre una luce più neutra può essere utile in cucina, studio o spazi commerciali. La Ideal Lux Audi per Interni unisce funzione luminosa e valore decorativo, offrendo una soluzione SEO friendly e completa per chi cerca una lampada a sospensione Ideal Lux affidabile, ben descritta nelle varianti e pronta per essere inserita in un progetto di illuminazione domestico o professionale.","Lampada a sospensione Ideal Lux Audi per interni: ideale per soggiorno, cucina, living, sala da pranzo, camera e ambienti contract."
IL-CONFIG-152,"Ideal Lux Audi per Interni è una lampada a sospensione Ideal Lux pensata per l’illuminazione di interni residenziali e professionali, con una presenza scenografica coerente con il modello Audi. Il prodotto configurabile riunisce le varianti realmente associate nel catalogo: finiture/colori Fumé e Trasparente; dimensioni Ø40cm x H min 450 / max 2200 e Ø50cm x H min 450 / max 2200; configurazioni 5 sorgenti luminose e 8 sorgenti luminose; attacco G9; potenza massima 5 x 40W - 8 x 40W; materiali Metallo, Vetro; lampadina inclusa: Sì. Le configurazioni disponibili comprendono: Audi-80 sp5 -5 Sorgenti Luminose-Fumé, Audi-80 sp5 -5 Sorgenti Luminose-Trasparente, Audi-80 sp8 -8 Sorgenti Luminose-Fumé e Audi-80 sp8 -8 Sorgenti Luminose-Trasparente. Secondo la descrizione ufficiale Ideal Lux, montatura in metallo cromato. Elementi decorativi con sfere di vetro su fili di metallo. Diffusore in vetro soffiato trasparente o fume'. Cavi in acciaio a lunghezza regolabile con ferma cavo automatici. La sospensione è indicata per soggiorno, zona living, sala da pranzo, cucina con isola o penisola, camera da letto, corridoi ampi e ambienti contract come reception, showroom, sale riunioni, ristoranti e boutique, scegliendo la configurazione più adatta per dimensione, finitura e numero di luci.","La Ideal Lux Audi per Interni è una lampada a sospensione Ideal Lux per interni progettata per completare l’arredo con una luce sospesa elegante, riconoscibile e proporzionata agli spazi. Il modello Audi è stato trattato come prodotto configurabile: le informazioni sono state aggregate dalle varianti semplici collegate, dagli attributi tecnici del configurabile, dal listino giacenze e dalle descrizioni ufficiali Ideal Lux quando presenti. In questo modo la scheda prodotto descrive l’intera famiglia disponibile senza creare testi separati per ogni singola variante. Le configurazioni disponibili includono finiture/colori Fumé e Trasparente; dimensioni Ø40cm x H min 450 / max 2200 e Ø50cm x H min 450 / max 2200; configurazioni 5 sorgenti luminose e 8 sorgenti luminose; attacco G9; potenza massima 5 x 40W - 8 x 40W; materiali Metallo, Vetro; lampadina inclusa: Sì. Le configurazioni disponibili comprendono: Audi-80 sp5 -5 Sorgenti Luminose-Fumé, Audi-80 sp5 -5 Sorgenti Luminose-Trasparente, Audi-80 sp8 -8 Sorgenti Luminose-Fumé e Audi-80 sp8 -8 Sorgenti Luminose-Trasparente. Dal punto di vista tecnico, la scheda riporta materiali dichiarati: Metallo, Vetro; ingombri disponibili: Ø40cm x H min 450 / max 2200 - Ø50cm x H min 450 / max 2200; potenza massima: 5 x 40W - 8 x 40W; attacco portalampada: G9; lampadina inclusa: Sì; grado di protezione: IP20. Secondo la descrizione ufficiale Ideal Lux, montatura in metallo cromato. Elementi decorativi con sfere di vetro su fili di metallo. Diffusore in vetro soffiato trasparente o fume'. Cavi in acciaio a lunghezza regolabile con ferma cavo automatici. Questa sospensione è adatta a diversi ambienti della casa: sopra il tavolo da pranzo crea un punto luce centrale, in soggiorno e nella zona living contribuisce a definire l’atmosfera, in cucina può illuminare isole, penisole e piani snack, mentre in camera da letto o in un corridoio ampio può diventare un elemento decorativo capace di dare personalità allo spazio. Nei contesti professionali può essere utilizzata in reception, sale d’attesa, uffici direzionali, showroom, negozi, ristoranti, bar, hotel e spazi contract, sempre valutando altezza di installazione, dimensioni della stanza e quantità di luce desiderata. La scelta tra le varianti permette di coordinare la lampada con arredi chiari o scuri, superfici metalliche, vetro, legno, pietra o finiture contemporanee. Le versioni con diametri, forme o numero di sorgenti differenti sono utili per adattare la presenza visiva della sospensione a tavoli piccoli, piani allungati, ambienti con soffitto alto o zone living più scenografiche. Il grado di protezione indicato, quando presente nella scheda tecnica, conferma la destinazione ad ambienti interni asciutti: non viene quindi descritta come lampada da esterno o per zone esposte ad acqua e agenti atmosferici. Per ottenere il miglior risultato è consigliabile scegliere la sorgente luminosa compatibile con l’attacco e la potenza previsti, valutando temperatura colore, intensità e resa cromatica in funzione dell’ambiente. Una luce calda valorizza aree relax, sale da pranzo e camere, mentre una luce più neutra può essere utile in cucina, studio o spazi commerciali. La Ideal Lux Audi per Interni unisce funzione luminosa e valore decorativo, offrendo una soluzione SEO friendly e completa per chi cerca una lampada a sospensione Ideal Lux affidabile, ben descritta nelle varianti e pronta per essere inserita in un progetto di illuminazione domestico o professionale.","Lampada a sospensione Ideal Lux Audi per interni: ideale per soggiorno, cucina, living, sala da pranzo, camera e ambienti contract."
IL-CONFIG-153,"Ideal Lux Birds sp5 Lampade a Sospensione per Interni è una lampada a sospensione Ideal Lux pensata per l’illuminazione di interni residenziali e professionali, con una presenza scenografica coerente con il modello Birds sp5. Il prodotto configurabile riunisce le varianti realmente associate nel catalogo: dimensioni L135.5cm x H min 705 / max 1600 x P20cm; attacco G9; potenza massima 5 x 15W; materiali Metallo, Vetro; lampadina inclusa: Sì. Le configurazioni disponibili comprendono: Birds sp5. La sospensione è indicata per soggiorno, zona living, sala da pranzo, cucina con isola o penisola, camera da letto, corridoi ampi e ambienti contract come reception, showroom, sale riunioni, ristoranti e boutique, scegliendo la configurazione più adatta per dimensione, finitura e numero di luci.","La Ideal Lux Birds sp5 Lampade a Sospensione per Interni è una lampada a sospensione Ideal Lux per interni progettata per completare l’arredo con una luce sospesa elegante, riconoscibile e proporzionata agli spazi. Il modello Birds sp5 è stato trattato come prodotto configurabile: le informazioni sono state aggregate dalle varianti semplici collegate, dagli attributi tecnici del configurabile, dal listino giacenze e dalle descrizioni ufficiali Ideal Lux quando presenti. In questo modo la scheda prodotto descrive l’intera famiglia disponibile senza creare testi separati per ogni singola variante. Le configurazioni disponibili includono dimensioni L135.5cm x H min 705 / max 1600 x P20cm; attacco G9; potenza massima 5 x 15W; materiali Metallo, Vetro; lampadina inclusa: Sì. Le configurazioni disponibili comprendono: Birds sp5. Dal punto di vista tecnico, la scheda riporta materiali dichiarati: Metallo, Vetro; ingombri disponibili: L135.5cm x H min 705 / max 1600 x P20cm; potenza massima: 5 x 15W; attacco portalampada: G9; lampadina inclusa: Sì; grado di protezione: IP20. Questa sospensione è adatta a diversi ambienti della casa: sopra il tavolo da pranzo crea un punto luce centrale, in soggiorno e nella zona living contribuisce a definire l’atmosfera, in cucina può illuminare isole, penisole e piani snack, mentre in camera da letto o in un corridoio ampio può diventare un elemento decorativo capace di dare personalità allo spazio. Nei contesti professionali può essere utilizzata in reception, sale d’attesa, uffici direzionali, showroom, negozi, ristoranti, bar, hotel e spazi contract, sempre valutando altezza di installazione, dimensioni della stanza e quantità di luce desiderata. La scelta tra le varianti permette di coordinare la lampada con arredi chiari o scuri, superfici metalliche, vetro, legno, pietra o finiture contemporanee. Le versioni con diametri, forme o numero di sorgenti differenti sono utili per adattare la presenza visiva della sospensione a tavoli piccoli, piani allungati, ambienti con soffitto alto o zone living più scenografiche. Il grado di protezione indicato, quando presente nella scheda tecnica, conferma la destinazione ad ambienti interni asciutti: non viene quindi descritta come lampada da esterno o per zone esposte ad acqua e agenti atmosferici. Per ottenere il miglior risultato è consigliabile scegliere la sorgente luminosa compatibile con l’attacco e la potenza previsti, valutando temperatura colore, intensità e resa cromatica in funzione dell’ambiente. Una luce calda valorizza aree relax, sale da pranzo e camere, mentre una luce più neutra può essere utile in cucina, studio o spazi commerciali. La Ideal Lux Birds sp5 Lampade a Sospensione per Interni unisce funzione luminosa e valore decorativo, offrendo una soluzione SEO friendly e completa per chi cerca una lampada a sospensione Ideal Lux affidabile, ben descritta nelle varianti e pronta per essere inserita in un progetto di illuminazione domestico o professionale.","Lampada a sospensione Ideal Lux Birds sp5 per interni: ideale per soggiorno, cucina, living, sala da pranzo, camera e ambienti contract."
IL-CONFIG-154,"Ideal Lux Bistro' sp1 plate Lampade a Sospensione per Interni è una lampada a sospensione Ideal Lux pensata per l’illuminazione di interni residenziali e professionali, con una presenza scenografica coerente con il modello Bistro' sp1 plate. Il prodotto configurabile riunisce le varianti realmente associate nel catalogo: finiture/colori Fumé e Trasparente; dimensioni Ø28cm x H min 400 / max 2150, Ø40cm x H min 545 / max 2295 e Ø24cm x H min 590 / max 2340; forme o versioni plate, round e square; attacco E27; potenza massima 60W; materiali Metallo, Vetro. Le configurazioni disponibili comprendono: Bistro' sp1 plate -Plate-Fumé, Bistro' sp1 plate -Plate-Trasparente, Bistro' sp1 round -Round-Fumé, Bistro' sp1 round -Round-Trasparente, Bistro' sp1 square -Square-Fumé e Bistro' sp1 square -Square-Trasparente. Secondo la descrizione ufficiale Ideal Lux, montatura in metallo verniciato nero. Diffusore in vetro trasparente o fume', soffiato e modellato artigianalmente. La sospensione è indicata per soggiorno, zona living, sala da pranzo, cucina con isola o penisola, camera da letto, corridoi ampi e ambienti contract come reception, showroom, sale riunioni, ristoranti e boutique, scegliendo la configurazione più adatta per dimensione, finitura e numero di luci.","La Ideal Lux Bistro' sp1 plate Lampade a Sospensione per Interni è una lampada a sospensione Ideal Lux per interni progettata per completare l’arredo con una luce sospesa elegante, riconoscibile e proporzionata agli spazi. Il modello Bistro' sp1 plate è stato trattato come prodotto configurabile: le informazioni sono state aggregate dalle varianti semplici collegate, dagli attributi tecnici del configurabile, dal listino giacenze e dalle descrizioni ufficiali Ideal Lux quando presenti. In questo modo la scheda prodotto descrive l’intera famiglia disponibile senza creare testi separati per ogni singola variante. Le configurazioni disponibili includono finiture/colori Fumé e Trasparente; dimensioni Ø28cm x H min 400 / max 2150, Ø40cm x H min 545 / max 2295 e Ø24cm x H min 590 / max 2340; forme o versioni plate, round e square; attacco E27; potenza massima 60W; materiali Metallo, Vetro. Le configurazioni disponibili comprendono: Bistro' sp1 plate -Plate-Fumé, Bistro' sp1 plate -Plate-Trasparente, Bistro' sp1 round -Round-Fumé, Bistro' sp1 round -Round-Trasparente, Bistro' sp1 square -Square-Fumé e Bistro' sp1 square -Square-Trasparente. Dal punto di vista tecnico, la scheda riporta materiali dichiarati: Metallo, Vetro; ingombri disponibili: Ø28cm x H min 400 / max 2150 - Ø40cm x H min 545 / max 2295 - Ø24cm x H min 590 / max 2340; potenza massima: 60W; attacco portalampada: E27; grado di protezione: IP20. Secondo la descrizione ufficiale Ideal Lux, montatura in metallo verniciato nero. Diffusore in vetro trasparente o fume', soffiato e modellato artigianalmente. Questa sospensione è adatta a diversi ambienti della casa: sopra il tavolo da pranzo crea un punto luce centrale, in soggiorno e nella zona living contribuisce a definire l’atmosfera, in cucina può illuminare isole, penisole e piani snack, mentre in camera da letto o in un corridoio ampio può diventare un elemento decorativo capace di dare personalità allo spazio. Nei contesti professionali può essere utilizzata in reception, sale d’attesa, uffici direzionali, showroom, negozi, ristoranti, bar, hotel e spazi contract, sempre valutando altezza di installazione, dimensioni della stanza e quantità di luce desiderata. La scelta tra le varianti permette di coordinare la lampada con arredi chiari o scuri, superfici metalliche, vetro, legno, pietra o finiture contemporanee. Le versioni con diametri, forme o numero di sorgenti differenti sono utili per adattare la presenza visiva della sospensione a tavoli piccoli, piani allungati, ambienti con soffitto alto o zone living più scenografiche. Il grado di protezione indicato, quando presente nella scheda tecnica, conferma la destinazione ad ambienti interni asciutti: non viene quindi descritta come lampada da esterno o per zone esposte ad acqua e agenti atmosferici. Per ottenere il miglior risultato è consigliabile scegliere la sorgente luminosa compatibile con l’attacco e la potenza previsti, valutando temperatura colore, intensità e resa cromatica in funzione dell’ambiente. Una luce calda valorizza aree relax, sale da pranzo e camere, mentre una luce più neutra può essere utile in cucina, studio o spazi commerciali. La Ideal Lux Bistro' sp1 plate Lampade a Sospensione per Interni unisce funzione luminosa e valore decorativo, offrendo una soluzione SEO friendly e completa per chi cerca una lampada a sospensione Ideal Lux affidabile, ben descritta nelle varianti e pronta per essere inserita in un progetto di illuminazione domestico o professionale.","Lampada a sospensione Ideal Lux Bistro' sp1 plate per interni: ideale per soggiorno, cucina, living, sala da pranzo, camera e ambienti contract."
IL-CONFIG-155,"Ideal Lux Blanche sp6 Lampade a Sospensione per Interni è una lampada a sospensione Ideal Lux pensata per l’illuminazione di interni residenziali e professionali, con una presenza scenografica coerente con il modello Blanche sp6. Il prodotto configurabile riunisce le varianti realmente associate nel catalogo: finiture/colori Bianco e Nero; dimensioni Ø78cm x H min 960 / max 1860 e Ø92cm x H min 990 / max 1800; configurazioni 6 sorgenti luminose e 8 sorgenti luminose; attacco E14; potenza massima 6 x 40W - 8 x 40W; materiali Metallo, Tessuto, Vetro. Le configurazioni disponibili comprendono: Blanche sp6 -6 Sorgenti Luminose-Bianco, Blanche sp6 -6 Sorgenti Luminose-Nero, Blanche sp8 -8 Sorgenti Luminose-Bianco e Blanche sp8 -8 Sorgenti Luminose-Nero. Secondo la descrizione ufficiale Ideal Lux, montatura in metallo rifinito con smalto satinato bianco o nero. Paralumi in lamina di PVC rivestita di tessuto bianco o nero. Copricatena in velluto. La sospensione è indicata per soggiorno, zona living, sala da pranzo, cucina con isola o penisola, camera da letto, corridoi ampi e ambienti contract come reception, showroom, sale riunioni, ristoranti e boutique, scegliendo la configurazione più adatta per dimensione, finitura e numero di luci.","La Ideal Lux Blanche sp6 Lampade a Sospensione per Interni è una lampada a sospensione Ideal Lux per interni progettata per completare l’arredo con una luce sospesa elegante, riconoscibile e proporzionata agli spazi. Il modello Blanche sp6 è stato trattato come prodotto configurabile: le informazioni sono state aggregate dalle varianti semplici collegate, dagli attributi tecnici del configurabile, dal listino giacenze e dalle descrizioni ufficiali Ideal Lux quando presenti. In questo modo la scheda prodotto descrive l’intera famiglia disponibile senza creare testi separati per ogni singola variante. Le configurazioni disponibili includono finiture/colori Bianco e Nero; dimensioni Ø78cm x H min 960 / max 1860 e Ø92cm x H min 990 / max 1800; configurazioni 6 sorgenti luminose e 8 sorgenti luminose; attacco E14; potenza massima 6 x 40W - 8 x 40W; materiali Metallo, Tessuto, Vetro. Le configurazioni disponibili comprendono: Blanche sp6 -6 Sorgenti Luminose-Bianco, Blanche sp6 -6 Sorgenti Luminose-Nero, Blanche sp8 -8 Sorgenti Luminose-Bianco e Blanche sp8 -8 Sorgenti Luminose-Nero. Dal punto di vista tecnico, la scheda riporta materiali dichiarati: Metallo, Tessuto, Vetro; ingombri disponibili: Ø78cm x H min 960 / max 1860 - Ø92cm x H min 990 / max 1800; potenza massima: 6 x 40W - 8 x 40W; attacco portalampada: E14; grado di protezione: IP20. Secondo la descrizione ufficiale Ideal Lux, montatura in metallo rifinito con smalto satinato bianco o nero. Paralumi in lamina di PVC rivestita di tessuto bianco o nero. Copricatena in velluto. Questa sospensione è adatta a diversi ambienti della casa: sopra il tavolo da pranzo crea un punto luce centrale, in soggiorno e nella zona living contribuisce a definire l’atmosfera, in cucina può illuminare isole, penisole e piani snack, mentre in camera da letto o in un corridoio ampio può diventare un elemento decorativo capace di dare personalità allo spazio. Nei contesti professionali può essere utilizzata in reception, sale d’attesa, uffici direzionali, showroom, negozi, ristoranti, bar, hotel e spazi contract, sempre valutando altezza di installazione, dimensioni della stanza e quantità di luce desiderata. La scelta tra le varianti permette di coordinare la lampada con arredi chiari o scuri, superfici metalliche, vetro, legno, pietra o finiture contemporanee. Le versioni con diametri, forme o numero di sorgenti differenti sono utili per adattare la presenza visiva della sospensione a tavoli piccoli, piani allungati, ambienti con soffitto alto o zone living più scenografiche. Il grado di protezione indicato, quando presente nella scheda tecnica, conferma la destinazione ad ambienti interni asciutti: non viene quindi descritta come lampada da esterno o per zone esposte ad acqua e agenti atmosferici. Per ottenere il miglior risultato è consigliabile scegliere la sorgente luminosa compatibile con l’attacco e la potenza previsti, valutando temperatura colore, intensità e resa cromatica in funzione dell’ambiente. Una luce calda valorizza aree relax, sale da pranzo e camere, mentre una luce più neutra può essere utile in cucina, studio o spazi commerciali. La Ideal Lux Blanche sp6 Lampade a Sospensione per Interni unisce funzione luminosa e valore decorativo, offrendo una soluzione SEO friendly e completa per chi cerca una lampada a sospensione Ideal Lux affidabile, ben descritta nelle varianti e pronta per essere inserita in un progetto di illuminazione domestico o professionale.","Lampada a sospensione Ideal Lux Blanche sp6 per interni: ideale per soggiorno, cucina, living, sala da pranzo, camera e ambienti contract."
IL-CONFIG-156,"Ideal Lux Bloom sp1 Lampade a Sospensione per Interni è una lampada a sospensione Ideal Lux pensata per l’illuminazione di interni residenziali e professionali, con una presenza scenografica coerente con il modello Bloom sp1. Il prodotto configurabile riunisce le varianti realmente associate nel catalogo: finiture/colori Nero e Ottone; dimensioni Diametro, 11.5cm, 17cm, 22cm e 30cm; attacco E27 e G9; potenza massima 42W - 4W; materiali Alluminio, Metallo, Vetro; lampadina inclusa: Sì. Le configurazioni disponibili comprendono: Bloom sp1 -Nero-Diametro-11.5cm, Bloom sp1 -Ottone-Diametro-11.5cm, Bloom sp1 -Nero-Diametro-17cm, Bloom sp1 -Ottone-Diametro-17cm, Bloom sp1 -Nero-Diametro-22cm, Bloom sp1 -Ottone-Diametro-22cm, Bloom sp1 -Nero-Diametro-30cm e Bloom sp1 -Ottone-Diametro-30cm. La sospensione è indicata per soggiorno, zona living, sala da pranzo, cucina con isola o penisola, camera da letto, corridoi ampi e ambienti contract come reception, showroom, sale riunioni, ristoranti e boutique, scegliendo la configurazione più adatta per dimensione, finitura e numero di luci.","La Ideal Lux Bloom sp1 Lampade a Sospensione per Interni è una lampada a sospensione Ideal Lux per interni progettata per completare l’arredo con una luce sospesa elegante, riconoscibile e proporzionata agli spazi. Il modello Bloom sp1 è stato trattato come prodotto configurabile: le informazioni sono state aggregate dalle varianti semplici collegate, dagli attributi tecnici del configurabile, dal listino giacenze e dalle descrizioni ufficiali Ideal Lux quando presenti. In questo modo la scheda prodotto descrive l’intera famiglia disponibile senza creare testi separati per ogni singola variante. Le configurazioni disponibili includono finiture/colori Nero e Ottone; dimensioni Diametro, 11.5cm, 17cm, 22cm e 30cm; attacco E27 e G9; potenza massima 42W - 4W; materiali Alluminio, Metallo, Vetro; lampadina inclusa: Sì. Le configurazioni disponibili comprendono: Bloom sp1 -Nero-Diametro-11.5cm, Bloom sp1 -Ottone-Diametro-11.5cm, Bloom sp1 -Nero-Diametro-17cm, Bloom sp1 -Ottone-Diametro-17cm, Bloom sp1 -Nero-Diametro-22cm, Bloom sp1 -Ottone-Diametro-22cm, Bloom sp1 -Nero-Diametro-30cm e Bloom sp1 -Ottone-Diametro-30cm. Dal punto di vista tecnico, la scheda riporta materiali dichiarati: Alluminio, Metallo, Vetro; ingombri disponibili: Ø11.5cm x H min 570 / max 2735 - Ø17cm x H min 700 / max 2483 - Ø22cm x H min 1000 / max 2756 - Ø30cm x H min 1220 / max 3000; potenza massima: 42W - 4W; attacco portalampada: E27 e G9; lampadina inclusa: Sì; grado di protezione: IP20. Questa sospensione è adatta a diversi ambienti della casa: sopra il tavolo da pranzo crea un punto luce centrale, in soggiorno e nella zona living contribuisce a definire l’atmosfera, in cucina può illuminare isole, penisole e piani snack, mentre in camera da letto o in un corridoio ampio può diventare un elemento decorativo capace di dare personalità allo spazio. Nei contesti professionali può essere utilizzata in reception, sale d’attesa, uffici direzionali, showroom, negozi, ristoranti, bar, hotel e spazi contract, sempre valutando altezza di installazione, dimensioni della stanza e quantità di luce desiderata. La scelta tra le varianti permette di coordinare la lampada con arredi chiari o scuri, superfici metalliche, vetro, legno, pietra o finiture contemporanee. Le versioni con diametri, forme o numero di sorgenti differenti sono utili per adattare la presenza visiva della sospensione a tavoli piccoli, piani allungati, ambienti con soffitto alto o zone living più scenografiche. Il grado di protezione indicato, quando presente nella scheda tecnica, conferma la destinazione ad ambienti interni asciutti: non viene quindi descritta come lampada da esterno o per zone esposte ad acqua e agenti atmosferici. Per ottenere il miglior risultato è consigliabile scegliere la sorgente luminosa compatibile con l’attacco e la potenza previsti, valutando temperatura colore, intensità e resa cromatica in funzione dell’ambiente. Una luce calda valorizza aree relax, sale da pranzo e camere, mentre una luce più neutra può essere utile in cucina, studio o spazi commerciali. La Ideal Lux Bloom sp1 Lampade a Sospensione per Interni unisce funzione luminosa e valore decorativo, offrendo una soluzione SEO friendly e completa per chi cerca una lampada a sospensione Ideal Lux affidabile, ben descritta nelle varianti e pronta per essere inserita in un progetto di illuminazione domestico o professionale.","Lampada a sospensione Ideal Lux Bloom sp1 per interni: ideale per soggiorno, cucina, living, sala da pranzo, camera e ambienti contract."
IL-CONFIG-157,"Ideal Lux Bon bon sp6 Lampade a Sospensione per Interni è una lampada a sospensione Ideal Lux pensata per l’illuminazione di interni residenziali e professionali, con una presenza scenografica coerente con il modello Bon bon sp6. Il prodotto configurabile riunisce le varianti realmente associate nel catalogo: dimensioni Ø80cm x H min 720 / max 1320 e Ø95.5cm x H min 745 / max 1400; configurazioni 6 sorgenti luminose e 8 sorgenti luminose; attacco E14; potenza massima 6 x 28W - 8 x 28W; materiali Metallo, Vetro. Le configurazioni disponibili comprendono: Bon bon sp6 -6 Sorgenti Luminose e Bon bon sp8 -8 Sorgenti Luminose. Secondo la descrizione ufficiale Ideal Lux, montatura con bracci in fusione di metallo rifinito con vernice opaca bianca o nera. Bobeche in vetro soffiato nella versione bianca, in metallo in quella nera. Copricatena in velluto. La sospensione è indicata per soggiorno, zona living, sala da pranzo, cucina con isola o penisola, camera da letto, corridoi ampi e ambienti contract come reception, showroom, sale riunioni, ristoranti e boutique, scegliendo la configurazione più adatta per dimensione, finitura e numero di luci.","La Ideal Lux Bon bon sp6 Lampade a Sospensione per Interni è una lampada a sospensione Ideal Lux per interni progettata per completare l’arredo con una luce sospesa elegante, riconoscibile e proporzionata agli spazi. Il modello Bon bon sp6 è stato trattato come prodotto configurabile: le informazioni sono state aggregate dalle varianti semplici collegate, dagli attributi tecnici del configurabile, dal listino giacenze e dalle descrizioni ufficiali Ideal Lux quando presenti. In questo modo la scheda prodotto descrive l’intera famiglia disponibile senza creare testi separati per ogni singola variante. Le configurazioni disponibili includono dimensioni Ø80cm x H min 720 / max 1320 e Ø95.5cm x H min 745 / max 1400; configurazioni 6 sorgenti luminose e 8 sorgenti luminose; attacco E14; potenza massima 6 x 28W - 8 x 28W; materiali Metallo, Vetro. Le configurazioni disponibili comprendono: Bon bon sp6 -6 Sorgenti Luminose e Bon bon sp8 -8 Sorgenti Luminose. Dal punto di vista tecnico, la scheda riporta materiali dichiarati: Metallo, Vetro; ingombri disponibili: Ø80cm x H min 720 / max 1320 - Ø95.5cm x H min 745 / max 1400; potenza massima: 6 x 28W - 8 x 28W; attacco portalampada: E14; grado di protezione: IP20. Secondo la descrizione ufficiale Ideal Lux, montatura con bracci in fusione di metallo rifinito con vernice opaca bianca o nera. Bobeche in vetro soffiato nella versione bianca, in metallo in quella nera. Copricatena in velluto. Questa sospensione è adatta a diversi ambienti della casa: sopra il tavolo da pranzo crea un punto luce centrale, in soggiorno e nella zona living contribuisce a definire l’atmosfera, in cucina può illuminare isole, penisole e piani snack, mentre in camera da letto o in un corridoio ampio può diventare un elemento decorativo capace di dare personalità allo spazio. Nei contesti professionali può essere utilizzata in reception, sale d’attesa, uffici direzionali, showroom, negozi, ristoranti, bar, hotel e spazi contract, sempre valutando altezza di installazione, dimensioni della stanza e quantità di luce desiderata. La scelta tra le varianti permette di coordinare la lampada con arredi chiari o scuri, superfici metalliche, vetro, legno, pietra o finiture contemporanee. Le versioni con diametri, forme o numero di sorgenti differenti sono utili per adattare la presenza visiva della sospensione a tavoli piccoli, piani allungati, ambienti con soffitto alto o zone living più scenografiche. Il grado di protezione indicato, quando presente nella scheda tecnica, conferma la destinazione ad ambienti interni asciutti: non viene quindi descritta come lampada da esterno o per zone esposte ad acqua e agenti atmosferici. Per ottenere il miglior risultato è consigliabile scegliere la sorgente luminosa compatibile con l’attacco e la potenza previsti, valutando temperatura colore, intensità e resa cromatica in funzione dell’ambiente. Una luce calda valorizza aree relax, sale da pranzo e camere, mentre una luce più neutra può essere utile in cucina, studio o spazi commerciali. La Ideal Lux Bon bon sp6 Lampade a Sospensione per Interni unisce funzione luminosa e valore decorativo, offrendo una soluzione SEO friendly e completa per chi cerca una lampada a sospensione Ideal Lux affidabile, ben descritta nelle varianti e pronta per essere inserita in un progetto di illuminazione domestico o professionale.","Lampada a sospensione Ideal Lux Bon bon sp6 per interni: ideale per soggiorno, cucina, living, sala da pranzo, camera e ambienti contract."
IL-CONFIG-158,"Ideal Lux Breeze sp1 big Lampade a Sospensione per Interni è una lampada a sospensione Ideal Lux pensata per l’illuminazione di interni residenziali e professionali, con una presenza scenografica coerente con il modello Breeze sp1 big. Il prodotto configurabile riunisce le varianti realmente associate nel catalogo: dimensioni Diametro, 46.5cm e 23.5cm; attacco E27; potenza massima 60W; materiali Metallo. Le configurazioni disponibili comprendono: Breeze sp1 big -Diametro-46.5cm e Breeze sp1 small -Diametro-23.5cm. Secondo la descrizione ufficiale Ideal Lux, montatura e diffusore in metallo. Interno smaltato in bianco. Cavo elettrico regolabile in lunghezza. La sospensione è indicata per soggiorno, zona living, sala da pranzo, cucina con isola o penisola, camera da letto, corridoi ampi e ambienti contract come reception, showroom, sale riunioni, ristoranti e boutique, scegliendo la configurazione più adatta per dimensione, finitura e numero di luci.","La Ideal Lux Breeze sp1 big Lampade a Sospensione per Interni è una lampada a sospensione Ideal Lux per interni progettata per completare l’arredo con una luce sospesa elegante, riconoscibile e proporzionata agli spazi. Il modello Breeze sp1 big è stato trattato come prodotto configurabile: le informazioni sono state aggregate dalle varianti semplici collegate, dagli attributi tecnici del configurabile, dal listino giacenze e dalle descrizioni ufficiali Ideal Lux quando presenti. In questo modo la scheda prodotto descrive l’intera famiglia disponibile senza creare testi separati per ogni singola variante. Le configurazioni disponibili includono dimensioni Diametro, 46.5cm e 23.5cm; attacco E27; potenza massima 60W; materiali Metallo. Le configurazioni disponibili comprendono: Breeze sp1 big -Diametro-46.5cm e Breeze sp1 small -Diametro-23.5cm. Dal punto di vista tecnico, la scheda riporta materiali dichiarati: Metallo; ingombri disponibili: Ø46.5cm x H min 735 / max 2485 - Ø23.5cm x H min 520 / max 2270; potenza massima: 60W; attacco portalampada: E27; grado di protezione: IP20. Secondo la descrizione ufficiale Ideal Lux, montatura e diffusore in metallo. Interno smaltato in bianco. Cavo elettrico regolabile in lunghezza. Questa sospensione è adatta a diversi ambienti della casa: sopra il tavolo da pranzo crea un punto luce centrale, in soggiorno e nella zona living contribuisce a definire l’atmosfera, in cucina può illuminare isole, penisole e piani snack, mentre in camera da letto o in un corridoio ampio può diventare un elemento decorativo capace di dare personalità allo spazio. Nei contesti professionali può essere utilizzata in reception, sale d’attesa, uffici direzionali, showroom, negozi, ristoranti, bar, hotel e spazi contract, sempre valutando altezza di installazione, dimensioni della stanza e quantità di luce desiderata. La scelta tra le varianti permette di coordinare la lampada con arredi chiari o scuri, superfici metalliche, vetro, legno, pietra o finiture contemporanee. Le versioni con diametri, forme o numero di sorgenti differenti sono utili per adattare la presenza visiva della sospensione a tavoli piccoli, piani allungati, ambienti con soffitto alto o zone living più scenografiche. Il grado di protezione indicato, quando presente nella scheda tecnica, conferma la destinazione ad ambienti interni asciutti: non viene quindi descritta come lampada da esterno o per zone esposte ad acqua e agenti atmosferici. Per ottenere il miglior risultato è consigliabile scegliere la sorgente luminosa compatibile con l’attacco e la potenza previsti, valutando temperatura colore, intensità e resa cromatica in funzione dell’ambiente. Una luce calda valorizza aree relax, sale da pranzo e camere, mentre una luce più neutra può essere utile in cucina, studio o spazi commerciali. La Ideal Lux Breeze sp1 big Lampade a Sospensione per Interni unisce funzione luminosa e valore decorativo, offrendo una soluzione SEO friendly e completa per chi cerca una lampada a sospensione Ideal Lux affidabile, ben descritta nelle varianti e pronta per essere inserita in un progetto di illuminazione domestico o professionale.","Lampada a sospensione Ideal Lux Breeze sp1 big per interni: ideale per soggiorno, cucina, living, sala da pranzo, camera e ambienti contract."
IL-CONFIG-159,"Ideal Lux Brigitta sp12 Lampade a Sospensione per Interni è una lampada a sospensione Ideal Lux pensata per l’illuminazione di interni residenziali e professionali, con una presenza scenografica coerente con il modello Brigitta sp12. Il prodotto configurabile riunisce le varianti realmente associate nel catalogo: finiture/colori Ambra e Trasparente; dimensioni Ø120cm x H min 1095 / max 1840 e Ø89cm x H min 1000 / max 1840; configurazioni 12 sorgenti luminose e 8 sorgenti luminose; attacco E14; potenza massima 12 x 40W - 8 x 40W; materiali Vetro. Le configurazioni disponibili comprendono: Brigitta sp12 -12 Sorgenti Luminose-Ambra, Brigitta sp12 -12 Sorgenti Luminose-Trasparente, Brigitta sp8 -8 Sorgenti Luminose-Ambra e Brigitta sp8 -8 Sorgenti Luminose-Trasparente. Secondo la descrizione ufficiale Ideal Lux, lampadario in vetro soffiato trasparente o ambrato, lavorato artigianalmente con montatura in metallo e copricatena in velluto. La sospensione è indicata per soggiorno, zona living, sala da pranzo, cucina con isola o penisola, camera da letto, corridoi ampi e ambienti contract come reception, showroom, sale riunioni, ristoranti e boutique, scegliendo la configurazione più adatta per dimensione, finitura e numero di luci.","La Ideal Lux Brigitta sp12 Lampade a Sospensione per Interni è una lampada a sospensione Ideal Lux per interni progettata per completare l’arredo con una luce sospesa elegante, riconoscibile e proporzionata agli spazi. Il modello Brigitta sp12 è stato trattato come prodotto configurabile: le informazioni sono state aggregate dalle varianti semplici collegate, dagli attributi tecnici del configurabile, dal listino giacenze e dalle descrizioni ufficiali Ideal Lux quando presenti. In questo modo la scheda prodotto descrive l’intera famiglia disponibile senza creare testi separati per ogni singola variante. Le configurazioni disponibili includono finiture/colori Ambra e Trasparente; dimensioni Ø120cm x H min 1095 / max 1840 e Ø89cm x H min 1000 / max 1840; configurazioni 12 sorgenti luminose e 8 sorgenti luminose; attacco E14; potenza massima 12 x 40W - 8 x 40W; materiali Vetro. Le configurazioni disponibili comprendono: Brigitta sp12 -12 Sorgenti Luminose-Ambra, Brigitta sp12 -12 Sorgenti Luminose-Trasparente, Brigitta sp8 -8 Sorgenti Luminose-Ambra e Brigitta sp8 -8 Sorgenti Luminose-Trasparente. Dal punto di vista tecnico, la scheda riporta materiali dichiarati: Vetro; ingombri disponibili: Ø120cm x H min 1095 / max 1840 - Ø89cm x H min 1000 / max 1840; potenza massima: 12 x 40W - 8 x 40W; attacco portalampada: E14; grado di protezione: IP20. Secondo la descrizione ufficiale Ideal Lux, lampadario in vetro soffiato trasparente o ambrato, lavorato artigianalmente con montatura in metallo e copricatena in velluto. Questa sospensione è adatta a diversi ambienti della casa: sopra il tavolo da pranzo crea un punto luce centrale, in soggiorno e nella zona living contribuisce a definire l’atmosfera, in cucina può illuminare isole, penisole e piani snack, mentre in camera da letto o in un corridoio ampio può diventare un elemento decorativo capace di dare personalità allo spazio. Nei contesti professionali può essere utilizzata in reception, sale d’attesa, uffici direzionali, showroom, negozi, ristoranti, bar, hotel e spazi contract, sempre valutando altezza di installazione, dimensioni della stanza e quantità di luce desiderata. La scelta tra le varianti permette di coordinare la lampada con arredi chiari o scuri, superfici metalliche, vetro, legno, pietra o finiture contemporanee. Le versioni con diametri, forme o numero di sorgenti differenti sono utili per adattare la presenza visiva della sospensione a tavoli piccoli, piani allungati, ambienti con soffitto alto o zone living più scenografiche. Il grado di protezione indicato, quando presente nella scheda tecnica, conferma la destinazione ad ambienti interni asciutti: non viene quindi descritta come lampada da esterno o per zone esposte ad acqua e agenti atmosferici. Per ottenere il miglior risultato è consigliabile scegliere la sorgente luminosa compatibile con l’attacco e la potenza previsti, valutando temperatura colore, intensità e resa cromatica in funzione dell’ambiente. Una luce calda valorizza aree relax, sale da pranzo e camere, mentre una luce più neutra può essere utile in cucina, studio o spazi commerciali. La Ideal Lux Brigitta sp12 Lampade a Sospensione per Interni unisce funzione luminosa e valore decorativo, offrendo una soluzione SEO friendly e completa per chi cerca una lampada a sospensione Ideal Lux affidabile, ben descritta nelle varianti e pronta per essere inserita in un progetto di illuminazione domestico o professionale.","Lampada a sospensione Ideal Lux Brigitta sp12 per interni: ideale per soggiorno, cucina, living, sala da pranzo, camera e ambienti contract."
IL-CONFIG-160,"Ideal Lux Caesar sp12 Lampade a Sospensione per Interni è una lampada a sospensione Ideal Lux pensata per l’illuminazione di interni residenziali e professionali, con una presenza scenografica coerente con il modello Caesar sp12. Il prodotto configurabile riunisce le varianti realmente associate nel catalogo: finiture/colori Oro e Cromo; dimensioni Ø55cm x H min 1050 / max 2100, Ø38cm x H min 790 / max 1700 e Ø45cm x H min 960 / max 1850; configurazioni 12 sorgenti luminose, 6 sorgenti luminose e 9 sorgenti luminose; attacco G9; potenza massima 12 x 4W - 6 x 4W - 9 x 4W; materiali Cristallo, Metallo, Vetro; lampadina inclusa: Sì. Le configurazioni disponibili comprendono: Caesar sp12 -12 Sorgenti Luminose-Oro, Caesar sp12 -12 Sorgenti Luminose-Cromo, Caesar sp6 -6 Sorgenti Luminose-Oro, Caesar sp6 -6 Sorgenti Luminose-Cromo e Caesar sp9 -9 Sorgenti Luminose-Oro. Secondo la descrizione ufficiale Ideal Lux, montatura in metallo con finitura in oro o cromo. Elementi decorativi in cristallo molato ottagonali con finali a puntale. La sospensione è indicata per soggiorno, zona living, sala da pranzo, cucina con isola o penisola, camera da letto, corridoi ampi e ambienti contract come reception, showroom, sale riunioni, ristoranti e boutique, scegliendo la configurazione più adatta per dimensione, finitura e numero di luci.","La Ideal Lux Caesar sp12 Lampade a Sospensione per Interni è una lampada a sospensione Ideal Lux per interni progettata per completare l’arredo con una luce sospesa elegante, riconoscibile e proporzionata agli spazi. Il modello Caesar sp12 è stato trattato come prodotto configurabile: le informazioni sono state aggregate dalle varianti semplici collegate, dagli attributi tecnici del configurabile, dal listino giacenze e dalle descrizioni ufficiali Ideal Lux quando presenti. In questo modo la scheda prodotto descrive l’intera famiglia disponibile senza creare testi separati per ogni singola variante. Le configurazioni disponibili includono finiture/colori Oro e Cromo; dimensioni Ø55cm x H min 1050 / max 2100, Ø38cm x H min 790 / max 1700 e Ø45cm x H min 960 / max 1850; configurazioni 12 sorgenti luminose, 6 sorgenti luminose e 9 sorgenti luminose; attacco G9; potenza massima 12 x 4W - 6 x 4W - 9 x 4W; materiali Cristallo, Metallo, Vetro; lampadina inclusa: Sì. Le configurazioni disponibili comprendono: Caesar sp12 -12 Sorgenti Luminose-Oro, Caesar sp12 -12 Sorgenti Luminose-Cromo, Caesar sp6 -6 Sorgenti Luminose-Oro, Caesar sp6 -6 Sorgenti Luminose-Cromo e Caesar sp9 -9 Sorgenti Luminose-Oro. Dal punto di vista tecnico, la scheda riporta materiali dichiarati: Cristallo, Metallo, Vetro; ingombri disponibili: Ø55cm x H min 1050 / max 2100 - Ø38cm x H min 790 / max 1700 - Ø45cm x H min 960 / max 1850; potenza massima: 12 x 4W - 6 x 4W - 9 x 4W; attacco portalampada: G9; lampadina inclusa: Sì; grado di protezione: IP20. Secondo la descrizione ufficiale Ideal Lux, montatura in metallo con finitura in oro o cromo. Elementi decorativi in cristallo molato ottagonali con finali a puntale. Questa sospensione è adatta a diversi ambienti della casa: sopra il tavolo da pranzo crea un punto luce centrale, in soggiorno e nella zona living contribuisce a definire l’atmosfera, in cucina può illuminare isole, penisole e piani snack, mentre in camera da letto o in un corridoio ampio può diventare un elemento decorativo capace di dare personalità allo spazio. Nei contesti professionali può essere utilizzata in reception, sale d’attesa, uffici direzionali, showroom, negozi, ristoranti, bar, hotel e spazi contract, sempre valutando altezza di installazione, dimensioni della stanza e quantità di luce desiderata. La scelta tra le varianti permette di coordinare la lampada con arredi chiari o scuri, superfici metalliche, vetro, legno, pietra o finiture contemporanee. Le versioni con diametri, forme o numero di sorgenti differenti sono utili per adattare la presenza visiva della sospensione a tavoli piccoli, piani allungati, ambienti con soffitto alto o zone living più scenografiche. Il grado di protezione indicato, quando presente nella scheda tecnica, conferma la destinazione ad ambienti interni asciutti: non viene quindi descritta come lampada da esterno o per zone esposte ad acqua e agenti atmosferici. Per ottenere il miglior risultato è consigliabile scegliere la sorgente luminosa compatibile con l’attacco e la potenza previsti, valutando temperatura colore, intensità e resa cromatica in funzione dell’ambiente. Una luce calda valorizza aree relax, sale da pranzo e camere, mentre una luce più neutra può essere utile in cucina, studio o spazi commerciali. La Ideal Lux Caesar sp12 Lampade a Sospensione per Interni unisce funzione luminosa e valore decorativo, offrendo una soluzione SEO friendly e completa per chi cerca una lampada a sospensione Ideal Lux affidabile, ben descritta nelle varianti e pronta per essere inserita in un progetto di illuminazione domestico o professionale.","Lampada a sospensione Ideal Lux Caesar sp12 per interni: ideale per soggiorno, cucina, living, sala da pranzo, camera e ambienti contract."
IL-CONFIG-161,"Ideal Lux Candy sp1 Lampade a Sospensione per Interni è una lampada a sospensione Ideal Lux pensata per l’illuminazione di interni residenziali e professionali, con una presenza scenografica coerente con il modello Candy sp1. Il prodotto configurabile riunisce le varianti realmente associate nel catalogo: dimensioni Diametro, 40cm e 50cm; attacco E27; potenza massima 42W; materiali Vetro. Le configurazioni disponibili comprendono: Candy sp1 -Diametro-40cm e Candy sp1 -Diametro-50cm. Secondo la descrizione ufficiale Ideal Lux, montatura in metallo bianco. Diffusore in vetro bianco soffiato e acidato. Cavi in acciaio a lunghezza regolabile con dispositivi ferma cavo automatici. La sospensione è indicata per soggiorno, zona living, sala da pranzo, cucina con isola o penisola, camera da letto, corridoi ampi e ambienti contract come reception, showroom, sale riunioni, ristoranti e boutique, scegliendo la configurazione più adatta per dimensione, finitura e numero di luci.","La Ideal Lux Candy sp1 Lampade a Sospensione per Interni è una lampada a sospensione Ideal Lux per interni progettata per completare l’arredo con una luce sospesa elegante, riconoscibile e proporzionata agli spazi. Il modello Candy sp1 è stato trattato come prodotto configurabile: le informazioni sono state aggregate dalle varianti semplici collegate, dagli attributi tecnici del configurabile, dal listino giacenze e dalle descrizioni ufficiali Ideal Lux quando presenti. In questo modo la scheda prodotto descrive l’intera famiglia disponibile senza creare testi separati per ogni singola variante. Le configurazioni disponibili includono dimensioni Diametro, 40cm e 50cm; attacco E27; potenza massima 42W; materiali Vetro. Le configurazioni disponibili comprendono: Candy sp1 -Diametro-40cm e Candy sp1 -Diametro-50cm. Dal punto di vista tecnico, la scheda riporta materiali dichiarati: Vetro; ingombri disponibili: Ø40cm x H min 480 / max 2230 - Ø50cm x H min 530 / max 2280; potenza massima: 42W; attacco portalampada: E27; grado di protezione: IP20. Secondo la descrizione ufficiale Ideal Lux, montatura in metallo bianco. Diffusore in vetro bianco soffiato e acidato. Cavi in acciaio a lunghezza regolabile con dispositivi ferma cavo automatici. Questa sospensione è adatta a diversi ambienti della casa: sopra il tavolo da pranzo crea un punto luce centrale, in soggiorno e nella zona living contribuisce a definire l’atmosfera, in cucina può illuminare isole, penisole e piani snack, mentre in camera da letto o in un corridoio ampio può diventare un elemento decorativo capace di dare personalità allo spazio. Nei contesti professionali può essere utilizzata in reception, sale d’attesa, uffici direzionali, showroom, negozi, ristoranti, bar, hotel e spazi contract, sempre valutando altezza di installazione, dimensioni della stanza e quantità di luce desiderata. La scelta tra le varianti permette di coordinare la lampada con arredi chiari o scuri, superfici metalliche, vetro, legno, pietra o finiture contemporanee. Le versioni con diametri, forme o numero di sorgenti differenti sono utili per adattare la presenza visiva della sospensione a tavoli piccoli, piani allungati, ambienti con soffitto alto o zone living più scenografiche. Il grado di protezione indicato, quando presente nella scheda tecnica, conferma la destinazione ad ambienti interni asciutti: non viene quindi descritta come lampada da esterno o per zone esposte ad acqua e agenti atmosferici. Per ottenere il miglior risultato è consigliabile scegliere la sorgente luminosa compatibile con l’attacco e la potenza previsti, valutando temperatura colore, intensità e resa cromatica in funzione dell’ambiente. Una luce calda valorizza aree relax, sale da pranzo e camere, mentre una luce più neutra può essere utile in cucina, studio o spazi commerciali. La Ideal Lux Candy sp1 Lampade a Sospensione per Interni unisce funzione luminosa e valore decorativo, offrendo una soluzione SEO friendly e completa per chi cerca una lampada a sospensione Ideal Lux affidabile, ben descritta nelle varianti e pronta per essere inserita in un progetto di illuminazione domestico o professionale.","Lampada a sospensione Ideal Lux Candy sp1 per interni: ideale per soggiorno, cucina, living, sala da pranzo, camera e ambienti contract."
IL-CONFIG-162,"Ideal Lux Cantina sp1 Lampade a Sospensione per Interni è una lampada a sospensione Ideal Lux pensata per l’illuminazione di interni residenziali e professionali, con una presenza scenografica coerente con il modello Cantina sp1. Il prodotto configurabile riunisce le varianti realmente associate nel catalogo: finiture/colori Brunito e Rame; dimensioni Ø35cm x H min 340 / max 1050; attacco E27; potenza massima 42W; materiali Metallo. Le configurazioni disponibili comprendono: Cantina sp1 -Brunito e Cantina sp1 -Rame. Secondo la descrizione ufficiale Ideal Lux, montatura, diffusore e copriportalampada in metallo disponibile con finitura brunito o rame. Cavo elettrico rivestito in tessuto e intrecciato. La sospensione è indicata per soggiorno, zona living, sala da pranzo, cucina con isola o penisola, camera da letto, corridoi ampi e ambienti contract come reception, showroom, sale riunioni, ristoranti e boutique, scegliendo la configurazione più adatta per dimensione, finitura e numero di luci.","La Ideal Lux Cantina sp1 Lampade a Sospensione per Interni è una lampada a sospensione Ideal Lux per interni progettata per completare l’arredo con una luce sospesa elegante, riconoscibile e proporzionata agli spazi. Il modello Cantina sp1 è stato trattato come prodotto configurabile: le informazioni sono state aggregate dalle varianti semplici collegate, dagli attributi tecnici del configurabile, dal listino giacenze e dalle descrizioni ufficiali Ideal Lux quando presenti. In questo modo la scheda prodotto descrive l’intera famiglia disponibile senza creare testi separati per ogni singola variante. Le configurazioni disponibili includono finiture/colori Brunito e Rame; dimensioni Ø35cm x H min 340 / max 1050; attacco E27; potenza massima 42W; materiali Metallo. Le configurazioni disponibili comprendono: Cantina sp1 -Brunito e Cantina sp1 -Rame. Dal punto di vista tecnico, la scheda riporta materiali dichiarati: Metallo; ingombri disponibili: Ø35cm x H min 340 / max 1050; potenza massima: 42W; attacco portalampada: E27; grado di protezione: IP20. Secondo la descrizione ufficiale Ideal Lux, montatura, diffusore e copriportalampada in metallo disponibile con finitura brunito o rame. Cavo elettrico rivestito in tessuto e intrecciato. Questa sospensione è adatta a diversi ambienti della casa: sopra il tavolo da pranzo crea un punto luce centrale, in soggiorno e nella zona living contribuisce a definire l’atmosfera, in cucina può illuminare isole, penisole e piani snack, mentre in camera da letto o in un corridoio ampio può diventare un elemento decorativo capace di dare personalità allo spazio. Nei contesti professionali può essere utilizzata in reception, sale d’attesa, uffici direzionali, showroom, negozi, ristoranti, bar, hotel e spazi contract, sempre valutando altezza di installazione, dimensioni della stanza e quantità di luce desiderata. La scelta tra le varianti permette di coordinare la lampada con arredi chiari o scuri, superfici metalliche, vetro, legno, pietra o finiture contemporanee. Le versioni con diametri, forme o numero di sorgenti differenti sono utili per adattare la presenza visiva della sospensione a tavoli piccoli, piani allungati, ambienti con soffitto alto o zone living più scenografiche. Il grado di protezione indicato, quando presente nella scheda tecnica, conferma la destinazione ad ambienti interni asciutti: non viene quindi descritta come lampada da esterno o per zone esposte ad acqua e agenti atmosferici. Per ottenere il miglior risultato è consigliabile scegliere la sorgente luminosa compatibile con l’attacco e la potenza previsti, valutando temperatura colore, intensità e resa cromatica in funzione dell’ambiente. Una luce calda valorizza aree relax, sale da pranzo e camere, mentre una luce più neutra può essere utile in cucina, studio o spazi commerciali. La Ideal Lux Cantina sp1 Lampade a Sospensione per Interni unisce funzione luminosa e valore decorativo, offrendo una soluzione SEO friendly e completa per chi cerca una lampada a sospensione Ideal Lux affidabile, ben descritta nelle varianti e pronta per essere inserita in un progetto di illuminazione domestico o professionale.","Lampada a sospensione Ideal Lux Cantina sp1 per interni: ideale per soggiorno, cucina, living, sala da pranzo, camera e ambienti contract."
IL-CONFIG-163,"Ideal Lux Carlton sp12 Lampade a Sospensione per Interni è una lampada a sospensione Ideal Lux pensata per l’illuminazione di interni residenziali e professionali, con una presenza scenografica coerente con il modello Carlton sp12. Il prodotto configurabile riunisce le varianti realmente associate nel catalogo: finiture/colori Cromo e Oro; dimensioni Ø50cm x H min 940 / max 2690 e Ø40cm x H min 870 / max 2620; configurazioni 12 sorgenti luminose e 8 sorgenti luminose; attacco E14; potenza massima 12 x 40W - 8 x 40W; materiali Cristallo, Metallo, Vetro. Le configurazioni disponibili comprendono: Carlton sp12 -12 Sorgenti Luminose-Cromo, Carlton sp12 -12 Sorgenti Luminose-Oro e Carlton sp8 -8 Sorgenti Luminose-Cromo. Secondo la descrizione ufficiale Ideal Lux, montatura in metallo cromato o dorato. Elementi decorativi con catene di ottagoni e barre in cristallo molato trasparente. La sospensione è indicata per soggiorno, zona living, sala da pranzo, cucina con isola o penisola, camera da letto, corridoi ampi e ambienti contract come reception, showroom, sale riunioni, ristoranti e boutique, scegliendo la configurazione più adatta per dimensione, finitura e numero di luci.","La Ideal Lux Carlton sp12 Lampade a Sospensione per Interni è una lampada a sospensione Ideal Lux per interni progettata per completare l’arredo con una luce sospesa elegante, riconoscibile e proporzionata agli spazi. Il modello Carlton sp12 è stato trattato come prodotto configurabile: le informazioni sono state aggregate dalle varianti semplici collegate, dagli attributi tecnici del configurabile, dal listino giacenze e dalle descrizioni ufficiali Ideal Lux quando presenti. In questo modo la scheda prodotto descrive l’intera famiglia disponibile senza creare testi separati per ogni singola variante. Le configurazioni disponibili includono finiture/colori Cromo e Oro; dimensioni Ø50cm x H min 940 / max 2690 e Ø40cm x H min 870 / max 2620; configurazioni 12 sorgenti luminose e 8 sorgenti luminose; attacco E14; potenza massima 12 x 40W - 8 x 40W; materiali Cristallo, Metallo, Vetro. Le configurazioni disponibili comprendono: Carlton sp12 -12 Sorgenti Luminose-Cromo, Carlton sp12 -12 Sorgenti Luminose-Oro e Carlton sp8 -8 Sorgenti Luminose-Cromo. Dal punto di vista tecnico, la scheda riporta materiali dichiarati: Cristallo, Metallo, Vetro; ingombri disponibili: Ø50cm x H min 940 / max 2690 - Ø40cm x H min 870 / max 2620; potenza massima: 12 x 40W - 8 x 40W; attacco portalampada: E14; grado di protezione: IP20. Secondo la descrizione ufficiale Ideal Lux, montatura in metallo cromato o dorato. Elementi decorativi con catene di ottagoni e barre in cristallo molato trasparente. Questa sospensione è adatta a diversi ambienti della casa: sopra il tavolo da pranzo crea un punto luce centrale, in soggiorno e nella zona living contribuisce a definire l’atmosfera, in cucina può illuminare isole, penisole e piani snack, mentre in camera da letto o in un corridoio ampio può diventare un elemento decorativo capace di dare personalità allo spazio. Nei contesti professionali può essere utilizzata in reception, sale d’attesa, uffici direzionali, showroom, negozi, ristoranti, bar, hotel e spazi contract, sempre valutando altezza di installazione, dimensioni della stanza e quantità di luce desiderata. La scelta tra le varianti permette di coordinare la lampada con arredi chiari o scuri, superfici metalliche, vetro, legno, pietra o finiture contemporanee. Le versioni con diametri, forme o numero di sorgenti differenti sono utili per adattare la presenza visiva della sospensione a tavoli piccoli, piani allungati, ambienti con soffitto alto o zone living più scenografiche. Il grado di protezione indicato, quando presente nella scheda tecnica, conferma la destinazione ad ambienti interni asciutti: non viene quindi descritta come lampada da esterno o per zone esposte ad acqua e agenti atmosferici. Per ottenere il miglior risultato è consigliabile scegliere la sorgente luminosa compatibile con l’attacco e la potenza previsti, valutando temperatura colore, intensità e resa cromatica in funzione dell’ambiente. Una luce calda valorizza aree relax, sale da pranzo e camere, mentre una luce più neutra può essere utile in cucina, studio o spazi commerciali. La Ideal Lux Carlton sp12 Lampade a Sospensione per Interni unisce funzione luminosa e valore decorativo, offrendo una soluzione SEO friendly e completa per chi cerca una lampada a sospensione Ideal Lux affidabile, ben descritta nelle varianti e pronta per essere inserita in un progetto di illuminazione domestico o professionale.","Lampada a sospensione Ideal Lux Carlton sp12 per interni: ideale per soggiorno, cucina, living, sala da pranzo, camera e ambienti contract."
IL-CONFIG-164,"Ideal Lux Carta sp1 Lampade a Sospensione per Interni è una lampada a sospensione Ideal Lux pensata per l’illuminazione di interni residenziali e professionali, con una presenza scenografica coerente con il modello Carta sp1. Il prodotto configurabile riunisce le varianti realmente associate nel catalogo: dimensioni Diametro, 30cm, 40cm, 50cm e 60cm; attacco E27; potenza massima 25W - 60W; materiali Metallo, PS, Vetro. Le configurazioni disponibili comprendono: Carta sp1 -Diametro-30cm, Carta sp1 -Diametro-40cm, Carta sp1 -Diametro-50cm e Carta sp1 -Diametro-60cm. Secondo la descrizione ufficiale Ideal Lux, montatura in metallo verniciato bianco opaco. Diffusore in policarbonato con rivestimento ad effetto carta. Cavo rivestito in tessuto. La sospensione è indicata per soggiorno, zona living, sala da pranzo, cucina con isola o penisola, camera da letto, corridoi ampi e ambienti contract come reception, showroom, sale riunioni, ristoranti e boutique, scegliendo la configurazione più adatta per dimensione, finitura e numero di luci.","La Ideal Lux Carta sp1 Lampade a Sospensione per Interni è una lampada a sospensione Ideal Lux per interni progettata per completare l’arredo con una luce sospesa elegante, riconoscibile e proporzionata agli spazi. Il modello Carta sp1 è stato trattato come prodotto configurabile: le informazioni sono state aggregate dalle varianti semplici collegate, dagli attributi tecnici del configurabile, dal listino giacenze e dalle descrizioni ufficiali Ideal Lux quando presenti. In questo modo la scheda prodotto descrive l’intera famiglia disponibile senza creare testi separati per ogni singola variante. Le configurazioni disponibili includono dimensioni Diametro, 30cm, 40cm, 50cm e 60cm; attacco E27; potenza massima 25W - 60W; materiali Metallo, PS, Vetro. Le configurazioni disponibili comprendono: Carta sp1 -Diametro-30cm, Carta sp1 -Diametro-40cm, Carta sp1 -Diametro-50cm e Carta sp1 -Diametro-60cm. Dal punto di vista tecnico, la scheda riporta materiali dichiarati: Metallo, PS, Vetro; ingombri disponibili: Ø30cm x H min 520 / max 2270 - Ø40cm x H min 630 / max 2380 - Ø50cm x H min 720 / max 2470 - Ø60cm x H min 850 / max 2600; potenza massima: 25W - 60W; attacco portalampada: E27; grado di protezione: IP20. Secondo la descrizione ufficiale Ideal Lux, montatura in metallo verniciato bianco opaco. Diffusore in policarbonato con rivestimento ad effetto carta. Cavo rivestito in tessuto. Questa sospensione è adatta a diversi ambienti della casa: sopra il tavolo da pranzo crea un punto luce centrale, in soggiorno e nella zona living contribuisce a definire l’atmosfera, in cucina può illuminare isole, penisole e piani snack, mentre in camera da letto o in un corridoio ampio può diventare un elemento decorativo capace di dare personalità allo spazio. Nei contesti professionali può essere utilizzata in reception, sale d’attesa, uffici direzionali, showroom, negozi, ristoranti, bar, hotel e spazi contract, sempre valutando altezza di installazione, dimensioni della stanza e quantità di luce desiderata. La scelta tra le varianti permette di coordinare la lampada con arredi chiari o scuri, superfici metalliche, vetro, legno, pietra o finiture contemporanee. Le versioni con diametri, forme o numero di sorgenti differenti sono utili per adattare la presenza visiva della sospensione a tavoli piccoli, piani allungati, ambienti con soffitto alto o zone living più scenografiche. Il grado di protezione indicato, quando presente nella scheda tecnica, conferma la destinazione ad ambienti interni asciutti: non viene quindi descritta come lampada da esterno o per zone esposte ad acqua e agenti atmosferici. Per ottenere il miglior risultato è consigliabile scegliere la sorgente luminosa compatibile con l’attacco e la potenza previsti, valutando temperatura colore, intensità e resa cromatica in funzione dell’ambiente. Una luce calda valorizza aree relax, sale da pranzo e camere, mentre una luce più neutra può essere utile in cucina, studio o spazi commerciali. La Ideal Lux Carta sp1 Lampade a Sospensione per Interni unisce funzione luminosa e valore decorativo, offrendo una soluzione SEO friendly e completa per chi cerca una lampada a sospensione Ideal Lux affidabile, ben descritta nelle varianti e pronta per essere inserita in un progetto di illuminazione domestico o professionale.","Lampada a sospensione Ideal Lux Carta sp1 per interni: ideale per soggiorno, cucina, living, sala da pranzo, camera e ambienti contract."
IL-CONFIG-165,"Ideal Lux Casanova sp8 Lampade a Sospensione per Interni è una lampada a sospensione Ideal Lux pensata per l’illuminazione di interni residenziali e professionali, con una presenza scenografica coerente con il modello Casanova sp8. Il prodotto configurabile riunisce le varianti realmente associate nel catalogo: dimensioni Ø88cm x H min 760 / max 1560; attacco E14; potenza massima 8 x 40W; materiali Metallo, Vetro. Le configurazioni disponibili comprendono: Casanova sp8. Secondo la descrizione ufficiale Ideal Lux, lampadario in vetro soffiato e lavorato a mano con copri portalampade e dettagli in metallo cromato. Disponibile trasparente o fume'. Copricatena in velluto. La sospensione è indicata per soggiorno, zona living, sala da pranzo, cucina con isola o penisola, camera da letto, corridoi ampi e ambienti contract come reception, showroom, sale riunioni, ristoranti e boutique, scegliendo la configurazione più adatta per dimensione, finitura e numero di luci.","La Ideal Lux Casanova sp8 Lampade a Sospensione per Interni è una lampada a sospensione Ideal Lux per interni progettata per completare l’arredo con una luce sospesa elegante, riconoscibile e proporzionata agli spazi. Il modello Casanova sp8 è stato trattato come prodotto configurabile: le informazioni sono state aggregate dalle varianti semplici collegate, dagli attributi tecnici del configurabile, dal listino giacenze e dalle descrizioni ufficiali Ideal Lux quando presenti. In questo modo la scheda prodotto descrive l’intera famiglia disponibile senza creare testi separati per ogni singola variante. Le configurazioni disponibili includono dimensioni Ø88cm x H min 760 / max 1560; attacco E14; potenza massima 8 x 40W; materiali Metallo, Vetro. Le configurazioni disponibili comprendono: Casanova sp8. Dal punto di vista tecnico, la scheda riporta materiali dichiarati: Metallo, Vetro; ingombri disponibili: Ø88cm x H min 760 / max 1560; potenza massima: 8 x 40W; attacco portalampada: E14; grado di protezione: IP20. Secondo la descrizione ufficiale Ideal Lux, lampadario in vetro soffiato e lavorato a mano con copri portalampade e dettagli in metallo cromato. Disponibile trasparente o fume'. Copricatena in velluto. Questa sospensione è adatta a diversi ambienti della casa: sopra il tavolo da pranzo crea un punto luce centrale, in soggiorno e nella zona living contribuisce a definire l’atmosfera, in cucina può illuminare isole, penisole e piani snack, mentre in camera da letto o in un corridoio ampio può diventare un elemento decorativo capace di dare personalità allo spazio. Nei contesti professionali può essere utilizzata in reception, sale d’attesa, uffici direzionali, showroom, negozi, ristoranti, bar, hotel e spazi contract, sempre valutando altezza di installazione, dimensioni della stanza e quantità di luce desiderata. La scelta tra le varianti permette di coordinare la lampada con arredi chiari o scuri, superfici metalliche, vetro, legno, pietra o finiture contemporanee. Le versioni con diametri, forme o numero di sorgenti differenti sono utili per adattare la presenza visiva della sospensione a tavoli piccoli, piani allungati, ambienti con soffitto alto o zone living più scenografiche. Il grado di protezione indicato, quando presente nella scheda tecnica, conferma la destinazione ad ambienti interni asciutti: non viene quindi descritta come lampada da esterno o per zone esposte ad acqua e agenti atmosferici. Per ottenere il miglior risultato è consigliabile scegliere la sorgente luminosa compatibile con l’attacco e la potenza previsti, valutando temperatura colore, intensità e resa cromatica in funzione dell’ambiente. Una luce calda valorizza aree relax, sale da pranzo e camere, mentre una luce più neutra può essere utile in cucina, studio o spazi commerciali. La Ideal Lux Casanova sp8 Lampade a Sospensione per Interni unisce funzione luminosa e valore decorativo, offrendo una soluzione SEO friendly e completa per chi cerca una lampada a sospensione Ideal Lux affidabile, ben descritta nelle varianti e pronta per essere inserita in un progetto di illuminazione domestico o professionale.","Lampada a sospensione Ideal Lux Casanova sp8 per interni: ideale per soggiorno, cucina, living, sala da pranzo, camera e ambienti contract."
IL-CONFIG-166,"Ideal Lux Chalet sp12 Lampade a Sospensione per Interni è una lampada a sospensione Ideal Lux pensata per l’illuminazione di interni residenziali e professionali, con una presenza scenografica coerente con il modello Chalet sp12. Il prodotto configurabile riunisce le varianti realmente associate nel catalogo: dimensioni Ø100cm x H min 990 / max 1700, Ø67cm x H min 750 / max 1300 e Ø91cm x H min 750 / max 1400; configurazioni 12 sorgenti luminose, 6 sorgenti luminose e 8 sorgenti luminose; attacco E14; potenza massima 12 x 40W - 6 x 40W - 8 x 40W; materiali Resina. Le configurazioni disponibili comprendono: Chalet sp12 -12 Sorgenti Luminose, Chalet sp6 -6 Sorgenti Luminose e Chalet sp8 -8 Sorgenti Luminose. Secondo la descrizione ufficiale Ideal Lux, montatura con struttura portante in metallo. Elementi decorativi in resina lavorata artigianalmente e dipinta a mano come fedele riproduzione di corna e legno intagliato. La sospensione è indicata per soggiorno, zona living, sala da pranzo, cucina con isola o penisola, camera da letto, corridoi ampi e ambienti contract come reception, showroom, sale riunioni, ristoranti e boutique, scegliendo la configurazione più adatta per dimensione, finitura e numero di luci.","La Ideal Lux Chalet sp12 Lampade a Sospensione per Interni è una lampada a sospensione Ideal Lux per interni progettata per completare l’arredo con una luce sospesa elegante, riconoscibile e proporzionata agli spazi. Il modello Chalet sp12 è stato trattato come prodotto configurabile: le informazioni sono state aggregate dalle varianti semplici collegate, dagli attributi tecnici del configurabile, dal listino giacenze e dalle descrizioni ufficiali Ideal Lux quando presenti. In questo modo la scheda prodotto descrive l’intera famiglia disponibile senza creare testi separati per ogni singola variante. Le configurazioni disponibili includono dimensioni Ø100cm x H min 990 / max 1700, Ø67cm x H min 750 / max 1300 e Ø91cm x H min 750 / max 1400; configurazioni 12 sorgenti luminose, 6 sorgenti luminose e 8 sorgenti luminose; attacco E14; potenza massima 12 x 40W - 6 x 40W - 8 x 40W; materiali Resina. Le configurazioni disponibili comprendono: Chalet sp12 -12 Sorgenti Luminose, Chalet sp6 -6 Sorgenti Luminose e Chalet sp8 -8 Sorgenti Luminose. Dal punto di vista tecnico, la scheda riporta materiali dichiarati: Resina; ingombri disponibili: Ø100cm x H min 990 / max 1700 - Ø67cm x H min 750 / max 1300 - Ø91cm x H min 750 / max 1400; potenza massima: 12 x 40W - 6 x 40W - 8 x 40W; attacco portalampada: E14; grado di protezione: IP20. Secondo la descrizione ufficiale Ideal Lux, montatura con struttura portante in metallo. Elementi decorativi in resina lavorata artigianalmente e dipinta a mano come fedele riproduzione di corna e legno intagliato. Questa sospensione è adatta a diversi ambienti della casa: sopra il tavolo da pranzo crea un punto luce centrale, in soggiorno e nella zona living contribuisce a definire l’atmosfera, in cucina può illuminare isole, penisole e piani snack, mentre in camera da letto o in un corridoio ampio può diventare un elemento decorativo capace di dare personalità allo spazio. Nei contesti professionali può essere utilizzata in reception, sale d’attesa, uffici direzionali, showroom, negozi, ristoranti, bar, hotel e spazi contract, sempre valutando altezza di installazione, dimensioni della stanza e quantità di luce desiderata. La scelta tra le varianti permette di coordinare la lampada con arredi chiari o scuri, superfici metalliche, vetro, legno, pietra o finiture contemporanee. Le versioni con diametri, forme o numero di sorgenti differenti sono utili per adattare la presenza visiva della sospensione a tavoli piccoli, piani allungati, ambienti con soffitto alto o zone living più scenografiche. Il grado di protezione indicato, quando presente nella scheda tecnica, conferma la destinazione ad ambienti interni asciutti: non viene quindi descritta come lampada da esterno o per zone esposte ad acqua e agenti atmosferici. Per ottenere il miglior risultato è consigliabile scegliere la sorgente luminosa compatibile con l’attacco e la potenza previsti, valutando temperatura colore, intensità e resa cromatica in funzione dell’ambiente. Una luce calda valorizza aree relax, sale da pranzo e camere, mentre una luce più neutra può essere utile in cucina, studio o spazi commerciali. La Ideal Lux Chalet sp12 Lampade a Sospensione per Interni unisce funzione luminosa e valore decorativo, offrendo una soluzione SEO friendly e completa per chi cerca una lampada a sospensione Ideal Lux affidabile, ben descritta nelle varianti e pronta per essere inserita in un progetto di illuminazione domestico o professionale.","Lampada a sospensione Ideal Lux Chalet sp12 per interni: ideale per soggiorno, cucina, living, sala da pranzo, camera e ambienti contract."
IL-CONFIG-167,"Ideal Lux Circus sp Lampade a Sospensione per Interni è una lampada a sospensione Ideal Lux pensata per l’illuminazione di interni residenziali e professionali, con una presenza scenografica coerente con il modello Circus sp. Il prodotto configurabile riunisce le varianti realmente associate nel catalogo: dimensioni 44.5cm, 60cm e 74.5cm; attacco LED; potenza massima 29W - 33W - 36W; materiali Metallo, PS; lampadina inclusa: Sì. Le configurazioni disponibili comprendono: Circus sp -Lunghezza-44.5cm, Circus sp -Lunghezza-60cm e Circus sp -Lunghezza-74.5cm. La sospensione è indicata per soggiorno, zona living, sala da pranzo, cucina con isola o penisola, camera da letto, corridoi ampi e ambienti contract come reception, showroom, sale riunioni, ristoranti e boutique, scegliendo la configurazione più adatta per dimensione, finitura e numero di luci.","La Ideal Lux Circus sp Lampade a Sospensione per Interni è una lampada a sospensione Ideal Lux per interni progettata per completare l’arredo con una luce sospesa elegante, riconoscibile e proporzionata agli spazi. Il modello Circus sp è stato trattato come prodotto configurabile: le informazioni sono state aggregate dalle varianti semplici collegate, dagli attributi tecnici del configurabile, dal listino giacenze e dalle descrizioni ufficiali Ideal Lux quando presenti. In questo modo la scheda prodotto descrive l’intera famiglia disponibile senza creare testi separati per ogni singola variante. Le configurazioni disponibili includono dimensioni 44.5cm, 60cm e 74.5cm; attacco LED; potenza massima 29W - 33W - 36W; materiali Metallo, PS; lampadina inclusa: Sì. Le configurazioni disponibili comprendono: Circus sp -Lunghezza-44.5cm, Circus sp -Lunghezza-60cm e Circus sp -Lunghezza-74.5cm. Dal punto di vista tecnico, la scheda riporta materiali dichiarati: Metallo, PS; ingombri disponibili: L44.5cm x H min 770 / max 2520 x P16cm - L60cm x H min 910 / max 2660 x P16cm - L74.5cm x H min 1070 / max 2820 x P16cm; potenza massima: 29W - 33W - 36W; attacco portalampada: LED; lampadina inclusa: Sì; grado di protezione: IP20. Questa sospensione è adatta a diversi ambienti della casa: sopra il tavolo da pranzo crea un punto luce centrale, in soggiorno e nella zona living contribuisce a definire l’atmosfera, in cucina può illuminare isole, penisole e piani snack, mentre in camera da letto o in un corridoio ampio può diventare un elemento decorativo capace di dare personalità allo spazio. Nei contesti professionali può essere utilizzata in reception, sale d’attesa, uffici direzionali, showroom, negozi, ristoranti, bar, hotel e spazi contract, sempre valutando altezza di installazione, dimensioni della stanza e quantità di luce desiderata. La scelta tra le varianti permette di coordinare la lampada con arredi chiari o scuri, superfici metalliche, vetro, legno, pietra o finiture contemporanee. Le versioni con diametri, forme o numero di sorgenti differenti sono utili per adattare la presenza visiva della sospensione a tavoli piccoli, piani allungati, ambienti con soffitto alto o zone living più scenografiche. Il grado di protezione indicato, quando presente nella scheda tecnica, conferma la destinazione ad ambienti interni asciutti: non viene quindi descritta come lampada da esterno o per zone esposte ad acqua e agenti atmosferici. Per ottenere il miglior risultato è consigliabile scegliere la sorgente luminosa compatibile con l’attacco e la potenza previsti, valutando temperatura colore, intensità e resa cromatica in funzione dell’ambiente. Una luce calda valorizza aree relax, sale da pranzo e camere, mentre una luce più neutra può essere utile in cucina, studio o spazi commerciali. La Ideal Lux Circus sp Lampade a Sospensione per Interni unisce funzione luminosa e valore decorativo, offrendo una soluzione SEO friendly e completa per chi cerca una lampada a sospensione Ideal Lux affidabile, ben descritta nelle varianti e pronta per essere inserita in un progetto di illuminazione domestico o professionale.","Lampada a sospensione Ideal Lux Circus sp per interni: ideale per soggiorno, cucina, living, sala da pranzo, camera e ambienti contract."
IL-CONFIG-168,"Ideal Lux Citrus per Interni è una lampada a sospensione Ideal Lux pensata per l’illuminazione di interni residenziali e professionali, con una presenza scenografica coerente con il modello Citrus. Il prodotto configurabile riunisce le varianti realmente associate nel catalogo: dimensioni Ø20cm x H min 570 / max 2320; attacco E27; potenza massima 60W; materiali Legno. Le configurazioni disponibili comprendono: Citrus-1 sp1. Secondo la descrizione ufficiale Ideal Lux, corpo luce con elementi in multistrato di legno verniciato. Cavo in tessuto nero. La sospensione è indicata per soggiorno, zona living, sala da pranzo, cucina con isola o penisola, camera da letto, corridoi ampi e ambienti contract come reception, showroom, sale riunioni, ristoranti e boutique, scegliendo la configurazione più adatta per dimensione, finitura e numero di luci.","La Ideal Lux Citrus per Interni è una lampada a sospensione Ideal Lux per interni progettata per completare l’arredo con una luce sospesa elegante, riconoscibile e proporzionata agli spazi. Il modello Citrus è stato trattato come prodotto configurabile: le informazioni sono state aggregate dalle varianti semplici collegate, dagli attributi tecnici del configurabile, dal listino giacenze e dalle descrizioni ufficiali Ideal Lux quando presenti. In questo modo la scheda prodotto descrive l’intera famiglia disponibile senza creare testi separati per ogni singola variante. Le configurazioni disponibili includono dimensioni Ø20cm x H min 570 / max 2320; attacco E27; potenza massima 60W; materiali Legno. Le configurazioni disponibili comprendono: Citrus-1 sp1. Dal punto di vista tecnico, la scheda riporta materiali dichiarati: Legno; ingombri disponibili: Ø20cm x H min 570 / max 2320; potenza massima: 60W; attacco portalampada: E27; grado di protezione: IP20. Secondo la descrizione ufficiale Ideal Lux, corpo luce con elementi in multistrato di legno verniciato. Cavo in tessuto nero. Questa sospensione è adatta a diversi ambienti della casa: sopra il tavolo da pranzo crea un punto luce centrale, in soggiorno e nella zona living contribuisce a definire l’atmosfera, in cucina può illuminare isole, penisole e piani snack, mentre in camera da letto o in un corridoio ampio può diventare un elemento decorativo capace di dare personalità allo spazio. Nei contesti professionali può essere utilizzata in reception, sale d’attesa, uffici direzionali, showroom, negozi, ristoranti, bar, hotel e spazi contract, sempre valutando altezza di installazione, dimensioni della stanza e quantità di luce desiderata. La scelta tra le varianti permette di coordinare la lampada con arredi chiari o scuri, superfici metalliche, vetro, legno, pietra o finiture contemporanee. Le versioni con diametri, forme o numero di sorgenti differenti sono utili per adattare la presenza visiva della sospensione a tavoli piccoli, piani allungati, ambienti con soffitto alto o zone living più scenografiche. Il grado di protezione indicato, quando presente nella scheda tecnica, conferma la destinazione ad ambienti interni asciutti: non viene quindi descritta come lampada da esterno o per zone esposte ad acqua e agenti atmosferici. Per ottenere il miglior risultato è consigliabile scegliere la sorgente luminosa compatibile con l’attacco e la potenza previsti, valutando temperatura colore, intensità e resa cromatica in funzione dell’ambiente. Una luce calda valorizza aree relax, sale da pranzo e camere, mentre una luce più neutra può essere utile in cucina, studio o spazi commerciali. La Ideal Lux Citrus per Interni unisce funzione luminosa e valore decorativo, offrendo una soluzione SEO friendly e completa per chi cerca una lampada a sospensione Ideal Lux affidabile, ben descritta nelle varianti e pronta per essere inserita in un progetto di illuminazione domestico o professionale.","Lampada a sospensione Ideal Lux Citrus per interni: ideale per soggiorno, cucina, living, sala da pranzo, camera e ambienti contract."
IL-CONFIG-169,"Ideal Lux Citrus per Interni è una lampada a sospensione Ideal Lux pensata per l’illuminazione di interni residenziali e professionali, con una presenza scenografica coerente con il modello Citrus. Il prodotto configurabile riunisce le varianti realmente associate nel catalogo: dimensioni Ø26cm x H min 510 / max 2260; attacco E27; potenza massima 60W; materiali Legno. Le configurazioni disponibili comprendono: Citrus-2 sp1. Secondo la descrizione ufficiale Ideal Lux, corpo luce con elementi in multistrato di legno verniciato. Cavo in tessuto nero. La sospensione è indicata per soggiorno, zona living, sala da pranzo, cucina con isola o penisola, camera da letto, corridoi ampi e ambienti contract come reception, showroom, sale riunioni, ristoranti e boutique, scegliendo la configurazione più adatta per dimensione, finitura e numero di luci.","La Ideal Lux Citrus per Interni è una lampada a sospensione Ideal Lux per interni progettata per completare l’arredo con una luce sospesa elegante, riconoscibile e proporzionata agli spazi. Il modello Citrus è stato trattato come prodotto configurabile: le informazioni sono state aggregate dalle varianti semplici collegate, dagli attributi tecnici del configurabile, dal listino giacenze e dalle descrizioni ufficiali Ideal Lux quando presenti. In questo modo la scheda prodotto descrive l’intera famiglia disponibile senza creare testi separati per ogni singola variante. Le configurazioni disponibili includono dimensioni Ø26cm x H min 510 / max 2260; attacco E27; potenza massima 60W; materiali Legno. Le configurazioni disponibili comprendono: Citrus-2 sp1. Dal punto di vista tecnico, la scheda riporta materiali dichiarati: Legno; ingombri disponibili: Ø26cm x H min 510 / max 2260; potenza massima: 60W; attacco portalampada: E27; grado di protezione: IP20. Secondo la descrizione ufficiale Ideal Lux, corpo luce con elementi in multistrato di legno verniciato. Cavo in tessuto nero. Questa sospensione è adatta a diversi ambienti della casa: sopra il tavolo da pranzo crea un punto luce centrale, in soggiorno e nella zona living contribuisce a definire l’atmosfera, in cucina può illuminare isole, penisole e piani snack, mentre in camera da letto o in un corridoio ampio può diventare un elemento decorativo capace di dare personalità allo spazio. Nei contesti professionali può essere utilizzata in reception, sale d’attesa, uffici direzionali, showroom, negozi, ristoranti, bar, hotel e spazi contract, sempre valutando altezza di installazione, dimensioni della stanza e quantità di luce desiderata. La scelta tra le varianti permette di coordinare la lampada con arredi chiari o scuri, superfici metalliche, vetro, legno, pietra o finiture contemporanee. Le versioni con diametri, forme o numero di sorgenti differenti sono utili per adattare la presenza visiva della sospensione a tavoli piccoli, piani allungati, ambienti con soffitto alto o zone living più scenografiche. Il grado di protezione indicato, quando presente nella scheda tecnica, conferma la destinazione ad ambienti interni asciutti: non viene quindi descritta come lampada da esterno o per zone esposte ad acqua e agenti atmosferici. Per ottenere il miglior risultato è consigliabile scegliere la sorgente luminosa compatibile con l’attacco e la potenza previsti, valutando temperatura colore, intensità e resa cromatica in funzione dell’ambiente. Una luce calda valorizza aree relax, sale da pranzo e camere, mentre una luce più neutra può essere utile in cucina, studio o spazi commerciali. La Ideal Lux Citrus per Interni unisce funzione luminosa e valore decorativo, offrendo una soluzione SEO friendly e completa per chi cerca una lampada a sospensione Ideal Lux affidabile, ben descritta nelle varianti e pronta per essere inserita in un progetto di illuminazione domestico o professionale.","Lampada a sospensione Ideal Lux Citrus per interni: ideale per soggiorno, cucina, living, sala da pranzo, camera e ambienti contract."
IL-CONFIG-170,"Ideal Lux Citrus per Interni è una lampada a sospensione Ideal Lux pensata per l’illuminazione di interni residenziali e professionali, con una presenza scenografica coerente con il modello Citrus. Il prodotto configurabile riunisce le varianti realmente associate nel catalogo: dimensioni Ø20cm x H min 525 / max 2275; attacco E27; potenza massima 60W; materiali Legno. Le configurazioni disponibili comprendono: Citrus-3 sp1. Secondo la descrizione ufficiale Ideal Lux, corpo luce con elementi in multistrato di legno verniciato. Cavo in tessuto nero. La sospensione è indicata per soggiorno, zona living, sala da pranzo, cucina con isola o penisola, camera da letto, corridoi ampi e ambienti contract come reception, showroom, sale riunioni, ristoranti e boutique, scegliendo la configurazione più adatta per dimensione, finitura e numero di luci.","La Ideal Lux Citrus per Interni è una lampada a sospensione Ideal Lux per interni progettata per completare l’arredo con una luce sospesa elegante, riconoscibile e proporzionata agli spazi. Il modello Citrus è stato trattato come prodotto configurabile: le informazioni sono state aggregate dalle varianti semplici collegate, dagli attributi tecnici del configurabile, dal listino giacenze e dalle descrizioni ufficiali Ideal Lux quando presenti. In questo modo la scheda prodotto descrive l’intera famiglia disponibile senza creare testi separati per ogni singola variante. Le configurazioni disponibili includono dimensioni Ø20cm x H min 525 / max 2275; attacco E27; potenza massima 60W; materiali Legno. Le configurazioni disponibili comprendono: Citrus-3 sp1. Dal punto di vista tecnico, la scheda riporta materiali dichiarati: Legno; ingombri disponibili: Ø20cm x H min 525 / max 2275; potenza massima: 60W; attacco portalampada: E27; grado di protezione: IP20. Secondo la descrizione ufficiale Ideal Lux, corpo luce con elementi in multistrato di legno verniciato. Cavo in tessuto nero. Questa sospensione è adatta a diversi ambienti della casa: sopra il tavolo da pranzo crea un punto luce centrale, in soggiorno e nella zona living contribuisce a definire l’atmosfera, in cucina può illuminare isole, penisole e piani snack, mentre in camera da letto o in un corridoio ampio può diventare un elemento decorativo capace di dare personalità allo spazio. Nei contesti professionali può essere utilizzata in reception, sale d’attesa, uffici direzionali, showroom, negozi, ristoranti, bar, hotel e spazi contract, sempre valutando altezza di installazione, dimensioni della stanza e quantità di luce desiderata. La scelta tra le varianti permette di coordinare la lampada con arredi chiari o scuri, superfici metalliche, vetro, legno, pietra o finiture contemporanee. Le versioni con diametri, forme o numero di sorgenti differenti sono utili per adattare la presenza visiva della sospensione a tavoli piccoli, piani allungati, ambienti con soffitto alto o zone living più scenografiche. Il grado di protezione indicato, quando presente nella scheda tecnica, conferma la destinazione ad ambienti interni asciutti: non viene quindi descritta come lampada da esterno o per zone esposte ad acqua e agenti atmosferici. Per ottenere il miglior risultato è consigliabile scegliere la sorgente luminosa compatibile con l’attacco e la potenza previsti, valutando temperatura colore, intensità e resa cromatica in funzione dell’ambiente. Una luce calda valorizza aree relax, sale da pranzo e camere, mentre una luce più neutra può essere utile in cucina, studio o spazi commerciali. La Ideal Lux Citrus per Interni unisce funzione luminosa e valore decorativo, offrendo una soluzione SEO friendly e completa per chi cerca una lampada a sospensione Ideal Lux affidabile, ben descritta nelle varianti e pronta per essere inserita in un progetto di illuminazione domestico o professionale.","Lampada a sospensione Ideal Lux Citrus per interni: ideale per soggiorno, cucina, living, sala da pranzo, camera e ambienti contract."
IL-CONFIG-171,"Ideal Lux Clio msp1 Lampade a Sospensione per Esterni è una lampada a sospensione Ideal Lux pensata per l’illuminazione di interni residenziali e professionali, con una presenza scenografica coerente con il modello Clio msp1 Lampade a Sospensione per Esterni. Il prodotto configurabile riunisce le varianti realmente associate nel catalogo: finiture/colori Antracite, Bianco, Grigio e Nero; dimensioni Ø9cm x H min 295 / max 1005; attacco E27; potenza massima 42W; materiali Alluminio, Metallo. Le configurazioni disponibili comprendono: Clio msp1 -Antracite, Clio msp1 -Bianco, Clio msp1 -Grigio e Clio msp1 -Nero. Secondo la descrizione ufficiale Ideal Lux, articolo componibile con montatura in alluminio estruso e tornito, rifinito con vernici a polveri di colore antracite, bianco, nero e coffee. Diffusore in materiale plastico bianco opaco. La sospensione è indicata per soggiorno, zona living, sala da pranzo, cucina con isola o penisola, camera da letto, corridoi ampi e ambienti contract come reception, showroom, sale riunioni, ristoranti e boutique, scegliendo la configurazione più adatta per dimensione, finitura e numero di luci.","La Ideal Lux Clio msp1 Lampade a Sospensione per Esterni è una lampada a sospensione Ideal Lux per interni progettata per completare l’arredo con una luce sospesa elegante, riconoscibile e proporzionata agli spazi. Il modello Clio msp1 Lampade a Sospensione per Esterni è stato trattato come prodotto configurabile: le informazioni sono state aggregate dalle varianti semplici collegate, dagli attributi tecnici del configurabile, dal listino giacenze e dalle descrizioni ufficiali Ideal Lux quando presenti. In questo modo la scheda prodotto descrive l’intera famiglia disponibile senza creare testi separati per ogni singola variante. Le configurazioni disponibili includono finiture/colori Antracite, Bianco, Grigio e Nero; dimensioni Ø9cm x H min 295 / max 1005; attacco E27; potenza massima 42W; materiali Alluminio, Metallo. Le configurazioni disponibili comprendono: Clio msp1 -Antracite, Clio msp1 -Bianco, Clio msp1 -Grigio e Clio msp1 -Nero. Dal punto di vista tecnico, la scheda riporta materiali dichiarati: Alluminio, Metallo; ingombri disponibili: Ø9cm x H min 295 / max 1005; potenza massima: 42W; attacco portalampada: E27; grado di protezione: IP44. Secondo la descrizione ufficiale Ideal Lux, articolo componibile con montatura in alluminio estruso e tornito, rifinito con vernici a polveri di colore antracite, bianco, nero e coffee. Diffusore in materiale plastico bianco opaco. Questa sospensione è adatta a diversi ambienti della casa: sopra il tavolo da pranzo crea un punto luce centrale, in soggiorno e nella zona living contribuisce a definire l’atmosfera, in cucina può illuminare isole, penisole e piani snack, mentre in camera da letto o in un corridoio ampio può diventare un elemento decorativo capace di dare personalità allo spazio. Nei contesti professionali può essere utilizzata in reception, sale d’attesa, uffici direzionali, showroom, negozi, ristoranti, bar, hotel e spazi contract, sempre valutando altezza di installazione, dimensioni della stanza e quantità di luce desiderata. La scelta tra le varianti permette di coordinare la lampada con arredi chiari o scuri, superfici metalliche, vetro, legno, pietra o finiture contemporanee. Le versioni con diametri, forme o numero di sorgenti differenti sono utili per adattare la presenza visiva della sospensione a tavoli piccoli, piani allungati, ambienti con soffitto alto o zone living più scenografiche. Il grado di protezione indicato, quando presente nella scheda tecnica, conferma la destinazione ad ambienti interni asciutti: non viene quindi descritta come lampada da esterno o per zone esposte ad acqua e agenti atmosferici. Per ottenere il miglior risultato è consigliabile scegliere la sorgente luminosa compatibile con l’attacco e la potenza previsti, valutando temperatura colore, intensità e resa cromatica in funzione dell’ambiente. Una luce calda valorizza aree relax, sale da pranzo e camere, mentre una luce più neutra può essere utile in cucina, studio o spazi commerciali. La Ideal Lux Clio msp1 Lampade a Sospensione per Esterni unisce funzione luminosa e valore decorativo, offrendo una soluzione SEO friendly e completa per chi cerca una lampada a sospensione Ideal Lux affidabile, ben descritta nelle varianti e pronta per essere inserita in un progetto di illuminazione domestico o professionale.","Lampada a sospensione Ideal Lux Clio msp1 Lampade a Sospensione per Esterni per interni: ideale per soggiorno, cucina, living, sala da pranzo, camera e"
IL-CONFIG-172,"Ideal Lux Clown sp8 Lampade a Sospensione per Interni è una lampada a sospensione Ideal Lux pensata per l’illuminazione di interni residenziali e professionali, con una presenza scenografica coerente con il modello Clown sp8. Il prodotto configurabile riunisce le varianti realmente associate nel catalogo: dimensioni Ø50cm x H min 490 / max 1030; attacco G9; potenza massima 8 x 28W; materiali Metallo, Vetro; lampadina inclusa: Sì. Le configurazioni disponibili comprendono: Clown sp8. La sospensione è indicata per soggiorno, zona living, sala da pranzo, cucina con isola o penisola, camera da letto, corridoi ampi e ambienti contract come reception, showroom, sale riunioni, ristoranti e boutique, scegliendo la configurazione più adatta per dimensione, finitura e numero di luci.","La Ideal Lux Clown sp8 Lampade a Sospensione per Interni è una lampada a sospensione Ideal Lux per interni progettata per completare l’arredo con una luce sospesa elegante, riconoscibile e proporzionata agli spazi. Il modello Clown sp8 è stato trattato come prodotto configurabile: le informazioni sono state aggregate dalle varianti semplici collegate, dagli attributi tecnici del configurabile, dal listino giacenze e dalle descrizioni ufficiali Ideal Lux quando presenti. In questo modo la scheda prodotto descrive l’intera famiglia disponibile senza creare testi separati per ogni singola variante. Le configurazioni disponibili includono dimensioni Ø50cm x H min 490 / max 1030; attacco G9; potenza massima 8 x 28W; materiali Metallo, Vetro; lampadina inclusa: Sì. Le configurazioni disponibili comprendono: Clown sp8. Dal punto di vista tecnico, la scheda riporta materiali dichiarati: Metallo, Vetro; ingombri disponibili: Ø50cm x H min 490 / max 1030; potenza massima: 8 x 28W; attacco portalampada: G9; lampadina inclusa: Sì; grado di protezione: IP20. Questa sospensione è adatta a diversi ambienti della casa: sopra il tavolo da pranzo crea un punto luce centrale, in soggiorno e nella zona living contribuisce a definire l’atmosfera, in cucina può illuminare isole, penisole e piani snack, mentre in camera da letto o in un corridoio ampio può diventare un elemento decorativo capace di dare personalità allo spazio. Nei contesti professionali può essere utilizzata in reception, sale d’attesa, uffici direzionali, showroom, negozi, ristoranti, bar, hotel e spazi contract, sempre valutando altezza di installazione, dimensioni della stanza e quantità di luce desiderata. La scelta tra le varianti permette di coordinare la lampada con arredi chiari o scuri, superfici metalliche, vetro, legno, pietra o finiture contemporanee. Le versioni con diametri, forme o numero di sorgenti differenti sono utili per adattare la presenza visiva della sospensione a tavoli piccoli, piani allungati, ambienti con soffitto alto o zone living più scenografiche. Il grado di protezione indicato, quando presente nella scheda tecnica, conferma la destinazione ad ambienti interni asciutti: non viene quindi descritta come lampada da esterno o per zone esposte ad acqua e agenti atmosferici. Per ottenere il miglior risultato è consigliabile scegliere la sorgente luminosa compatibile con l’attacco e la potenza previsti, valutando temperatura colore, intensità e resa cromatica in funzione dell’ambiente. Una luce calda valorizza aree relax, sale da pranzo e camere, mentre una luce più neutra può essere utile in cucina, studio o spazi commerciali. La Ideal Lux Clown sp8 Lampade a Sospensione per Interni unisce funzione luminosa e valore decorativo, offrendo una soluzione SEO friendly e completa per chi cerca una lampada a sospensione Ideal Lux affidabile, ben descritta nelle varianti e pronta per essere inserita in un progetto di illuminazione domestico o professionale.","Lampada a sospensione Ideal Lux Clown sp8 per interni: ideale per soggiorno, cucina, living, sala da pranzo, camera e ambienti contract."
IL-CONFIG-173,"Ideal Lux Cocktail led sp Lampade a Sospensione per Interni è una lampada a sospensione Ideal Lux pensata per l’illuminazione di interni residenziali e professionali, con una presenza scenografica coerente con il modello Cocktail led sp. Il prodotto configurabile riunisce le varianti realmente associate nel catalogo: finiture/colori Ambra, Fumé e Trasparente; dimensioni Ø15cm x H min 560 / max 2510 e Ø15cm x H min 5630 / max 2510; attacco LED; potenza massima 7W; materiali Metallo, Vetro; lampadina inclusa: Sì. Le configurazioni disponibili comprendono: Cocktail led sp -Ambra, Cocktail led sp -Fumé e Cocktail led sp -Trasparente. La sospensione è indicata per soggiorno, zona living, sala da pranzo, cucina con isola o penisola, camera da letto, corridoi ampi e ambienti contract come reception, showroom, sale riunioni, ristoranti e boutique, scegliendo la configurazione più adatta per dimensione, finitura e numero di luci.","La Ideal Lux Cocktail led sp Lampade a Sospensione per Interni è una lampada a sospensione Ideal Lux per interni progettata per completare l’arredo con una luce sospesa elegante, riconoscibile e proporzionata agli spazi. Il modello Cocktail led sp è stato trattato come prodotto configurabile: le informazioni sono state aggregate dalle varianti semplici collegate, dagli attributi tecnici del configurabile, dal listino giacenze e dalle descrizioni ufficiali Ideal Lux quando presenti. In questo modo la scheda prodotto descrive l’intera famiglia disponibile senza creare testi separati per ogni singola variante. Le configurazioni disponibili includono finiture/colori Ambra, Fumé e Trasparente; dimensioni Ø15cm x H min 560 / max 2510 e Ø15cm x H min 5630 / max 2510; attacco LED; potenza massima 7W; materiali Metallo, Vetro; lampadina inclusa: Sì. Le configurazioni disponibili comprendono: Cocktail led sp -Ambra, Cocktail led sp -Fumé e Cocktail led sp -Trasparente. Dal punto di vista tecnico, la scheda riporta materiali dichiarati: Metallo, Vetro; ingombri disponibili: Ø15cm x H min 560 / max 2510 - Ø15cm x H min 5630 / max 2510; potenza massima: 7W; attacco portalampada: LED; lampadina inclusa: Sì; grado di protezione: IP20. Questa sospensione è adatta a diversi ambienti della casa: sopra il tavolo da pranzo crea un punto luce centrale, in soggiorno e nella zona living contribuisce a definire l’atmosfera, in cucina può illuminare isole, penisole e piani snack, mentre in camera da letto o in un corridoio ampio può diventare un elemento decorativo capace di dare personalità allo spazio. Nei contesti professionali può essere utilizzata in reception, sale d’attesa, uffici direzionali, showroom, negozi, ristoranti, bar, hotel e spazi contract, sempre valutando altezza di installazione, dimensioni della stanza e quantità di luce desiderata. La scelta tra le varianti permette di coordinare la lampada con arredi chiari o scuri, superfici metalliche, vetro, legno, pietra o finiture contemporanee. Le versioni con diametri, forme o numero di sorgenti differenti sono utili per adattare la presenza visiva della sospensione a tavoli piccoli, piani allungati, ambienti con soffitto alto o zone living più scenografiche. Il grado di protezione indicato, quando presente nella scheda tecnica, conferma la destinazione ad ambienti interni asciutti: non viene quindi descritta come lampada da esterno o per zone esposte ad acqua e agenti atmosferici. Per ottenere il miglior risultato è consigliabile scegliere la sorgente luminosa compatibile con l’attacco e la potenza previsti, valutando temperatura colore, intensità e resa cromatica in funzione dell’ambiente. Una luce calda valorizza aree relax, sale da pranzo e camere, mentre una luce più neutra può essere utile in cucina, studio o spazi commerciali. La Ideal Lux Cocktail led sp Lampade a Sospensione per Interni unisce funzione luminosa e valore decorativo, offrendo una soluzione SEO friendly e completa per chi cerca una lampada a sospensione Ideal Lux affidabile, ben descritta nelle varianti e pronta per essere inserita in un progetto di illuminazione domestico o professionale.","Lampada a sospensione Ideal Lux Cocktail led sp per interni: ideale per soggiorno, cucina, living, sala da pranzo, camera e ambienti contract."
IL-CONFIG-174,"Ideal Lux Cocktail sp1 big Lampade a Sospensione per Interni è una lampada a sospensione Ideal Lux pensata per l’illuminazione di interni residenziali e professionali, con una presenza scenografica coerente con il modello Cocktail sp1 big. Il prodotto configurabile riunisce le varianti realmente associate nel catalogo: dimensioni Diametro, 35cm e 20cm; attacco E14 e E27; potenza massima 40W - 60W; materiali Vetro. Le configurazioni disponibili comprendono: Cocktail sp1 big -Diametro-35cm e Cocktail sp1 small -Diametro-20cm. Secondo la descrizione ufficiale Ideal Lux, rosone in metallo verniciato a polveri. Diffusore in vetro soffiato: bianco acidato per versione a lampadina, trasparente con parte superiore in metallo per versione a led integrato. Cavo in pvc. La sospensione è indicata per soggiorno, zona living, sala da pranzo, cucina con isola o penisola, camera da letto, corridoi ampi e ambienti contract come reception, showroom, sale riunioni, ristoranti e boutique, scegliendo la configurazione più adatta per dimensione, finitura e numero di luci.","La Ideal Lux Cocktail sp1 big Lampade a Sospensione per Interni è una lampada a sospensione Ideal Lux per interni progettata per completare l’arredo con una luce sospesa elegante, riconoscibile e proporzionata agli spazi. Il modello Cocktail sp1 big è stato trattato come prodotto configurabile: le informazioni sono state aggregate dalle varianti semplici collegate, dagli attributi tecnici del configurabile, dal listino giacenze e dalle descrizioni ufficiali Ideal Lux quando presenti. In questo modo la scheda prodotto descrive l’intera famiglia disponibile senza creare testi separati per ogni singola variante. Le configurazioni disponibili includono dimensioni Diametro, 35cm e 20cm; attacco E14 e E27; potenza massima 40W - 60W; materiali Vetro. Le configurazioni disponibili comprendono: Cocktail sp1 big -Diametro-35cm e Cocktail sp1 small -Diametro-20cm. Dal punto di vista tecnico, la scheda riporta materiali dichiarati: Vetro; ingombri disponibili: Ø35cm x H min 685 / max 2480 - Ø20cm x H min 510 / max 2260; potenza massima: 40W - 60W; attacco portalampada: E14 e E27; grado di protezione: IP20. Secondo la descrizione ufficiale Ideal Lux, rosone in metallo verniciato a polveri. Diffusore in vetro soffiato: bianco acidato per versione a lampadina, trasparente con parte superiore in metallo per versione a led integrato. Cavo in pvc. Questa sospensione è adatta a diversi ambienti della casa: sopra il tavolo da pranzo crea un punto luce centrale, in soggiorno e nella zona living contribuisce a definire l’atmosfera, in cucina può illuminare isole, penisole e piani snack, mentre in camera da letto o in un corridoio ampio può diventare un elemento decorativo capace di dare personalità allo spazio. Nei contesti professionali può essere utilizzata in reception, sale d’attesa, uffici direzionali, showroom, negozi, ristoranti, bar, hotel e spazi contract, sempre valutando altezza di installazione, dimensioni della stanza e quantità di luce desiderata. La scelta tra le varianti permette di coordinare la lampada con arredi chiari o scuri, superfici metalliche, vetro, legno, pietra o finiture contemporanee. Le versioni con diametri, forme o numero di sorgenti differenti sono utili per adattare la presenza visiva della sospensione a tavoli piccoli, piani allungati, ambienti con soffitto alto o zone living più scenografiche. Il grado di protezione indicato, quando presente nella scheda tecnica, conferma la destinazione ad ambienti interni asciutti: non viene quindi descritta come lampada da esterno o per zone esposte ad acqua e agenti atmosferici. Per ottenere il miglior risultato è consigliabile scegliere la sorgente luminosa compatibile con l’attacco e la potenza previsti, valutando temperatura colore, intensità e resa cromatica in funzione dell’ambiente. Una luce calda valorizza aree relax, sale da pranzo e camere, mentre una luce più neutra può essere utile in cucina, studio o spazi commerciali. La Ideal Lux Cocktail sp1 big Lampade a Sospensione per Interni unisce funzione luminosa e valore decorativo, offrendo una soluzione SEO friendly e completa per chi cerca una lampada a sospensione Ideal Lux affidabile, ben descritta nelle varianti e pronta per essere inserita in un progetto di illuminazione domestico o professionale.","Lampada a sospensione Ideal Lux Cocktail sp1 big per interni: ideale per soggiorno, cucina, living, sala da pranzo, camera e ambienti contract."
IL-CONFIG-175,"Ideal Lux Coco per Interni è una lampada a sospensione Ideal Lux pensata per l’illuminazione di interni residenziali e professionali, con una presenza scenografica coerente con il modello Coco. Il prodotto configurabile riunisce le varianti realmente associate nel catalogo: dimensioni Ø15cm x H min 480 / max 2250; attacco LED; potenza massima 7W; materiali Metallo, Vetro; lampadina inclusa: Sì. Le configurazioni disponibili comprendono: Coco-1 sp. La sospensione è indicata per soggiorno, zona living, sala da pranzo, cucina con isola o penisola, camera da letto, corridoi ampi e ambienti contract come reception, showroom, sale riunioni, ristoranti e boutique, scegliendo la configurazione più adatta per dimensione, finitura e numero di luci.","La Ideal Lux Coco per Interni è una lampada a sospensione Ideal Lux per interni progettata per completare l’arredo con una luce sospesa elegante, riconoscibile e proporzionata agli spazi. Il modello Coco è stato trattato come prodotto configurabile: le informazioni sono state aggregate dalle varianti semplici collegate, dagli attributi tecnici del configurabile, dal listino giacenze e dalle descrizioni ufficiali Ideal Lux quando presenti. In questo modo la scheda prodotto descrive l’intera famiglia disponibile senza creare testi separati per ogni singola variante. Le configurazioni disponibili includono dimensioni Ø15cm x H min 480 / max 2250; attacco LED; potenza massima 7W; materiali Metallo, Vetro; lampadina inclusa: Sì. Le configurazioni disponibili comprendono: Coco-1 sp. Dal punto di vista tecnico, la scheda riporta materiali dichiarati: Metallo, Vetro; ingombri disponibili: Ø15cm x H min 480 / max 2250; potenza massima: 7W; attacco portalampada: LED; lampadina inclusa: Sì; grado di protezione: IP20. Questa sospensione è adatta a diversi ambienti della casa: sopra il tavolo da pranzo crea un punto luce centrale, in soggiorno e nella zona living contribuisce a definire l’atmosfera, in cucina può illuminare isole, penisole e piani snack, mentre in camera da letto o in un corridoio ampio può diventare un elemento decorativo capace di dare personalità allo spazio. Nei contesti professionali può essere utilizzata in reception, sale d’attesa, uffici direzionali, showroom, negozi, ristoranti, bar, hotel e spazi contract, sempre valutando altezza di installazione, dimensioni della stanza e quantità di luce desiderata. La scelta tra le varianti permette di coordinare la lampada con arredi chiari o scuri, superfici metalliche, vetro, legno, pietra o finiture contemporanee. Le versioni con diametri, forme o numero di sorgenti differenti sono utili per adattare la presenza visiva della sospensione a tavoli piccoli, piani allungati, ambienti con soffitto alto o zone living più scenografiche. Il grado di protezione indicato, quando presente nella scheda tecnica, conferma la destinazione ad ambienti interni asciutti: non viene quindi descritta come lampada da esterno o per zone esposte ad acqua e agenti atmosferici. Per ottenere il miglior risultato è consigliabile scegliere la sorgente luminosa compatibile con l’attacco e la potenza previsti, valutando temperatura colore, intensità e resa cromatica in funzione dell’ambiente. Una luce calda valorizza aree relax, sale da pranzo e camere, mentre una luce più neutra può essere utile in cucina, studio o spazi commerciali. La Ideal Lux Coco per Interni unisce funzione luminosa e valore decorativo, offrendo una soluzione SEO friendly e completa per chi cerca una lampada a sospensione Ideal Lux affidabile, ben descritta nelle varianti e pronta per essere inserita in un progetto di illuminazione domestico o professionale.","Lampada a sospensione Ideal Lux Coco per interni: ideale per soggiorno, cucina, living, sala da pranzo, camera e ambienti contract."
IL-CONFIG-176,"Ideal Lux Coco per Interni è una lampada a sospensione Ideal Lux pensata per l’illuminazione di interni residenziali e professionali, con una presenza scenografica coerente con il modello Coco. Il prodotto configurabile riunisce le varianti realmente associate nel catalogo: dimensioni Ø14cm x H min 585 / max 2350; attacco LED; potenza massima 7W; materiali Metallo, Vetro; lampadina inclusa: Sì. Le configurazioni disponibili comprendono: Coco-2 sp. La sospensione è indicata per soggiorno, zona living, sala da pranzo, cucina con isola o penisola, camera da letto, corridoi ampi e ambienti contract come reception, showroom, sale riunioni, ristoranti e boutique, scegliendo la configurazione più adatta per dimensione, finitura e numero di luci.","La Ideal Lux Coco per Interni è una lampada a sospensione Ideal Lux per interni progettata per completare l’arredo con una luce sospesa elegante, riconoscibile e proporzionata agli spazi. Il modello Coco è stato trattato come prodotto configurabile: le informazioni sono state aggregate dalle varianti semplici collegate, dagli attributi tecnici del configurabile, dal listino giacenze e dalle descrizioni ufficiali Ideal Lux quando presenti. In questo modo la scheda prodotto descrive l’intera famiglia disponibile senza creare testi separati per ogni singola variante. Le configurazioni disponibili includono dimensioni Ø14cm x H min 585 / max 2350; attacco LED; potenza massima 7W; materiali Metallo, Vetro; lampadina inclusa: Sì. Le configurazioni disponibili comprendono: Coco-2 sp. Dal punto di vista tecnico, la scheda riporta materiali dichiarati: Metallo, Vetro; ingombri disponibili: Ø14cm x H min 585 / max 2350; potenza massima: 7W; attacco portalampada: LED; lampadina inclusa: Sì; grado di protezione: IP20. Questa sospensione è adatta a diversi ambienti della casa: sopra il tavolo da pranzo crea un punto luce centrale, in soggiorno e nella zona living contribuisce a definire l’atmosfera, in cucina può illuminare isole, penisole e piani snack, mentre in camera da letto o in un corridoio ampio può diventare un elemento decorativo capace di dare personalità allo spazio. Nei contesti professionali può essere utilizzata in reception, sale d’attesa, uffici direzionali, showroom, negozi, ristoranti, bar, hotel e spazi contract, sempre valutando altezza di installazione, dimensioni della stanza e quantità di luce desiderata. La scelta tra le varianti permette di coordinare la lampada con arredi chiari o scuri, superfici metalliche, vetro, legno, pietra o finiture contemporanee. Le versioni con diametri, forme o numero di sorgenti differenti sono utili per adattare la presenza visiva della sospensione a tavoli piccoli, piani allungati, ambienti con soffitto alto o zone living più scenografiche. Il grado di protezione indicato, quando presente nella scheda tecnica, conferma la destinazione ad ambienti interni asciutti: non viene quindi descritta come lampada da esterno o per zone esposte ad acqua e agenti atmosferici. Per ottenere il miglior risultato è consigliabile scegliere la sorgente luminosa compatibile con l’attacco e la potenza previsti, valutando temperatura colore, intensità e resa cromatica in funzione dell’ambiente. Una luce calda valorizza aree relax, sale da pranzo e camere, mentre una luce più neutra può essere utile in cucina, studio o spazi commerciali. La Ideal Lux Coco per Interni unisce funzione luminosa e valore decorativo, offrendo una soluzione SEO friendly e completa per chi cerca una lampada a sospensione Ideal Lux affidabile, ben descritta nelle varianti e pronta per essere inserita in un progetto di illuminazione domestico o professionale.","Lampada a sospensione Ideal Lux Coco per interni: ideale per soggiorno, cucina, living, sala da pranzo, camera e ambienti contract."
IL-CONFIG-177,"Ideal Lux Coco per Interni è una lampada a sospensione Ideal Lux pensata per l’illuminazione di interni residenziali e professionali, con una presenza scenografica coerente con il modello Coco. Il prodotto configurabile riunisce le varianti realmente associate nel catalogo: dimensioni Ø15cm x H min 500 / max 2270; attacco LED; potenza massima 7W; materiali Metallo, Vetro; lampadina inclusa: Sì. Le configurazioni disponibili comprendono: Coco-3 sp. La sospensione è indicata per soggiorno, zona living, sala da pranzo, cucina con isola o penisola, camera da letto, corridoi ampi e ambienti contract come reception, showroom, sale riunioni, ristoranti e boutique, scegliendo la configurazione più adatta per dimensione, finitura e numero di luci.","La Ideal Lux Coco per Interni è una lampada a sospensione Ideal Lux per interni progettata per completare l’arredo con una luce sospesa elegante, riconoscibile e proporzionata agli spazi. Il modello Coco è stato trattato come prodotto configurabile: le informazioni sono state aggregate dalle varianti semplici collegate, dagli attributi tecnici del configurabile, dal listino giacenze e dalle descrizioni ufficiali Ideal Lux quando presenti. In questo modo la scheda prodotto descrive l’intera famiglia disponibile senza creare testi separati per ogni singola variante. Le configurazioni disponibili includono dimensioni Ø15cm x H min 500 / max 2270; attacco LED; potenza massima 7W; materiali Metallo, Vetro; lampadina inclusa: Sì. Le configurazioni disponibili comprendono: Coco-3 sp. Dal punto di vista tecnico, la scheda riporta materiali dichiarati: Metallo, Vetro; ingombri disponibili: Ø15cm x H min 500 / max 2270; potenza massima: 7W; attacco portalampada: LED; lampadina inclusa: Sì; grado di protezione: IP20. Questa sospensione è adatta a diversi ambienti della casa: sopra il tavolo da pranzo crea un punto luce centrale, in soggiorno e nella zona living contribuisce a definire l’atmosfera, in cucina può illuminare isole, penisole e piani snack, mentre in camera da letto o in un corridoio ampio può diventare un elemento decorativo capace di dare personalità allo spazio. Nei contesti professionali può essere utilizzata in reception, sale d’attesa, uffici direzionali, showroom, negozi, ristoranti, bar, hotel e spazi contract, sempre valutando altezza di installazione, dimensioni della stanza e quantità di luce desiderata. La scelta tra le varianti permette di coordinare la lampada con arredi chiari o scuri, superfici metalliche, vetro, legno, pietra o finiture contemporanee. Le versioni con diametri, forme o numero di sorgenti differenti sono utili per adattare la presenza visiva della sospensione a tavoli piccoli, piani allungati, ambienti con soffitto alto o zone living più scenografiche. Il grado di protezione indicato, quando presente nella scheda tecnica, conferma la destinazione ad ambienti interni asciutti: non viene quindi descritta come lampada da esterno o per zone esposte ad acqua e agenti atmosferici. Per ottenere il miglior risultato è consigliabile scegliere la sorgente luminosa compatibile con l’attacco e la potenza previsti, valutando temperatura colore, intensità e resa cromatica in funzione dell’ambiente. Una luce calda valorizza aree relax, sale da pranzo e camere, mentre una luce più neutra può essere utile in cucina, studio o spazi commerciali. La Ideal Lux Coco per Interni unisce funzione luminosa e valore decorativo, offrendo una soluzione SEO friendly e completa per chi cerca una lampada a sospensione Ideal Lux affidabile, ben descritta nelle varianti e pronta per essere inserita in un progetto di illuminazione domestico o professionale.","Lampada a sospensione Ideal Lux Coco per interni: ideale per soggiorno, cucina, living, sala da pranzo, camera e ambienti contract."
IL-CONFIG-178,"Ideal Lux Colossal sp15 Lampade a Sospensione per Interni è una lampada a sospensione Ideal Lux pensata per l’illuminazione di interni residenziali e professionali, con una presenza scenografica coerente con il modello Colossal sp15. Il prodotto configurabile riunisce le varianti realmente associate nel catalogo: finiture/colori Grigio e Trasparente; dimensioni Ø95cm x H min 1000 / max 2710; attacco E14; potenza massima 15 x 40W; materiali Cristallo, Metallo, Vetro. Le configurazioni disponibili comprendono: Colossal sp15 -Grigio e Colossal sp15 -Trasparente. Secondo la descrizione ufficiale Ideal Lux, montatura e dettagli in metallo cromato. Bracci in vetro soffiato trasparente o con interno di colore grigio o bianco avorio. Pendagli ed elementi decorativi in vetro trasparente e cristallo molato. Copricatena in velluto. La sospensione è indicata per soggiorno, zona living, sala da pranzo, cucina con isola o penisola, camera da letto, corridoi ampi e ambienti contract come reception, showroom, sale riunioni, ristoranti e boutique, scegliendo la configurazione più adatta per dimensione, finitura e numero di luci.","La Ideal Lux Colossal sp15 Lampade a Sospensione per Interni è una lampada a sospensione Ideal Lux per interni progettata per completare l’arredo con una luce sospesa elegante, riconoscibile e proporzionata agli spazi. Il modello Colossal sp15 è stato trattato come prodotto configurabile: le informazioni sono state aggregate dalle varianti semplici collegate, dagli attributi tecnici del configurabile, dal listino giacenze e dalle descrizioni ufficiali Ideal Lux quando presenti. In questo modo la scheda prodotto descrive l’intera famiglia disponibile senza creare testi separati per ogni singola variante. Le configurazioni disponibili includono finiture/colori Grigio e Trasparente; dimensioni Ø95cm x H min 1000 / max 2710; attacco E14; potenza massima 15 x 40W; materiali Cristallo, Metallo, Vetro. Le configurazioni disponibili comprendono: Colossal sp15 -Grigio e Colossal sp15 -Trasparente. Dal punto di vista tecnico, la scheda riporta materiali dichiarati: Cristallo, Metallo, Vetro; ingombri disponibili: Ø95cm x H min 1000 / max 2710; potenza massima: 15 x 40W; attacco portalampada: E14; grado di protezione: IP20. Secondo la descrizione ufficiale Ideal Lux, montatura e dettagli in metallo cromato. Bracci in vetro soffiato trasparente o con interno di colore grigio o bianco avorio. Pendagli ed elementi decorativi in vetro trasparente e cristallo molato. Copricatena in velluto. Questa sospensione è adatta a diversi ambienti della casa: sopra il tavolo da pranzo crea un punto luce centrale, in soggiorno e nella zona living contribuisce a definire l’atmosfera, in cucina può illuminare isole, penisole e piani snack, mentre in camera da letto o in un corridoio ampio può diventare un elemento decorativo capace di dare personalità allo spazio. Nei contesti professionali può essere utilizzata in reception, sale d’attesa, uffici direzionali, showroom, negozi, ristoranti, bar, hotel e spazi contract, sempre valutando altezza di installazione, dimensioni della stanza e quantità di luce desiderata. La scelta tra le varianti permette di coordinare la lampada con arredi chiari o scuri, superfici metalliche, vetro, legno, pietra o finiture contemporanee. Le versioni con diametri, forme o numero di sorgenti differenti sono utili per adattare la presenza visiva della sospensione a tavoli piccoli, piani allungati, ambienti con soffitto alto o zone living più scenografiche. Il grado di protezione indicato, quando presente nella scheda tecnica, conferma la destinazione ad ambienti interni asciutti: non viene quindi descritta come lampada da esterno o per zone esposte ad acqua e agenti atmosferici. Per ottenere il miglior risultato è consigliabile scegliere la sorgente luminosa compatibile con l’attacco e la potenza previsti, valutando temperatura colore, intensità e resa cromatica in funzione dell’ambiente. Una luce calda valorizza aree relax, sale da pranzo e camere, mentre una luce più neutra può essere utile in cucina, studio o spazi commerciali. La Ideal Lux Colossal sp15 Lampade a Sospensione per Interni unisce funzione luminosa e valore decorativo, offrendo una soluzione SEO friendly e completa per chi cerca una lampada a sospensione Ideal Lux affidabile, ben descritta nelle varianti e pronta per essere inserita in un progetto di illuminazione domestico o professionale.","Lampada a sospensione Ideal Lux Colossal sp15 per interni: ideale per soggiorno, cucina, living, sala da pranzo, camera e ambienti contract."
IL-CONFIG-179,"Ideal Lux Cono sp1 Lampade a Sospensione per Interni è una lampada a sospensione Ideal Lux pensata per l’illuminazione di interni residenziali e professionali, con una presenza scenografica coerente con il modello Cono sp1. Il prodotto configurabile riunisce le varianti realmente associate nel catalogo: finiture/colori Cromo, Nichel e Ottone; dimensioni Ø15cm x H min 500 / max 2333; attacco GU10; potenza massima 28W; materiali Metallo, Vetro; lampadina inclusa: Sì. Le configurazioni disponibili comprendono: Cono sp1 -Cromo, Cono sp1 -Nichel e Cono sp1 -Ottone. Secondo la descrizione ufficiale Ideal Lux, rosone e montatura in metallo placcato. Diffusore in vetro soffiato trasparente. Cavo in pvc. Colori: Cromo con diffusore smerigliato, nickel o ottone. La sospensione è indicata per soggiorno, zona living, sala da pranzo, cucina con isola o penisola, camera da letto, corridoi ampi e ambienti contract come reception, showroom, sale riunioni, ristoranti e boutique, scegliendo la configurazione più adatta per dimensione, finitura e numero di luci.","La Ideal Lux Cono sp1 Lampade a Sospensione per Interni è una lampada a sospensione Ideal Lux per interni progettata per completare l’arredo con una luce sospesa elegante, riconoscibile e proporzionata agli spazi. Il modello Cono sp1 è stato trattato come prodotto configurabile: le informazioni sono state aggregate dalle varianti semplici collegate, dagli attributi tecnici del configurabile, dal listino giacenze e dalle descrizioni ufficiali Ideal Lux quando presenti. In questo modo la scheda prodotto descrive l’intera famiglia disponibile senza creare testi separati per ogni singola variante. Le configurazioni disponibili includono finiture/colori Cromo, Nichel e Ottone; dimensioni Ø15cm x H min 500 / max 2333; attacco GU10; potenza massima 28W; materiali Metallo, Vetro; lampadina inclusa: Sì. Le configurazioni disponibili comprendono: Cono sp1 -Cromo, Cono sp1 -Nichel e Cono sp1 -Ottone. Dal punto di vista tecnico, la scheda riporta materiali dichiarati: Metallo, Vetro; ingombri disponibili: Ø15cm x H min 500 / max 2333; potenza massima: 28W; attacco portalampada: GU10; lampadina inclusa: Sì; grado di protezione: IP20. Secondo la descrizione ufficiale Ideal Lux, rosone e montatura in metallo placcato. Diffusore in vetro soffiato trasparente. Cavo in pvc. Colori: Cromo con diffusore smerigliato, nickel o ottone. Questa sospensione è adatta a diversi ambienti della casa: sopra il tavolo da pranzo crea un punto luce centrale, in soggiorno e nella zona living contribuisce a definire l’atmosfera, in cucina può illuminare isole, penisole e piani snack, mentre in camera da letto o in un corridoio ampio può diventare un elemento decorativo capace di dare personalità allo spazio. Nei contesti professionali può essere utilizzata in reception, sale d’attesa, uffici direzionali, showroom, negozi, ristoranti, bar, hotel e spazi contract, sempre valutando altezza di installazione, dimensioni della stanza e quantità di luce desiderata. La scelta tra le varianti permette di coordinare la lampada con arredi chiari o scuri, superfici metalliche, vetro, legno, pietra o finiture contemporanee. Le versioni con diametri, forme o numero di sorgenti differenti sono utili per adattare la presenza visiva della sospensione a tavoli piccoli, piani allungati, ambienti con soffitto alto o zone living più scenografiche. Il grado di protezione indicato, quando presente nella scheda tecnica, conferma la destinazione ad ambienti interni asciutti: non viene quindi descritta come lampada da esterno o per zone esposte ad acqua e agenti atmosferici. Per ottenere il miglior risultato è consigliabile scegliere la sorgente luminosa compatibile con l’attacco e la potenza previsti, valutando temperatura colore, intensità e resa cromatica in funzione dell’ambiente. Una luce calda valorizza aree relax, sale da pranzo e camere, mentre una luce più neutra può essere utile in cucina, studio o spazi commerciali. La Ideal Lux Cono sp1 Lampade a Sospensione per Interni unisce funzione luminosa e valore decorativo, offrendo una soluzione SEO friendly e completa per chi cerca una lampada a sospensione Ideal Lux affidabile, ben descritta nelle varianti e pronta per essere inserita in un progetto di illuminazione domestico o professionale.","Lampada a sospensione Ideal Lux Cono sp1 per interni: ideale per soggiorno, cucina, living, sala da pranzo, camera e ambienti contract."
IL-CONFIG-180,"Ideal Lux Copernico sp12 Lampade a Sospensione per Interni è una lampada a sospensione Ideal Lux pensata per l’illuminazione di interni residenziali e professionali, con una presenza scenografica coerente con il modello Copernico sp12. Il prodotto configurabile riunisce le varianti realmente associate nel catalogo: dimensioni Ø71cm x H min 840 / max 1725 e Ø86cm x H min 1140 / max 2025; configurazioni 12 sorgenti luminose e 20 sorgenti luminose; attacco G9; potenza massima 12 x 4W - 20 x 4W; materiali Metallo, Vetro; lampadina inclusa: Sì. Le configurazioni disponibili comprendono: Copernico sp12 -12 Sorgenti Luminose e Copernico sp20 -20 Sorgenti Luminose. Secondo la descrizione ufficiale Ideal Lux, montatura in metallo verniciato bianco o nero opaco con dettagli in ottone. Diffusori in vetro incamiciato bianco soffiato e acidato. La sospensione è indicata per soggiorno, zona living, sala da pranzo, cucina con isola o penisola, camera da letto, corridoi ampi e ambienti contract come reception, showroom, sale riunioni, ristoranti e boutique, scegliendo la configurazione più adatta per dimensione, finitura e numero di luci.","La Ideal Lux Copernico sp12 Lampade a Sospensione per Interni è una lampada a sospensione Ideal Lux per interni progettata per completare l’arredo con una luce sospesa elegante, riconoscibile e proporzionata agli spazi. Il modello Copernico sp12 è stato trattato come prodotto configurabile: le informazioni sono state aggregate dalle varianti semplici collegate, dagli attributi tecnici del configurabile, dal listino giacenze e dalle descrizioni ufficiali Ideal Lux quando presenti. In questo modo la scheda prodotto descrive l’intera famiglia disponibile senza creare testi separati per ogni singola variante. Le configurazioni disponibili includono dimensioni Ø71cm x H min 840 / max 1725 e Ø86cm x H min 1140 / max 2025; configurazioni 12 sorgenti luminose e 20 sorgenti luminose; attacco G9; potenza massima 12 x 4W - 20 x 4W; materiali Metallo, Vetro; lampadina inclusa: Sì. Le configurazioni disponibili comprendono: Copernico sp12 -12 Sorgenti Luminose e Copernico sp20 -20 Sorgenti Luminose. Dal punto di vista tecnico, la scheda riporta materiali dichiarati: Metallo, Vetro; ingombri disponibili: Ø71cm x H min 840 / max 1725 - Ø86cm x H min 1140 / max 2025; potenza massima: 12 x 4W - 20 x 4W; attacco portalampada: G9; lampadina inclusa: Sì; grado di protezione: IP20. Secondo la descrizione ufficiale Ideal Lux, montatura in metallo verniciato bianco o nero opaco con dettagli in ottone. Diffusori in vetro incamiciato bianco soffiato e acidato. Questa sospensione è adatta a diversi ambienti della casa: sopra il tavolo da pranzo crea un punto luce centrale, in soggiorno e nella zona living contribuisce a definire l’atmosfera, in cucina può illuminare isole, penisole e piani snack, mentre in camera da letto o in un corridoio ampio può diventare un elemento decorativo capace di dare personalità allo spazio. Nei contesti professionali può essere utilizzata in reception, sale d’attesa, uffici direzionali, showroom, negozi, ristoranti, bar, hotel e spazi contract, sempre valutando altezza di installazione, dimensioni della stanza e quantità di luce desiderata. La scelta tra le varianti permette di coordinare la lampada con arredi chiari o scuri, superfici metalliche, vetro, legno, pietra o finiture contemporanee. Le versioni con diametri, forme o numero di sorgenti differenti sono utili per adattare la presenza visiva della sospensione a tavoli piccoli, piani allungati, ambienti con soffitto alto o zone living più scenografiche. Il grado di protezione indicato, quando presente nella scheda tecnica, conferma la destinazione ad ambienti interni asciutti: non viene quindi descritta come lampada da esterno o per zone esposte ad acqua e agenti atmosferici. Per ottenere il miglior risultato è consigliabile scegliere la sorgente luminosa compatibile con l’attacco e la potenza previsti, valutando temperatura colore, intensità e resa cromatica in funzione dell’ambiente. Una luce calda valorizza aree relax, sale da pranzo e camere, mentre una luce più neutra può essere utile in cucina, studio o spazi commerciali. La Ideal Lux Copernico sp12 Lampade a Sospensione per Interni unisce funzione luminosa e valore decorativo, offrendo una soluzione SEO friendly e completa per chi cerca una lampada a sospensione Ideal Lux affidabile, ben descritta nelle varianti e pronta per essere inserita in un progetto di illuminazione domestico o professionale.","Lampada a sospensione Ideal Lux Copernico sp12 per interni: ideale per soggiorno, cucina, living, sala da pranzo, camera e ambienti contract."
IL-CONFIG-181,"Ideal Lux Corte sp12 Lampade a Sospensione per Interni è una lampada a sospensione Ideal Lux pensata per l’illuminazione di interni residenziali e professionali, con una presenza scenografica coerente con il modello Corte sp12. Il prodotto configurabile riunisce le varianti realmente associate nel catalogo: finiture/colori Bianco; dimensioni Ø95cm x H min 1075 / max 1900, Ø64cm x H min 700 / max 1050 e Ø80cm x H min 795 / max 1150; configurazioni 12 sorgenti luminose, 5 sorgenti luminose e 8 sorgenti luminose; attacco E14; potenza massima 12 x 40W - 5 x 40W - 8 x 40W; materiali Metallo. Le configurazioni disponibili comprendono: Corte sp12 -12 Sorgenti Luminose-Bianco, Corte sp12 -12 Sorgenti Luminose-Ruggine, Corte sp5 -5 Sorgenti Luminose-Bianco, Corte sp5 -5 Sorgenti Luminose-Ruggine, Corte sp8 -8 Sorgenti Luminose-Bianco e Corte sp8 -8 Sorgenti Luminose-Ruggine. Secondo la descrizione ufficiale Ideal Lux, montatura completamente in metallo modellato con lavorazione artigianale. Finitura dipinta a mano con effetto antichizzato. Disponibile nella versione bianca o ruggine. La sospensione è indicata per soggiorno, zona living, sala da pranzo, cucina con isola o penisola, camera da letto, corridoi ampi e ambienti contract come reception, showroom, sale riunioni, ristoranti e boutique, scegliendo la configurazione più adatta per dimensione, finitura e numero di luci.","La Ideal Lux Corte sp12 Lampade a Sospensione per Interni è una lampada a sospensione Ideal Lux per interni progettata per completare l’arredo con una luce sospesa elegante, riconoscibile e proporzionata agli spazi. Il modello Corte sp12 è stato trattato come prodotto configurabile: le informazioni sono state aggregate dalle varianti semplici collegate, dagli attributi tecnici del configurabile, dal listino giacenze e dalle descrizioni ufficiali Ideal Lux quando presenti. In questo modo la scheda prodotto descrive l’intera famiglia disponibile senza creare testi separati per ogni singola variante. Le configurazioni disponibili includono finiture/colori Bianco; dimensioni Ø95cm x H min 1075 / max 1900, Ø64cm x H min 700 / max 1050 e Ø80cm x H min 795 / max 1150; configurazioni 12 sorgenti luminose, 5 sorgenti luminose e 8 sorgenti luminose; attacco E14; potenza massima 12 x 40W - 5 x 40W - 8 x 40W; materiali Metallo. Le configurazioni disponibili comprendono: Corte sp12 -12 Sorgenti Luminose-Bianco, Corte sp12 -12 Sorgenti Luminose-Ruggine, Corte sp5 -5 Sorgenti Luminose-Bianco, Corte sp5 -5 Sorgenti Luminose-Ruggine, Corte sp8 -8 Sorgenti Luminose-Bianco e Corte sp8 -8 Sorgenti Luminose-Ruggine. Dal punto di vista tecnico, la scheda riporta materiali dichiarati: Metallo; ingombri disponibili: Ø95cm x H min 1075 / max 1900 - Ø64cm x H min 700 / max 1050 - Ø80cm x H min 795 / max 1150; potenza massima: 12 x 40W - 5 x 40W - 8 x 40W; attacco portalampada: E14; grado di protezione: IP20. Secondo la descrizione ufficiale Ideal Lux, montatura completamente in metallo modellato con lavorazione artigianale. Finitura dipinta a mano con effetto antichizzato. Disponibile nella versione bianca o ruggine. Questa sospensione è adatta a diversi ambienti della casa: sopra il tavolo da pranzo crea un punto luce centrale, in soggiorno e nella zona living contribuisce a definire l’atmosfera, in cucina può illuminare isole, penisole e piani snack, mentre in camera da letto o in un corridoio ampio può diventare un elemento decorativo capace di dare personalità allo spazio. Nei contesti professionali può essere utilizzata in reception, sale d’attesa, uffici direzionali, showroom, negozi, ristoranti, bar, hotel e spazi contract, sempre valutando altezza di installazione, dimensioni della stanza e quantità di luce desiderata. La scelta tra le varianti permette di coordinare la lampada con arredi chiari o scuri, superfici metalliche, vetro, legno, pietra o finiture contemporanee. Le versioni con diametri, forme o numero di sorgenti differenti sono utili per adattare la presenza visiva della sospensione a tavoli piccoli, piani allungati, ambienti con soffitto alto o zone living più scenografiche. Il grado di protezione indicato, quando presente nella scheda tecnica, conferma la destinazione ad ambienti interni asciutti: non viene quindi descritta come lampada da esterno o per zone esposte ad acqua e agenti atmosferici. Per ottenere il miglior risultato è consigliabile scegliere la sorgente luminosa compatibile con l’attacco e la potenza previsti, valutando temperatura colore, intensità e resa cromatica in funzione dell’ambiente. Una luce calda valorizza aree relax, sale da pranzo e camere, mentre una luce più neutra può essere utile in cucina, studio o spazi commerciali. La Ideal Lux Corte sp12 Lampade a Sospensione per Interni unisce funzione luminosa e valore decorativo, offrendo una soluzione SEO friendly e completa per chi cerca una lampada a sospensione Ideal Lux affidabile, ben descritta nelle varianti e pronta per essere inserita in un progetto di illuminazione domestico o professionale.","Lampada a sospensione Ideal Lux Corte sp12 per interni: ideale per soggiorno, cucina, living, sala da pranzo, camera e ambienti contract."
IL-CONFIG-182,"Ideal Lux Cotton sp1 Lampade a Sospensione per Interni è una lampada a sospensione Ideal Lux pensata per l’illuminazione di interni residenziali e professionali, con una presenza scenografica coerente con il modello Cotton sp1. Il prodotto configurabile riunisce le varianti realmente associate nel catalogo: dimensioni Diametro, 13cm, 30cm, 40cm e 50cm; attacco E27 e G9; potenza massima 42W - 4W; materiali Alluminio, Metallo, Vetro; lampadina inclusa: Sì. Le configurazioni disponibili comprendono: Cotton sp1 -Diametro-13cm, Cotton sp1 -Diametro-30cm, Cotton sp1 -Diametro-40cm e Cotton sp1 -Diametro-50cm. La sospensione è indicata per soggiorno, zona living, sala da pranzo, cucina con isola o penisola, camera da letto, corridoi ampi e ambienti contract come reception, showroom, sale riunioni, ristoranti e boutique, scegliendo la configurazione più adatta per dimensione, finitura e numero di luci.","La Ideal Lux Cotton sp1 Lampade a Sospensione per Interni è una lampada a sospensione Ideal Lux per interni progettata per completare l’arredo con una luce sospesa elegante, riconoscibile e proporzionata agli spazi. Il modello Cotton sp1 è stato trattato come prodotto configurabile: le informazioni sono state aggregate dalle varianti semplici collegate, dagli attributi tecnici del configurabile, dal listino giacenze e dalle descrizioni ufficiali Ideal Lux quando presenti. In questo modo la scheda prodotto descrive l’intera famiglia disponibile senza creare testi separati per ogni singola variante. Le configurazioni disponibili includono dimensioni Diametro, 13cm, 30cm, 40cm e 50cm; attacco E27 e G9; potenza massima 42W - 4W; materiali Alluminio, Metallo, Vetro; lampadina inclusa: Sì. Le configurazioni disponibili comprendono: Cotton sp1 -Diametro-13cm, Cotton sp1 -Diametro-30cm, Cotton sp1 -Diametro-40cm e Cotton sp1 -Diametro-50cm. Dal punto di vista tecnico, la scheda riporta materiali dichiarati: Alluminio, Metallo, Vetro; ingombri disponibili: Ø13cm x H min 340 / max 2150 - Ø30cm x H min 455 / max 2230 - Ø40cm x H min 555 / max 2355 - Ø50cm x H min 640 / max 2435; potenza massima: 42W - 4W; attacco portalampada: E27 e G9; lampadina inclusa: Sì; grado di protezione: IP20. Questa sospensione è adatta a diversi ambienti della casa: sopra il tavolo da pranzo crea un punto luce centrale, in soggiorno e nella zona living contribuisce a definire l’atmosfera, in cucina può illuminare isole, penisole e piani snack, mentre in camera da letto o in un corridoio ampio può diventare un elemento decorativo capace di dare personalità allo spazio. Nei contesti professionali può essere utilizzata in reception, sale d’attesa, uffici direzionali, showroom, negozi, ristoranti, bar, hotel e spazi contract, sempre valutando altezza di installazione, dimensioni della stanza e quantità di luce desiderata. La scelta tra le varianti permette di coordinare la lampada con arredi chiari o scuri, superfici metalliche, vetro, legno, pietra o finiture contemporanee. Le versioni con diametri, forme o numero di sorgenti differenti sono utili per adattare la presenza visiva della sospensione a tavoli piccoli, piani allungati, ambienti con soffitto alto o zone living più scenografiche. Il grado di protezione indicato, quando presente nella scheda tecnica, conferma la destinazione ad ambienti interni asciutti: non viene quindi descritta come lampada da esterno o per zone esposte ad acqua e agenti atmosferici. Per ottenere il miglior risultato è consigliabile scegliere la sorgente luminosa compatibile con l’attacco e la potenza previsti, valutando temperatura colore, intensità e resa cromatica in funzione dell’ambiente. Una luce calda valorizza aree relax, sale da pranzo e camere, mentre una luce più neutra può essere utile in cucina, studio o spazi commerciali. La Ideal Lux Cotton sp1 Lampade a Sospensione per Interni unisce funzione luminosa e valore decorativo, offrendo una soluzione SEO friendly e completa per chi cerca una lampada a sospensione Ideal Lux affidabile, ben descritta nelle varianti e pronta per essere inserita in un progetto di illuminazione domestico o professionale.","Lampada a sospensione Ideal Lux Cotton sp1 per interni: ideale per soggiorno, cucina, living, sala da pranzo, camera e ambienti contract."
IL-CONFIG-183,"Ideal Lux Craft sp Lampade a Sospensione per Interni è una lampada a sospensione Ideal Lux pensata per l’illuminazione di interni residenziali e professionali, con una presenza scenografica coerente con il modello Craft sp. Il prodotto configurabile riunisce le varianti realmente associate nel catalogo: dimensioni L110cm x H min 330 / max 2170 x P8cm; attacco LED; potenza massima 32W; materiali Legno, Metallo, Vetro; lampadina inclusa: Sì. Le configurazioni disponibili comprendono: Craft sp. La sospensione è indicata per soggiorno, zona living, sala da pranzo, cucina con isola o penisola, camera da letto, corridoi ampi e ambienti contract come reception, showroom, sale riunioni, ristoranti e boutique, scegliendo la configurazione più adatta per dimensione, finitura e numero di luci.","La Ideal Lux Craft sp Lampade a Sospensione per Interni è una lampada a sospensione Ideal Lux per interni progettata per completare l’arredo con una luce sospesa elegante, riconoscibile e proporzionata agli spazi. Il modello Craft sp è stato trattato come prodotto configurabile: le informazioni sono state aggregate dalle varianti semplici collegate, dagli attributi tecnici del configurabile, dal listino giacenze e dalle descrizioni ufficiali Ideal Lux quando presenti. In questo modo la scheda prodotto descrive l’intera famiglia disponibile senza creare testi separati per ogni singola variante. Le configurazioni disponibili includono dimensioni L110cm x H min 330 / max 2170 x P8cm; attacco LED; potenza massima 32W; materiali Legno, Metallo, Vetro; lampadina inclusa: Sì. Le configurazioni disponibili comprendono: Craft sp. Dal punto di vista tecnico, la scheda riporta materiali dichiarati: Legno, Metallo, Vetro; ingombri disponibili: L110cm x H min 330 / max 2170 x P8cm; potenza massima: 32W; attacco portalampada: LED; lampadina inclusa: Sì; grado di protezione: IP20. Questa sospensione è adatta a diversi ambienti della casa: sopra il tavolo da pranzo crea un punto luce centrale, in soggiorno e nella zona living contribuisce a definire l’atmosfera, in cucina può illuminare isole, penisole e piani snack, mentre in camera da letto o in un corridoio ampio può diventare un elemento decorativo capace di dare personalità allo spazio. Nei contesti professionali può essere utilizzata in reception, sale d’attesa, uffici direzionali, showroom, negozi, ristoranti, bar, hotel e spazi contract, sempre valutando altezza di installazione, dimensioni della stanza e quantità di luce desiderata. La scelta tra le varianti permette di coordinare la lampada con arredi chiari o scuri, superfici metalliche, vetro, legno, pietra o finiture contemporanee. Le versioni con diametri, forme o numero di sorgenti differenti sono utili per adattare la presenza visiva della sospensione a tavoli piccoli, piani allungati, ambienti con soffitto alto o zone living più scenografiche. Il grado di protezione indicato, quando presente nella scheda tecnica, conferma la destinazione ad ambienti interni asciutti: non viene quindi descritta come lampada da esterno o per zone esposte ad acqua e agenti atmosferici. Per ottenere il miglior risultato è consigliabile scegliere la sorgente luminosa compatibile con l’attacco e la potenza previsti, valutando temperatura colore, intensità e resa cromatica in funzione dell’ambiente. Una luce calda valorizza aree relax, sale da pranzo e camere, mentre una luce più neutra può essere utile in cucina, studio o spazi commerciali. La Ideal Lux Craft sp Lampade a Sospensione per Interni unisce funzione luminosa e valore decorativo, offrendo una soluzione SEO friendly e completa per chi cerca una lampada a sospensione Ideal Lux affidabile, ben descritta nelle varianti e pronta per essere inserita in un progetto di illuminazione domestico o professionale.","Lampada a sospensione Ideal Lux Craft sp per interni: ideale per soggiorno, cucina, living, sala da pranzo, camera e ambienti contract."
IL-CONFIG-184,"Ideal Lux Crown sp Lampade a Sospensione per Interni è una lampada a sospensione Ideal Lux pensata per l’illuminazione di interni residenziali e professionali, con una presenza scenografica coerente con il modello Crown sp. Il prodotto configurabile riunisce le varianti realmente associate nel catalogo: finiture/colori Bianco, Nero e Ottone; dimensioni Diametro, 40cm, 60cm e 80cm; attacco LED; potenza massima 21W - 31W - 43W; materiali Metallo, Vetro; lampadina inclusa: Sì. Le configurazioni disponibili comprendono: Crown sp -Bianco-Diametro-40cm, Crown sp -Nero-Diametro-40cm, Crown sp -Ottone-Diametro-40cm, Crown sp -Bianco-Diametro-60cm, Crown sp -Nero-Diametro-60cm, Crown sp -Ottone-Diametro-60cm, Crown sp -Bianco-Diametro-80cm, Crown sp -Nero-Diametro-80cm e Crown sp -Ottone-Diametro-80cm. La sospensione è indicata per soggiorno, zona living, sala da pranzo, cucina con isola o penisola, camera da letto, corridoi ampi e ambienti contract come reception, showroom, sale riunioni, ristoranti e boutique, scegliendo la configurazione più adatta per dimensione, finitura e numero di luci.","La Ideal Lux Crown sp Lampade a Sospensione per Interni è una lampada a sospensione Ideal Lux per interni progettata per completare l’arredo con una luce sospesa elegante, riconoscibile e proporzionata agli spazi. Il modello Crown sp è stato trattato come prodotto configurabile: le informazioni sono state aggregate dalle varianti semplici collegate, dagli attributi tecnici del configurabile, dal listino giacenze e dalle descrizioni ufficiali Ideal Lux quando presenti. In questo modo la scheda prodotto descrive l’intera famiglia disponibile senza creare testi separati per ogni singola variante. Le configurazioni disponibili includono finiture/colori Bianco, Nero e Ottone; dimensioni Diametro, 40cm, 60cm e 80cm; attacco LED; potenza massima 21W - 31W - 43W; materiali Metallo, Vetro; lampadina inclusa: Sì. Le configurazioni disponibili comprendono: Crown sp -Bianco-Diametro-40cm, Crown sp -Nero-Diametro-40cm, Crown sp -Ottone-Diametro-40cm, Crown sp -Bianco-Diametro-60cm, Crown sp -Nero-Diametro-60cm, Crown sp -Ottone-Diametro-60cm, Crown sp -Bianco-Diametro-80cm, Crown sp -Nero-Diametro-80cm e Crown sp -Ottone-Diametro-80cm. Dal punto di vista tecnico, la scheda riporta materiali dichiarati: Metallo, Vetro; ingombri disponibili: Ø40cm x H min 300 / max 2050 - Ø60cm x H min 300 / max 2050 - Ø80cm x H min 300 / max 2050; potenza massima: 21W - 31W - 43W; attacco portalampada: LED; lampadina inclusa: Sì; grado di protezione: IP20. Questa sospensione è adatta a diversi ambienti della casa: sopra il tavolo da pranzo crea un punto luce centrale, in soggiorno e nella zona living contribuisce a definire l’atmosfera, in cucina può illuminare isole, penisole e piani snack, mentre in camera da letto o in un corridoio ampio può diventare un elemento decorativo capace di dare personalità allo spazio. Nei contesti professionali può essere utilizzata in reception, sale d’attesa, uffici direzionali, showroom, negozi, ristoranti, bar, hotel e spazi contract, sempre valutando altezza di installazione, dimensioni della stanza e quantità di luce desiderata. La scelta tra le varianti permette di coordinare la lampada con arredi chiari o scuri, superfici metalliche, vetro, legno, pietra o finiture contemporanee. Le versioni con diametri, forme o numero di sorgenti differenti sono utili per adattare la presenza visiva della sospensione a tavoli piccoli, piani allungati, ambienti con soffitto alto o zone living più scenografiche. Il grado di protezione indicato, quando presente nella scheda tecnica, conferma la destinazione ad ambienti interni asciutti: non viene quindi descritta come lampada da esterno o per zone esposte ad acqua e agenti atmosferici. Per ottenere il miglior risultato è consigliabile scegliere la sorgente luminosa compatibile con l’attacco e la potenza previsti, valutando temperatura colore, intensità e resa cromatica in funzione dell’ambiente. Una luce calda valorizza aree relax, sale da pranzo e camere, mentre una luce più neutra può essere utile in cucina, studio o spazi commerciali. La Ideal Lux Crown sp Lampade a Sospensione per Interni unisce funzione luminosa e valore decorativo, offrendo una soluzione SEO friendly e completa per chi cerca una lampada a sospensione Ideal Lux affidabile, ben descritta nelle varianti e pronta per essere inserita in un progetto di illuminazione domestico o professionale.","Lampada a sospensione Ideal Lux Crown sp per interni: ideale per soggiorno, cucina, living, sala da pranzo, camera e ambienti contract."
IL-CONFIG-185,"Ideal Lux Cylinder sp1 Lampade a Sospensione per Interni è una lampada a sospensione Ideal Lux pensata per l’illuminazione di interni residenziali e professionali, con una presenza scenografica coerente con il modello Cylinder sp1. Il prodotto configurabile riunisce le varianti realmente associate nel catalogo: dimensioni Ø40.5cm x H min 570 / max 2340; attacco E27; potenza massima 60W; materiali Resina, Vetro. Le configurazioni disponibili comprendono: Cylinder sp1. La sospensione è indicata per soggiorno, zona living, sala da pranzo, cucina con isola o penisola, camera da letto, corridoi ampi e ambienti contract come reception, showroom, sale riunioni, ristoranti e boutique, scegliendo la configurazione più adatta per dimensione, finitura e numero di luci.","La Ideal Lux Cylinder sp1 Lampade a Sospensione per Interni è una lampada a sospensione Ideal Lux per interni progettata per completare l’arredo con una luce sospesa elegante, riconoscibile e proporzionata agli spazi. Il modello Cylinder sp1 è stato trattato come prodotto configurabile: le informazioni sono state aggregate dalle varianti semplici collegate, dagli attributi tecnici del configurabile, dal listino giacenze e dalle descrizioni ufficiali Ideal Lux quando presenti. In questo modo la scheda prodotto descrive l’intera famiglia disponibile senza creare testi separati per ogni singola variante. Le configurazioni disponibili includono dimensioni Ø40.5cm x H min 570 / max 2340; attacco E27; potenza massima 60W; materiali Resina, Vetro. Le configurazioni disponibili comprendono: Cylinder sp1. Dal punto di vista tecnico, la scheda riporta materiali dichiarati: Resina, Vetro; ingombri disponibili: Ø40.5cm x H min 570 / max 2340; potenza massima: 60W; attacco portalampada: E27; grado di protezione: IP20. Questa sospensione è adatta a diversi ambienti della casa: sopra il tavolo da pranzo crea un punto luce centrale, in soggiorno e nella zona living contribuisce a definire l’atmosfera, in cucina può illuminare isole, penisole e piani snack, mentre in camera da letto o in un corridoio ampio può diventare un elemento decorativo capace di dare personalità allo spazio. Nei contesti professionali può essere utilizzata in reception, sale d’attesa, uffici direzionali, showroom, negozi, ristoranti, bar, hotel e spazi contract, sempre valutando altezza di installazione, dimensioni della stanza e quantità di luce desiderata. La scelta tra le varianti permette di coordinare la lampada con arredi chiari o scuri, superfici metalliche, vetro, legno, pietra o finiture contemporanee. Le versioni con diametri, forme o numero di sorgenti differenti sono utili per adattare la presenza visiva della sospensione a tavoli piccoli, piani allungati, ambienti con soffitto alto o zone living più scenografiche. Il grado di protezione indicato, quando presente nella scheda tecnica, conferma la destinazione ad ambienti interni asciutti: non viene quindi descritta come lampada da esterno o per zone esposte ad acqua e agenti atmosferici. Per ottenere il miglior risultato è consigliabile scegliere la sorgente luminosa compatibile con l’attacco e la potenza previsti, valutando temperatura colore, intensità e resa cromatica in funzione dell’ambiente. Una luce calda valorizza aree relax, sale da pranzo e camere, mentre una luce più neutra può essere utile in cucina, studio o spazi commerciali. La Ideal Lux Cylinder sp1 Lampade a Sospensione per Interni unisce funzione luminosa e valore decorativo, offrendo una soluzione SEO friendly e completa per chi cerca una lampada a sospensione Ideal Lux affidabile, ben descritta nelle varianti e pronta per essere inserita in un progetto di illuminazione domestico o professionale.","Lampada a sospensione Ideal Lux Cylinder sp1 per interni: ideale per soggiorno, cucina, living, sala da pranzo, camera e ambienti contract."
IL-CONFIG-186,"Ideal Lux Danieli sp6 Lampade a Sospensione per Interni è una lampada a sospensione Ideal Lux pensata per l’illuminazione di interni residenziali e professionali, con una presenza scenografica coerente con il modello Danieli sp6. Il prodotto configurabile riunisce le varianti realmente associate nel catalogo: dimensioni Ø85cm x H min 800 / max 1700; configurazioni 6 sorgenti luminose e 8 sorgenti luminose; attacco E14; potenza massima 6 x 40W - 8 x 40W; materiali Vetro. Le configurazioni disponibili comprendono: Danieli sp6 -6 Sorgenti Luminose e Danieli sp8 -8 Sorgenti Luminose. Secondo la descrizione ufficiale Ideal Lux, montatura in metallo cromato o dorato. Elementi decorativi in vetro soffiato trasparente o ambrato. Copricatena in velluto. La sospensione è indicata per soggiorno, zona living, sala da pranzo, cucina con isola o penisola, camera da letto, corridoi ampi e ambienti contract come reception, showroom, sale riunioni, ristoranti e boutique, scegliendo la configurazione più adatta per dimensione, finitura e numero di luci.","La Ideal Lux Danieli sp6 Lampade a Sospensione per Interni è una lampada a sospensione Ideal Lux per interni progettata per completare l’arredo con una luce sospesa elegante, riconoscibile e proporzionata agli spazi. Il modello Danieli sp6 è stato trattato come prodotto configurabile: le informazioni sono state aggregate dalle varianti semplici collegate, dagli attributi tecnici del configurabile, dal listino giacenze e dalle descrizioni ufficiali Ideal Lux quando presenti. In questo modo la scheda prodotto descrive l’intera famiglia disponibile senza creare testi separati per ogni singola variante. Le configurazioni disponibili includono dimensioni Ø85cm x H min 800 / max 1700; configurazioni 6 sorgenti luminose e 8 sorgenti luminose; attacco E14; potenza massima 6 x 40W - 8 x 40W; materiali Vetro. Le configurazioni disponibili comprendono: Danieli sp6 -6 Sorgenti Luminose e Danieli sp8 -8 Sorgenti Luminose. Dal punto di vista tecnico, la scheda riporta materiali dichiarati: Vetro; ingombri disponibili: Ø85cm x H min 800 / max 1700; potenza massima: 6 x 40W - 8 x 40W; attacco portalampada: E14; grado di protezione: IP20. Secondo la descrizione ufficiale Ideal Lux, montatura in metallo cromato o dorato. Elementi decorativi in vetro soffiato trasparente o ambrato. Copricatena in velluto. Questa sospensione è adatta a diversi ambienti della casa: sopra il tavolo da pranzo crea un punto luce centrale, in soggiorno e nella zona living contribuisce a definire l’atmosfera, in cucina può illuminare isole, penisole e piani snack, mentre in camera da letto o in un corridoio ampio può diventare un elemento decorativo capace di dare personalità allo spazio. Nei contesti professionali può essere utilizzata in reception, sale d’attesa, uffici direzionali, showroom, negozi, ristoranti, bar, hotel e spazi contract, sempre valutando altezza di installazione, dimensioni della stanza e quantità di luce desiderata. La scelta tra le varianti permette di coordinare la lampada con arredi chiari o scuri, superfici metalliche, vetro, legno, pietra o finiture contemporanee. Le versioni con diametri, forme o numero di sorgenti differenti sono utili per adattare la presenza visiva della sospensione a tavoli piccoli, piani allungati, ambienti con soffitto alto o zone living più scenografiche. Il grado di protezione indicato, quando presente nella scheda tecnica, conferma la destinazione ad ambienti interni asciutti: non viene quindi descritta come lampada da esterno o per zone esposte ad acqua e agenti atmosferici. Per ottenere il miglior risultato è consigliabile scegliere la sorgente luminosa compatibile con l’attacco e la potenza previsti, valutando temperatura colore, intensità e resa cromatica in funzione dell’ambiente. Una luce calda valorizza aree relax, sale da pranzo e camere, mentre una luce più neutra può essere utile in cucina, studio o spazi commerciali. La Ideal Lux Danieli sp6 Lampade a Sospensione per Interni unisce funzione luminosa e valore decorativo, offrendo una soluzione SEO friendly e completa per chi cerca una lampada a sospensione Ideal Lux affidabile, ben descritta nelle varianti e pronta per essere inserita in un progetto di illuminazione domestico o professionale.","Lampada a sospensione Ideal Lux Danieli sp6 per interni: ideale per soggiorno, cucina, living, sala da pranzo, camera e ambienti contract."
IL-CONFIG-187,"Ideal Lux Desk sp1 Lampade a Sospensione per Interni è una lampada a sospensione Ideal Lux pensata per l’illuminazione di interni residenziali e professionali, con una presenza scenografica coerente con il modello Desk sp1. Il prodotto configurabile riunisce le varianti realmente associate nel catalogo: finiture/colori Bianco e Nero; dimensioni L102.5cm x H min 330 / max 1200 x P1.5cm; attacco LED; potenza massima 32W; materiali Metallo; lampadina inclusa: Sì. Le configurazioni disponibili comprendono: Desk sp1 -Bianco e Desk sp1 -Nero. Secondo la descrizione ufficiale Ideal Lux, rosone e corpo luce in alluminio verniciato a polveri. Cavo elettrico in pvc. Disponibile con sorgente singola a emissione diffusa, con sorgente doppia a emissione diffusa sopra e sotto. La sospensione è indicata per soggiorno, zona living, sala da pranzo, cucina con isola o penisola, camera da letto, corridoi ampi e ambienti contract come reception, showroom, sale riunioni, ristoranti e boutique, scegliendo la configurazione più adatta per dimensione, finitura e numero di luci.","La Ideal Lux Desk sp1 Lampade a Sospensione per Interni è una lampada a sospensione Ideal Lux per interni progettata per completare l’arredo con una luce sospesa elegante, riconoscibile e proporzionata agli spazi. Il modello Desk sp1 è stato trattato come prodotto configurabile: le informazioni sono state aggregate dalle varianti semplici collegate, dagli attributi tecnici del configurabile, dal listino giacenze e dalle descrizioni ufficiali Ideal Lux quando presenti. In questo modo la scheda prodotto descrive l’intera famiglia disponibile senza creare testi separati per ogni singola variante. Le configurazioni disponibili includono finiture/colori Bianco e Nero; dimensioni L102.5cm x H min 330 / max 1200 x P1.5cm; attacco LED; potenza massima 32W; materiali Metallo; lampadina inclusa: Sì. Le configurazioni disponibili comprendono: Desk sp1 -Bianco e Desk sp1 -Nero. Dal punto di vista tecnico, la scheda riporta materiali dichiarati: Metallo; ingombri disponibili: L102.5cm x H min 330 / max 1200 x P1.5cm; potenza massima: 32W; attacco portalampada: LED; lampadina inclusa: Sì; grado di protezione: IP20. Secondo la descrizione ufficiale Ideal Lux, rosone e corpo luce in alluminio verniciato a polveri. Cavo elettrico in pvc. Disponibile con sorgente singola a emissione diffusa, con sorgente doppia a emissione diffusa sopra e sotto. Questa sospensione è adatta a diversi ambienti della casa: sopra il tavolo da pranzo crea un punto luce centrale, in soggiorno e nella zona living contribuisce a definire l’atmosfera, in cucina può illuminare isole, penisole e piani snack, mentre in camera da letto o in un corridoio ampio può diventare un elemento decorativo capace di dare personalità allo spazio. Nei contesti professionali può essere utilizzata in reception, sale d’attesa, uffici direzionali, showroom, negozi, ristoranti, bar, hotel e spazi contract, sempre valutando altezza di installazione, dimensioni della stanza e quantità di luce desiderata. La scelta tra le varianti permette di coordinare la lampada con arredi chiari o scuri, superfici metalliche, vetro, legno, pietra o finiture contemporanee. Le versioni con diametri, forme o numero di sorgenti differenti sono utili per adattare la presenza visiva della sospensione a tavoli piccoli, piani allungati, ambienti con soffitto alto o zone living più scenografiche. Il grado di protezione indicato, quando presente nella scheda tecnica, conferma la destinazione ad ambienti interni asciutti: non viene quindi descritta come lampada da esterno o per zone esposte ad acqua e agenti atmosferici. Per ottenere il miglior risultato è consigliabile scegliere la sorgente luminosa compatibile con l’attacco e la potenza previsti, valutando temperatura colore, intensità e resa cromatica in funzione dell’ambiente. Una luce calda valorizza aree relax, sale da pranzo e camere, mentre una luce più neutra può essere utile in cucina, studio o spazi commerciali. La Ideal Lux Desk sp1 Lampade a Sospensione per Interni unisce funzione luminosa e valore decorativo, offrendo una soluzione SEO friendly e completa per chi cerca una lampada a sospensione Ideal Lux affidabile, ben descritta nelle varianti e pronta per essere inserita in un progetto di illuminazione domestico o professionale.","Lampada a sospensione Ideal Lux Desk sp1 per interni: ideale per soggiorno, cucina, living, sala da pranzo, camera e ambienti contract."
IL-CONFIG-188,"Ideal Lux Diamond sp1 Lampade a Sospensione per Interni è una lampada a sospensione Ideal Lux pensata per l’illuminazione di interni residenziali e professionali, con una presenza scenografica coerente con il modello Diamond sp1. Il prodotto configurabile riunisce le varianti realmente associate nel catalogo: dimensioni Ø11cm x H min 350 / max 2300, Ø25cm x H min 345 / max 2300 e L84cm x H min 340 / max 2300 x P11cm; configurazioni 5 sorgenti luminose e 3 sorgenti luminose; attacco LED; potenza massima 15W - 23W - 5W; materiali Alluminio, PS; lampadina inclusa: Sì. Le configurazioni disponibili comprendono: Diamond sp1 -1 Sorgente Luminosa, Diamond sp3 -5 Sorgenti Luminose e Diamond sp5 -3 Sorgenti Luminose. La sospensione è indicata per soggiorno, zona living, sala da pranzo, cucina con isola o penisola, camera da letto, corridoi ampi e ambienti contract come reception, showroom, sale riunioni, ristoranti e boutique, scegliendo la configurazione più adatta per dimensione, finitura e numero di luci.","La Ideal Lux Diamond sp1 Lampade a Sospensione per Interni è una lampada a sospensione Ideal Lux per interni progettata per completare l’arredo con una luce sospesa elegante, riconoscibile e proporzionata agli spazi. Il modello Diamond sp1 è stato trattato come prodotto configurabile: le informazioni sono state aggregate dalle varianti semplici collegate, dagli attributi tecnici del configurabile, dal listino giacenze e dalle descrizioni ufficiali Ideal Lux quando presenti. In questo modo la scheda prodotto descrive l’intera famiglia disponibile senza creare testi separati per ogni singola variante. Le configurazioni disponibili includono dimensioni Ø11cm x H min 350 / max 2300, Ø25cm x H min 345 / max 2300 e L84cm x H min 340 / max 2300 x P11cm; configurazioni 5 sorgenti luminose e 3 sorgenti luminose; attacco LED; potenza massima 15W - 23W - 5W; materiali Alluminio, PS; lampadina inclusa: Sì. Le configurazioni disponibili comprendono: Diamond sp1 -1 Sorgente Luminosa, Diamond sp3 -5 Sorgenti Luminose e Diamond sp5 -3 Sorgenti Luminose. Dal punto di vista tecnico, la scheda riporta materiali dichiarati: Alluminio, PS; ingombri disponibili: Ø11cm x H min 350 / max 2300 - Ø25cm x H min 345 / max 2300 - L84cm x H min 340 / max 2300 x P11cm; potenza massima: 15W - 23W - 5W; attacco portalampada: LED; lampadina inclusa: Sì; grado di protezione: IP20. Questa sospensione è adatta a diversi ambienti della casa: sopra il tavolo da pranzo crea un punto luce centrale, in soggiorno e nella zona living contribuisce a definire l’atmosfera, in cucina può illuminare isole, penisole e piani snack, mentre in camera da letto o in un corridoio ampio può diventare un elemento decorativo capace di dare personalità allo spazio. Nei contesti professionali può essere utilizzata in reception, sale d’attesa, uffici direzionali, showroom, negozi, ristoranti, bar, hotel e spazi contract, sempre valutando altezza di installazione, dimensioni della stanza e quantità di luce desiderata. La scelta tra le varianti permette di coordinare la lampada con arredi chiari o scuri, superfici metalliche, vetro, legno, pietra o finiture contemporanee. Le versioni con diametri, forme o numero di sorgenti differenti sono utili per adattare la presenza visiva della sospensione a tavoli piccoli, piani allungati, ambienti con soffitto alto o zone living più scenografiche. Il grado di protezione indicato, quando presente nella scheda tecnica, conferma la destinazione ad ambienti interni asciutti: non viene quindi descritta come lampada da esterno o per zone esposte ad acqua e agenti atmosferici. Per ottenere il miglior risultato è consigliabile scegliere la sorgente luminosa compatibile con l’attacco e la potenza previsti, valutando temperatura colore, intensità e resa cromatica in funzione dell’ambiente. Una luce calda valorizza aree relax, sale da pranzo e camere, mentre una luce più neutra può essere utile in cucina, studio o spazi commerciali. La Ideal Lux Diamond sp1 Lampade a Sospensione per Interni unisce funzione luminosa e valore decorativo, offrendo una soluzione SEO friendly e completa per chi cerca una lampada a sospensione Ideal Lux affidabile, ben descritta nelle varianti e pronta per essere inserita in un progetto di illuminazione domestico o professionale.","Lampada a sospensione Ideal Lux Diamond sp1 per interni: ideale per soggiorno, cucina, living, sala da pranzo, camera e ambienti contract."
IL-CONFIG-189,"Ideal Lux Diesis sp Lampade a Sospensione per Interni è una lampada a sospensione Ideal Lux pensata per l’illuminazione di interni residenziali e professionali, con una presenza scenografica coerente con il modello Diesis sp. Il prodotto configurabile riunisce le varianti realmente associate nel catalogo: finiture/colori Nero, Nichel e Ottone; dimensioni Ø6cm x H min 505 / max 2430; attacco LED; potenza massima 7W; materiali Metallo; lampadina inclusa: Sì. Le configurazioni disponibili comprendono: Diesis sp -Nero, Diesis sp -Nichel e Diesis sp -Ottone. La sospensione è indicata per soggiorno, zona living, sala da pranzo, cucina con isola o penisola, camera da letto, corridoi ampi e ambienti contract come reception, showroom, sale riunioni, ristoranti e boutique, scegliendo la configurazione più adatta per dimensione, finitura e numero di luci.","La Ideal Lux Diesis sp Lampade a Sospensione per Interni è una lampada a sospensione Ideal Lux per interni progettata per completare l’arredo con una luce sospesa elegante, riconoscibile e proporzionata agli spazi. Il modello Diesis sp è stato trattato come prodotto configurabile: le informazioni sono state aggregate dalle varianti semplici collegate, dagli attributi tecnici del configurabile, dal listino giacenze e dalle descrizioni ufficiali Ideal Lux quando presenti. In questo modo la scheda prodotto descrive l’intera famiglia disponibile senza creare testi separati per ogni singola variante. Le configurazioni disponibili includono finiture/colori Nero, Nichel e Ottone; dimensioni Ø6cm x H min 505 / max 2430; attacco LED; potenza massima 7W; materiali Metallo; lampadina inclusa: Sì. Le configurazioni disponibili comprendono: Diesis sp -Nero, Diesis sp -Nichel e Diesis sp -Ottone. Dal punto di vista tecnico, la scheda riporta materiali dichiarati: Metallo; ingombri disponibili: Ø6cm x H min 505 / max 2430; potenza massima: 7W; attacco portalampada: LED; lampadina inclusa: Sì; grado di protezione: IP20. Questa sospensione è adatta a diversi ambienti della casa: sopra il tavolo da pranzo crea un punto luce centrale, in soggiorno e nella zona living contribuisce a definire l’atmosfera, in cucina può illuminare isole, penisole e piani snack, mentre in camera da letto o in un corridoio ampio può diventare un elemento decorativo capace di dare personalità allo spazio. Nei contesti professionali può essere utilizzata in reception, sale d’attesa, uffici direzionali, showroom, negozi, ristoranti, bar, hotel e spazi contract, sempre valutando altezza di installazione, dimensioni della stanza e quantità di luce desiderata. La scelta tra le varianti permette di coordinare la lampada con arredi chiari o scuri, superfici metalliche, vetro, legno, pietra o finiture contemporanee. Le versioni con diametri, forme o numero di sorgenti differenti sono utili per adattare la presenza visiva della sospensione a tavoli piccoli, piani allungati, ambienti con soffitto alto o zone living più scenografiche. Il grado di protezione indicato, quando presente nella scheda tecnica, conferma la destinazione ad ambienti interni asciutti: non viene quindi descritta come lampada da esterno o per zone esposte ad acqua e agenti atmosferici. Per ottenere il miglior risultato è consigliabile scegliere la sorgente luminosa compatibile con l’attacco e la potenza previsti, valutando temperatura colore, intensità e resa cromatica in funzione dell’ambiente. Una luce calda valorizza aree relax, sale da pranzo e camere, mentre una luce più neutra può essere utile in cucina, studio o spazi commerciali. La Ideal Lux Diesis sp Lampade a Sospensione per Interni unisce funzione luminosa e valore decorativo, offrendo una soluzione SEO friendly e completa per chi cerca una lampada a sospensione Ideal Lux affidabile, ben descritta nelle varianti e pronta per essere inserita in un progetto di illuminazione domestico o professionale.","Lampada a sospensione Ideal Lux Diesis sp per interni: ideale per soggiorno, cucina, living, sala da pranzo, camera e ambienti contract."
IL-CONFIG-190,"Ideal Lux Dorica sp1 Lampade a Sospensione per Interni è una lampada a sospensione Ideal Lux pensata per l’illuminazione di interni residenziali e professionali, con una presenza scenografica coerente con il modello Dorica sp1. Il prodotto configurabile riunisce le varianti realmente associate nel catalogo: finiture/colori Bianco, Bronzo, Grigio, Nero, Ottone e Rame; dimensioni L140cm x H min 390 / max 2185 x P4.5cm; attacco LED; potenza massima 35W; materiali Alluminio, Metallo; dimmer: Sì; lampadina inclusa: Sì. Le configurazioni disponibili comprendono: Dorica sp1 -Acciaio, Dorica sp1 -Arancione, Dorica sp1 -Bianco, Dorica sp1 -Blu, Dorica sp1 -Bronzo, Dorica sp1 -Grigio, Dorica sp1 -Nero, Dorica sp1 -Ottone e Dorica sp1 -Rame. La sospensione è indicata per soggiorno, zona living, sala da pranzo, cucina con isola o penisola, camera da letto, corridoi ampi e ambienti contract come reception, showroom, sale riunioni, ristoranti e boutique, scegliendo la configurazione più adatta per dimensione, finitura e numero di luci.","La Ideal Lux Dorica sp1 Lampade a Sospensione per Interni è una lampada a sospensione Ideal Lux per interni progettata per completare l’arredo con una luce sospesa elegante, riconoscibile e proporzionata agli spazi. Il modello Dorica sp1 è stato trattato come prodotto configurabile: le informazioni sono state aggregate dalle varianti semplici collegate, dagli attributi tecnici del configurabile, dal listino giacenze e dalle descrizioni ufficiali Ideal Lux quando presenti. In questo modo la scheda prodotto descrive l’intera famiglia disponibile senza creare testi separati per ogni singola variante. Le configurazioni disponibili includono finiture/colori Bianco, Bronzo, Grigio, Nero, Ottone e Rame; dimensioni L140cm x H min 390 / max 2185 x P4.5cm; attacco LED; potenza massima 35W; materiali Alluminio, Metallo; dimmer: Sì; lampadina inclusa: Sì. Le configurazioni disponibili comprendono: Dorica sp1 -Acciaio, Dorica sp1 -Arancione, Dorica sp1 -Bianco, Dorica sp1 -Blu, Dorica sp1 -Bronzo, Dorica sp1 -Grigio, Dorica sp1 -Nero, Dorica sp1 -Ottone e Dorica sp1 -Rame. Dal punto di vista tecnico, la scheda riporta materiali dichiarati: Alluminio, Metallo; ingombri disponibili: L140cm x H min 390 / max 2185 x P4.5cm; potenza massima: 35W; attacco portalampada: LED; dimmerabilità indicata nel listino: Sì; lampadina inclusa: Sì; grado di protezione: IP20. Questa sospensione è adatta a diversi ambienti della casa: sopra il tavolo da pranzo crea un punto luce centrale, in soggiorno e nella zona living contribuisce a definire l’atmosfera, in cucina può illuminare isole, penisole e piani snack, mentre in camera da letto o in un corridoio ampio può diventare un elemento decorativo capace di dare personalità allo spazio. Nei contesti professionali può essere utilizzata in reception, sale d’attesa, uffici direzionali, showroom, negozi, ristoranti, bar, hotel e spazi contract, sempre valutando altezza di installazione, dimensioni della stanza e quantità di luce desiderata. La scelta tra le varianti permette di coordinare la lampada con arredi chiari o scuri, superfici metalliche, vetro, legno, pietra o finiture contemporanee. Le versioni con diametri, forme o numero di sorgenti differenti sono utili per adattare la presenza visiva della sospensione a tavoli piccoli, piani allungati, ambienti con soffitto alto o zone living più scenografiche. Il grado di protezione indicato, quando presente nella scheda tecnica, conferma la destinazione ad ambienti interni asciutti: non viene quindi descritta come lampada da esterno o per zone esposte ad acqua e agenti atmosferici. Per ottenere il miglior risultato è consigliabile scegliere la sorgente luminosa compatibile con l’attacco e la potenza previsti, valutando temperatura colore, intensità e resa cromatica in funzione dell’ambiente. Una luce calda valorizza aree relax, sale da pranzo e camere, mentre una luce più neutra può essere utile in cucina, studio o spazi commerciali. La Ideal Lux Dorica sp1 Lampade a Sospensione per Interni unisce funzione luminosa e valore decorativo, offrendo una soluzione SEO friendly e completa per chi cerca una lampada a sospensione Ideal Lux affidabile, ben descritta nelle varianti e pronta per essere inserita in un progetto di illuminazione domestico o professionale.","Lampada a sospensione Ideal Lux Dorica sp1 per interni: ideale per soggiorno, cucina, living, sala da pranzo, camera e ambienti contract."
IL-CONFIG-191,"Ideal Lux Dorica sp3 Lampade a Sospensione per Interni è una lampada a sospensione Ideal Lux pensata per l’illuminazione di interni residenziali e professionali, con una presenza scenografica coerente con il modello Dorica sp3. Il prodotto configurabile riunisce le varianti realmente associate nel catalogo: finiture/colori Bianco, Nero e Ottone; dimensioni Ø9.5cm x H min 690 / max 2490; attacco LED; potenza massima 27W; materiali Alluminio, Metallo; dimmer: Sì; lampadina inclusa: Sì. Le configurazioni disponibili comprendono: Dorica sp3 -Bianco, Dorica sp3 -Nero e Dorica sp3 -Ottone. La sospensione è indicata per soggiorno, zona living, sala da pranzo, cucina con isola o penisola, camera da letto, corridoi ampi e ambienti contract come reception, showroom, sale riunioni, ristoranti e boutique, scegliendo la configurazione più adatta per dimensione, finitura e numero di luci.","La Ideal Lux Dorica sp3 Lampade a Sospensione per Interni è una lampada a sospensione Ideal Lux per interni progettata per completare l’arredo con una luce sospesa elegante, riconoscibile e proporzionata agli spazi. Il modello Dorica sp3 è stato trattato come prodotto configurabile: le informazioni sono state aggregate dalle varianti semplici collegate, dagli attributi tecnici del configurabile, dal listino giacenze e dalle descrizioni ufficiali Ideal Lux quando presenti. In questo modo la scheda prodotto descrive l’intera famiglia disponibile senza creare testi separati per ogni singola variante. Le configurazioni disponibili includono finiture/colori Bianco, Nero e Ottone; dimensioni Ø9.5cm x H min 690 / max 2490; attacco LED; potenza massima 27W; materiali Alluminio, Metallo; dimmer: Sì; lampadina inclusa: Sì. Le configurazioni disponibili comprendono: Dorica sp3 -Bianco, Dorica sp3 -Nero e Dorica sp3 -Ottone. Dal punto di vista tecnico, la scheda riporta materiali dichiarati: Alluminio, Metallo; ingombri disponibili: Ø9.5cm x H min 690 / max 2490; potenza massima: 27W; attacco portalampada: LED; dimmerabilità indicata nel listino: Sì; lampadina inclusa: Sì; grado di protezione: IP20. Questa sospensione è adatta a diversi ambienti della casa: sopra il tavolo da pranzo crea un punto luce centrale, in soggiorno e nella zona living contribuisce a definire l’atmosfera, in cucina può illuminare isole, penisole e piani snack, mentre in camera da letto o in un corridoio ampio può diventare un elemento decorativo capace di dare personalità allo spazio. Nei contesti professionali può essere utilizzata in reception, sale d’attesa, uffici direzionali, showroom, negozi, ristoranti, bar, hotel e spazi contract, sempre valutando altezza di installazione, dimensioni della stanza e quantità di luce desiderata. La scelta tra le varianti permette di coordinare la lampada con arredi chiari o scuri, superfici metalliche, vetro, legno, pietra o finiture contemporanee. Le versioni con diametri, forme o numero di sorgenti differenti sono utili per adattare la presenza visiva della sospensione a tavoli piccoli, piani allungati, ambienti con soffitto alto o zone living più scenografiche. Il grado di protezione indicato, quando presente nella scheda tecnica, conferma la destinazione ad ambienti interni asciutti: non viene quindi descritta come lampada da esterno o per zone esposte ad acqua e agenti atmosferici. Per ottenere il miglior risultato è consigliabile scegliere la sorgente luminosa compatibile con l’attacco e la potenza previsti, valutando temperatura colore, intensità e resa cromatica in funzione dell’ambiente. Una luce calda valorizza aree relax, sale da pranzo e camere, mentre una luce più neutra può essere utile in cucina, studio o spazi commerciali. La Ideal Lux Dorica sp3 Lampade a Sospensione per Interni unisce funzione luminosa e valore decorativo, offrendo una soluzione SEO friendly e completa per chi cerca una lampada a sospensione Ideal Lux affidabile, ben descritta nelle varianti e pronta per essere inserita in un progetto di illuminazione domestico o professionale.","Lampada a sospensione Ideal Lux Dorica sp3 per interni: ideale per soggiorno, cucina, living, sala da pranzo, camera e ambienti contract."
IL-CONFIG-192,"Ideal Lux Dream big sp1 Lampade a Sospensione per Interni è una lampada a sospensione Ideal Lux pensata per l’illuminazione di interni residenziali e professionali, con una presenza scenografica coerente con il modello Dream big sp1. Il prodotto configurabile riunisce le varianti realmente associate nel catalogo: dimensioni Diametro, 30cm e 42cm; attacco E27; potenza massima 42W; materiali Tessuto, Vetro. Le configurazioni disponibili comprendono: Dream big sp1 -Diametro-30cm e Dream big sp1 -Diametro-42cm. Secondo la descrizione ufficiale Ideal Lux, rosone in metallo verniciato bianco opaco. Cavo in tessuto. Diffusore in vetro soffiato bianco acidato. Cesto in corda. La sospensione è indicata per soggiorno, zona living, sala da pranzo, cucina con isola o penisola, camera da letto, corridoi ampi e ambienti contract come reception, showroom, sale riunioni, ristoranti e boutique, scegliendo la configurazione più adatta per dimensione, finitura e numero di luci.","La Ideal Lux Dream big sp1 Lampade a Sospensione per Interni è una lampada a sospensione Ideal Lux per interni progettata per completare l’arredo con una luce sospesa elegante, riconoscibile e proporzionata agli spazi. Il modello Dream big sp1 è stato trattato come prodotto configurabile: le informazioni sono state aggregate dalle varianti semplici collegate, dagli attributi tecnici del configurabile, dal listino giacenze e dalle descrizioni ufficiali Ideal Lux quando presenti. In questo modo la scheda prodotto descrive l’intera famiglia disponibile senza creare testi separati per ogni singola variante. Le configurazioni disponibili includono dimensioni Diametro, 30cm e 42cm; attacco E27; potenza massima 42W; materiali Tessuto, Vetro. Le configurazioni disponibili comprendono: Dream big sp1 -Diametro-30cm e Dream big sp1 -Diametro-42cm. Dal punto di vista tecnico, la scheda riporta materiali dichiarati: Tessuto, Vetro; ingombri disponibili: Ø30cm x H min 900 / max 2690 - Ø42cm x H min 1100 / max 2900; potenza massima: 42W; attacco portalampada: E27; grado di protezione: IP20. Secondo la descrizione ufficiale Ideal Lux, rosone in metallo verniciato bianco opaco. Cavo in tessuto. Diffusore in vetro soffiato bianco acidato. Cesto in corda. Questa sospensione è adatta a diversi ambienti della casa: sopra il tavolo da pranzo crea un punto luce centrale, in soggiorno e nella zona living contribuisce a definire l’atmosfera, in cucina può illuminare isole, penisole e piani snack, mentre in camera da letto o in un corridoio ampio può diventare un elemento decorativo capace di dare personalità allo spazio. Nei contesti professionali può essere utilizzata in reception, sale d’attesa, uffici direzionali, showroom, negozi, ristoranti, bar, hotel e spazi contract, sempre valutando altezza di installazione, dimensioni della stanza e quantità di luce desiderata. La scelta tra le varianti permette di coordinare la lampada con arredi chiari o scuri, superfici metalliche, vetro, legno, pietra o finiture contemporanee. Le versioni con diametri, forme o numero di sorgenti differenti sono utili per adattare la presenza visiva della sospensione a tavoli piccoli, piani allungati, ambienti con soffitto alto o zone living più scenografiche. Il grado di protezione indicato, quando presente nella scheda tecnica, conferma la destinazione ad ambienti interni asciutti: non viene quindi descritta come lampada da esterno o per zone esposte ad acqua e agenti atmosferici. Per ottenere il miglior risultato è consigliabile scegliere la sorgente luminosa compatibile con l’attacco e la potenza previsti, valutando temperatura colore, intensità e resa cromatica in funzione dell’ambiente. Una luce calda valorizza aree relax, sale da pranzo e camere, mentre una luce più neutra può essere utile in cucina, studio o spazi commerciali. La Ideal Lux Dream big sp1 Lampade a Sospensione per Interni unisce funzione luminosa e valore decorativo, offrendo una soluzione SEO friendly e completa per chi cerca una lampada a sospensione Ideal Lux affidabile, ben descritta nelle varianti e pronta per essere inserita in un progetto di illuminazione domestico o professionale.","Lampada a sospensione Ideal Lux Dream big sp1 per interni: ideale per soggiorno, cucina, living, sala da pranzo, camera e ambienti contract."
IL-CONFIG-193,"Ideal Lux Driftwood sp6 Lampade a Sospensione per Interni è una lampada a sospensione Ideal Lux pensata per l’illuminazione di interni residenziali e professionali, con una presenza scenografica coerente con il modello Driftwood sp6. Il prodotto configurabile riunisce le varianti realmente associate nel catalogo: dimensioni L140cm x H min 450 / max 1230 x P30cm; attacco E27; potenza massima 6 x 60W; materiali Legno. Le configurazioni disponibili comprendono: Driftwood sp6. Secondo la descrizione ufficiale Ideal Lux, rosone in metallo. Struttura sospesa di rami naturali. Copri portalampade in metallo spazzolato. La sospensione è indicata per soggiorno, zona living, sala da pranzo, cucina con isola o penisola, camera da letto, corridoi ampi e ambienti contract come reception, showroom, sale riunioni, ristoranti e boutique, scegliendo la configurazione più adatta per dimensione, finitura e numero di luci.","La Ideal Lux Driftwood sp6 Lampade a Sospensione per Interni è una lampada a sospensione Ideal Lux per interni progettata per completare l’arredo con una luce sospesa elegante, riconoscibile e proporzionata agli spazi. Il modello Driftwood sp6 è stato trattato come prodotto configurabile: le informazioni sono state aggregate dalle varianti semplici collegate, dagli attributi tecnici del configurabile, dal listino giacenze e dalle descrizioni ufficiali Ideal Lux quando presenti. In questo modo la scheda prodotto descrive l’intera famiglia disponibile senza creare testi separati per ogni singola variante. Le configurazioni disponibili includono dimensioni L140cm x H min 450 / max 1230 x P30cm; attacco E27; potenza massima 6 x 60W; materiali Legno. Le configurazioni disponibili comprendono: Driftwood sp6. Dal punto di vista tecnico, la scheda riporta materiali dichiarati: Legno; ingombri disponibili: L140cm x H min 450 / max 1230 x P30cm; potenza massima: 6 x 60W; attacco portalampada: E27; grado di protezione: IP20. Secondo la descrizione ufficiale Ideal Lux, rosone in metallo. Struttura sospesa di rami naturali. Copri portalampade in metallo spazzolato. Questa sospensione è adatta a diversi ambienti della casa: sopra il tavolo da pranzo crea un punto luce centrale, in soggiorno e nella zona living contribuisce a definire l’atmosfera, in cucina può illuminare isole, penisole e piani snack, mentre in camera da letto o in un corridoio ampio può diventare un elemento decorativo capace di dare personalità allo spazio. Nei contesti professionali può essere utilizzata in reception, sale d’attesa, uffici direzionali, showroom, negozi, ristoranti, bar, hotel e spazi contract, sempre valutando altezza di installazione, dimensioni della stanza e quantità di luce desiderata. La scelta tra le varianti permette di coordinare la lampada con arredi chiari o scuri, superfici metalliche, vetro, legno, pietra o finiture contemporanee. Le versioni con diametri, forme o numero di sorgenti differenti sono utili per adattare la presenza visiva della sospensione a tavoli piccoli, piani allungati, ambienti con soffitto alto o zone living più scenografiche. Il grado di protezione indicato, quando presente nella scheda tecnica, conferma la destinazione ad ambienti interni asciutti: non viene quindi descritta come lampada da esterno o per zone esposte ad acqua e agenti atmosferici. Per ottenere il miglior risultato è consigliabile scegliere la sorgente luminosa compatibile con l’attacco e la potenza previsti, valutando temperatura colore, intensità e resa cromatica in funzione dell’ambiente. Una luce calda valorizza aree relax, sale da pranzo e camere, mentre una luce più neutra può essere utile in cucina, studio o spazi commerciali. La Ideal Lux Driftwood sp6 Lampade a Sospensione per Interni unisce funzione luminosa e valore decorativo, offrendo una soluzione SEO friendly e completa per chi cerca una lampada a sospensione Ideal Lux affidabile, ben descritta nelle varianti e pronta per essere inserita in un progetto di illuminazione domestico o professionale.","Lampada a sospensione Ideal Lux Driftwood sp6 per interni: ideale per soggiorno, cucina, living, sala da pranzo, camera e ambienti contract."
IL-CONFIG-194,"Ideal Lux Dubai sp10 Lampade a Sospensione per Interni è una lampada a sospensione Ideal Lux pensata per l’illuminazione di interni residenziali e professionali, con una presenza scenografica coerente con il modello Dubai sp10. Il prodotto configurabile riunisce le varianti realmente associate nel catalogo: finiture/colori Cromo e Ottone; dimensioni Ø52cm x H min 1080 / max 1900 e Ø80cm x H min 1300 / max 2250; configurazioni 10 sorgenti luminose e 24 sorgenti luminose; attacco E14; potenza massima 10 x 28W - 24 x 28W; materiali Cristallo, Metallo, Vetro. Le configurazioni disponibili comprendono: Dubai sp10 -10 Sorgenti Luminose-Cromo, Dubai sp10 -10 Sorgenti Luminose-Ottone, Dubai sp24 -24 Sorgenti Luminose-Cromo e Dubai sp24 -24 Sorgenti Luminose-Ottone. Secondo la descrizione ufficiale Ideal Lux, montatura in metallo con finitura cromo o ottone. Elementi decorativi con perle, ottagoni e prismi in cristallo molato trasparente. La sospensione è indicata per soggiorno, zona living, sala da pranzo, cucina con isola o penisola, camera da letto, corridoi ampi e ambienti contract come reception, showroom, sale riunioni, ristoranti e boutique, scegliendo la configurazione più adatta per dimensione, finitura e numero di luci.","La Ideal Lux Dubai sp10 Lampade a Sospensione per Interni è una lampada a sospensione Ideal Lux per interni progettata per completare l’arredo con una luce sospesa elegante, riconoscibile e proporzionata agli spazi. Il modello Dubai sp10 è stato trattato come prodotto configurabile: le informazioni sono state aggregate dalle varianti semplici collegate, dagli attributi tecnici del configurabile, dal listino giacenze e dalle descrizioni ufficiali Ideal Lux quando presenti. In questo modo la scheda prodotto descrive l’intera famiglia disponibile senza creare testi separati per ogni singola variante. Le configurazioni disponibili includono finiture/colori Cromo e Ottone; dimensioni Ø52cm x H min 1080 / max 1900 e Ø80cm x H min 1300 / max 2250; configurazioni 10 sorgenti luminose e 24 sorgenti luminose; attacco E14; potenza massima 10 x 28W - 24 x 28W; materiali Cristallo, Metallo, Vetro. Le configurazioni disponibili comprendono: Dubai sp10 -10 Sorgenti Luminose-Cromo, Dubai sp10 -10 Sorgenti Luminose-Ottone, Dubai sp24 -24 Sorgenti Luminose-Cromo e Dubai sp24 -24 Sorgenti Luminose-Ottone. Dal punto di vista tecnico, la scheda riporta materiali dichiarati: Cristallo, Metallo, Vetro; ingombri disponibili: Ø52cm x H min 1080 / max 1900 - Ø80cm x H min 1300 / max 2250; potenza massima: 10 x 28W - 24 x 28W; attacco portalampada: E14; grado di protezione: IP20. Secondo la descrizione ufficiale Ideal Lux, montatura in metallo con finitura cromo o ottone. Elementi decorativi con perle, ottagoni e prismi in cristallo molato trasparente. Questa sospensione è adatta a diversi ambienti della casa: sopra il tavolo da pranzo crea un punto luce centrale, in soggiorno e nella zona living contribuisce a definire l’atmosfera, in cucina può illuminare isole, penisole e piani snack, mentre in camera da letto o in un corridoio ampio può diventare un elemento decorativo capace di dare personalità allo spazio. Nei contesti professionali può essere utilizzata in reception, sale d’attesa, uffici direzionali, showroom, negozi, ristoranti, bar, hotel e spazi contract, sempre valutando altezza di installazione, dimensioni della stanza e quantità di luce desiderata. La scelta tra le varianti permette di coordinare la lampada con arredi chiari o scuri, superfici metalliche, vetro, legno, pietra o finiture contemporanee. Le versioni con diametri, forme o numero di sorgenti differenti sono utili per adattare la presenza visiva della sospensione a tavoli piccoli, piani allungati, ambienti con soffitto alto o zone living più scenografiche. Il grado di protezione indicato, quando presente nella scheda tecnica, conferma la destinazione ad ambienti interni asciutti: non viene quindi descritta come lampada da esterno o per zone esposte ad acqua e agenti atmosferici. Per ottenere il miglior risultato è consigliabile scegliere la sorgente luminosa compatibile con l’attacco e la potenza previsti, valutando temperatura colore, intensità e resa cromatica in funzione dell’ambiente. Una luce calda valorizza aree relax, sale da pranzo e camere, mentre una luce più neutra può essere utile in cucina, studio o spazi commerciali. La Ideal Lux Dubai sp10 Lampade a Sospensione per Interni unisce funzione luminosa e valore decorativo, offrendo una soluzione SEO friendly e completa per chi cerca una lampada a sospensione Ideal Lux affidabile, ben descritta nelle varianti e pronta per essere inserita in un progetto di illuminazione domestico o professionale.","Lampada a sospensione Ideal Lux Dubai sp10 per interni: ideale per soggiorno, cucina, living, sala da pranzo, camera e ambienti contract."
IL-CONFIG-195,"Ideal Lux Dynamite sp4 round Lampade a Sospensione per Interni è una lampada a sospensione Ideal Lux pensata per l’illuminazione di interni residenziali e professionali, con una presenza scenografica coerente con il modello Dynamite sp4 round. Il prodotto configurabile riunisce le varianti realmente associate nel catalogo: finiture/colori Bianco, Nero e Ottone; dimensioni L76cm x H min 400 / max 2105 x P5.7cm e L115.5cm x H min 400 / max 2105 x P5.7cm; configurazioni 4 sorgenti luminose e 6 sorgenti luminose; attacco GU10; potenza massima 4 x 28W - 6 x 28W; materiali Metallo; lampadina inclusa: Sì. Le configurazioni disponibili comprendono: Dynamite sp4 round -4 Sorgenti Luminose-Bianco, Dynamite sp4 round -4 Sorgenti Luminose-Nero, Dynamite sp4 round -4 Sorgenti Luminose-Ottone, Dynamite sp6 round -6 Sorgenti Luminose-Bianco, Dynamite sp6 round -6 Sorgenti Luminose-Nero e Dynamite sp6 round -6 Sorgenti Luminose-Ottone. Secondo la descrizione ufficiale Ideal Lux, montatura in metallo rifinito con vernice a polveri o placcato e spazzolato. Diffusori orientabili. Cavo elettrico in tessuto. Sospensioni con incluso kit per installazione anche a plafone. La sospensione è indicata per soggiorno, zona living, sala da pranzo, cucina con isola o penisola, camera da letto, corridoi ampi e ambienti contract come reception, showroom, sale riunioni, ristoranti e boutique, scegliendo la configurazione più adatta per dimensione, finitura e numero di luci.","La Ideal Lux Dynamite sp4 round Lampade a Sospensione per Interni è una lampada a sospensione Ideal Lux per interni progettata per completare l’arredo con una luce sospesa elegante, riconoscibile e proporzionata agli spazi. Il modello Dynamite sp4 round è stato trattato come prodotto configurabile: le informazioni sono state aggregate dalle varianti semplici collegate, dagli attributi tecnici del configurabile, dal listino giacenze e dalle descrizioni ufficiali Ideal Lux quando presenti. In questo modo la scheda prodotto descrive l’intera famiglia disponibile senza creare testi separati per ogni singola variante. Le configurazioni disponibili includono finiture/colori Bianco, Nero e Ottone; dimensioni L76cm x H min 400 / max 2105 x P5.7cm e L115.5cm x H min 400 / max 2105 x P5.7cm; configurazioni 4 sorgenti luminose e 6 sorgenti luminose; attacco GU10; potenza massima 4 x 28W - 6 x 28W; materiali Metallo; lampadina inclusa: Sì. Le configurazioni disponibili comprendono: Dynamite sp4 round -4 Sorgenti Luminose-Bianco, Dynamite sp4 round -4 Sorgenti Luminose-Nero, Dynamite sp4 round -4 Sorgenti Luminose-Ottone, Dynamite sp6 round -6 Sorgenti Luminose-Bianco, Dynamite sp6 round -6 Sorgenti Luminose-Nero e Dynamite sp6 round -6 Sorgenti Luminose-Ottone. Dal punto di vista tecnico, la scheda riporta materiali dichiarati: Metallo; ingombri disponibili: L76cm x H min 400 / max 2105 x P5.7cm - L115.5cm x H min 400 / max 2105 x P5.7cm; potenza massima: 4 x 28W - 6 x 28W; attacco portalampada: GU10; lampadina inclusa: Sì; grado di protezione: IP20. Secondo la descrizione ufficiale Ideal Lux, montatura in metallo rifinito con vernice a polveri o placcato e spazzolato. Diffusori orientabili. Cavo elettrico in tessuto. Sospensioni con incluso kit per installazione anche a plafone. Questa sospensione è adatta a diversi ambienti della casa: sopra il tavolo da pranzo crea un punto luce centrale, in soggiorno e nella zona living contribuisce a definire l’atmosfera, in cucina può illuminare isole, penisole e piani snack, mentre in camera da letto o in un corridoio ampio può diventare un elemento decorativo capace di dare personalità allo spazio. Nei contesti professionali può essere utilizzata in reception, sale d’attesa, uffici direzionali, showroom, negozi, ristoranti, bar, hotel e spazi contract, sempre valutando altezza di installazione, dimensioni della stanza e quantità di luce desiderata. La scelta tra le varianti permette di coordinare la lampada con arredi chiari o scuri, superfici metalliche, vetro, legno, pietra o finiture contemporanee. Le versioni con diametri, forme o numero di sorgenti differenti sono utili per adattare la presenza visiva della sospensione a tavoli piccoli, piani allungati, ambienti con soffitto alto o zone living più scenografiche. Il grado di protezione indicato, quando presente nella scheda tecnica, conferma la destinazione ad ambienti interni asciutti: non viene quindi descritta come lampada da esterno o per zone esposte ad acqua e agenti atmosferici. Per ottenere il miglior risultato è consigliabile scegliere la sorgente luminosa compatibile con l’attacco e la potenza previsti, valutando temperatura colore, intensità e resa cromatica in funzione dell’ambiente. Una luce calda valorizza aree relax, sale da pranzo e camere, mentre una luce più neutra può essere utile in cucina, studio o spazi commerciali. La Ideal Lux Dynamite sp4 round Lampade a Sospensione per Interni unisce funzione luminosa e valore decorativo, offrendo una soluzione SEO friendly e completa per chi cerca una lampada a sospensione Ideal Lux affidabile, ben descritta nelle varianti e pronta per essere inserita in un progetto di illuminazione domestico o professionale.","Lampada a sospensione Ideal Lux Dynamite sp4 round per interni: ideale per soggiorno, cucina, living, sala da pranzo, camera e ambienti contract."
IL-CONFIG-196,"Ideal Lux Dynamite sp4 square Lampade a Sospensione per Interni è una lampada a sospensione Ideal Lux pensata per l’illuminazione di interni residenziali e professionali, con una presenza scenografica coerente con il modello Dynamite sp4 square. Il prodotto configurabile riunisce le varianti realmente associate nel catalogo: finiture/colori Bianco, Nero e Ottone; dimensioni L76cm x H min 400 / max 2200 e L115.5cm x H min 400 / max 2200; configurazioni 4 sorgenti luminose e 6 sorgenti luminose; attacco GU10; potenza massima 4 x 28W - 6 x 28W; materiali Alluminio, Metallo; lampadina inclusa: Sì. Le configurazioni disponibili comprendono: Dynamite sp4 square -4 Sorgenti Luminose-Bianco, Dynamite sp4 square -4 Sorgenti Luminose-Nero, Dynamite sp4 square -4 Sorgenti Luminose-Ottone, Dynamite sp6 square -6 Sorgenti Luminose-Bianco, Dynamite sp6 square -6 Sorgenti Luminose-Nero e Dynamite sp6 square -6 Sorgenti Luminose-Ottone. La sospensione è indicata per soggiorno, zona living, sala da pranzo, cucina con isola o penisola, camera da letto, corridoi ampi e ambienti contract come reception, showroom, sale riunioni, ristoranti e boutique, scegliendo la configurazione più adatta per dimensione, finitura e numero di luci.","La Ideal Lux Dynamite sp4 square Lampade a Sospensione per Interni è una lampada a sospensione Ideal Lux per interni progettata per completare l’arredo con una luce sospesa elegante, riconoscibile e proporzionata agli spazi. Il modello Dynamite sp4 square è stato trattato come prodotto configurabile: le informazioni sono state aggregate dalle varianti semplici collegate, dagli attributi tecnici del configurabile, dal listino giacenze e dalle descrizioni ufficiali Ideal Lux quando presenti. In questo modo la scheda prodotto descrive l’intera famiglia disponibile senza creare testi separati per ogni singola variante. Le configurazioni disponibili includono finiture/colori Bianco, Nero e Ottone; dimensioni L76cm x H min 400 / max 2200 e L115.5cm x H min 400 / max 2200; configurazioni 4 sorgenti luminose e 6 sorgenti luminose; attacco GU10; potenza massima 4 x 28W - 6 x 28W; materiali Alluminio, Metallo; lampadina inclusa: Sì. Le configurazioni disponibili comprendono: Dynamite sp4 square -4 Sorgenti Luminose-Bianco, Dynamite sp4 square -4 Sorgenti Luminose-Nero, Dynamite sp4 square -4 Sorgenti Luminose-Ottone, Dynamite sp6 square -6 Sorgenti Luminose-Bianco, Dynamite sp6 square -6 Sorgenti Luminose-Nero e Dynamite sp6 square -6 Sorgenti Luminose-Ottone. Dal punto di vista tecnico, la scheda riporta materiali dichiarati: Alluminio, Metallo; ingombri disponibili: L76cm x H min 400 / max 2200 - L115.5cm x H min 400 / max 2200; potenza massima: 4 x 28W - 6 x 28W; attacco portalampada: GU10; lampadina inclusa: Sì; grado di protezione: IP20. Questa sospensione è adatta a diversi ambienti della casa: sopra il tavolo da pranzo crea un punto luce centrale, in soggiorno e nella zona living contribuisce a definire l’atmosfera, in cucina può illuminare isole, penisole e piani snack, mentre in camera da letto o in un corridoio ampio può diventare un elemento decorativo capace di dare personalità allo spazio. Nei contesti professionali può essere utilizzata in reception, sale d’attesa, uffici direzionali, showroom, negozi, ristoranti, bar, hotel e spazi contract, sempre valutando altezza di installazione, dimensioni della stanza e quantità di luce desiderata. La scelta tra le varianti permette di coordinare la lampada con arredi chiari o scuri, superfici metalliche, vetro, legno, pietra o finiture contemporanee. Le versioni con diametri, forme o numero di sorgenti differenti sono utili per adattare la presenza visiva della sospensione a tavoli piccoli, piani allungati, ambienti con soffitto alto o zone living più scenografiche. Il grado di protezione indicato, quando presente nella scheda tecnica, conferma la destinazione ad ambienti interni asciutti: non viene quindi descritta come lampada da esterno o per zone esposte ad acqua e agenti atmosferici. Per ottenere il miglior risultato è consigliabile scegliere la sorgente luminosa compatibile con l’attacco e la potenza previsti, valutando temperatura colore, intensità e resa cromatica in funzione dell’ambiente. Una luce calda valorizza aree relax, sale da pranzo e camere, mentre una luce più neutra può essere utile in cucina, studio o spazi commerciali. La Ideal Lux Dynamite sp4 square Lampade a Sospensione per Interni unisce funzione luminosa e valore decorativo, offrendo una soluzione SEO friendly e completa per chi cerca una lampada a sospensione Ideal Lux affidabile, ben descritta nelle varianti e pronta per essere inserita in un progetto di illuminazione domestico o professionale.","Lampada a sospensione Ideal Lux Dynamite sp4 square per interni: ideale per soggiorno, cucina, living, sala da pranzo, camera e ambienti contract."
IL-CONFIG-197,"Ideal Lux Eclipse sp1 Lampade a Sospensione per Interni è una lampada a sospensione Ideal Lux pensata per l’illuminazione di interni residenziali e professionali, con una presenza scenografica coerente con il modello Eclipse sp1. Il prodotto configurabile riunisce le varianti realmente associate nel catalogo: finiture/colori Bianco e Nero; dimensioni Ø60cm x H min 320 / max 2300; attacco GX53; potenza massima 9W; materiali Metallo, Vetro; lampadina inclusa: Sì. Le configurazioni disponibili comprendono: Eclipse sp1 -Bianco e Eclipse sp1 -Nero. La sospensione è indicata per soggiorno, zona living, sala da pranzo, cucina con isola o penisola, camera da letto, corridoi ampi e ambienti contract come reception, showroom, sale riunioni, ristoranti e boutique, scegliendo la configurazione più adatta per dimensione, finitura e numero di luci.","La Ideal Lux Eclipse sp1 Lampade a Sospensione per Interni è una lampada a sospensione Ideal Lux per interni progettata per completare l’arredo con una luce sospesa elegante, riconoscibile e proporzionata agli spazi. Il modello Eclipse sp1 è stato trattato come prodotto configurabile: le informazioni sono state aggregate dalle varianti semplici collegate, dagli attributi tecnici del configurabile, dal listino giacenze e dalle descrizioni ufficiali Ideal Lux quando presenti. In questo modo la scheda prodotto descrive l’intera famiglia disponibile senza creare testi separati per ogni singola variante. Le configurazioni disponibili includono finiture/colori Bianco e Nero; dimensioni Ø60cm x H min 320 / max 2300; attacco GX53; potenza massima 9W; materiali Metallo, Vetro; lampadina inclusa: Sì. Le configurazioni disponibili comprendono: Eclipse sp1 -Bianco e Eclipse sp1 -Nero. Dal punto di vista tecnico, la scheda riporta materiali dichiarati: Metallo, Vetro; ingombri disponibili: Ø60cm x H min 320 / max 2300; potenza massima: 9W; attacco portalampada: GX53; lampadina inclusa: Sì; grado di protezione: IP20. Questa sospensione è adatta a diversi ambienti della casa: sopra il tavolo da pranzo crea un punto luce centrale, in soggiorno e nella zona living contribuisce a definire l’atmosfera, in cucina può illuminare isole, penisole e piani snack, mentre in camera da letto o in un corridoio ampio può diventare un elemento decorativo capace di dare personalità allo spazio. Nei contesti professionali può essere utilizzata in reception, sale d’attesa, uffici direzionali, showroom, negozi, ristoranti, bar, hotel e spazi contract, sempre valutando altezza di installazione, dimensioni della stanza e quantità di luce desiderata. La scelta tra le varianti permette di coordinare la lampada con arredi chiari o scuri, superfici metalliche, vetro, legno, pietra o finiture contemporanee. Le versioni con diametri, forme o numero di sorgenti differenti sono utili per adattare la presenza visiva della sospensione a tavoli piccoli, piani allungati, ambienti con soffitto alto o zone living più scenografiche. Il grado di protezione indicato, quando presente nella scheda tecnica, conferma la destinazione ad ambienti interni asciutti: non viene quindi descritta come lampada da esterno o per zone esposte ad acqua e agenti atmosferici. Per ottenere il miglior risultato è consigliabile scegliere la sorgente luminosa compatibile con l’attacco e la potenza previsti, valutando temperatura colore, intensità e resa cromatica in funzione dell’ambiente. Una luce calda valorizza aree relax, sale da pranzo e camere, mentre una luce più neutra può essere utile in cucina, studio o spazi commerciali. La Ideal Lux Eclipse sp1 Lampade a Sospensione per Interni unisce funzione luminosa e valore decorativo, offrendo una soluzione SEO friendly e completa per chi cerca una lampada a sospensione Ideal Lux affidabile, ben descritta nelle varianti e pronta per essere inserita in un progetto di illuminazione domestico o professionale.","Lampada a sospensione Ideal Lux Eclipse sp1 per interni: ideale per soggiorno, cucina, living, sala da pranzo, camera e ambienti contract."
IL-CONFIG-198,"Ideal Lux Edison sp1 Lampade a Sospensione per Interni è una lampada a sospensione Ideal Lux pensata per l’illuminazione di interni residenziali e professionali, con una presenza scenografica coerente con il modello Edison sp1. Il prodotto configurabile riunisce le varianti realmente associate nel catalogo: finiture/colori Bianco e Nero; dimensioni Ø12.5cm x H min 480 / max 2230; attacco E27; potenza massima 42W; materiali Metallo, Tessuto; lampadina inclusa: Sì. Le configurazioni disponibili comprendono: Edison sp1 -Bianco e Edison sp1 -Nero. Secondo la descrizione ufficiale Ideal Lux, rosone e copri porta lampada in metallo rifinito con vernice opaca bianca o nera. Cavo elettrico in tessuto. La sospensione è indicata per soggiorno, zona living, sala da pranzo, cucina con isola o penisola, camera da letto, corridoi ampi e ambienti contract come reception, showroom, sale riunioni, ristoranti e boutique, scegliendo la configurazione più adatta per dimensione, finitura e numero di luci.","La Ideal Lux Edison sp1 Lampade a Sospensione per Interni è una lampada a sospensione Ideal Lux per interni progettata per completare l’arredo con una luce sospesa elegante, riconoscibile e proporzionata agli spazi. Il modello Edison sp1 è stato trattato come prodotto configurabile: le informazioni sono state aggregate dalle varianti semplici collegate, dagli attributi tecnici del configurabile, dal listino giacenze e dalle descrizioni ufficiali Ideal Lux quando presenti. In questo modo la scheda prodotto descrive l’intera famiglia disponibile senza creare testi separati per ogni singola variante. Le configurazioni disponibili includono finiture/colori Bianco e Nero; dimensioni Ø12.5cm x H min 480 / max 2230; attacco E27; potenza massima 42W; materiali Metallo, Tessuto; lampadina inclusa: Sì. Le configurazioni disponibili comprendono: Edison sp1 -Bianco e Edison sp1 -Nero. Dal punto di vista tecnico, la scheda riporta materiali dichiarati: Metallo, Tessuto; ingombri disponibili: Ø12.5cm x H min 480 / max 2230; potenza massima: 42W; attacco portalampada: E27; lampadina inclusa: Sì; grado di protezione: IP20. Secondo la descrizione ufficiale Ideal Lux, rosone e copri porta lampada in metallo rifinito con vernice opaca bianca o nera. Cavo elettrico in tessuto. Questa sospensione è adatta a diversi ambienti della casa: sopra il tavolo da pranzo crea un punto luce centrale, in soggiorno e nella zona living contribuisce a definire l’atmosfera, in cucina può illuminare isole, penisole e piani snack, mentre in camera da letto o in un corridoio ampio può diventare un elemento decorativo capace di dare personalità allo spazio. Nei contesti professionali può essere utilizzata in reception, sale d’attesa, uffici direzionali, showroom, negozi, ristoranti, bar, hotel e spazi contract, sempre valutando altezza di installazione, dimensioni della stanza e quantità di luce desiderata. La scelta tra le varianti permette di coordinare la lampada con arredi chiari o scuri, superfici metalliche, vetro, legno, pietra o finiture contemporanee. Le versioni con diametri, forme o numero di sorgenti differenti sono utili per adattare la presenza visiva della sospensione a tavoli piccoli, piani allungati, ambienti con soffitto alto o zone living più scenografiche. Il grado di protezione indicato, quando presente nella scheda tecnica, conferma la destinazione ad ambienti interni asciutti: non viene quindi descritta come lampada da esterno o per zone esposte ad acqua e agenti atmosferici. Per ottenere il miglior risultato è consigliabile scegliere la sorgente luminosa compatibile con l’attacco e la potenza previsti, valutando temperatura colore, intensità e resa cromatica in funzione dell’ambiente. Una luce calda valorizza aree relax, sale da pranzo e camere, mentre una luce più neutra può essere utile in cucina, studio o spazi commerciali. La Ideal Lux Edison sp1 Lampade a Sospensione per Interni unisce funzione luminosa e valore decorativo, offrendo una soluzione SEO friendly e completa per chi cerca una lampada a sospensione Ideal Lux affidabile, ben descritta nelle varianti e pronta per essere inserita in un progetto di illuminazione domestico o professionale.","Lampada a sospensione Ideal Lux Edison sp1 per interni: ideale per soggiorno, cucina, living, sala da pranzo, camera e ambienti contract."
IL-CONFIG-199,"Ideal Lux Empire sp1 cilindro Lampade a Sospensione per Interni è una lampada a sospensione Ideal Lux pensata per l’illuminazione di interni residenziali e professionali, con una presenza scenografica coerente con il modello Empire sp1 cilindro. Il prodotto configurabile riunisce le varianti realmente associate nel catalogo: dimensioni Ø12cm x H min 475 / max 2405, Ø20cm x H min 500 / max 2295 e Ø18cm x H min 515 / max 2315; forme o versioni cilindro, cono e sfera; attacco G9; potenza massima 28W; materiali Metallo, Vetro; lampadina inclusa: Sì. Le configurazioni disponibili comprendono: Empire sp1 cilindro -Cilindro, Empire sp1 cono -Cono e Empire sp1 sfera -Sfera. La sospensione è indicata per soggiorno, zona living, sala da pranzo, cucina con isola o penisola, camera da letto, corridoi ampi e ambienti contract come reception, showroom, sale riunioni, ristoranti e boutique, scegliendo la configurazione più adatta per dimensione, finitura e numero di luci.","La Ideal Lux Empire sp1 cilindro Lampade a Sospensione per Interni è una lampada a sospensione Ideal Lux per interni progettata per completare l’arredo con una luce sospesa elegante, riconoscibile e proporzionata agli spazi. Il modello Empire sp1 cilindro è stato trattato come prodotto configurabile: le informazioni sono state aggregate dalle varianti semplici collegate, dagli attributi tecnici del configurabile, dal listino giacenze e dalle descrizioni ufficiali Ideal Lux quando presenti. In questo modo la scheda prodotto descrive l’intera famiglia disponibile senza creare testi separati per ogni singola variante. Le configurazioni disponibili includono dimensioni Ø12cm x H min 475 / max 2405, Ø20cm x H min 500 / max 2295 e Ø18cm x H min 515 / max 2315; forme o versioni cilindro, cono e sfera; attacco G9; potenza massima 28W; materiali Metallo, Vetro; lampadina inclusa: Sì. Le configurazioni disponibili comprendono: Empire sp1 cilindro -Cilindro, Empire sp1 cono -Cono e Empire sp1 sfera -Sfera. Dal punto di vista tecnico, la scheda riporta materiali dichiarati: Metallo, Vetro; ingombri disponibili: Ø12cm x H min 475 / max 2405 - Ø20cm x H min 500 / max 2295 - Ø18cm x H min 515 / max 2315; potenza massima: 28W; attacco portalampada: G9; lampadina inclusa: Sì; grado di protezione: IP20. Questa sospensione è adatta a diversi ambienti della casa: sopra il tavolo da pranzo crea un punto luce centrale, in soggiorno e nella zona living contribuisce a definire l’atmosfera, in cucina può illuminare isole, penisole e piani snack, mentre in camera da letto o in un corridoio ampio può diventare un elemento decorativo capace di dare personalità allo spazio. Nei contesti professionali può essere utilizzata in reception, sale d’attesa, uffici direzionali, showroom, negozi, ristoranti, bar, hotel e spazi contract, sempre valutando altezza di installazione, dimensioni della stanza e quantità di luce desiderata. La scelta tra le varianti permette di coordinare la lampada con arredi chiari o scuri, superfici metalliche, vetro, legno, pietra o finiture contemporanee. Le versioni con diametri, forme o numero di sorgenti differenti sono utili per adattare la presenza visiva della sospensione a tavoli piccoli, piani allungati, ambienti con soffitto alto o zone living più scenografiche. Il grado di protezione indicato, quando presente nella scheda tecnica, conferma la destinazione ad ambienti interni asciutti: non viene quindi descritta come lampada da esterno o per zone esposte ad acqua e agenti atmosferici. Per ottenere il miglior risultato è consigliabile scegliere la sorgente luminosa compatibile con l’attacco e la potenza previsti, valutando temperatura colore, intensità e resa cromatica in funzione dell’ambiente. Una luce calda valorizza aree relax, sale da pranzo e camere, mentre una luce più neutra può essere utile in cucina, studio o spazi commerciali. La Ideal Lux Empire sp1 cilindro Lampade a Sospensione per Interni unisce funzione luminosa e valore decorativo, offrendo una soluzione SEO friendly e completa per chi cerca una lampada a sospensione Ideal Lux affidabile, ben descritta nelle varianti e pronta per essere inserita in un progetto di illuminazione domestico o professionale.","Lampada a sospensione Ideal Lux Empire sp1 cilindro per interni: ideale per soggiorno, cucina, living, sala da pranzo, camera e ambienti contract."
IL-CONFIG-200,"Ideal Lux Equinoxe sp1 sfumato Lampade a Sospensione per Interni è una lampada a sospensione Ideal Lux pensata per l’illuminazione di interni residenziali e professionali, con una presenza scenografica coerente con il modello Equinoxe sp1 sfumato. Il prodotto configurabile riunisce le varianti realmente associate nel catalogo: finiture/colori Ambra, Cromo, Fumé e Ottone; dimensioni Diametro, 15cm, 20cm e 25cm; attacco G4; potenza massima 2W; materiali Metallo, Vetro; lampadina inclusa: Sì. Le configurazioni disponibili comprendono: Equinoxe sp1 sfumato -Ambra-Diametro-15cm, Equinoxe sp1 -Cromo-Diametro-15cm, Equinoxe sp1 sfumato -Fumé-Diametro-15cm, Equinoxe sp1 -Ottone-Diametro-15cm, Equinoxe sp1 sfumato -Ambra-Diametro-20cm, Equinoxe sp1 -Cromo-Diametro-20cm, Equinoxe sp1 sfumato -Fumé-Diametro-20cm, Equinoxe sp1 -Ottone-Diametro-20cm, Equinoxe sp1 sfumato -Ambra-Diametro-25cm, Equinoxe sp1 -Cromo-Diametro-25cm, Equinoxe sp1 sfumato -Fumé-Diametro-25cm e Equinoxe sp1 -Ottone-Diametro-25cm. La sospensione è indicata per soggiorno, zona living, sala da pranzo, cucina con isola o penisola, camera da letto, corridoi ampi e ambienti contract come reception, showroom, sale riunioni, ristoranti e boutique, scegliendo la configurazione più adatta per dimensione, finitura e numero di luci.","La Ideal Lux Equinoxe sp1 sfumato Lampade a Sospensione per Interni è una lampada a sospensione Ideal Lux per interni progettata per completare l’arredo con una luce sospesa elegante, riconoscibile e proporzionata agli spazi. Il modello Equinoxe sp1 sfumato è stato trattato come prodotto configurabile: le informazioni sono state aggregate dalle varianti semplici collegate, dagli attributi tecnici del configurabile, dal listino giacenze e dalle descrizioni ufficiali Ideal Lux quando presenti. In questo modo la scheda prodotto descrive l’intera famiglia disponibile senza creare testi separati per ogni singola variante. Le configurazioni disponibili includono finiture/colori Ambra, Cromo, Fumé e Ottone; dimensioni Diametro, 15cm, 20cm e 25cm; attacco G4; potenza massima 2W; materiali Metallo, Vetro; lampadina inclusa: Sì. Le configurazioni disponibili comprendono: Equinoxe sp1 sfumato -Ambra-Diametro-15cm, Equinoxe sp1 -Cromo-Diametro-15cm, Equinoxe sp1 sfumato -Fumé-Diametro-15cm, Equinoxe sp1 -Ottone-Diametro-15cm, Equinoxe sp1 sfumato -Ambra-Diametro-20cm, Equinoxe sp1 -Cromo-Diametro-20cm, Equinoxe sp1 sfumato -Fumé-Diametro-20cm, Equinoxe sp1 -Ottone-Diametro-20cm, Equinoxe sp1 sfumato -Ambra-Diametro-25cm, Equinoxe sp1 -Cromo-Diametro-25cm, Equinoxe sp1 sfumato -Fumé-Diametro-25cm e Equinoxe sp1 -Ottone-Diametro-25cm. Dal punto di vista tecnico, la scheda riporta materiali dichiarati: Metallo, Vetro; ingombri disponibili: Ø15cm x H min 530 / max 2280 - Ø20cm x H min 640 / max 2390 - Ø25cm x H min 740 / max 2490; potenza massima: 2W; attacco portalampada: G4; lampadina inclusa: Sì; grado di protezione: IP20. Questa sospensione è adatta a diversi ambienti della casa: sopra il tavolo da pranzo crea un punto luce centrale, in soggiorno e nella zona living contribuisce a definire l’atmosfera, in cucina può illuminare isole, penisole e piani snack, mentre in camera da letto o in un corridoio ampio può diventare un elemento decorativo capace di dare personalità allo spazio. Nei contesti professionali può essere utilizzata in reception, sale d’attesa, uffici direzionali, showroom, negozi, ristoranti, bar, hotel e spazi contract, sempre valutando altezza di installazione, dimensioni della stanza e quantità di luce desiderata. La scelta tra le varianti permette di coordinare la lampada con arredi chiari o scuri, superfici metalliche, vetro, legno, pietra o finiture contemporanee. Le versioni con diametri, forme o numero di sorgenti differenti sono utili per adattare la presenza visiva della sospensione a tavoli piccoli, piani allungati, ambienti con soffitto alto o zone living più scenografiche. Il grado di protezione indicato, quando presente nella scheda tecnica, conferma la destinazione ad ambienti interni asciutti: non viene quindi descritta come lampada da esterno o per zone esposte ad acqua e agenti atmosferici. Per ottenere il miglior risultato è consigliabile scegliere la sorgente luminosa compatibile con l’attacco e la potenza previsti, valutando temperatura colore, intensità e resa cromatica in funzione dell’ambiente. Una luce calda valorizza aree relax, sale da pranzo e camere, mentre una luce più neutra può essere utile in cucina, studio o spazi commerciali. La Ideal Lux Equinoxe sp1 sfumato Lampade a Sospensione per Interni unisce funzione luminosa e valore decorativo, offrendo una soluzione SEO friendly e completa per chi cerca una lampada a sospensione Ideal Lux affidabile, ben descritta nelle varianti e pronta per essere inserita in un progetto di illuminazione domestico o professionale.","Lampada a sospensione Ideal Lux Equinoxe sp1 sfumato per interni: ideale per soggiorno, cucina, living, sala da pranzo, camera e ambienti contract."
IL-CONFIG-201,"Ideal Lux Equinoxe sp3 sfumato Lampade a Sospensione per Interni è una lampada a sospensione Ideal Lux pensata per l’illuminazione di interni residenziali e professionali, con una presenza scenografica coerente con il modello Equinoxe sp3 sfumato. Il prodotto configurabile riunisce le varianti realmente associate nel catalogo: finiture/colori Ambra, Cromo, Fumé e Ottone; dimensioni Ø42cm x H min 725 / max 2000 e Ø65cm x H min 500 / max 2250; configurazioni 3 sorgenti luminose e 6 sorgenti luminose; attacco G4; potenza massima 3 x 2W - 6 x 2W; materiali Metallo, Vetro; lampadina inclusa: Sì. Le configurazioni disponibili comprendono: Equinoxe sp3 sfumato -3 Sorgenti Luminose-Ambra, Equinoxe sp3 -3 Sorgenti Luminose-Cromo, Equinoxe sp3 sfumato -3 Sorgenti Luminose-Fumé, Equinoxe sp3 -3 Sorgenti Luminose-Ottone, Equinoxe sp6 sfumato -6 Sorgenti Luminose-Ambra, Equinoxe sp6 -6 Sorgenti Luminose-Cromo, Equinoxe sp6 sfumato -6 Sorgenti Luminose-Fumé e Equinoxe sp6 -6 Sorgenti Luminose-Ottone. La sospensione è indicata per soggiorno, zona living, sala da pranzo, cucina con isola o penisola, camera da letto, corridoi ampi e ambienti contract come reception, showroom, sale riunioni, ristoranti e boutique, scegliendo la configurazione più adatta per dimensione, finitura e numero di luci.","La Ideal Lux Equinoxe sp3 sfumato Lampade a Sospensione per Interni è una lampada a sospensione Ideal Lux per interni progettata per completare l’arredo con una luce sospesa elegante, riconoscibile e proporzionata agli spazi. Il modello Equinoxe sp3 sfumato è stato trattato come prodotto configurabile: le informazioni sono state aggregate dalle varianti semplici collegate, dagli attributi tecnici del configurabile, dal listino giacenze e dalle descrizioni ufficiali Ideal Lux quando presenti. In questo modo la scheda prodotto descrive l’intera famiglia disponibile senza creare testi separati per ogni singola variante. Le configurazioni disponibili includono finiture/colori Ambra, Cromo, Fumé e Ottone; dimensioni Ø42cm x H min 725 / max 2000 e Ø65cm x H min 500 / max 2250; configurazioni 3 sorgenti luminose e 6 sorgenti luminose; attacco G4; potenza massima 3 x 2W - 6 x 2W; materiali Metallo, Vetro; lampadina inclusa: Sì. Le configurazioni disponibili comprendono: Equinoxe sp3 sfumato -3 Sorgenti Luminose-Ambra, Equinoxe sp3 -3 Sorgenti Luminose-Cromo, Equinoxe sp3 sfumato -3 Sorgenti Luminose-Fumé, Equinoxe sp3 -3 Sorgenti Luminose-Ottone, Equinoxe sp6 sfumato -6 Sorgenti Luminose-Ambra, Equinoxe sp6 -6 Sorgenti Luminose-Cromo, Equinoxe sp6 sfumato -6 Sorgenti Luminose-Fumé e Equinoxe sp6 -6 Sorgenti Luminose-Ottone. Dal punto di vista tecnico, la scheda riporta materiali dichiarati: Metallo, Vetro; ingombri disponibili: Ø42cm x H min 725 / max 2000 - Ø65cm x H min 500 / max 2250; potenza massima: 3 x 2W - 6 x 2W; attacco portalampada: G4; lampadina inclusa: Sì; grado di protezione: IP20. Questa sospensione è adatta a diversi ambienti della casa: sopra il tavolo da pranzo crea un punto luce centrale, in soggiorno e nella zona living contribuisce a definire l’atmosfera, in cucina può illuminare isole, penisole e piani snack, mentre in camera da letto o in un corridoio ampio può diventare un elemento decorativo capace di dare personalità allo spazio. Nei contesti professionali può essere utilizzata in reception, sale d’attesa, uffici direzionali, showroom, negozi, ristoranti, bar, hotel e spazi contract, sempre valutando altezza di installazione, dimensioni della stanza e quantità di luce desiderata. La scelta tra le varianti permette di coordinare la lampada con arredi chiari o scuri, superfici metalliche, vetro, legno, pietra o finiture contemporanee. Le versioni con diametri, forme o numero di sorgenti differenti sono utili per adattare la presenza visiva della sospensione a tavoli piccoli, piani allungati, ambienti con soffitto alto o zone living più scenografiche. Il grado di protezione indicato, quando presente nella scheda tecnica, conferma la destinazione ad ambienti interni asciutti: non viene quindi descritta come lampada da esterno o per zone esposte ad acqua e agenti atmosferici. Per ottenere il miglior risultato è consigliabile scegliere la sorgente luminosa compatibile con l’attacco e la potenza previsti, valutando temperatura colore, intensità e resa cromatica in funzione dell’ambiente. Una luce calda valorizza aree relax, sale da pranzo e camere, mentre una luce più neutra può essere utile in cucina, studio o spazi commerciali. La Ideal Lux Equinoxe sp3 sfumato Lampade a Sospensione per Interni unisce funzione luminosa e valore decorativo, offrendo una soluzione SEO friendly e completa per chi cerca una lampada a sospensione Ideal Lux affidabile, ben descritta nelle varianti e pronta per essere inserita in un progetto di illuminazione domestico o professionale.","Lampada a sospensione Ideal Lux Equinoxe sp3 sfumato per interni: ideale per soggiorno, cucina, living, sala da pranzo, camera e ambienti contract."
IL-CONFIG-202,"Ideal Lux Equinoxe sp12 sfumato Lampade a Sospensione per Interni è una lampada a sospensione Ideal Lux pensata per l’illuminazione di interni residenziali e professionali, con una presenza scenografica coerente con il modello Equinoxe sp12 sfumato. Il prodotto configurabile riunisce le varianti realmente associate nel catalogo: finiture/colori Ambra, Cromo, Fumé e Ottone; dimensioni Ø128.1cm x H min 840 / max 914 e Ø128cm x H min 690 / max 720; configurazioni 12 sorgenti luminose e 8 sorgenti luminose; attacco G4; potenza massima 12 x 2W - 8 x 2W; materiali Metallo, Vetro; lampadina inclusa: Sì. Le configurazioni disponibili comprendono: Equinoxe sp12 sfumato -12 Sorgenti Luminose-Ambra, Equinoxe sp12 -12 Sorgenti Luminose-Cromo, Equinoxe sp12 sfumato -12 Sorgenti Luminose-Fumé, Equinoxe sp12 -12 Sorgenti Luminose-Ottone, Equinoxe sp8 sfumato -8 Sorgenti Luminose-Ambra, Equinoxe sp8 -8 Sorgenti Luminose-Cromo, Equinoxe sp8 sfumato -8 Sorgenti Luminose-Fumé e Equinoxe sp8 -8 Sorgenti Luminose-Ottone. Secondo la descrizione ufficiale Ideal Lux, montatura in metallo placcato. Diffusori in vetro borosilicato trasparente. Cavo in pvc nero. Colori: montatura cromo con vetro trasparente o fume' sfumato, montatura ottone antico con vetro trasparente o ambra sfumato. La sospensione è indicata per soggiorno, zona living, sala da pranzo, cucina con isola o penisola, camera da letto, corridoi ampi e ambienti contract come reception, showroom, sale riunioni, ristoranti e boutique, scegliendo la configurazione più adatta per dimensione, finitura e numero di luci.","La Ideal Lux Equinoxe sp12 sfumato Lampade a Sospensione per Interni è una lampada a sospensione Ideal Lux per interni progettata per completare l’arredo con una luce sospesa elegante, riconoscibile e proporzionata agli spazi. Il modello Equinoxe sp12 sfumato è stato trattato come prodotto configurabile: le informazioni sono state aggregate dalle varianti semplici collegate, dagli attributi tecnici del configurabile, dal listino giacenze e dalle descrizioni ufficiali Ideal Lux quando presenti. In questo modo la scheda prodotto descrive l’intera famiglia disponibile senza creare testi separati per ogni singola variante. Le configurazioni disponibili includono finiture/colori Ambra, Cromo, Fumé e Ottone; dimensioni Ø128.1cm x H min 840 / max 914 e Ø128cm x H min 690 / max 720; configurazioni 12 sorgenti luminose e 8 sorgenti luminose; attacco G4; potenza massima 12 x 2W - 8 x 2W; materiali Metallo, Vetro; lampadina inclusa: Sì. Le configurazioni disponibili comprendono: Equinoxe sp12 sfumato -12 Sorgenti Luminose-Ambra, Equinoxe sp12 -12 Sorgenti Luminose-Cromo, Equinoxe sp12 sfumato -12 Sorgenti Luminose-Fumé, Equinoxe sp12 -12 Sorgenti Luminose-Ottone, Equinoxe sp8 sfumato -8 Sorgenti Luminose-Ambra, Equinoxe sp8 -8 Sorgenti Luminose-Cromo, Equinoxe sp8 sfumato -8 Sorgenti Luminose-Fumé e Equinoxe sp8 -8 Sorgenti Luminose-Ottone. Dal punto di vista tecnico, la scheda riporta materiali dichiarati: Metallo, Vetro; ingombri disponibili: Ø128.1cm x H min 840 / max 914 - Ø128cm x H min 690 / max 720; potenza massima: 12 x 2W - 8 x 2W; attacco portalampada: G4; lampadina inclusa: Sì; grado di protezione: IP20. Secondo la descrizione ufficiale Ideal Lux, montatura in metallo placcato. Diffusori in vetro borosilicato trasparente. Cavo in pvc nero. Colori: montatura cromo con vetro trasparente o fume' sfumato, montatura ottone antico con vetro trasparente o ambra sfumato. Questa sospensione è adatta a diversi ambienti della casa: sopra il tavolo da pranzo crea un punto luce centrale, in soggiorno e nella zona living contribuisce a definire l’atmosfera, in cucina può illuminare isole, penisole e piani snack, mentre in camera da letto o in un corridoio ampio può diventare un elemento decorativo capace di dare personalità allo spazio. Nei contesti professionali può essere utilizzata in reception, sale d’attesa, uffici direzionali, showroom, negozi, ristoranti, bar, hotel e spazi contract, sempre valutando altezza di installazione, dimensioni della stanza e quantità di luce desiderata. La scelta tra le varianti permette di coordinare la lampada con arredi chiari o scuri, superfici metalliche, vetro, legno, pietra o finiture contemporanee. Le versioni con diametri, forme o numero di sorgenti differenti sono utili per adattare la presenza visiva della sospensione a tavoli piccoli, piani allungati, ambienti con soffitto alto o zone living più scenografiche. Il grado di protezione indicato, quando presente nella scheda tecnica, conferma la destinazione ad ambienti interni asciutti: non viene quindi descritta come lampada da esterno o per zone esposte ad acqua e agenti atmosferici. Per ottenere il miglior risultato è consigliabile scegliere la sorgente luminosa compatibile con l’attacco e la potenza previsti, valutando temperatura colore, intensità e resa cromatica in funzione dell’ambiente. Una luce calda valorizza aree relax, sale da pranzo e camere, mentre una luce più neutra può essere utile in cucina, studio o spazi commerciali. La Ideal Lux Equinoxe sp12 sfumato Lampade a Sospensione per Interni unisce funzione luminosa e valore decorativo, offrendo una soluzione SEO friendly e completa per chi cerca una lampada a sospensione Ideal Lux affidabile, ben descritta nelle varianti e pronta per essere inserita in un progetto di illuminazione domestico o professionale.","Lampada a sospensione Ideal Lux Equinoxe sp12 sfumato per interni: ideale per soggiorno, cucina, living, sala da pranzo, camera e ambienti contract."
IL-CONFIG-203,"Ideal Lux Eris per Interni è una lampada a sospensione Ideal Lux pensata per l’illuminazione di interni residenziali e professionali, con una presenza scenografica coerente con il modello Eris. Il prodotto configurabile riunisce le varianti realmente associate nel catalogo: finiture/colori Bianco e Nero; dimensioni Ø21cm x H min 460 / max 2100; attacco E27; potenza massima 42W; materiali Metallo. Le configurazioni disponibili comprendono: Eris-1 sp1 -Bianco e Eris-1 sp1 -Nero. Secondo la descrizione ufficiale Ideal Lux, montatura in metallo con rosone e diffusore verniciati bianco o nero opaco, dettagli in finitura oro satinato. Cavo elettrico intrecciato con rivestimento in tessuto. La sospensione è indicata per soggiorno, zona living, sala da pranzo, cucina con isola o penisola, camera da letto, corridoi ampi e ambienti contract come reception, showroom, sale riunioni, ristoranti e boutique, scegliendo la configurazione più adatta per dimensione, finitura e numero di luci.","La Ideal Lux Eris per Interni è una lampada a sospensione Ideal Lux per interni progettata per completare l’arredo con una luce sospesa elegante, riconoscibile e proporzionata agli spazi. Il modello Eris è stato trattato come prodotto configurabile: le informazioni sono state aggregate dalle varianti semplici collegate, dagli attributi tecnici del configurabile, dal listino giacenze e dalle descrizioni ufficiali Ideal Lux quando presenti. In questo modo la scheda prodotto descrive l’intera famiglia disponibile senza creare testi separati per ogni singola variante. Le configurazioni disponibili includono finiture/colori Bianco e Nero; dimensioni Ø21cm x H min 460 / max 2100; attacco E27; potenza massima 42W; materiali Metallo. Le configurazioni disponibili comprendono: Eris-1 sp1 -Bianco e Eris-1 sp1 -Nero. Dal punto di vista tecnico, la scheda riporta materiali dichiarati: Metallo; ingombri disponibili: Ø21cm x H min 460 / max 2100; potenza massima: 42W; attacco portalampada: E27; grado di protezione: IP20. Secondo la descrizione ufficiale Ideal Lux, montatura in metallo con rosone e diffusore verniciati bianco o nero opaco, dettagli in finitura oro satinato. Cavo elettrico intrecciato con rivestimento in tessuto. Questa sospensione è adatta a diversi ambienti della casa: sopra il tavolo da pranzo crea un punto luce centrale, in soggiorno e nella zona living contribuisce a definire l’atmosfera, in cucina può illuminare isole, penisole e piani snack, mentre in camera da letto o in un corridoio ampio può diventare un elemento decorativo capace di dare personalità allo spazio. Nei contesti professionali può essere utilizzata in reception, sale d’attesa, uffici direzionali, showroom, negozi, ristoranti, bar, hotel e spazi contract, sempre valutando altezza di installazione, dimensioni della stanza e quantità di luce desiderata. La scelta tra le varianti permette di coordinare la lampada con arredi chiari o scuri, superfici metalliche, vetro, legno, pietra o finiture contemporanee. Le versioni con diametri, forme o numero di sorgenti differenti sono utili per adattare la presenza visiva della sospensione a tavoli piccoli, piani allungati, ambienti con soffitto alto o zone living più scenografiche. Il grado di protezione indicato, quando presente nella scheda tecnica, conferma la destinazione ad ambienti interni asciutti: non viene quindi descritta come lampada da esterno o per zone esposte ad acqua e agenti atmosferici. Per ottenere il miglior risultato è consigliabile scegliere la sorgente luminosa compatibile con l’attacco e la potenza previsti, valutando temperatura colore, intensità e resa cromatica in funzione dell’ambiente. Una luce calda valorizza aree relax, sale da pranzo e camere, mentre una luce più neutra può essere utile in cucina, studio o spazi commerciali. La Ideal Lux Eris per Interni unisce funzione luminosa e valore decorativo, offrendo una soluzione SEO friendly e completa per chi cerca una lampada a sospensione Ideal Lux affidabile, ben descritta nelle varianti e pronta per essere inserita in un progetto di illuminazione domestico o professionale.","Lampada a sospensione Ideal Lux Eris per interni: ideale per soggiorno, cucina, living, sala da pranzo, camera e ambienti contract."
IL-CONFIG-204,"Ideal Lux Eris per Interni è una lampada a sospensione Ideal Lux pensata per l’illuminazione di interni residenziali e professionali, con una presenza scenografica coerente con il modello Eris. Il prodotto configurabile riunisce le varianti realmente associate nel catalogo: finiture/colori Bianco e Nero; dimensioni Ø33cm x H min 520 / max 2150; attacco E27; potenza massima 42W; materiali Metallo. Le configurazioni disponibili comprendono: Eris-2 sp1 -Bianco e Eris-2 sp1 -Nero. Secondo la descrizione ufficiale Ideal Lux, montatura in metallo con rosone e diffusore verniciati bianco o nero opaco, dettagli in finitura oro satinato. Cavo elettrico intrecciato con rivestimento in tessuto. La sospensione è indicata per soggiorno, zona living, sala da pranzo, cucina con isola o penisola, camera da letto, corridoi ampi e ambienti contract come reception, showroom, sale riunioni, ristoranti e boutique, scegliendo la configurazione più adatta per dimensione, finitura e numero di luci.","La Ideal Lux Eris per Interni è una lampada a sospensione Ideal Lux per interni progettata per completare l’arredo con una luce sospesa elegante, riconoscibile e proporzionata agli spazi. Il modello Eris è stato trattato come prodotto configurabile: le informazioni sono state aggregate dalle varianti semplici collegate, dagli attributi tecnici del configurabile, dal listino giacenze e dalle descrizioni ufficiali Ideal Lux quando presenti. In questo modo la scheda prodotto descrive l’intera famiglia disponibile senza creare testi separati per ogni singola variante. Le configurazioni disponibili includono finiture/colori Bianco e Nero; dimensioni Ø33cm x H min 520 / max 2150; attacco E27; potenza massima 42W; materiali Metallo. Le configurazioni disponibili comprendono: Eris-2 sp1 -Bianco e Eris-2 sp1 -Nero. Dal punto di vista tecnico, la scheda riporta materiali dichiarati: Metallo; ingombri disponibili: Ø33cm x H min 520 / max 2150; potenza massima: 42W; attacco portalampada: E27; grado di protezione: IP20. Secondo la descrizione ufficiale Ideal Lux, montatura in metallo con rosone e diffusore verniciati bianco o nero opaco, dettagli in finitura oro satinato. Cavo elettrico intrecciato con rivestimento in tessuto. Questa sospensione è adatta a diversi ambienti della casa: sopra il tavolo da pranzo crea un punto luce centrale, in soggiorno e nella zona living contribuisce a definire l’atmosfera, in cucina può illuminare isole, penisole e piani snack, mentre in camera da letto o in un corridoio ampio può diventare un elemento decorativo capace di dare personalità allo spazio. Nei contesti professionali può essere utilizzata in reception, sale d’attesa, uffici direzionali, showroom, negozi, ristoranti, bar, hotel e spazi contract, sempre valutando altezza di installazione, dimensioni della stanza e quantità di luce desiderata. La scelta tra le varianti permette di coordinare la lampada con arredi chiari o scuri, superfici metalliche, vetro, legno, pietra o finiture contemporanee. Le versioni con diametri, forme o numero di sorgenti differenti sono utili per adattare la presenza visiva della sospensione a tavoli piccoli, piani allungati, ambienti con soffitto alto o zone living più scenografiche. Il grado di protezione indicato, quando presente nella scheda tecnica, conferma la destinazione ad ambienti interni asciutti: non viene quindi descritta come lampada da esterno o per zone esposte ad acqua e agenti atmosferici. Per ottenere il miglior risultato è consigliabile scegliere la sorgente luminosa compatibile con l’attacco e la potenza previsti, valutando temperatura colore, intensità e resa cromatica in funzione dell’ambiente. Una luce calda valorizza aree relax, sale da pranzo e camere, mentre una luce più neutra può essere utile in cucina, studio o spazi commerciali. La Ideal Lux Eris per Interni unisce funzione luminosa e valore decorativo, offrendo una soluzione SEO friendly e completa per chi cerca una lampada a sospensione Ideal Lux affidabile, ben descritta nelle varianti e pronta per essere inserita in un progetto di illuminazione domestico o professionale.","Lampada a sospensione Ideal Lux Eris per interni: ideale per soggiorno, cucina, living, sala da pranzo, camera e ambienti contract."
IL-CONFIG-205,"Ideal Lux Eris per Interni è una lampada a sospensione Ideal Lux pensata per l’illuminazione di interni residenziali e professionali, con una presenza scenografica coerente con il modello Eris. Il prodotto configurabile riunisce le varianti realmente associate nel catalogo: finiture/colori Bianco e Nero; dimensioni Ø29cm x H min 440 / max 2080; attacco E27; potenza massima 42W; materiali Metallo. Le configurazioni disponibili comprendono: Eris-3 sp1 -Bianco e Eris-3 sp1 -Nero. Secondo la descrizione ufficiale Ideal Lux, montatura in metallo con rosone e diffusore verniciati bianco o nero opaco, dettagli in finitura oro satinato. Cavo elettrico intrecciato con rivestimento in tessuto. La sospensione è indicata per soggiorno, zona living, sala da pranzo, cucina con isola o penisola, camera da letto, corridoi ampi e ambienti contract come reception, showroom, sale riunioni, ristoranti e boutique, scegliendo la configurazione più adatta per dimensione, finitura e numero di luci.","La Ideal Lux Eris per Interni è una lampada a sospensione Ideal Lux per interni progettata per completare l’arredo con una luce sospesa elegante, riconoscibile e proporzionata agli spazi. Il modello Eris è stato trattato come prodotto configurabile: le informazioni sono state aggregate dalle varianti semplici collegate, dagli attributi tecnici del configurabile, dal listino giacenze e dalle descrizioni ufficiali Ideal Lux quando presenti. In questo modo la scheda prodotto descrive l’intera famiglia disponibile senza creare testi separati per ogni singola variante. Le configurazioni disponibili includono finiture/colori Bianco e Nero; dimensioni Ø29cm x H min 440 / max 2080; attacco E27; potenza massima 42W; materiali Metallo. Le configurazioni disponibili comprendono: Eris-3 sp1 -Bianco e Eris-3 sp1 -Nero. Dal punto di vista tecnico, la scheda riporta materiali dichiarati: Metallo; ingombri disponibili: Ø29cm x H min 440 / max 2080; potenza massima: 42W; attacco portalampada: E27; grado di protezione: IP20. Secondo la descrizione ufficiale Ideal Lux, montatura in metallo con rosone e diffusore verniciati bianco o nero opaco, dettagli in finitura oro satinato. Cavo elettrico intrecciato con rivestimento in tessuto. Questa sospensione è adatta a diversi ambienti della casa: sopra il tavolo da pranzo crea un punto luce centrale, in soggiorno e nella zona living contribuisce a definire l’atmosfera, in cucina può illuminare isole, penisole e piani snack, mentre in camera da letto o in un corridoio ampio può diventare un elemento decorativo capace di dare personalità allo spazio. Nei contesti professionali può essere utilizzata in reception, sale d’attesa, uffici direzionali, showroom, negozi, ristoranti, bar, hotel e spazi contract, sempre valutando altezza di installazione, dimensioni della stanza e quantità di luce desiderata. La scelta tra le varianti permette di coordinare la lampada con arredi chiari o scuri, superfici metalliche, vetro, legno, pietra o finiture contemporanee. Le versioni con diametri, forme o numero di sorgenti differenti sono utili per adattare la presenza visiva della sospensione a tavoli piccoli, piani allungati, ambienti con soffitto alto o zone living più scenografiche. Il grado di protezione indicato, quando presente nella scheda tecnica, conferma la destinazione ad ambienti interni asciutti: non viene quindi descritta come lampada da esterno o per zone esposte ad acqua e agenti atmosferici. Per ottenere il miglior risultato è consigliabile scegliere la sorgente luminosa compatibile con l’attacco e la potenza previsti, valutando temperatura colore, intensità e resa cromatica in funzione dell’ambiente. Una luce calda valorizza aree relax, sale da pranzo e camere, mentre una luce più neutra può essere utile in cucina, studio o spazi commerciali. La Ideal Lux Eris per Interni unisce funzione luminosa e valore decorativo, offrendo una soluzione SEO friendly e completa per chi cerca una lampada a sospensione Ideal Lux affidabile, ben descritta nelle varianti e pronta per essere inserita in un progetto di illuminazione domestico o professionale.","Lampada a sospensione Ideal Lux Eris per interni: ideale per soggiorno, cucina, living, sala da pranzo, camera e ambienti contract."
IL-CONFIG-206,"Ideal Lux Eris per Interni è una lampada a sospensione Ideal Lux pensata per l’illuminazione di interni residenziali e professionali, con una presenza scenografica coerente con il modello Eris. Il prodotto configurabile riunisce le varianti realmente associate nel catalogo: finiture/colori Bianco e Nero; dimensioni Ø36cm x H min 450 / max 2080; attacco E27; potenza massima 42W; materiali Metallo. Le configurazioni disponibili comprendono: Eris-4 sp1 -Bianco e Eris-4 sp1 -Nero. Secondo la descrizione ufficiale Ideal Lux, montatura in metallo con rosone e diffusore verniciati bianco o nero opaco, dettagli in finitura oro satinato. Cavo elettrico intrecciato con rivestimento in tessuto. La sospensione è indicata per soggiorno, zona living, sala da pranzo, cucina con isola o penisola, camera da letto, corridoi ampi e ambienti contract come reception, showroom, sale riunioni, ristoranti e boutique, scegliendo la configurazione più adatta per dimensione, finitura e numero di luci.","La Ideal Lux Eris per Interni è una lampada a sospensione Ideal Lux per interni progettata per completare l’arredo con una luce sospesa elegante, riconoscibile e proporzionata agli spazi. Il modello Eris è stato trattato come prodotto configurabile: le informazioni sono state aggregate dalle varianti semplici collegate, dagli attributi tecnici del configurabile, dal listino giacenze e dalle descrizioni ufficiali Ideal Lux quando presenti. In questo modo la scheda prodotto descrive l’intera famiglia disponibile senza creare testi separati per ogni singola variante. Le configurazioni disponibili includono finiture/colori Bianco e Nero; dimensioni Ø36cm x H min 450 / max 2080; attacco E27; potenza massima 42W; materiali Metallo. Le configurazioni disponibili comprendono: Eris-4 sp1 -Bianco e Eris-4 sp1 -Nero. Dal punto di vista tecnico, la scheda riporta materiali dichiarati: Metallo; ingombri disponibili: Ø36cm x H min 450 / max 2080; potenza massima: 42W; attacco portalampada: E27; grado di protezione: IP20. Secondo la descrizione ufficiale Ideal Lux, montatura in metallo con rosone e diffusore verniciati bianco o nero opaco, dettagli in finitura oro satinato. Cavo elettrico intrecciato con rivestimento in tessuto. Questa sospensione è adatta a diversi ambienti della casa: sopra il tavolo da pranzo crea un punto luce centrale, in soggiorno e nella zona living contribuisce a definire l’atmosfera, in cucina può illuminare isole, penisole e piani snack, mentre in camera da letto o in un corridoio ampio può diventare un elemento decorativo capace di dare personalità allo spazio. Nei contesti professionali può essere utilizzata in reception, sale d’attesa, uffici direzionali, showroom, negozi, ristoranti, bar, hotel e spazi contract, sempre valutando altezza di installazione, dimensioni della stanza e quantità di luce desiderata. La scelta tra le varianti permette di coordinare la lampada con arredi chiari o scuri, superfici metalliche, vetro, legno, pietra o finiture contemporanee. Le versioni con diametri, forme o numero di sorgenti differenti sono utili per adattare la presenza visiva della sospensione a tavoli piccoli, piani allungati, ambienti con soffitto alto o zone living più scenografiche. Il grado di protezione indicato, quando presente nella scheda tecnica, conferma la destinazione ad ambienti interni asciutti: non viene quindi descritta come lampada da esterno o per zone esposte ad acqua e agenti atmosferici. Per ottenere il miglior risultato è consigliabile scegliere la sorgente luminosa compatibile con l’attacco e la potenza previsti, valutando temperatura colore, intensità e resa cromatica in funzione dell’ambiente. Una luce calda valorizza aree relax, sale da pranzo e camere, mentre una luce più neutra può essere utile in cucina, studio o spazi commerciali. La Ideal Lux Eris per Interni unisce funzione luminosa e valore decorativo, offrendo una soluzione SEO friendly e completa per chi cerca una lampada a sospensione Ideal Lux affidabile, ben descritta nelle varianti e pronta per essere inserita in un progetto di illuminazione domestico o professionale.","Lampada a sospensione Ideal Lux Eris per interni: ideale per soggiorno, cucina, living, sala da pranzo, camera e ambienti contract."
IL-CONFIG-207,"Ideal Lux Essence sp round Lampade a Sospensione per Interni è una lampada a sospensione Ideal Lux pensata per l’illuminazione di interni residenziali e professionali, con una presenza scenografica coerente con il modello Essence sp round. Il prodotto configurabile riunisce le varianti realmente associate nel catalogo: finiture/colori Bianco, Nero e Ottone; dimensioni L115cm x H min 335 / max 2135 x P6cm; attacco LED; potenza massima 19W; materiali Alluminio, Metallo; lampadina inclusa: Sì. Le configurazioni disponibili comprendono: Essence sp round -Bianco-3000K, Essence sp round -Nero-2700K, Essence sp round -Nero-3000K, Essence sp round -Nero-4000K e Essence sp round -Ottone-3000K. La sospensione è indicata per soggiorno, zona living, sala da pranzo, cucina con isola o penisola, camera da letto, corridoi ampi e ambienti contract come reception, showroom, sale riunioni, ristoranti e boutique, scegliendo la configurazione più adatta per dimensione, finitura e numero di luci.","La Ideal Lux Essence sp round Lampade a Sospensione per Interni è una lampada a sospensione Ideal Lux per interni progettata per completare l’arredo con una luce sospesa elegante, riconoscibile e proporzionata agli spazi. Il modello Essence sp round è stato trattato come prodotto configurabile: le informazioni sono state aggregate dalle varianti semplici collegate, dagli attributi tecnici del configurabile, dal listino giacenze e dalle descrizioni ufficiali Ideal Lux quando presenti. In questo modo la scheda prodotto descrive l’intera famiglia disponibile senza creare testi separati per ogni singola variante. Le configurazioni disponibili includono finiture/colori Bianco, Nero e Ottone; dimensioni L115cm x H min 335 / max 2135 x P6cm; attacco LED; potenza massima 19W; materiali Alluminio, Metallo; lampadina inclusa: Sì. Le configurazioni disponibili comprendono: Essence sp round -Bianco-3000K, Essence sp round -Nero-2700K, Essence sp round -Nero-3000K, Essence sp round -Nero-4000K e Essence sp round -Ottone-3000K. Dal punto di vista tecnico, la scheda riporta materiali dichiarati: Alluminio, Metallo; ingombri disponibili: L115cm x H min 335 / max 2135 x P6cm; potenza massima: 19W; attacco portalampada: LED; lampadina inclusa: Sì; grado di protezione: IP20. Questa sospensione è adatta a diversi ambienti della casa: sopra il tavolo da pranzo crea un punto luce centrale, in soggiorno e nella zona living contribuisce a definire l’atmosfera, in cucina può illuminare isole, penisole e piani snack, mentre in camera da letto o in un corridoio ampio può diventare un elemento decorativo capace di dare personalità allo spazio. Nei contesti professionali può essere utilizzata in reception, sale d’attesa, uffici direzionali, showroom, negozi, ristoranti, bar, hotel e spazi contract, sempre valutando altezza di installazione, dimensioni della stanza e quantità di luce desiderata. La scelta tra le varianti permette di coordinare la lampada con arredi chiari o scuri, superfici metalliche, vetro, legno, pietra o finiture contemporanee. Le versioni con diametri, forme o numero di sorgenti differenti sono utili per adattare la presenza visiva della sospensione a tavoli piccoli, piani allungati, ambienti con soffitto alto o zone living più scenografiche. Il grado di protezione indicato, quando presente nella scheda tecnica, conferma la destinazione ad ambienti interni asciutti: non viene quindi descritta come lampada da esterno o per zone esposte ad acqua e agenti atmosferici. Per ottenere il miglior risultato è consigliabile scegliere la sorgente luminosa compatibile con l’attacco e la potenza previsti, valutando temperatura colore, intensità e resa cromatica in funzione dell’ambiente. Una luce calda valorizza aree relax, sale da pranzo e camere, mentre una luce più neutra può essere utile in cucina, studio o spazi commerciali. La Ideal Lux Essence sp round Lampade a Sospensione per Interni unisce funzione luminosa e valore decorativo, offrendo una soluzione SEO friendly e completa per chi cerca una lampada a sospensione Ideal Lux affidabile, ben descritta nelle varianti e pronta per essere inserita in un progetto di illuminazione domestico o professionale.","Lampada a sospensione Ideal Lux Essence sp round per interni: ideale per soggiorno, cucina, living, sala da pranzo, camera e ambienti contract."
IL-CONFIG-208,"Ideal Lux Essence sp square Lampade a Sospensione per Interni è una lampada a sospensione Ideal Lux pensata per l’illuminazione di interni residenziali e professionali, con una presenza scenografica coerente con il modello Essence sp square. Il prodotto configurabile riunisce le varianti realmente associate nel catalogo: finiture/colori Bianco, Nero e Ottone; dimensioni L115cm x H min 330 / max 2135 x P6cm; attacco LED; potenza massima 19W; materiali Alluminio, Metallo; lampadina inclusa: Sì. Le configurazioni disponibili comprendono: Essence sp square -Bianco, Essence sp square -Nero e Essence sp square -Ottone. La sospensione è indicata per soggiorno, zona living, sala da pranzo, cucina con isola o penisola, camera da letto, corridoi ampi e ambienti contract come reception, showroom, sale riunioni, ristoranti e boutique, scegliendo la configurazione più adatta per dimensione, finitura e numero di luci.","La Ideal Lux Essence sp square Lampade a Sospensione per Interni è una lampada a sospensione Ideal Lux per interni progettata per completare l’arredo con una luce sospesa elegante, riconoscibile e proporzionata agli spazi. Il modello Essence sp square è stato trattato come prodotto configurabile: le informazioni sono state aggregate dalle varianti semplici collegate, dagli attributi tecnici del configurabile, dal listino giacenze e dalle descrizioni ufficiali Ideal Lux quando presenti. In questo modo la scheda prodotto descrive l’intera famiglia disponibile senza creare testi separati per ogni singola variante. Le configurazioni disponibili includono finiture/colori Bianco, Nero e Ottone; dimensioni L115cm x H min 330 / max 2135 x P6cm; attacco LED; potenza massima 19W; materiali Alluminio, Metallo; lampadina inclusa: Sì. Le configurazioni disponibili comprendono: Essence sp square -Bianco, Essence sp square -Nero e Essence sp square -Ottone. Dal punto di vista tecnico, la scheda riporta materiali dichiarati: Alluminio, Metallo; ingombri disponibili: L115cm x H min 330 / max 2135 x P6cm; potenza massima: 19W; attacco portalampada: LED; lampadina inclusa: Sì; grado di protezione: IP20. Questa sospensione è adatta a diversi ambienti della casa: sopra il tavolo da pranzo crea un punto luce centrale, in soggiorno e nella zona living contribuisce a definire l’atmosfera, in cucina può illuminare isole, penisole e piani snack, mentre in camera da letto o in un corridoio ampio può diventare un elemento decorativo capace di dare personalità allo spazio. Nei contesti professionali può essere utilizzata in reception, sale d’attesa, uffici direzionali, showroom, negozi, ristoranti, bar, hotel e spazi contract, sempre valutando altezza di installazione, dimensioni della stanza e quantità di luce desiderata. La scelta tra le varianti permette di coordinare la lampada con arredi chiari o scuri, superfici metalliche, vetro, legno, pietra o finiture contemporanee. Le versioni con diametri, forme o numero di sorgenti differenti sono utili per adattare la presenza visiva della sospensione a tavoli piccoli, piani allungati, ambienti con soffitto alto o zone living più scenografiche. Il grado di protezione indicato, quando presente nella scheda tecnica, conferma la destinazione ad ambienti interni asciutti: non viene quindi descritta come lampada da esterno o per zone esposte ad acqua e agenti atmosferici. Per ottenere il miglior risultato è consigliabile scegliere la sorgente luminosa compatibile con l’attacco e la potenza previsti, valutando temperatura colore, intensità e resa cromatica in funzione dell’ambiente. Una luce calda valorizza aree relax, sale da pranzo e camere, mentre una luce più neutra può essere utile in cucina, studio o spazi commerciali. La Ideal Lux Essence sp square Lampade a Sospensione per Interni unisce funzione luminosa e valore decorativo, offrendo una soluzione SEO friendly e completa per chi cerca una lampada a sospensione Ideal Lux affidabile, ben descritta nelle varianti e pronta per essere inserita in un progetto di illuminazione domestico o professionale.","Lampada a sospensione Ideal Lux Essence sp square per interni: ideale per soggiorno, cucina, living, sala da pranzo, camera e ambienti contract."
IL-CONFIG-209,"Ideal Lux Fade sp1 Lampade a Sospensione per Interni è una lampada a sospensione Ideal Lux pensata per l’illuminazione di interni residenziali e professionali, con una presenza scenografica coerente con il modello Fade sp1. Il prodotto configurabile riunisce le varianti realmente associate nel catalogo: finiture/colori Ambra e Cromo; dimensioni Ø27cm x H min 460 / max 2110; attacco G9; potenza massima 15W; materiali Metallo, Vetro; lampadina inclusa: Sì. Le configurazioni disponibili comprendono: Fade sp1 -Ambra e Fade sp1 -Cromo. La sospensione è indicata per soggiorno, zona living, sala da pranzo, cucina con isola o penisola, camera da letto, corridoi ampi e ambienti contract come reception, showroom, sale riunioni, ristoranti e boutique, scegliendo la configurazione più adatta per dimensione, finitura e numero di luci.","La Ideal Lux Fade sp1 Lampade a Sospensione per Interni è una lampada a sospensione Ideal Lux per interni progettata per completare l’arredo con una luce sospesa elegante, riconoscibile e proporzionata agli spazi. Il modello Fade sp1 è stato trattato come prodotto configurabile: le informazioni sono state aggregate dalle varianti semplici collegate, dagli attributi tecnici del configurabile, dal listino giacenze e dalle descrizioni ufficiali Ideal Lux quando presenti. In questo modo la scheda prodotto descrive l’intera famiglia disponibile senza creare testi separati per ogni singola variante. Le configurazioni disponibili includono finiture/colori Ambra e Cromo; dimensioni Ø27cm x H min 460 / max 2110; attacco G9; potenza massima 15W; materiali Metallo, Vetro; lampadina inclusa: Sì. Le configurazioni disponibili comprendono: Fade sp1 -Ambra e Fade sp1 -Cromo. Dal punto di vista tecnico, la scheda riporta materiali dichiarati: Metallo, Vetro; ingombri disponibili: Ø27cm x H min 460 / max 2110; potenza massima: 15W; attacco portalampada: G9; lampadina inclusa: Sì; grado di protezione: IP20. Questa sospensione è adatta a diversi ambienti della casa: sopra il tavolo da pranzo crea un punto luce centrale, in soggiorno e nella zona living contribuisce a definire l’atmosfera, in cucina può illuminare isole, penisole e piani snack, mentre in camera da letto o in un corridoio ampio può diventare un elemento decorativo capace di dare personalità allo spazio. Nei contesti professionali può essere utilizzata in reception, sale d’attesa, uffici direzionali, showroom, negozi, ristoranti, bar, hotel e spazi contract, sempre valutando altezza di installazione, dimensioni della stanza e quantità di luce desiderata. La scelta tra le varianti permette di coordinare la lampada con arredi chiari o scuri, superfici metalliche, vetro, legno, pietra o finiture contemporanee. Le versioni con diametri, forme o numero di sorgenti differenti sono utili per adattare la presenza visiva della sospensione a tavoli piccoli, piani allungati, ambienti con soffitto alto o zone living più scenografiche. Il grado di protezione indicato, quando presente nella scheda tecnica, conferma la destinazione ad ambienti interni asciutti: non viene quindi descritta come lampada da esterno o per zone esposte ad acqua e agenti atmosferici. Per ottenere il miglior risultato è consigliabile scegliere la sorgente luminosa compatibile con l’attacco e la potenza previsti, valutando temperatura colore, intensità e resa cromatica in funzione dell’ambiente. Una luce calda valorizza aree relax, sale da pranzo e camere, mentre una luce più neutra può essere utile in cucina, studio o spazi commerciali. La Ideal Lux Fade sp1 Lampade a Sospensione per Interni unisce funzione luminosa e valore decorativo, offrendo una soluzione SEO friendly e completa per chi cerca una lampada a sospensione Ideal Lux affidabile, ben descritta nelle varianti e pronta per essere inserita in un progetto di illuminazione domestico o professionale.","Lampada a sospensione Ideal Lux Fade sp1 per interni: ideale per soggiorno, cucina, living, sala da pranzo, camera e ambienti contract."
IL-CONFIG-210,"Ideal Lux Fiesta sp10 Lampade a Sospensione per Esterni è una lampada a sospensione Ideal Lux pensata per l’illuminazione di interni residenziali e professionali, con una presenza scenografica coerente con il modello Fiesta sp10 Lampade a Sospensione per Esterni. Il prodotto configurabile riunisce le varianti realmente associate nel catalogo: dimensioni L605cm x H14cm x P4cm e L404cm x H14cm x P4cm; configurazioni 10 sorgenti luminose e 5 sorgenti luminose; attacco E27; potenza massima 10 x 15W - 5 x 15W; materiali PS. Le configurazioni disponibili comprendono: Fiesta sp10 -10 Sorgenti Luminose e Fiesta sp5 -5 Sorgenti Luminose. La sospensione è indicata per soggiorno, zona living, sala da pranzo, cucina con isola o penisola, camera da letto, corridoi ampi e ambienti contract come reception, showroom, sale riunioni, ristoranti e boutique, scegliendo la configurazione più adatta per dimensione, finitura e numero di luci.","La Ideal Lux Fiesta sp10 Lampade a Sospensione per Esterni è una lampada a sospensione Ideal Lux per interni progettata per completare l’arredo con una luce sospesa elegante, riconoscibile e proporzionata agli spazi. Il modello Fiesta sp10 Lampade a Sospensione per Esterni è stato trattato come prodotto configurabile: le informazioni sono state aggregate dalle varianti semplici collegate, dagli attributi tecnici del configurabile, dal listino giacenze e dalle descrizioni ufficiali Ideal Lux quando presenti. In questo modo la scheda prodotto descrive l’intera famiglia disponibile senza creare testi separati per ogni singola variante. Le configurazioni disponibili includono dimensioni L605cm x H14cm x P4cm e L404cm x H14cm x P4cm; configurazioni 10 sorgenti luminose e 5 sorgenti luminose; attacco E27; potenza massima 10 x 15W - 5 x 15W; materiali PS. Le configurazioni disponibili comprendono: Fiesta sp10 -10 Sorgenti Luminose e Fiesta sp5 -5 Sorgenti Luminose. Dal punto di vista tecnico, la scheda riporta materiali dichiarati: PS; ingombri disponibili: L605cm x H14cm x P4cm - L404cm x H14cm x P4cm; potenza massima: 10 x 15W - 5 x 15W; attacco portalampada: E27; grado di protezione: IP44. Questa sospensione è adatta a diversi ambienti della casa: sopra il tavolo da pranzo crea un punto luce centrale, in soggiorno e nella zona living contribuisce a definire l’atmosfera, in cucina può illuminare isole, penisole e piani snack, mentre in camera da letto o in un corridoio ampio può diventare un elemento decorativo capace di dare personalità allo spazio. Nei contesti professionali può essere utilizzata in reception, sale d’attesa, uffici direzionali, showroom, negozi, ristoranti, bar, hotel e spazi contract, sempre valutando altezza di installazione, dimensioni della stanza e quantità di luce desiderata. La scelta tra le varianti permette di coordinare la lampada con arredi chiari o scuri, superfici metalliche, vetro, legno, pietra o finiture contemporanee. Le versioni con diametri, forme o numero di sorgenti differenti sono utili per adattare la presenza visiva della sospensione a tavoli piccoli, piani allungati, ambienti con soffitto alto o zone living più scenografiche. Il grado di protezione indicato, quando presente nella scheda tecnica, conferma la destinazione ad ambienti interni asciutti: non viene quindi descritta come lampada da esterno o per zone esposte ad acqua e agenti atmosferici. Per ottenere il miglior risultato è consigliabile scegliere la sorgente luminosa compatibile con l’attacco e la potenza previsti, valutando temperatura colore, intensità e resa cromatica in funzione dell’ambiente. Una luce calda valorizza aree relax, sale da pranzo e camere, mentre una luce più neutra può essere utile in cucina, studio o spazi commerciali. La Ideal Lux Fiesta sp10 Lampade a Sospensione per Esterni unisce funzione luminosa e valore decorativo, offrendo una soluzione SEO friendly e completa per chi cerca una lampada a sospensione Ideal Lux affidabile, ben descritta nelle varianti e pronta per essere inserita in un progetto di illuminazione domestico o professionale.","Lampada a sospensione Ideal Lux Fiesta sp10 Lampade a Sospensione per Esterni per interni: ideale per soggiorno, cucina, living, sala da pranzo, camera e"
IL-CONFIG-211,"Ideal Lux Filo sp1 long wire Lampade a Sospensione per Interni è una lampada a sospensione Ideal Lux pensata per l’illuminazione di interni residenziali e professionali, con una presenza scenografica coerente con il modello Filo sp1 long wire. Il prodotto configurabile riunisce le varianti realmente associate nel catalogo: finiture/colori Bianco, Nero e Ottone; dimensioni Ø8.8cm x H min 940 / max 7700; attacco LED; potenza massima 5W; materiali Alluminio, Metallo; lampadina inclusa: Sì. Le configurazioni disponibili comprendono: Filo sp1 long wire -Bianco, Filo sp1 long wire -Nero e Filo sp1 long wire -Ottone. La sospensione è indicata per soggiorno, zona living, sala da pranzo, cucina con isola o penisola, camera da letto, corridoi ampi e ambienti contract come reception, showroom, sale riunioni, ristoranti e boutique, scegliendo la configurazione più adatta per dimensione, finitura e numero di luci.","La Ideal Lux Filo sp1 long wire Lampade a Sospensione per Interni è una lampada a sospensione Ideal Lux per interni progettata per completare l’arredo con una luce sospesa elegante, riconoscibile e proporzionata agli spazi. Il modello Filo sp1 long wire è stato trattato come prodotto configurabile: le informazioni sono state aggregate dalle varianti semplici collegate, dagli attributi tecnici del configurabile, dal listino giacenze e dalle descrizioni ufficiali Ideal Lux quando presenti. In questo modo la scheda prodotto descrive l’intera famiglia disponibile senza creare testi separati per ogni singola variante. Le configurazioni disponibili includono finiture/colori Bianco, Nero e Ottone; dimensioni Ø8.8cm x H min 940 / max 7700; attacco LED; potenza massima 5W; materiali Alluminio, Metallo; lampadina inclusa: Sì. Le configurazioni disponibili comprendono: Filo sp1 long wire -Bianco, Filo sp1 long wire -Nero e Filo sp1 long wire -Ottone. Dal punto di vista tecnico, la scheda riporta materiali dichiarati: Alluminio, Metallo; ingombri disponibili: Ø8.8cm x H min 940 / max 7700; potenza massima: 5W; attacco portalampada: LED; lampadina inclusa: Sì; grado di protezione: IP20. Questa sospensione è adatta a diversi ambienti della casa: sopra il tavolo da pranzo crea un punto luce centrale, in soggiorno e nella zona living contribuisce a definire l’atmosfera, in cucina può illuminare isole, penisole e piani snack, mentre in camera da letto o in un corridoio ampio può diventare un elemento decorativo capace di dare personalità allo spazio. Nei contesti professionali può essere utilizzata in reception, sale d’attesa, uffici direzionali, showroom, negozi, ristoranti, bar, hotel e spazi contract, sempre valutando altezza di installazione, dimensioni della stanza e quantità di luce desiderata. La scelta tra le varianti permette di coordinare la lampada con arredi chiari o scuri, superfici metalliche, vetro, legno, pietra o finiture contemporanee. Le versioni con diametri, forme o numero di sorgenti differenti sono utili per adattare la presenza visiva della sospensione a tavoli piccoli, piani allungati, ambienti con soffitto alto o zone living più scenografiche. Il grado di protezione indicato, quando presente nella scheda tecnica, conferma la destinazione ad ambienti interni asciutti: non viene quindi descritta come lampada da esterno o per zone esposte ad acqua e agenti atmosferici. Per ottenere il miglior risultato è consigliabile scegliere la sorgente luminosa compatibile con l’attacco e la potenza previsti, valutando temperatura colore, intensità e resa cromatica in funzione dell’ambiente. Una luce calda valorizza aree relax, sale da pranzo e camere, mentre una luce più neutra può essere utile in cucina, studio o spazi commerciali. La Ideal Lux Filo sp1 long wire Lampade a Sospensione per Interni unisce funzione luminosa e valore decorativo, offrendo una soluzione SEO friendly e completa per chi cerca una lampada a sospensione Ideal Lux affidabile, ben descritta nelle varianti e pronta per essere inserita in un progetto di illuminazione domestico o professionale.","Lampada a sospensione Ideal Lux Filo sp1 long wire per interni: ideale per soggiorno, cucina, living, sala da pranzo, camera e ambienti contract."
IL-CONFIG-212,"Ideal Lux Filo sp1 Lampade a Sospensione per Interni è una lampada a sospensione Ideal Lux pensata per l’illuminazione di interni residenziali e professionali, con una presenza scenografica coerente con il modello Filo sp1. Il prodotto configurabile riunisce le varianti realmente associate nel catalogo: dimensioni Ø8cm x H min 955 / max 1500 e Ø60cm x H min 1050 / max 1500; attacco LED; potenza massima 19W - 5W; materiali Alluminio, Metallo; lampadina inclusa: Sì. Le configurazioni disponibili comprendono: Filo sp1 -2700K, Filo sp12 -2700K e Filo sp12 -3000K. La sospensione è indicata per soggiorno, zona living, sala da pranzo, cucina con isola o penisola, camera da letto, corridoi ampi e ambienti contract come reception, showroom, sale riunioni, ristoranti e boutique, scegliendo la configurazione più adatta per dimensione, finitura e numero di luci.","La Ideal Lux Filo sp1 Lampade a Sospensione per Interni è una lampada a sospensione Ideal Lux per interni progettata per completare l’arredo con una luce sospesa elegante, riconoscibile e proporzionata agli spazi. Il modello Filo sp1 è stato trattato come prodotto configurabile: le informazioni sono state aggregate dalle varianti semplici collegate, dagli attributi tecnici del configurabile, dal listino giacenze e dalle descrizioni ufficiali Ideal Lux quando presenti. In questo modo la scheda prodotto descrive l’intera famiglia disponibile senza creare testi separati per ogni singola variante. Le configurazioni disponibili includono dimensioni Ø8cm x H min 955 / max 1500 e Ø60cm x H min 1050 / max 1500; attacco LED; potenza massima 19W - 5W; materiali Alluminio, Metallo; lampadina inclusa: Sì. Le configurazioni disponibili comprendono: Filo sp1 -2700K, Filo sp12 -2700K e Filo sp12 -3000K. Dal punto di vista tecnico, la scheda riporta materiali dichiarati: Alluminio, Metallo; ingombri disponibili: Ø8cm x H min 955 / max 1500 - Ø60cm x H min 1050 / max 1500; potenza massima: 19W - 5W; attacco portalampada: LED; lampadina inclusa: Sì; grado di protezione: IP20. Questa sospensione è adatta a diversi ambienti della casa: sopra il tavolo da pranzo crea un punto luce centrale, in soggiorno e nella zona living contribuisce a definire l’atmosfera, in cucina può illuminare isole, penisole e piani snack, mentre in camera da letto o in un corridoio ampio può diventare un elemento decorativo capace di dare personalità allo spazio. Nei contesti professionali può essere utilizzata in reception, sale d’attesa, uffici direzionali, showroom, negozi, ristoranti, bar, hotel e spazi contract, sempre valutando altezza di installazione, dimensioni della stanza e quantità di luce desiderata. La scelta tra le varianti permette di coordinare la lampada con arredi chiari o scuri, superfici metalliche, vetro, legno, pietra o finiture contemporanee. Le versioni con diametri, forme o numero di sorgenti differenti sono utili per adattare la presenza visiva della sospensione a tavoli piccoli, piani allungati, ambienti con soffitto alto o zone living più scenografiche. Il grado di protezione indicato, quando presente nella scheda tecnica, conferma la destinazione ad ambienti interni asciutti: non viene quindi descritta come lampada da esterno o per zone esposte ad acqua e agenti atmosferici. Per ottenere il miglior risultato è consigliabile scegliere la sorgente luminosa compatibile con l’attacco e la potenza previsti, valutando temperatura colore, intensità e resa cromatica in funzione dell’ambiente. Una luce calda valorizza aree relax, sale da pranzo e camere, mentre una luce più neutra può essere utile in cucina, studio o spazi commerciali. La Ideal Lux Filo sp1 Lampade a Sospensione per Interni unisce funzione luminosa e valore decorativo, offrendo una soluzione SEO friendly e completa per chi cerca una lampada a sospensione Ideal Lux affidabile, ben descritta nelle varianti e pronta per essere inserita in un progetto di illuminazione domestico o professionale.","Lampada a sospensione Ideal Lux Filo sp1 per interni: ideale per soggiorno, cucina, living, sala da pranzo, camera e ambienti contract."
IL-CONFIG-213,"Ideal Lux Firenze sp5 Lampade a Sospensione per Interni è una lampada a sospensione Ideal Lux pensata per l’illuminazione di interni residenziali e professionali, con una presenza scenografica coerente con il modello Firenze sp5. Il prodotto configurabile riunisce le varianti realmente associate nel catalogo: finiture/colori Bianco e Oro; dimensioni Ø55cm x H min 660 / max 1050 e Ø64cm x H min 670 / max 1050; configurazioni 5 sorgenti luminose e 8 sorgenti luminose; attacco E14; potenza massima 5 x 40W - 8 x 40W; materiali Metallo, Resina. Le configurazioni disponibili comprendono: Firenze sp5 -5 Sorgenti Luminose-Bianco, Firenze sp5 -5 Sorgenti Luminose-Oro, Firenze sp8 -8 Sorgenti Luminose-Bianco e Firenze sp8 -8 Sorgenti Luminose-Oro. La sospensione è indicata per soggiorno, zona living, sala da pranzo, cucina con isola o penisola, camera da letto, corridoi ampi e ambienti contract come reception, showroom, sale riunioni, ristoranti e boutique, scegliendo la configurazione più adatta per dimensione, finitura e numero di luci.","La Ideal Lux Firenze sp5 Lampade a Sospensione per Interni è una lampada a sospensione Ideal Lux per interni progettata per completare l’arredo con una luce sospesa elegante, riconoscibile e proporzionata agli spazi. Il modello Firenze sp5 è stato trattato come prodotto configurabile: le informazioni sono state aggregate dalle varianti semplici collegate, dagli attributi tecnici del configurabile, dal listino giacenze e dalle descrizioni ufficiali Ideal Lux quando presenti. In questo modo la scheda prodotto descrive l’intera famiglia disponibile senza creare testi separati per ogni singola variante. Le configurazioni disponibili includono finiture/colori Bianco e Oro; dimensioni Ø55cm x H min 660 / max 1050 e Ø64cm x H min 670 / max 1050; configurazioni 5 sorgenti luminose e 8 sorgenti luminose; attacco E14; potenza massima 5 x 40W - 8 x 40W; materiali Metallo, Resina. Le configurazioni disponibili comprendono: Firenze sp5 -5 Sorgenti Luminose-Bianco, Firenze sp5 -5 Sorgenti Luminose-Oro, Firenze sp8 -8 Sorgenti Luminose-Bianco e Firenze sp8 -8 Sorgenti Luminose-Oro. Dal punto di vista tecnico, la scheda riporta materiali dichiarati: Metallo, Resina; ingombri disponibili: Ø55cm x H min 660 / max 1050 - Ø64cm x H min 670 / max 1050; potenza massima: 5 x 40W - 8 x 40W; attacco portalampada: E14; grado di protezione: IP20. Questa sospensione è adatta a diversi ambienti della casa: sopra il tavolo da pranzo crea un punto luce centrale, in soggiorno e nella zona living contribuisce a definire l’atmosfera, in cucina può illuminare isole, penisole e piani snack, mentre in camera da letto o in un corridoio ampio può diventare un elemento decorativo capace di dare personalità allo spazio. Nei contesti professionali può essere utilizzata in reception, sale d’attesa, uffici direzionali, showroom, negozi, ristoranti, bar, hotel e spazi contract, sempre valutando altezza di installazione, dimensioni della stanza e quantità di luce desiderata. La scelta tra le varianti permette di coordinare la lampada con arredi chiari o scuri, superfici metalliche, vetro, legno, pietra o finiture contemporanee. Le versioni con diametri, forme o numero di sorgenti differenti sono utili per adattare la presenza visiva della sospensione a tavoli piccoli, piani allungati, ambienti con soffitto alto o zone living più scenografiche. Il grado di protezione indicato, quando presente nella scheda tecnica, conferma la destinazione ad ambienti interni asciutti: non viene quindi descritta come lampada da esterno o per zone esposte ad acqua e agenti atmosferici. Per ottenere il miglior risultato è consigliabile scegliere la sorgente luminosa compatibile con l’attacco e la potenza previsti, valutando temperatura colore, intensità e resa cromatica in funzione dell’ambiente. Una luce calda valorizza aree relax, sale da pranzo e camere, mentre una luce più neutra può essere utile in cucina, studio o spazi commerciali. La Ideal Lux Firenze sp5 Lampade a Sospensione per Interni unisce funzione luminosa e valore decorativo, offrendo una soluzione SEO friendly e completa per chi cerca una lampada a sospensione Ideal Lux affidabile, ben descritta nelle varianti e pronta per essere inserita in un progetto di illuminazione domestico o professionale.","Lampada a sospensione Ideal Lux Firenze sp5 per interni: ideale per soggiorno, cucina, living, sala da pranzo, camera e ambienti contract."
IL-CONFIG-214,"Ideal Lux Flam sp Lampade a Sospensione per Interni è una lampada a sospensione Ideal Lux pensata per l’illuminazione di interni residenziali e professionali, con una presenza scenografica coerente con il modello Flam sp. Il prodotto configurabile riunisce le varianti realmente associate nel catalogo: finiture/colori Ambra, Fumé e Trasparente; dimensioni Ø6cm x H min 750 / max 2700, Ø6.6cm x H min 750 / max 2700 e Ø6cm x H270cm; attacco LED; potenza massima 10W; materiali Metallo, Vetro; lampadina inclusa: Sì. Le configurazioni disponibili comprendono: Flam sp -Ambra, Flam sp rigato -Ambra, Flam sp -Fumé e Flam sp -Trasparente. La sospensione è indicata per soggiorno, zona living, sala da pranzo, cucina con isola o penisola, camera da letto, corridoi ampi e ambienti contract come reception, showroom, sale riunioni, ristoranti e boutique, scegliendo la configurazione più adatta per dimensione, finitura e numero di luci.","La Ideal Lux Flam sp Lampade a Sospensione per Interni è una lampada a sospensione Ideal Lux per interni progettata per completare l’arredo con una luce sospesa elegante, riconoscibile e proporzionata agli spazi. Il modello Flam sp è stato trattato come prodotto configurabile: le informazioni sono state aggregate dalle varianti semplici collegate, dagli attributi tecnici del configurabile, dal listino giacenze e dalle descrizioni ufficiali Ideal Lux quando presenti. In questo modo la scheda prodotto descrive l’intera famiglia disponibile senza creare testi separati per ogni singola variante. Le configurazioni disponibili includono finiture/colori Ambra, Fumé e Trasparente; dimensioni Ø6cm x H min 750 / max 2700, Ø6.6cm x H min 750 / max 2700 e Ø6cm x H270cm; attacco LED; potenza massima 10W; materiali Metallo, Vetro; lampadina inclusa: Sì. Le configurazioni disponibili comprendono: Flam sp -Ambra, Flam sp rigato -Ambra, Flam sp -Fumé e Flam sp -Trasparente. Dal punto di vista tecnico, la scheda riporta materiali dichiarati: Metallo, Vetro; ingombri disponibili: Ø6cm x H min 750 / max 2700 - Ø6.6cm x H min 750 / max 2700 - Ø6cm x H270cm; potenza massima: 10W; attacco portalampada: LED; lampadina inclusa: Sì; grado di protezione: IP20. Questa sospensione è adatta a diversi ambienti della casa: sopra il tavolo da pranzo crea un punto luce centrale, in soggiorno e nella zona living contribuisce a definire l’atmosfera, in cucina può illuminare isole, penisole e piani snack, mentre in camera da letto o in un corridoio ampio può diventare un elemento decorativo capace di dare personalità allo spazio. Nei contesti professionali può essere utilizzata in reception, sale d’attesa, uffici direzionali, showroom, negozi, ristoranti, bar, hotel e spazi contract, sempre valutando altezza di installazione, dimensioni della stanza e quantità di luce desiderata. La scelta tra le varianti permette di coordinare la lampada con arredi chiari o scuri, superfici metalliche, vetro, legno, pietra o finiture contemporanee. Le versioni con diametri, forme o numero di sorgenti differenti sono utili per adattare la presenza visiva della sospensione a tavoli piccoli, piani allungati, ambienti con soffitto alto o zone living più scenografiche. Il grado di protezione indicato, quando presente nella scheda tecnica, conferma la destinazione ad ambienti interni asciutti: non viene quindi descritta come lampada da esterno o per zone esposte ad acqua e agenti atmosferici. Per ottenere il miglior risultato è consigliabile scegliere la sorgente luminosa compatibile con l’attacco e la potenza previsti, valutando temperatura colore, intensità e resa cromatica in funzione dell’ambiente. Una luce calda valorizza aree relax, sale da pranzo e camere, mentre una luce più neutra può essere utile in cucina, studio o spazi commerciali. La Ideal Lux Flam sp Lampade a Sospensione per Interni unisce funzione luminosa e valore decorativo, offrendo una soluzione SEO friendly e completa per chi cerca una lampada a sospensione Ideal Lux affidabile, ben descritta nelle varianti e pronta per essere inserita in un progetto di illuminazione domestico o professionale.","Lampada a sospensione Ideal Lux Flam sp per interni: ideale per soggiorno, cucina, living, sala da pranzo, camera e ambienti contract."
IL-CONFIG-215,"Ideal Lux Florian sp12 Lampade a Sospensione per Interni è una lampada a sospensione Ideal Lux pensata per l’illuminazione di interni residenziali e professionali, con una presenza scenografica coerente con il modello Florian sp12. Il prodotto configurabile riunisce le varianti realmente associate nel catalogo: finiture/colori Cromo e Oro; dimensioni Ø72cm x H min 900 / max 1200, Ø86cm x H min 870 / max 1230 e Ø60cm x H min 820 / max 1200; configurazioni 12 sorgenti luminose, 18 sorgenti luminose e 6 sorgenti luminose; attacco E14; potenza massima 12 x 40W - 18 x 40W - 6 x 40W; materiali Cristallo, Vetro. Le configurazioni disponibili comprendono: Florian sp12 -12 Sorgenti Luminose-Cromo, Florian sp12 -12 Sorgenti Luminose-Oro, Florian sp18 -18 Sorgenti Luminose-Cromo, Florian sp18 -18 Sorgenti Luminose-Oro, Florian sp6 -6 Sorgenti Luminose-Cromo e Florian sp6 -6 Sorgenti Luminose-Oro. Secondo la descrizione ufficiale Ideal Lux, montatura in metallo con elementi decorativi in vetro. Pendagli con ottagoni e gocce finali in cristallo molato. Disponibile nelle versioni con vetro trasparente e metallo dorato o cromato. La sospensione è indicata per soggiorno, zona living, sala da pranzo, cucina con isola o penisola, camera da letto, corridoi ampi e ambienti contract come reception, showroom, sale riunioni, ristoranti e boutique, scegliendo la configurazione più adatta per dimensione, finitura e numero di luci.","La Ideal Lux Florian sp12 Lampade a Sospensione per Interni è una lampada a sospensione Ideal Lux per interni progettata per completare l’arredo con una luce sospesa elegante, riconoscibile e proporzionata agli spazi. Il modello Florian sp12 è stato trattato come prodotto configurabile: le informazioni sono state aggregate dalle varianti semplici collegate, dagli attributi tecnici del configurabile, dal listino giacenze e dalle descrizioni ufficiali Ideal Lux quando presenti. In questo modo la scheda prodotto descrive l’intera famiglia disponibile senza creare testi separati per ogni singola variante. Le configurazioni disponibili includono finiture/colori Cromo e Oro; dimensioni Ø72cm x H min 900 / max 1200, Ø86cm x H min 870 / max 1230 e Ø60cm x H min 820 / max 1200; configurazioni 12 sorgenti luminose, 18 sorgenti luminose e 6 sorgenti luminose; attacco E14; potenza massima 12 x 40W - 18 x 40W - 6 x 40W; materiali Cristallo, Vetro. Le configurazioni disponibili comprendono: Florian sp12 -12 Sorgenti Luminose-Cromo, Florian sp12 -12 Sorgenti Luminose-Oro, Florian sp18 -18 Sorgenti Luminose-Cromo, Florian sp18 -18 Sorgenti Luminose-Oro, Florian sp6 -6 Sorgenti Luminose-Cromo e Florian sp6 -6 Sorgenti Luminose-Oro. Dal punto di vista tecnico, la scheda riporta materiali dichiarati: Cristallo, Vetro; ingombri disponibili: Ø72cm x H min 900 / max 1200 - Ø86cm x H min 870 / max 1230 - Ø60cm x H min 820 / max 1200; potenza massima: 12 x 40W - 18 x 40W - 6 x 40W; attacco portalampada: E14; grado di protezione: IP20. Secondo la descrizione ufficiale Ideal Lux, montatura in metallo con elementi decorativi in vetro. Pendagli con ottagoni e gocce finali in cristallo molato. Disponibile nelle versioni con vetro trasparente e metallo dorato o cromato. Questa sospensione è adatta a diversi ambienti della casa: sopra il tavolo da pranzo crea un punto luce centrale, in soggiorno e nella zona living contribuisce a definire l’atmosfera, in cucina può illuminare isole, penisole e piani snack, mentre in camera da letto o in un corridoio ampio può diventare un elemento decorativo capace di dare personalità allo spazio. Nei contesti professionali può essere utilizzata in reception, sale d’attesa, uffici direzionali, showroom, negozi, ristoranti, bar, hotel e spazi contract, sempre valutando altezza di installazione, dimensioni della stanza e quantità di luce desiderata. La scelta tra le varianti permette di coordinare la lampada con arredi chiari o scuri, superfici metalliche, vetro, legno, pietra o finiture contemporanee. Le versioni con diametri, forme o numero di sorgenti differenti sono utili per adattare la presenza visiva della sospensione a tavoli piccoli, piani allungati, ambienti con soffitto alto o zone living più scenografiche. Il grado di protezione indicato, quando presente nella scheda tecnica, conferma la destinazione ad ambienti interni asciutti: non viene quindi descritta come lampada da esterno o per zone esposte ad acqua e agenti atmosferici. Per ottenere il miglior risultato è consigliabile scegliere la sorgente luminosa compatibile con l’attacco e la potenza previsti, valutando temperatura colore, intensità e resa cromatica in funzione dell’ambiente. Una luce calda valorizza aree relax, sale da pranzo e camere, mentre una luce più neutra può essere utile in cucina, studio o spazi commerciali. La Ideal Lux Florian sp12 Lampade a Sospensione per Interni unisce funzione luminosa e valore decorativo, offrendo una soluzione SEO friendly e completa per chi cerca una lampada a sospensione Ideal Lux affidabile, ben descritta nelle varianti e pronta per essere inserita in un progetto di illuminazione domestico o professionale.","Lampada a sospensione Ideal Lux Florian sp12 per interni: ideale per soggiorno, cucina, living, sala da pranzo, camera e ambienti contract."
IL-CONFIG-216,"Ideal Lux Flut sp1 big Lampade a Sospensione per Interni è una lampada a sospensione Ideal Lux pensata per l’illuminazione di interni residenziali e professionali, con una presenza scenografica coerente con il modello Flut sp1 big. Il prodotto configurabile riunisce le varianti realmente associate nel catalogo: finiture/colori Bianco e Nero; dimensioni Diametro, 14.5cm e 10.5cm; attacco E14 e E27; potenza massima 40W - 60W; materiali Vetro. Le configurazioni disponibili comprendono: Flut sp1 big -Bianco-Diametro-14.5cm, Flut sp1 big -Nero-Diametro-14.5cm, Flut sp1 small -Bianco-Diametro-10.5cm e Flut sp1 small -Nero-Diametro-10.5cm. Secondo la descrizione ufficiale Ideal Lux, diffusore in vetro soffiato incamiciato e acidato, bianco all'interno e colorato all'esterno. Cavo a lunghezza regolabile. La sospensione è indicata per soggiorno, zona living, sala da pranzo, cucina con isola o penisola, camera da letto, corridoi ampi e ambienti contract come reception, showroom, sale riunioni, ristoranti e boutique, scegliendo la configurazione più adatta per dimensione, finitura e numero di luci.","La Ideal Lux Flut sp1 big Lampade a Sospensione per Interni è una lampada a sospensione Ideal Lux per interni progettata per completare l’arredo con una luce sospesa elegante, riconoscibile e proporzionata agli spazi. Il modello Flut sp1 big è stato trattato come prodotto configurabile: le informazioni sono state aggregate dalle varianti semplici collegate, dagli attributi tecnici del configurabile, dal listino giacenze e dalle descrizioni ufficiali Ideal Lux quando presenti. In questo modo la scheda prodotto descrive l’intera famiglia disponibile senza creare testi separati per ogni singola variante. Le configurazioni disponibili includono finiture/colori Bianco e Nero; dimensioni Diametro, 14.5cm e 10.5cm; attacco E14 e E27; potenza massima 40W - 60W; materiali Vetro. Le configurazioni disponibili comprendono: Flut sp1 big -Bianco-Diametro-14.5cm, Flut sp1 big -Nero-Diametro-14.5cm, Flut sp1 small -Bianco-Diametro-10.5cm e Flut sp1 small -Nero-Diametro-10.5cm. Dal punto di vista tecnico, la scheda riporta materiali dichiarati: Vetro; ingombri disponibili: Ø14.5cm x H min 890 / max 2640 - Ø10.5cm x H min 670 / max 2420; potenza massima: 40W - 60W; attacco portalampada: E14 e E27; grado di protezione: IP20. Secondo la descrizione ufficiale Ideal Lux, diffusore in vetro soffiato incamiciato e acidato, bianco all'interno e colorato all'esterno. Cavo a lunghezza regolabile. Questa sospensione è adatta a diversi ambienti della casa: sopra il tavolo da pranzo crea un punto luce centrale, in soggiorno e nella zona living contribuisce a definire l’atmosfera, in cucina può illuminare isole, penisole e piani snack, mentre in camera da letto o in un corridoio ampio può diventare un elemento decorativo capace di dare personalità allo spazio. Nei contesti professionali può essere utilizzata in reception, sale d’attesa, uffici direzionali, showroom, negozi, ristoranti, bar, hotel e spazi contract, sempre valutando altezza di installazione, dimensioni della stanza e quantità di luce desiderata. La scelta tra le varianti permette di coordinare la lampada con arredi chiari o scuri, superfici metalliche, vetro, legno, pietra o finiture contemporanee. Le versioni con diametri, forme o numero di sorgenti differenti sono utili per adattare la presenza visiva della sospensione a tavoli piccoli, piani allungati, ambienti con soffitto alto o zone living più scenografiche. Il grado di protezione indicato, quando presente nella scheda tecnica, conferma la destinazione ad ambienti interni asciutti: non viene quindi descritta come lampada da esterno o per zone esposte ad acqua e agenti atmosferici. Per ottenere il miglior risultato è consigliabile scegliere la sorgente luminosa compatibile con l’attacco e la potenza previsti, valutando temperatura colore, intensità e resa cromatica in funzione dell’ambiente. Una luce calda valorizza aree relax, sale da pranzo e camere, mentre una luce più neutra può essere utile in cucina, studio o spazi commerciali. La Ideal Lux Flut sp1 big Lampade a Sospensione per Interni unisce funzione luminosa e valore decorativo, offrendo una soluzione SEO friendly e completa per chi cerca una lampada a sospensione Ideal Lux affidabile, ben descritta nelle varianti e pronta per essere inserita in un progetto di illuminazione domestico o professionale.","Lampada a sospensione Ideal Lux Flut sp1 big per interni: ideale per soggiorno, cucina, living, sala da pranzo, camera e ambienti contract."
IL-CONFIG-217,"Ideal Lux Frame sp cerchio Lampade a Sospensione per Interni è una lampada a sospensione Ideal Lux pensata per l’illuminazione di interni residenziali e professionali, con una presenza scenografica coerente con il modello Frame sp cerchio. Il prodotto configurabile riunisce le varianti realmente associate nel catalogo: finiture/colori Bianco e Nero; dimensioni L68.5cm x H min 800 / max 2490 x P13cm, L73cm x H min 880 / max 2450 x P18cm e L102.5cm x H min 825 / max 2440 x P18cm; attacco LED; potenza massima 80W - 82W - 93W; materiali Alluminio, Metallo; lampadina inclusa: Sì. Le configurazioni disponibili comprendono: Frame sp cerchio -Cerchio-Bianco, Frame sp cerchio -Cerchio-Nero, Frame sp quadrato -Quadrato-Bianco, Frame sp quadrato -Quadrato-Nero, Frame sp rettangolo -Rettangolo-Bianco e Frame sp rettangolo -Rettangolo-Nero. Secondo la descrizione ufficiale Ideal Lux, base e montatura in metallo verniciato bianco opaco o nero opaco. Diffusori in materiale plastico colore OPALE. Cavi regolabili in lunghezza. Emissione luce diretta. La sospensione è indicata per soggiorno, zona living, sala da pranzo, cucina con isola o penisola, camera da letto, corridoi ampi e ambienti contract come reception, showroom, sale riunioni, ristoranti e boutique, scegliendo la configurazione più adatta per dimensione, finitura e numero di luci.","La Ideal Lux Frame sp cerchio Lampade a Sospensione per Interni è una lampada a sospensione Ideal Lux per interni progettata per completare l’arredo con una luce sospesa elegante, riconoscibile e proporzionata agli spazi. Il modello Frame sp cerchio è stato trattato come prodotto configurabile: le informazioni sono state aggregate dalle varianti semplici collegate, dagli attributi tecnici del configurabile, dal listino giacenze e dalle descrizioni ufficiali Ideal Lux quando presenti. In questo modo la scheda prodotto descrive l’intera famiglia disponibile senza creare testi separati per ogni singola variante. Le configurazioni disponibili includono finiture/colori Bianco e Nero; dimensioni L68.5cm x H min 800 / max 2490 x P13cm, L73cm x H min 880 / max 2450 x P18cm e L102.5cm x H min 825 / max 2440 x P18cm; attacco LED; potenza massima 80W - 82W - 93W; materiali Alluminio, Metallo; lampadina inclusa: Sì. Le configurazioni disponibili comprendono: Frame sp cerchio -Cerchio-Bianco, Frame sp cerchio -Cerchio-Nero, Frame sp quadrato -Quadrato-Bianco, Frame sp quadrato -Quadrato-Nero, Frame sp rettangolo -Rettangolo-Bianco e Frame sp rettangolo -Rettangolo-Nero. Dal punto di vista tecnico, la scheda riporta materiali dichiarati: Alluminio, Metallo; ingombri disponibili: L68.5cm x H min 800 / max 2490 x P13cm - L73cm x H min 880 / max 2450 x P18cm - L102.5cm x H min 825 / max 2440 x P18cm; potenza massima: 80W - 82W - 93W; attacco portalampada: LED; lampadina inclusa: Sì; grado di protezione: IP20. Secondo la descrizione ufficiale Ideal Lux, base e montatura in metallo verniciato bianco opaco o nero opaco. Diffusori in materiale plastico colore OPALE. Cavi regolabili in lunghezza. Emissione luce diretta. Questa sospensione è adatta a diversi ambienti della casa: sopra il tavolo da pranzo crea un punto luce centrale, in soggiorno e nella zona living contribuisce a definire l’atmosfera, in cucina può illuminare isole, penisole e piani snack, mentre in camera da letto o in un corridoio ampio può diventare un elemento decorativo capace di dare personalità allo spazio. Nei contesti professionali può essere utilizzata in reception, sale d’attesa, uffici direzionali, showroom, negozi, ristoranti, bar, hotel e spazi contract, sempre valutando altezza di installazione, dimensioni della stanza e quantità di luce desiderata. La scelta tra le varianti permette di coordinare la lampada con arredi chiari o scuri, superfici metalliche, vetro, legno, pietra o finiture contemporanee. Le versioni con diametri, forme o numero di sorgenti differenti sono utili per adattare la presenza visiva della sospensione a tavoli piccoli, piani allungati, ambienti con soffitto alto o zone living più scenografiche. Il grado di protezione indicato, quando presente nella scheda tecnica, conferma la destinazione ad ambienti interni asciutti: non viene quindi descritta come lampada da esterno o per zone esposte ad acqua e agenti atmosferici. Per ottenere il miglior risultato è consigliabile scegliere la sorgente luminosa compatibile con l’attacco e la potenza previsti, valutando temperatura colore, intensità e resa cromatica in funzione dell’ambiente. Una luce calda valorizza aree relax, sale da pranzo e camere, mentre una luce più neutra può essere utile in cucina, studio o spazi commerciali. La Ideal Lux Frame sp cerchio Lampade a Sospensione per Interni unisce funzione luminosa e valore decorativo, offrendo una soluzione SEO friendly e completa per chi cerca una lampada a sospensione Ideal Lux affidabile, ben descritta nelle varianti e pronta per essere inserita in un progetto di illuminazione domestico o professionale.","Lampada a sospensione Ideal Lux Frame sp cerchio per interni: ideale per soggiorno, cucina, living, sala da pranzo, camera e ambienti contract."
IL-CONFIG-218,"Ideal Lux Frida sp1 Lampade a Sospensione per Interni è una lampada a sospensione Ideal Lux pensata per l’illuminazione di interni residenziali e professionali, con una presenza scenografica coerente con il modello Frida sp1. Il prodotto configurabile riunisce le varianti realmente associate nel catalogo: finiture/colori Brunito, Nero e Rame; dimensioni Ø9cm x H min 320 / max 2070; attacco E27; potenza massima 60W; materiali Metallo. Le configurazioni disponibili comprendono: Frida sp1 -Brunito, Frida sp1 -Nero e Frida sp1 -Rame. Secondo la descrizione ufficiale Ideal Lux, rosone e copriportalampada in metallo con finitura placcata o in vernice opaca. Cavo in tessuto nero. La sospensione è indicata per soggiorno, zona living, sala da pranzo, cucina con isola o penisola, camera da letto, corridoi ampi e ambienti contract come reception, showroom, sale riunioni, ristoranti e boutique, scegliendo la configurazione più adatta per dimensione, finitura e numero di luci.","La Ideal Lux Frida sp1 Lampade a Sospensione per Interni è una lampada a sospensione Ideal Lux per interni progettata per completare l’arredo con una luce sospesa elegante, riconoscibile e proporzionata agli spazi. Il modello Frida sp1 è stato trattato come prodotto configurabile: le informazioni sono state aggregate dalle varianti semplici collegate, dagli attributi tecnici del configurabile, dal listino giacenze e dalle descrizioni ufficiali Ideal Lux quando presenti. In questo modo la scheda prodotto descrive l’intera famiglia disponibile senza creare testi separati per ogni singola variante. Le configurazioni disponibili includono finiture/colori Brunito, Nero e Rame; dimensioni Ø9cm x H min 320 / max 2070; attacco E27; potenza massima 60W; materiali Metallo. Le configurazioni disponibili comprendono: Frida sp1 -Brunito, Frida sp1 -Nero e Frida sp1 -Rame. Dal punto di vista tecnico, la scheda riporta materiali dichiarati: Metallo; ingombri disponibili: Ø9cm x H min 320 / max 2070; potenza massima: 60W; attacco portalampada: E27; grado di protezione: IP20. Secondo la descrizione ufficiale Ideal Lux, rosone e copriportalampada in metallo con finitura placcata o in vernice opaca. Cavo in tessuto nero. Questa sospensione è adatta a diversi ambienti della casa: sopra il tavolo da pranzo crea un punto luce centrale, in soggiorno e nella zona living contribuisce a definire l’atmosfera, in cucina può illuminare isole, penisole e piani snack, mentre in camera da letto o in un corridoio ampio può diventare un elemento decorativo capace di dare personalità allo spazio. Nei contesti professionali può essere utilizzata in reception, sale d’attesa, uffici direzionali, showroom, negozi, ristoranti, bar, hotel e spazi contract, sempre valutando altezza di installazione, dimensioni della stanza e quantità di luce desiderata. La scelta tra le varianti permette di coordinare la lampada con arredi chiari o scuri, superfici metalliche, vetro, legno, pietra o finiture contemporanee. Le versioni con diametri, forme o numero di sorgenti differenti sono utili per adattare la presenza visiva della sospensione a tavoli piccoli, piani allungati, ambienti con soffitto alto o zone living più scenografiche. Il grado di protezione indicato, quando presente nella scheda tecnica, conferma la destinazione ad ambienti interni asciutti: non viene quindi descritta come lampada da esterno o per zone esposte ad acqua e agenti atmosferici. Per ottenere il miglior risultato è consigliabile scegliere la sorgente luminosa compatibile con l’attacco e la potenza previsti, valutando temperatura colore, intensità e resa cromatica in funzione dell’ambiente. Una luce calda valorizza aree relax, sale da pranzo e camere, mentre una luce più neutra può essere utile in cucina, studio o spazi commerciali. La Ideal Lux Frida sp1 Lampade a Sospensione per Interni unisce funzione luminosa e valore decorativo, offrendo una soluzione SEO friendly e completa per chi cerca una lampada a sospensione Ideal Lux affidabile, ben descritta nelle varianti e pronta per essere inserita in un progetto di illuminazione domestico o professionale.","Lampada a sospensione Ideal Lux Frida sp1 per interni: ideale per soggiorno, cucina, living, sala da pranzo, camera e ambienti contract."
IL-CONFIG-219,"Ideal Lux Galaxy sp3 Lampade a Sospensione per Interni è una lampada a sospensione Ideal Lux pensata per l’illuminazione di interni residenziali e professionali, con una presenza scenografica coerente con il modello Galaxy sp3. Il prodotto configurabile riunisce le varianti realmente associate nel catalogo: dimensioni Ø25cm x H min 250 / max 2310 e Ø40cm x H min 350 / max 2345; configurazioni 3 sorgenti luminose e 6 sorgenti luminose; attacco LED; potenza massima 29W - 58W; materiali Metallo, PS; lampadina inclusa: Sì. Le configurazioni disponibili comprendono: Galaxy sp3 -3 Sorgenti Luminose e Galaxy sp6 -6 Sorgenti Luminose. La sospensione è indicata per soggiorno, zona living, sala da pranzo, cucina con isola o penisola, camera da letto, corridoi ampi e ambienti contract come reception, showroom, sale riunioni, ristoranti e boutique, scegliendo la configurazione più adatta per dimensione, finitura e numero di luci.","La Ideal Lux Galaxy sp3 Lampade a Sospensione per Interni è una lampada a sospensione Ideal Lux per interni progettata per completare l’arredo con una luce sospesa elegante, riconoscibile e proporzionata agli spazi. Il modello Galaxy sp3 è stato trattato come prodotto configurabile: le informazioni sono state aggregate dalle varianti semplici collegate, dagli attributi tecnici del configurabile, dal listino giacenze e dalle descrizioni ufficiali Ideal Lux quando presenti. In questo modo la scheda prodotto descrive l’intera famiglia disponibile senza creare testi separati per ogni singola variante. Le configurazioni disponibili includono dimensioni Ø25cm x H min 250 / max 2310 e Ø40cm x H min 350 / max 2345; configurazioni 3 sorgenti luminose e 6 sorgenti luminose; attacco LED; potenza massima 29W - 58W; materiali Metallo, PS; lampadina inclusa: Sì. Le configurazioni disponibili comprendono: Galaxy sp3 -3 Sorgenti Luminose e Galaxy sp6 -6 Sorgenti Luminose. Dal punto di vista tecnico, la scheda riporta materiali dichiarati: Metallo, PS; ingombri disponibili: Ø25cm x H min 250 / max 2310 - Ø40cm x H min 350 / max 2345; potenza massima: 29W - 58W; attacco portalampada: LED; lampadina inclusa: Sì; grado di protezione: IP20. Questa sospensione è adatta a diversi ambienti della casa: sopra il tavolo da pranzo crea un punto luce centrale, in soggiorno e nella zona living contribuisce a definire l’atmosfera, in cucina può illuminare isole, penisole e piani snack, mentre in camera da letto o in un corridoio ampio può diventare un elemento decorativo capace di dare personalità allo spazio. Nei contesti professionali può essere utilizzata in reception, sale d’attesa, uffici direzionali, showroom, negozi, ristoranti, bar, hotel e spazi contract, sempre valutando altezza di installazione, dimensioni della stanza e quantità di luce desiderata. La scelta tra le varianti permette di coordinare la lampada con arredi chiari o scuri, superfici metalliche, vetro, legno, pietra o finiture contemporanee. Le versioni con diametri, forme o numero di sorgenti differenti sono utili per adattare la presenza visiva della sospensione a tavoli piccoli, piani allungati, ambienti con soffitto alto o zone living più scenografiche. Il grado di protezione indicato, quando presente nella scheda tecnica, conferma la destinazione ad ambienti interni asciutti: non viene quindi descritta come lampada da esterno o per zone esposte ad acqua e agenti atmosferici. Per ottenere il miglior risultato è consigliabile scegliere la sorgente luminosa compatibile con l’attacco e la potenza previsti, valutando temperatura colore, intensità e resa cromatica in funzione dell’ambiente. Una luce calda valorizza aree relax, sale da pranzo e camere, mentre una luce più neutra può essere utile in cucina, studio o spazi commerciali. La Ideal Lux Galaxy sp3 Lampade a Sospensione per Interni unisce funzione luminosa e valore decorativo, offrendo una soluzione SEO friendly e completa per chi cerca una lampada a sospensione Ideal Lux affidabile, ben descritta nelle varianti e pronta per essere inserita in un progetto di illuminazione domestico o professionale.","Lampada a sospensione Ideal Lux Galaxy sp3 per interni: ideale per soggiorno, cucina, living, sala da pranzo, camera e ambienti contract."
IL-CONFIG-220,"Ideal Lux Gemini sp on-off Lampade a Sospensione per Interni è una lampada a sospensione Ideal Lux pensata per l’illuminazione di interni residenziali e professionali, con una presenza scenografica coerente con il modello Gemini sp on-off. Il prodotto configurabile riunisce le varianti realmente associate nel catalogo: finiture/colori Bianco, Nero e Ottone; dimensioni L42.5cm x H min 285 / max 2000 x P42.5cm, L61cm x H min 440 / max 2000 x P61cm, L61cm x H min 285 / max 2000 x P61cm, L61cm x H min 285 / max 1500 x P61cm, L81cm x H min 440 / max 2000 x P81cm, L81cm x H min 285 / max 2000 x P81cm e L105cm x H min 285 / max 2050 x P99.5cm; attacco LED; potenza massima 36W - 47W - 55W - 56W - 78W; materiali Metallo, PS; dimmer: Sì; lampadina inclusa: Sì. Le configurazioni disponibili comprendono: Gemini sp on-off -Bianco-2700K, Gemini sp on-off -Bianco-3000K, Gemini sp on-off -Bianco-4000K, Gemini sp on-off -Nero-2700K, Gemini sp on-off -Nero-3000K, Gemini sp on-off -Nero-4000K, Gemini sp on-off -Ottone-2700K, Gemini sp on-off -Ottone-3000K, Gemini sp on-off -Ottone-4000K, Gemini sp dali/push -Bianco-3000K, Gemini sp dali/push -Nero-3000K, Gemini sp dali/push -Ottone-3000K, Gemini sp on-off -Bianco-2700K, Gemini sp on-off -Bianco-3000K, Gemini sp on-off -Bianco-4000K, Gemini sp on-off -Nero-2700K, Gemini sp on-off -Nero-3000K, Gemini sp on-off -Nero-4000K, Gemini sp on-off -Ottone-2700K, Gemini sp on-off -Ottone-3000K, Gemini sp on-off -Ottone-4000K, Gemini sp dali/push -Bianco-3000K, Gemini sp dali/push -Nero-3000K, Gemini sp dali/push -Ottone-3000K, Gemini sp on-off -Bianco-2700K, Gemini sp on-off -Bianco-3000K, Gemini sp on-off -Bianco-4000K, Gemini sp on-off -Nero-2700K, Gemini sp on-off -Nero-3000K, Gemini sp on-off -Nero-4000K, Gemini sp on-off -Ottone-2700K, Gemini sp on-off -Ottone-3000K, Gemini sp on-off -Ottone-4000K, Gemini sp on-off -Bianco-2700K, Gemini sp on-off -Bianco-3000K, Gemini sp on-off -Bianco-4000K, Gemini sp on-off -Nero-2700K, Gemini sp on-off -Nero-3000K, Gemini sp on-off -Nero-4000K, Gemini sp on-off -Ottone-2700K, Gemini sp on-off -Ottone-3000K e Gemini sp on-off -Ottone-4000K. La sospensione è indicata per soggiorno, zona living, sala da pranzo, cucina con isola o penisola, camera da letto, corridoi ampi e ambienti contract come reception, showroom, sale riunioni, ristoranti e boutique, scegliendo la configurazione più adatta per dimensione, finitura e numero di luci.","La Ideal Lux Gemini sp on-off Lampade a Sospensione per Interni è una lampada a sospensione Ideal Lux per interni progettata per completare l’arredo con una luce sospesa elegante, riconoscibile e proporzionata agli spazi. Il modello Gemini sp on-off è stato trattato come prodotto configurabile: le informazioni sono state aggregate dalle varianti semplici collegate, dagli attributi tecnici del configurabile, dal listino giacenze e dalle descrizioni ufficiali Ideal Lux quando presenti. In questo modo la scheda prodotto descrive l’intera famiglia disponibile senza creare testi separati per ogni singola variante. Le configurazioni disponibili includono finiture/colori Bianco, Nero e Ottone; dimensioni L42.5cm x H min 285 / max 2000 x P42.5cm, L61cm x H min 440 / max 2000 x P61cm, L61cm x H min 285 / max 2000 x P61cm, L61cm x H min 285 / max 1500 x P61cm, L81cm x H min 440 / max 2000 x P81cm, L81cm x H min 285 / max 2000 x P81cm e L105cm x H min 285 / max 2050 x P99.5cm; attacco LED; potenza massima 36W - 47W - 55W - 56W - 78W; materiali Metallo, PS; dimmer: Sì; lampadina inclusa: Sì. Le configurazioni disponibili comprendono: Gemini sp on-off -Bianco-2700K, Gemini sp on-off -Bianco-3000K, Gemini sp on-off -Bianco-4000K, Gemini sp on-off -Nero-2700K, Gemini sp on-off -Nero-3000K, Gemini sp on-off -Nero-4000K, Gemini sp on-off -Ottone-2700K, Gemini sp on-off -Ottone-3000K, Gemini sp on-off -Ottone-4000K, Gemini sp dali/push -Bianco-3000K, Gemini sp dali/push -Nero-3000K, Gemini sp dali/push -Ottone-3000K, Gemini sp on-off -Bianco-2700K, Gemini sp on-off -Bianco-3000K, Gemini sp on-off -Bianco-4000K, Gemini sp on-off -Nero-2700K, Gemini sp on-off -Nero-3000K, Gemini sp on-off -Nero-4000K, Gemini sp on-off -Ottone-2700K, Gemini sp on-off -Ottone-3000K, Gemini sp on-off -Ottone-4000K, Gemini sp dali/push -Bianco-3000K, Gemini sp dali/push -Nero-3000K, Gemini sp dali/push -Ottone-3000K, Gemini sp on-off -Bianco-2700K, Gemini sp on-off -Bianco-3000K, Gemini sp on-off -Bianco-4000K, Gemini sp on-off -Nero-2700K, Gemini sp on-off -Nero-3000K, Gemini sp on-off -Nero-4000K, Gemini sp on-off -Ottone-2700K, Gemini sp on-off -Ottone-3000K, Gemini sp on-off -Ottone-4000K, Gemini sp on-off -Bianco-2700K, Gemini sp on-off -Bianco-3000K, Gemini sp on-off -Bianco-4000K, Gemini sp on-off -Nero-2700K, Gemini sp on-off -Nero-3000K, Gemini sp on-off -Nero-4000K, Gemini sp on-off -Ottone-2700K, Gemini sp on-off -Ottone-3000K e Gemini sp on-off -Ottone-4000K. Dal punto di vista tecnico, la scheda riporta materiali dichiarati: Metallo, PS; ingombri disponibili: L42.5cm x H min 285 / max 2000 x P42.5cm - L61cm x H min 440 / max 2000 x P61cm - L61cm x H min 285 / max 2000 x P61cm - L61cm x H min 285 / max 1500 x P61cm - L81cm x H min 440 / max 2000 x P81cm - L81cm x H min 285 / max 2000 x P81cm - L105cm x H min 285 / max 2050 x P99.5cm; potenza massima: 36W - 47W - 55W - 56W - 78W; attacco portalampada: LED; dimmerabilità indicata nel listino: Sì; lampadina inclusa: Sì; grado di protezione: IP20. Questa sospensione è adatta a diversi ambienti della casa: sopra il tavolo da pranzo crea un punto luce centrale, in soggiorno e nella zona living contribuisce a definire l’atmosfera, in cucina può illuminare isole, penisole e piani snack, mentre in camera da letto o in un corridoio ampio può diventare un elemento decorativo capace di dare personalità allo spazio. Nei contesti professionali può essere utilizzata in reception, sale d’attesa, uffici direzionali, showroom, negozi, ristoranti, bar, hotel e spazi contract, sempre valutando altezza di installazione, dimensioni della stanza e quantità di luce desiderata. La scelta tra le varianti permette di coordinare la lampada con arredi chiari o scuri, superfici metalliche, vetro, legno, pietra o finiture contemporanee. Le versioni con diametri, forme o numero di sorgenti differenti sono utili per adattare la presenza visiva della sospensione a tavoli piccoli, piani allungati, ambienti con soffitto alto o zone living più scenografiche. Il grado di protezione indicato, quando presente nella scheda tecnica, conferma la destinazione ad ambienti interni asciutti: non viene quindi descritta come lampada da esterno o per zone esposte ad acqua e agenti atmosferici. Per ottenere il miglior risultato è consigliabile scegliere la sorgente luminosa compatibile con l’attacco e la potenza previsti, valutando temperatura colore, intensità e resa cromatica in funzione dell’ambiente. Una luce calda valorizza aree relax, sale da pranzo e camere, mentre una luce più neutra può essere utile in cucina, studio o spazi commerciali. La Ideal Lux Gemini sp on-off Lampade a Sospensione per Interni unisce funzione luminosa e valore decorativo, offrendo una soluzione SEO friendly e completa per chi cerca una lampada a sospensione Ideal Lux affidabile, ben descritta nelle varianti e pronta per essere inserita in un progetto di illuminazione domestico o professionale.","Lampada a sospensione Ideal Lux Gemini sp on-off per interni: ideale per soggiorno, cucina, living, sala da pranzo, camera e ambienti contract."
IL-CONFIG-221,"Ideal Lux Gioconda sp12 Lampade a Sospensione per Interni è una lampada a sospensione Ideal Lux pensata per l’illuminazione di interni residenziali e professionali, con una presenza scenografica coerente con il modello Gioconda sp12. Il prodotto configurabile riunisce le varianti realmente associate nel catalogo: finiture/colori Oro; dimensioni Ø90cm x H min 1000 / max 1640, Ø62cm x H min 790 / max 1180 e Ø73cm x H min 930 / max 1200; configurazioni 12 sorgenti luminose, 6 sorgenti luminose e 8 sorgenti luminose; attacco E14; potenza massima 12 x 40W - 6 x 40W - 8 x 40W; materiali Cristallo, Metallo, Vetro. Le configurazioni disponibili comprendono: Gioconda sp12 -12 Sorgenti Luminose-Argento, Gioconda sp12 -12 Sorgenti Luminose-Oro, Gioconda sp6 -6 Sorgenti Luminose-Argento, Gioconda sp6 -6 Sorgenti Luminose-Oro, Gioconda sp8 -8 Sorgenti Luminose-Argento e Gioconda sp8 -8 Sorgenti Luminose-Oro. Secondo la descrizione ufficiale Ideal Lux, corpo luce in fusione di metallo con finitura oro o argento antico. Pendagli ottagonali e tondi in cristallo molato. Copricatena in velluto. La sospensione è indicata per soggiorno, zona living, sala da pranzo, cucina con isola o penisola, camera da letto, corridoi ampi e ambienti contract come reception, showroom, sale riunioni, ristoranti e boutique, scegliendo la configurazione più adatta per dimensione, finitura e numero di luci.","La Ideal Lux Gioconda sp12 Lampade a Sospensione per Interni è una lampada a sospensione Ideal Lux per interni progettata per completare l’arredo con una luce sospesa elegante, riconoscibile e proporzionata agli spazi. Il modello Gioconda sp12 è stato trattato come prodotto configurabile: le informazioni sono state aggregate dalle varianti semplici collegate, dagli attributi tecnici del configurabile, dal listino giacenze e dalle descrizioni ufficiali Ideal Lux quando presenti. In questo modo la scheda prodotto descrive l’intera famiglia disponibile senza creare testi separati per ogni singola variante. Le configurazioni disponibili includono finiture/colori Oro; dimensioni Ø90cm x H min 1000 / max 1640, Ø62cm x H min 790 / max 1180 e Ø73cm x H min 930 / max 1200; configurazioni 12 sorgenti luminose, 6 sorgenti luminose e 8 sorgenti luminose; attacco E14; potenza massima 12 x 40W - 6 x 40W - 8 x 40W; materiali Cristallo, Metallo, Vetro. Le configurazioni disponibili comprendono: Gioconda sp12 -12 Sorgenti Luminose-Argento, Gioconda sp12 -12 Sorgenti Luminose-Oro, Gioconda sp6 -6 Sorgenti Luminose-Argento, Gioconda sp6 -6 Sorgenti Luminose-Oro, Gioconda sp8 -8 Sorgenti Luminose-Argento e Gioconda sp8 -8 Sorgenti Luminose-Oro. Dal punto di vista tecnico, la scheda riporta materiali dichiarati: Cristallo, Metallo, Vetro; ingombri disponibili: Ø90cm x H min 1000 / max 1640 - Ø62cm x H min 790 / max 1180 - Ø73cm x H min 930 / max 1200; potenza massima: 12 x 40W - 6 x 40W - 8 x 40W; attacco portalampada: E14; grado di protezione: IP20. Secondo la descrizione ufficiale Ideal Lux, corpo luce in fusione di metallo con finitura oro o argento antico. Pendagli ottagonali e tondi in cristallo molato. Copricatena in velluto. Questa sospensione è adatta a diversi ambienti della casa: sopra il tavolo da pranzo crea un punto luce centrale, in soggiorno e nella zona living contribuisce a definire l’atmosfera, in cucina può illuminare isole, penisole e piani snack, mentre in camera da letto o in un corridoio ampio può diventare un elemento decorativo capace di dare personalità allo spazio. Nei contesti professionali può essere utilizzata in reception, sale d’attesa, uffici direzionali, showroom, negozi, ristoranti, bar, hotel e spazi contract, sempre valutando altezza di installazione, dimensioni della stanza e quantità di luce desiderata. La scelta tra le varianti permette di coordinare la lampada con arredi chiari o scuri, superfici metalliche, vetro, legno, pietra o finiture contemporanee. Le versioni con diametri, forme o numero di sorgenti differenti sono utili per adattare la presenza visiva della sospensione a tavoli piccoli, piani allungati, ambienti con soffitto alto o zone living più scenografiche. Il grado di protezione indicato, quando presente nella scheda tecnica, conferma la destinazione ad ambienti interni asciutti: non viene quindi descritta come lampada da esterno o per zone esposte ad acqua e agenti atmosferici. Per ottenere il miglior risultato è consigliabile scegliere la sorgente luminosa compatibile con l’attacco e la potenza previsti, valutando temperatura colore, intensità e resa cromatica in funzione dell’ambiente. Una luce calda valorizza aree relax, sale da pranzo e camere, mentre una luce più neutra può essere utile in cucina, studio o spazi commerciali. La Ideal Lux Gioconda sp12 Lampade a Sospensione per Interni unisce funzione luminosa e valore decorativo, offrendo una soluzione SEO friendly e completa per chi cerca una lampada a sospensione Ideal Lux affidabile, ben descritta nelle varianti e pronta per essere inserita in un progetto di illuminazione domestico o professionale.","Lampada a sospensione Ideal Lux Gioconda sp12 per interni: ideale per soggiorno, cucina, living, sala da pranzo, camera e ambienti contract."
IL-CONFIG-222,"Ideal Lux Glory sp3 Lampade a Sospensione per Interni è una lampada a sospensione Ideal Lux pensata per l’illuminazione di interni residenziali e professionali, con una presenza scenografica coerente con il modello Glory sp3. Il prodotto configurabile riunisce le varianti realmente associate nel catalogo: dimensioni Diametro, 40cm, 50cm e 60cm; attacco E27; potenza massima 3 x 60W - 5 x 60W; materiali Vetro. Le configurazioni disponibili comprendono: Glory sp3 -Diametro-40cm, Glory sp3 -Diametro-50cm e Glory sp5 -Diametro-60cm. Secondo la descrizione ufficiale Ideal Lux, rosone rifinito in nickel satinato. Diffusore in vetro bianco soffiato e acidato. Sospensioni con cavi in acciaio regolabili in lunghezza con dispositivi automatici. La sospensione è indicata per soggiorno, zona living, sala da pranzo, cucina con isola o penisola, camera da letto, corridoi ampi e ambienti contract come reception, showroom, sale riunioni, ristoranti e boutique, scegliendo la configurazione più adatta per dimensione, finitura e numero di luci.","La Ideal Lux Glory sp3 Lampade a Sospensione per Interni è una lampada a sospensione Ideal Lux per interni progettata per completare l’arredo con una luce sospesa elegante, riconoscibile e proporzionata agli spazi. Il modello Glory sp3 è stato trattato come prodotto configurabile: le informazioni sono state aggregate dalle varianti semplici collegate, dagli attributi tecnici del configurabile, dal listino giacenze e dalle descrizioni ufficiali Ideal Lux quando presenti. In questo modo la scheda prodotto descrive l’intera famiglia disponibile senza creare testi separati per ogni singola variante. Le configurazioni disponibili includono dimensioni Diametro, 40cm, 50cm e 60cm; attacco E27; potenza massima 3 x 60W - 5 x 60W; materiali Vetro. Le configurazioni disponibili comprendono: Glory sp3 -Diametro-40cm, Glory sp3 -Diametro-50cm e Glory sp5 -Diametro-60cm. Dal punto di vista tecnico, la scheda riporta materiali dichiarati: Vetro; ingombri disponibili: Ø40cm x H min 450 / max 2200 - Ø50cm x H min 450 / max 2200 - Ø60cm x H min 450 / max 2200; potenza massima: 3 x 60W - 5 x 60W; attacco portalampada: E27; grado di protezione: IP20. Secondo la descrizione ufficiale Ideal Lux, rosone rifinito in nickel satinato. Diffusore in vetro bianco soffiato e acidato. Sospensioni con cavi in acciaio regolabili in lunghezza con dispositivi automatici. Questa sospensione è adatta a diversi ambienti della casa: sopra il tavolo da pranzo crea un punto luce centrale, in soggiorno e nella zona living contribuisce a definire l’atmosfera, in cucina può illuminare isole, penisole e piani snack, mentre in camera da letto o in un corridoio ampio può diventare un elemento decorativo capace di dare personalità allo spazio. Nei contesti professionali può essere utilizzata in reception, sale d’attesa, uffici direzionali, showroom, negozi, ristoranti, bar, hotel e spazi contract, sempre valutando altezza di installazione, dimensioni della stanza e quantità di luce desiderata. La scelta tra le varianti permette di coordinare la lampada con arredi chiari o scuri, superfici metalliche, vetro, legno, pietra o finiture contemporanee. Le versioni con diametri, forme o numero di sorgenti differenti sono utili per adattare la presenza visiva della sospensione a tavoli piccoli, piani allungati, ambienti con soffitto alto o zone living più scenografiche. Il grado di protezione indicato, quando presente nella scheda tecnica, conferma la destinazione ad ambienti interni asciutti: non viene quindi descritta come lampada da esterno o per zone esposte ad acqua e agenti atmosferici. Per ottenere il miglior risultato è consigliabile scegliere la sorgente luminosa compatibile con l’attacco e la potenza previsti, valutando temperatura colore, intensità e resa cromatica in funzione dell’ambiente. Una luce calda valorizza aree relax, sale da pranzo e camere, mentre una luce più neutra può essere utile in cucina, studio o spazi commerciali. La Ideal Lux Glory sp3 Lampade a Sospensione per Interni unisce funzione luminosa e valore decorativo, offrendo una soluzione SEO friendly e completa per chi cerca una lampada a sospensione Ideal Lux affidabile, ben descritta nelle varianti e pronta per essere inserita in un progetto di illuminazione domestico o professionale.","Lampada a sospensione Ideal Lux Glory sp3 per interni: ideale per soggiorno, cucina, living, sala da pranzo, camera e ambienti contract."
IL-CONFIG-223,"Ideal Lux Harem sp1 Lampade a Sospensione per Interni è una lampada a sospensione Ideal Lux pensata per l’illuminazione di interni residenziali e professionali, con una presenza scenografica coerente con il modello Harem sp1. Il prodotto configurabile riunisce le varianti realmente associate nel catalogo: dimensioni Ø16.5cm x H min 670 / max 1030; attacco E27; potenza massima 42W; materiali Metallo, Vetro. Le configurazioni disponibili comprendono: Harem sp1. Secondo la descrizione ufficiale Ideal Lux, montatura con decori in rilievo in metallo brunito e ottagoni in cristallo molato incastonati. Diffusori in vetro soffiato trasparente leggermente ambrato con pendaglio a nappa. Copricatena in velluto. La sospensione è indicata per soggiorno, zona living, sala da pranzo, cucina con isola o penisola, camera da letto, corridoi ampi e ambienti contract come reception, showroom, sale riunioni, ristoranti e boutique, scegliendo la configurazione più adatta per dimensione, finitura e numero di luci.","La Ideal Lux Harem sp1 Lampade a Sospensione per Interni è una lampada a sospensione Ideal Lux per interni progettata per completare l’arredo con una luce sospesa elegante, riconoscibile e proporzionata agli spazi. Il modello Harem sp1 è stato trattato come prodotto configurabile: le informazioni sono state aggregate dalle varianti semplici collegate, dagli attributi tecnici del configurabile, dal listino giacenze e dalle descrizioni ufficiali Ideal Lux quando presenti. In questo modo la scheda prodotto descrive l’intera famiglia disponibile senza creare testi separati per ogni singola variante. Le configurazioni disponibili includono dimensioni Ø16.5cm x H min 670 / max 1030; attacco E27; potenza massima 42W; materiali Metallo, Vetro. Le configurazioni disponibili comprendono: Harem sp1. Dal punto di vista tecnico, la scheda riporta materiali dichiarati: Metallo, Vetro; ingombri disponibili: Ø16.5cm x H min 670 / max 1030; potenza massima: 42W; attacco portalampada: E27; grado di protezione: IP20. Secondo la descrizione ufficiale Ideal Lux, montatura con decori in rilievo in metallo brunito e ottagoni in cristallo molato incastonati. Diffusori in vetro soffiato trasparente leggermente ambrato con pendaglio a nappa. Copricatena in velluto. Questa sospensione è adatta a diversi ambienti della casa: sopra il tavolo da pranzo crea un punto luce centrale, in soggiorno e nella zona living contribuisce a definire l’atmosfera, in cucina può illuminare isole, penisole e piani snack, mentre in camera da letto o in un corridoio ampio può diventare un elemento decorativo capace di dare personalità allo spazio. Nei contesti professionali può essere utilizzata in reception, sale d’attesa, uffici direzionali, showroom, negozi, ristoranti, bar, hotel e spazi contract, sempre valutando altezza di installazione, dimensioni della stanza e quantità di luce desiderata. La scelta tra le varianti permette di coordinare la lampada con arredi chiari o scuri, superfici metalliche, vetro, legno, pietra o finiture contemporanee. Le versioni con diametri, forme o numero di sorgenti differenti sono utili per adattare la presenza visiva della sospensione a tavoli piccoli, piani allungati, ambienti con soffitto alto o zone living più scenografiche. Il grado di protezione indicato, quando presente nella scheda tecnica, conferma la destinazione ad ambienti interni asciutti: non viene quindi descritta come lampada da esterno o per zone esposte ad acqua e agenti atmosferici. Per ottenere il miglior risultato è consigliabile scegliere la sorgente luminosa compatibile con l’attacco e la potenza previsti, valutando temperatura colore, intensità e resa cromatica in funzione dell’ambiente. Una luce calda valorizza aree relax, sale da pranzo e camere, mentre una luce più neutra può essere utile in cucina, studio o spazi commerciali. La Ideal Lux Harem sp1 Lampade a Sospensione per Interni unisce funzione luminosa e valore decorativo, offrendo una soluzione SEO friendly e completa per chi cerca una lampada a sospensione Ideal Lux affidabile, ben descritta nelle varianti e pronta per essere inserita in un progetto di illuminazione domestico o professionale.","Lampada a sospensione Ideal Lux Harem sp1 per interni: ideale per soggiorno, cucina, living, sala da pranzo, camera e ambienti contract."
IL-CONFIG-224,"Ideal Lux Harem sp9 Lampade a Sospensione per Interni è una lampada a sospensione Ideal Lux pensata per l’illuminazione di interni residenziali e professionali, con una presenza scenografica coerente con il modello Harem sp9. Il prodotto configurabile riunisce le varianti realmente associate nel catalogo: dimensioni Ø75cm x H min 1050 / max 1700; attacco E27; potenza massima 9 x 42W; materiali Metallo, Vetro. Le configurazioni disponibili comprendono: Harem sp9. Secondo la descrizione ufficiale Ideal Lux, montatura con decori in rilievo in metallo brunito e ottagoni in cristallo molato incastonati. Diffusori in vetro soffiato trasparente leggermente ambrato con pendaglio a nappa. Copricatena in velluto. La sospensione è indicata per soggiorno, zona living, sala da pranzo, cucina con isola o penisola, camera da letto, corridoi ampi e ambienti contract come reception, showroom, sale riunioni, ristoranti e boutique, scegliendo la configurazione più adatta per dimensione, finitura e numero di luci.","La Ideal Lux Harem sp9 Lampade a Sospensione per Interni è una lampada a sospensione Ideal Lux per interni progettata per completare l’arredo con una luce sospesa elegante, riconoscibile e proporzionata agli spazi. Il modello Harem sp9 è stato trattato come prodotto configurabile: le informazioni sono state aggregate dalle varianti semplici collegate, dagli attributi tecnici del configurabile, dal listino giacenze e dalle descrizioni ufficiali Ideal Lux quando presenti. In questo modo la scheda prodotto descrive l’intera famiglia disponibile senza creare testi separati per ogni singola variante. Le configurazioni disponibili includono dimensioni Ø75cm x H min 1050 / max 1700; attacco E27; potenza massima 9 x 42W; materiali Metallo, Vetro. Le configurazioni disponibili comprendono: Harem sp9. Dal punto di vista tecnico, la scheda riporta materiali dichiarati: Metallo, Vetro; ingombri disponibili: Ø75cm x H min 1050 / max 1700; potenza massima: 9 x 42W; attacco portalampada: E27; grado di protezione: IP20. Secondo la descrizione ufficiale Ideal Lux, montatura con decori in rilievo in metallo brunito e ottagoni in cristallo molato incastonati. Diffusori in vetro soffiato trasparente leggermente ambrato con pendaglio a nappa. Copricatena in velluto. Questa sospensione è adatta a diversi ambienti della casa: sopra il tavolo da pranzo crea un punto luce centrale, in soggiorno e nella zona living contribuisce a definire l’atmosfera, in cucina può illuminare isole, penisole e piani snack, mentre in camera da letto o in un corridoio ampio può diventare un elemento decorativo capace di dare personalità allo spazio. Nei contesti professionali può essere utilizzata in reception, sale d’attesa, uffici direzionali, showroom, negozi, ristoranti, bar, hotel e spazi contract, sempre valutando altezza di installazione, dimensioni della stanza e quantità di luce desiderata. La scelta tra le varianti permette di coordinare la lampada con arredi chiari o scuri, superfici metalliche, vetro, legno, pietra o finiture contemporanee. Le versioni con diametri, forme o numero di sorgenti differenti sono utili per adattare la presenza visiva della sospensione a tavoli piccoli, piani allungati, ambienti con soffitto alto o zone living più scenografiche. Il grado di protezione indicato, quando presente nella scheda tecnica, conferma la destinazione ad ambienti interni asciutti: non viene quindi descritta come lampada da esterno o per zone esposte ad acqua e agenti atmosferici. Per ottenere il miglior risultato è consigliabile scegliere la sorgente luminosa compatibile con l’attacco e la potenza previsti, valutando temperatura colore, intensità e resa cromatica in funzione dell’ambiente. Una luce calda valorizza aree relax, sale da pranzo e camere, mentre una luce più neutra può essere utile in cucina, studio o spazi commerciali. La Ideal Lux Harem sp9 Lampade a Sospensione per Interni unisce funzione luminosa e valore decorativo, offrendo una soluzione SEO friendly e completa per chi cerca una lampada a sospensione Ideal Lux affidabile, ben descritta nelle varianti e pronta per essere inserita in un progetto di illuminazione domestico o professionale.","Lampada a sospensione Ideal Lux Harem sp9 per interni: ideale per soggiorno, cucina, living, sala da pranzo, camera e ambienti contract."
IL-CONFIG-225,"Ideal Lux Holly sp1 Lampade a Sospensione per Interni è una lampada a sospensione Ideal Lux pensata per l’illuminazione di interni residenziali e professionali, con una presenza scenografica coerente con il modello Holly sp1. Il prodotto configurabile riunisce le varianti realmente associate nel catalogo: finiture/colori Bianco, Nero e Ottone; dimensioni Ø12cm x H min 500 / max 2250; attacco E27; potenza massima 60W; materiali Metallo. Le configurazioni disponibili comprendono: Holly sp1 -Bianco, Holly sp1 -Nero e Holly sp1 -Ottone. Secondo la descrizione ufficiale Ideal Lux, rosone e diffusori in metallo con finitura ottone spazzolato o verniciato a polveri con finitura bianca o nera. Cavi rivestiti in tessuto. La sospensione è indicata per soggiorno, zona living, sala da pranzo, cucina con isola o penisola, camera da letto, corridoi ampi e ambienti contract come reception, showroom, sale riunioni, ristoranti e boutique, scegliendo la configurazione più adatta per dimensione, finitura e numero di luci.","La Ideal Lux Holly sp1 Lampade a Sospensione per Interni è una lampada a sospensione Ideal Lux per interni progettata per completare l’arredo con una luce sospesa elegante, riconoscibile e proporzionata agli spazi. Il modello Holly sp1 è stato trattato come prodotto configurabile: le informazioni sono state aggregate dalle varianti semplici collegate, dagli attributi tecnici del configurabile, dal listino giacenze e dalle descrizioni ufficiali Ideal Lux quando presenti. In questo modo la scheda prodotto descrive l’intera famiglia disponibile senza creare testi separati per ogni singola variante. Le configurazioni disponibili includono finiture/colori Bianco, Nero e Ottone; dimensioni Ø12cm x H min 500 / max 2250; attacco E27; potenza massima 60W; materiali Metallo. Le configurazioni disponibili comprendono: Holly sp1 -Bianco, Holly sp1 -Nero e Holly sp1 -Ottone. Dal punto di vista tecnico, la scheda riporta materiali dichiarati: Metallo; ingombri disponibili: Ø12cm x H min 500 / max 2250; potenza massima: 60W; attacco portalampada: E27; grado di protezione: IP20. Secondo la descrizione ufficiale Ideal Lux, rosone e diffusori in metallo con finitura ottone spazzolato o verniciato a polveri con finitura bianca o nera. Cavi rivestiti in tessuto. Questa sospensione è adatta a diversi ambienti della casa: sopra il tavolo da pranzo crea un punto luce centrale, in soggiorno e nella zona living contribuisce a definire l’atmosfera, in cucina può illuminare isole, penisole e piani snack, mentre in camera da letto o in un corridoio ampio può diventare un elemento decorativo capace di dare personalità allo spazio. Nei contesti professionali può essere utilizzata in reception, sale d’attesa, uffici direzionali, showroom, negozi, ristoranti, bar, hotel e spazi contract, sempre valutando altezza di installazione, dimensioni della stanza e quantità di luce desiderata. La scelta tra le varianti permette di coordinare la lampada con arredi chiari o scuri, superfici metalliche, vetro, legno, pietra o finiture contemporanee. Le versioni con diametri, forme o numero di sorgenti differenti sono utili per adattare la presenza visiva della sospensione a tavoli piccoli, piani allungati, ambienti con soffitto alto o zone living più scenografiche. Il grado di protezione indicato, quando presente nella scheda tecnica, conferma la destinazione ad ambienti interni asciutti: non viene quindi descritta come lampada da esterno o per zone esposte ad acqua e agenti atmosferici. Per ottenere il miglior risultato è consigliabile scegliere la sorgente luminosa compatibile con l’attacco e la potenza previsti, valutando temperatura colore, intensità e resa cromatica in funzione dell’ambiente. Una luce calda valorizza aree relax, sale da pranzo e camere, mentre una luce più neutra può essere utile in cucina, studio o spazi commerciali. La Ideal Lux Holly sp1 Lampade a Sospensione per Interni unisce funzione luminosa e valore decorativo, offrendo una soluzione SEO friendly e completa per chi cerca una lampada a sospensione Ideal Lux affidabile, ben descritta nelle varianti e pronta per essere inserita in un progetto di illuminazione domestico o professionale.","Lampada a sospensione Ideal Lux Holly sp1 per interni: ideale per soggiorno, cucina, living, sala da pranzo, camera e ambienti contract."
IL-CONFIG-226,"Ideal Lux Hulahoop sp Lampade a Sospensione per Interni è una lampada a sospensione Ideal Lux pensata per l’illuminazione di interni residenziali e professionali, con una presenza scenografica coerente con il modello Hulahoop sp. Il prodotto configurabile riunisce le varianti realmente associate nel catalogo: dimensioni Diametro, 61cm, 81.5cm e 100.5cm; attacco LED; potenza massima 28W - 39W - 46W; materiali Alluminio, Metallo, PS; lampadina inclusa: Sì. Le configurazioni disponibili comprendono: Hulahoop sp -Diametro-61cm, Hulahoop sp -Diametro-81.5cm e Hulahoop sp -Diametro-100.5cm. Secondo la descrizione ufficiale Ideal Lux, rosone e montatura in metallo verniciato a polveri con finitura bianca. Diffusore in gomma OPALE. Cavi in acciaio con supporti a soffitto. Cavo elettrico in pvc trasparente. La sospensione è indicata per soggiorno, zona living, sala da pranzo, cucina con isola o penisola, camera da letto, corridoi ampi e ambienti contract come reception, showroom, sale riunioni, ristoranti e boutique, scegliendo la configurazione più adatta per dimensione, finitura e numero di luci.","La Ideal Lux Hulahoop sp Lampade a Sospensione per Interni è una lampada a sospensione Ideal Lux per interni progettata per completare l’arredo con una luce sospesa elegante, riconoscibile e proporzionata agli spazi. Il modello Hulahoop sp è stato trattato come prodotto configurabile: le informazioni sono state aggregate dalle varianti semplici collegate, dagli attributi tecnici del configurabile, dal listino giacenze e dalle descrizioni ufficiali Ideal Lux quando presenti. In questo modo la scheda prodotto descrive l’intera famiglia disponibile senza creare testi separati per ogni singola variante. Le configurazioni disponibili includono dimensioni Diametro, 61cm, 81.5cm e 100.5cm; attacco LED; potenza massima 28W - 39W - 46W; materiali Alluminio, Metallo, PS; lampadina inclusa: Sì. Le configurazioni disponibili comprendono: Hulahoop sp -Diametro-61cm, Hulahoop sp -Diametro-81.5cm e Hulahoop sp -Diametro-100.5cm. Dal punto di vista tecnico, la scheda riporta materiali dichiarati: Alluminio, Metallo, PS; ingombri disponibili: Ø61cm x H min 270 / max 2120 - Ø81.5cm x H min 270 / max 2120 - Ø100.5cm x H min 270 / max 2120; potenza massima: 28W - 39W - 46W; attacco portalampada: LED; lampadina inclusa: Sì; grado di protezione: IP20. Secondo la descrizione ufficiale Ideal Lux, rosone e montatura in metallo verniciato a polveri con finitura bianca. Diffusore in gomma OPALE. Cavi in acciaio con supporti a soffitto. Cavo elettrico in pvc trasparente. Questa sospensione è adatta a diversi ambienti della casa: sopra il tavolo da pranzo crea un punto luce centrale, in soggiorno e nella zona living contribuisce a definire l’atmosfera, in cucina può illuminare isole, penisole e piani snack, mentre in camera da letto o in un corridoio ampio può diventare un elemento decorativo capace di dare personalità allo spazio. Nei contesti professionali può essere utilizzata in reception, sale d’attesa, uffici direzionali, showroom, negozi, ristoranti, bar, hotel e spazi contract, sempre valutando altezza di installazione, dimensioni della stanza e quantità di luce desiderata. La scelta tra le varianti permette di coordinare la lampada con arredi chiari o scuri, superfici metalliche, vetro, legno, pietra o finiture contemporanee. Le versioni con diametri, forme o numero di sorgenti differenti sono utili per adattare la presenza visiva della sospensione a tavoli piccoli, piani allungati, ambienti con soffitto alto o zone living più scenografiche. Il grado di protezione indicato, quando presente nella scheda tecnica, conferma la destinazione ad ambienti interni asciutti: non viene quindi descritta come lampada da esterno o per zone esposte ad acqua e agenti atmosferici. Per ottenere il miglior risultato è consigliabile scegliere la sorgente luminosa compatibile con l’attacco e la potenza previsti, valutando temperatura colore, intensità e resa cromatica in funzione dell’ambiente. Una luce calda valorizza aree relax, sale da pranzo e camere, mentre una luce più neutra può essere utile in cucina, studio o spazi commerciali. La Ideal Lux Hulahoop sp Lampade a Sospensione per Interni unisce funzione luminosa e valore decorativo, offrendo una soluzione SEO friendly e completa per chi cerca una lampada a sospensione Ideal Lux affidabile, ben descritta nelle varianti e pronta per essere inserita in un progetto di illuminazione domestico o professionale.","Lampada a sospensione Ideal Lux Hulahoop sp per interni: ideale per soggiorno, cucina, living, sala da pranzo, camera e ambienti contract."
IL-CONFIG-227,"Ideal Lux Kalique per Interni è una lampada a sospensione Ideal Lux pensata per l’illuminazione di interni residenziali e professionali, con una presenza scenografica coerente con il modello Kalique. Il prodotto configurabile riunisce le varianti realmente associate nel catalogo: finiture/colori Fumé, Ambra, Rame e Trasparente; dimensioni Diametro, 18cm e 28cm; attacco E27; potenza massima 42W. Le configurazioni disponibili comprendono: Kalique-1 sp1 -Fumé-Diametro-18cm, Kalique-1 sp1 -Fumé-Diametro-28cm, Kalique-1 sp1 -Ambra-Diametro-18cm, Kalique-1 sp1 -Azzurro-Diametro-18cm, Kalique-1 sp1 -Rame-Diametro-18cm, Kalique-1 sp1 -Trasparente-Diametro-18cm, Kalique-1 sp1 -Ambra-Diametro-28cm, Kalique-1 sp1 -Azzurro-Diametro-28cm, Kalique-1 sp1 -Rame-Diametro-28cm e Kalique-1 sp1 -Trasparente-Diametro-28cm. La sospensione è indicata per soggiorno, zona living, sala da pranzo, cucina con isola o penisola, camera da letto, corridoi ampi e ambienti contract come reception, showroom, sale riunioni, ristoranti e boutique, scegliendo la configurazione più adatta per dimensione, finitura e numero di luci.","La Ideal Lux Kalique per Interni è una lampada a sospensione Ideal Lux per interni progettata per completare l’arredo con una luce sospesa elegante, riconoscibile e proporzionata agli spazi. Il modello Kalique è stato trattato come prodotto configurabile: le informazioni sono state aggregate dalle varianti semplici collegate, dagli attributi tecnici del configurabile, dal listino giacenze e dalle descrizioni ufficiali Ideal Lux quando presenti. In questo modo la scheda prodotto descrive l’intera famiglia disponibile senza creare testi separati per ogni singola variante. Le configurazioni disponibili includono finiture/colori Fumé, Ambra, Rame e Trasparente; dimensioni Diametro, 18cm e 28cm; attacco E27; potenza massima 42W. Le configurazioni disponibili comprendono: Kalique-1 sp1 -Fumé-Diametro-18cm, Kalique-1 sp1 -Fumé-Diametro-28cm, Kalique-1 sp1 -Ambra-Diametro-18cm, Kalique-1 sp1 -Azzurro-Diametro-18cm, Kalique-1 sp1 -Rame-Diametro-18cm, Kalique-1 sp1 -Trasparente-Diametro-18cm, Kalique-1 sp1 -Ambra-Diametro-28cm, Kalique-1 sp1 -Azzurro-Diametro-28cm, Kalique-1 sp1 -Rame-Diametro-28cm e Kalique-1 sp1 -Trasparente-Diametro-28cm. Dal punto di vista tecnico, la scheda riporta ingombri disponibili: Ø18cm x H min 565 / max 2365 - Ø28cm x H min 740 / max 2535; potenza massima: 42W; attacco portalampada: E27; grado di protezione: IP20. Questa sospensione è adatta a diversi ambienti della casa: sopra il tavolo da pranzo crea un punto luce centrale, in soggiorno e nella zona living contribuisce a definire l’atmosfera, in cucina può illuminare isole, penisole e piani snack, mentre in camera da letto o in un corridoio ampio può diventare un elemento decorativo capace di dare personalità allo spazio. Nei contesti professionali può essere utilizzata in reception, sale d’attesa, uffici direzionali, showroom, negozi, ristoranti, bar, hotel e spazi contract, sempre valutando altezza di installazione, dimensioni della stanza e quantità di luce desiderata. La scelta tra le varianti permette di coordinare la lampada con arredi chiari o scuri, superfici metalliche, vetro, legno, pietra o finiture contemporanee. Le versioni con diametri, forme o numero di sorgenti differenti sono utili per adattare la presenza visiva della sospensione a tavoli piccoli, piani allungati, ambienti con soffitto alto o zone living più scenografiche. Il grado di protezione indicato, quando presente nella scheda tecnica, conferma la destinazione ad ambienti interni asciutti: non viene quindi descritta come lampada da esterno o per zone esposte ad acqua e agenti atmosferici. Per ottenere il miglior risultato è consigliabile scegliere la sorgente luminosa compatibile con l’attacco e la potenza previsti, valutando temperatura colore, intensità e resa cromatica in funzione dell’ambiente. Una luce calda valorizza aree relax, sale da pranzo e camere, mentre una luce più neutra può essere utile in cucina, studio o spazi commerciali. La Ideal Lux Kalique per Interni unisce funzione luminosa e valore decorativo, offrendo una soluzione SEO friendly e completa per chi cerca una lampada a sospensione Ideal Lux affidabile, ben descritta nelle varianti e pronta per essere inserita in un progetto di illuminazione domestico o professionale.","Lampada a sospensione Ideal Lux Kalique per interni: ideale per soggiorno, cucina, living, sala da pranzo, camera e ambienti contract."
IL-CONFIG-228,"Ideal Lux Kalique per Interni è una lampada a sospensione Ideal Lux pensata per l’illuminazione di interni residenziali e professionali, con una presenza scenografica coerente con il modello Kalique. Il prodotto configurabile riunisce le varianti realmente associate nel catalogo: finiture/colori Fumé, Ambra, Rame e Trasparente; dimensioni Diametro, 18cm e 28cm; attacco E27; potenza massima 42W. Le configurazioni disponibili comprendono: Kalique-2 sp1 -Fumé-Diametro-18cm, Kalique-2 sp1 -Fumé-Diametro-28cm, Kalique-2 sp1 -Ambra-Diametro-18cm, Kalique-2 sp1 -Azzurro-Diametro-18cm, Kalique-2 sp1 -Rame-Diametro-18cm, Kalique-2 sp1 -Trasparente-Diametro-18cm, Kalique-2 sp1 -Ambra-Diametro-28cm, Kalique-2 sp1 -Azzurro-Diametro-28cm, Kalique-2 sp1 -Rame-Diametro-28cm e Kalique-2 sp1 -Trasparente-Diametro-28cm. La sospensione è indicata per soggiorno, zona living, sala da pranzo, cucina con isola o penisola, camera da letto, corridoi ampi e ambienti contract come reception, showroom, sale riunioni, ristoranti e boutique, scegliendo la configurazione più adatta per dimensione, finitura e numero di luci.","La Ideal Lux Kalique per Interni è una lampada a sospensione Ideal Lux per interni progettata per completare l’arredo con una luce sospesa elegante, riconoscibile e proporzionata agli spazi. Il modello Kalique è stato trattato come prodotto configurabile: le informazioni sono state aggregate dalle varianti semplici collegate, dagli attributi tecnici del configurabile, dal listino giacenze e dalle descrizioni ufficiali Ideal Lux quando presenti. In questo modo la scheda prodotto descrive l’intera famiglia disponibile senza creare testi separati per ogni singola variante. Le configurazioni disponibili includono finiture/colori Fumé, Ambra, Rame e Trasparente; dimensioni Diametro, 18cm e 28cm; attacco E27; potenza massima 42W. Le configurazioni disponibili comprendono: Kalique-2 sp1 -Fumé-Diametro-18cm, Kalique-2 sp1 -Fumé-Diametro-28cm, Kalique-2 sp1 -Ambra-Diametro-18cm, Kalique-2 sp1 -Azzurro-Diametro-18cm, Kalique-2 sp1 -Rame-Diametro-18cm, Kalique-2 sp1 -Trasparente-Diametro-18cm, Kalique-2 sp1 -Ambra-Diametro-28cm, Kalique-2 sp1 -Azzurro-Diametro-28cm, Kalique-2 sp1 -Rame-Diametro-28cm e Kalique-2 sp1 -Trasparente-Diametro-28cm. Dal punto di vista tecnico, la scheda riporta ingombri disponibili: Ø18cm x H min 600 / max 2395 - Ø28cm x H min 765 / max 2565; potenza massima: 42W; attacco portalampada: E27; grado di protezione: IP20. Questa sospensione è adatta a diversi ambienti della casa: sopra il tavolo da pranzo crea un punto luce centrale, in soggiorno e nella zona living contribuisce a definire l’atmosfera, in cucina può illuminare isole, penisole e piani snack, mentre in camera da letto o in un corridoio ampio può diventare un elemento decorativo capace di dare personalità allo spazio. Nei contesti professionali può essere utilizzata in reception, sale d’attesa, uffici direzionali, showroom, negozi, ristoranti, bar, hotel e spazi contract, sempre valutando altezza di installazione, dimensioni della stanza e quantità di luce desiderata. La scelta tra le varianti permette di coordinare la lampada con arredi chiari o scuri, superfici metalliche, vetro, legno, pietra o finiture contemporanee. Le versioni con diametri, forme o numero di sorgenti differenti sono utili per adattare la presenza visiva della sospensione a tavoli piccoli, piani allungati, ambienti con soffitto alto o zone living più scenografiche. Il grado di protezione indicato, quando presente nella scheda tecnica, conferma la destinazione ad ambienti interni asciutti: non viene quindi descritta come lampada da esterno o per zone esposte ad acqua e agenti atmosferici. Per ottenere il miglior risultato è consigliabile scegliere la sorgente luminosa compatibile con l’attacco e la potenza previsti, valutando temperatura colore, intensità e resa cromatica in funzione dell’ambiente. Una luce calda valorizza aree relax, sale da pranzo e camere, mentre una luce più neutra può essere utile in cucina, studio o spazi commerciali. La Ideal Lux Kalique per Interni unisce funzione luminosa e valore decorativo, offrendo una soluzione SEO friendly e completa per chi cerca una lampada a sospensione Ideal Lux affidabile, ben descritta nelle varianti e pronta per essere inserita in un progetto di illuminazione domestico o professionale.","Lampada a sospensione Ideal Lux Kalique per interni: ideale per soggiorno, cucina, living, sala da pranzo, camera e ambienti contract."
IL-CONFIG-229,"Ideal Lux Kalique per Interni è una lampada a sospensione Ideal Lux pensata per l’illuminazione di interni residenziali e professionali, con una presenza scenografica coerente con il modello Kalique. Il prodotto configurabile riunisce le varianti realmente associate nel catalogo: finiture/colori Fumé, Ambra, Rame e Trasparente; dimensioni Diametro, 18cm e 28cm; attacco E27; potenza massima 42W. Le configurazioni disponibili comprendono: Kalique-3 sp1 -Fumé-Diametro-18cm, Kalique-3 sp1 -Fumé-Diametro-28cm, Kalique-3 sp1 -Ambra-Diametro-18cm, Kalique-3 sp1 -Azzurro-Diametro-18cm, Kalique-3 sp1 -Rame-Diametro-18cm, Kalique-3 sp1 -Trasparente-Diametro-18cm, Kalique-3 sp1 -Ambra-Diametro-28cm, Kalique-3 sp1 -Azzurro-Diametro-28cm, Kalique-3 sp1 -Rame-Diametro-28cm e Kalique-3 sp1 -Trasparente-Diametro-28cm. La sospensione è indicata per soggiorno, zona living, sala da pranzo, cucina con isola o penisola, camera da letto, corridoi ampi e ambienti contract come reception, showroom, sale riunioni, ristoranti e boutique, scegliendo la configurazione più adatta per dimensione, finitura e numero di luci.","La Ideal Lux Kalique per Interni è una lampada a sospensione Ideal Lux per interni progettata per completare l’arredo con una luce sospesa elegante, riconoscibile e proporzionata agli spazi. Il modello Kalique è stato trattato come prodotto configurabile: le informazioni sono state aggregate dalle varianti semplici collegate, dagli attributi tecnici del configurabile, dal listino giacenze e dalle descrizioni ufficiali Ideal Lux quando presenti. In questo modo la scheda prodotto descrive l’intera famiglia disponibile senza creare testi separati per ogni singola variante. Le configurazioni disponibili includono finiture/colori Fumé, Ambra, Rame e Trasparente; dimensioni Diametro, 18cm e 28cm; attacco E27; potenza massima 42W. Le configurazioni disponibili comprendono: Kalique-3 sp1 -Fumé-Diametro-18cm, Kalique-3 sp1 -Fumé-Diametro-28cm, Kalique-3 sp1 -Ambra-Diametro-18cm, Kalique-3 sp1 -Azzurro-Diametro-18cm, Kalique-3 sp1 -Rame-Diametro-18cm, Kalique-3 sp1 -Trasparente-Diametro-18cm, Kalique-3 sp1 -Ambra-Diametro-28cm, Kalique-3 sp1 -Azzurro-Diametro-28cm, Kalique-3 sp1 -Rame-Diametro-28cm e Kalique-3 sp1 -Trasparente-Diametro-28cm. Dal punto di vista tecnico, la scheda riporta ingombri disponibili: Ø18cm x H min 635 / max 2435 - Ø28cm x H min 830 / max 2625; potenza massima: 42W; attacco portalampada: E27; grado di protezione: IP20. Questa sospensione è adatta a diversi ambienti della casa: sopra il tavolo da pranzo crea un punto luce centrale, in soggiorno e nella zona living contribuisce a definire l’atmosfera, in cucina può illuminare isole, penisole e piani snack, mentre in camera da letto o in un corridoio ampio può diventare un elemento decorativo capace di dare personalità allo spazio. Nei contesti professionali può essere utilizzata in reception, sale d’attesa, uffici direzionali, showroom, negozi, ristoranti, bar, hotel e spazi contract, sempre valutando altezza di installazione, dimensioni della stanza e quantità di luce desiderata. La scelta tra le varianti permette di coordinare la lampada con arredi chiari o scuri, superfici metalliche, vetro, legno, pietra o finiture contemporanee. Le versioni con diametri, forme o numero di sorgenti differenti sono utili per adattare la presenza visiva della sospensione a tavoli piccoli, piani allungati, ambienti con soffitto alto o zone living più scenografiche. Il grado di protezione indicato, quando presente nella scheda tecnica, conferma la destinazione ad ambienti interni asciutti: non viene quindi descritta come lampada da esterno o per zone esposte ad acqua e agenti atmosferici. Per ottenere il miglior risultato è consigliabile scegliere la sorgente luminosa compatibile con l’attacco e la potenza previsti, valutando temperatura colore, intensità e resa cromatica in funzione dell’ambiente. Una luce calda valorizza aree relax, sale da pranzo e camere, mentre una luce più neutra può essere utile in cucina, studio o spazi commerciali. La Ideal Lux Kalique per Interni unisce funzione luminosa e valore decorativo, offrendo una soluzione SEO friendly e completa per chi cerca una lampada a sospensione Ideal Lux affidabile, ben descritta nelle varianti e pronta per essere inserita in un progetto di illuminazione domestico o professionale.","Lampada a sospensione Ideal Lux Kalique per interni: ideale per soggiorno, cucina, living, sala da pranzo, camera e ambienti contract."
IL-CONFIG-230,"Ideal Lux Karma sp1 small Lampade a Sospensione per Interni è una lampada a sospensione Ideal Lux pensata per l’illuminazione di interni residenziali e professionali, con una presenza scenografica coerente con il modello Karma sp1 small. Il prodotto configurabile riunisce le varianti realmente associate nel catalogo: dimensioni Ø39cm x H min 485 / max 2235; attacco E27; potenza massima 60W; materiali Vetro. Le configurazioni disponibili comprendono: Karma sp1 small. La sospensione è indicata per soggiorno, zona living, sala da pranzo, cucina con isola o penisola, camera da letto, corridoi ampi e ambienti contract come reception, showroom, sale riunioni, ristoranti e boutique, scegliendo la configurazione più adatta per dimensione, finitura e numero di luci.","La Ideal Lux Karma sp1 small Lampade a Sospensione per Interni è una lampada a sospensione Ideal Lux per interni progettata per completare l’arredo con una luce sospesa elegante, riconoscibile e proporzionata agli spazi. Il modello Karma sp1 small è stato trattato come prodotto configurabile: le informazioni sono state aggregate dalle varianti semplici collegate, dagli attributi tecnici del configurabile, dal listino giacenze e dalle descrizioni ufficiali Ideal Lux quando presenti. In questo modo la scheda prodotto descrive l’intera famiglia disponibile senza creare testi separati per ogni singola variante. Le configurazioni disponibili includono dimensioni Ø39cm x H min 485 / max 2235; attacco E27; potenza massima 60W; materiali Vetro. Le configurazioni disponibili comprendono: Karma sp1 small. Dal punto di vista tecnico, la scheda riporta materiali dichiarati: Vetro; ingombri disponibili: Ø39cm x H min 485 / max 2235; potenza massima: 60W; attacco portalampada: E27; grado di protezione: IP20. Questa sospensione è adatta a diversi ambienti della casa: sopra il tavolo da pranzo crea un punto luce centrale, in soggiorno e nella zona living contribuisce a definire l’atmosfera, in cucina può illuminare isole, penisole e piani snack, mentre in camera da letto o in un corridoio ampio può diventare un elemento decorativo capace di dare personalità allo spazio. Nei contesti professionali può essere utilizzata in reception, sale d’attesa, uffici direzionali, showroom, negozi, ristoranti, bar, hotel e spazi contract, sempre valutando altezza di installazione, dimensioni della stanza e quantità di luce desiderata. La scelta tra le varianti permette di coordinare la lampada con arredi chiari o scuri, superfici metalliche, vetro, legno, pietra o finiture contemporanee. Le versioni con diametri, forme o numero di sorgenti differenti sono utili per adattare la presenza visiva della sospensione a tavoli piccoli, piani allungati, ambienti con soffitto alto o zone living più scenografiche. Il grado di protezione indicato, quando presente nella scheda tecnica, conferma la destinazione ad ambienti interni asciutti: non viene quindi descritta come lampada da esterno o per zone esposte ad acqua e agenti atmosferici. Per ottenere il miglior risultato è consigliabile scegliere la sorgente luminosa compatibile con l’attacco e la potenza previsti, valutando temperatura colore, intensità e resa cromatica in funzione dell’ambiente. Una luce calda valorizza aree relax, sale da pranzo e camere, mentre una luce più neutra può essere utile in cucina, studio o spazi commerciali. La Ideal Lux Karma sp1 small Lampade a Sospensione per Interni unisce funzione luminosa e valore decorativo, offrendo una soluzione SEO friendly e completa per chi cerca una lampada a sospensione Ideal Lux affidabile, ben descritta nelle varianti e pronta per essere inserita in un progetto di illuminazione domestico o professionale.","Lampada a sospensione Ideal Lux Karma sp1 small per interni: ideale per soggiorno, cucina, living, sala da pranzo, camera e ambienti contract."
IL-CONFIG-231,"Ideal Lux Karousel sp10 Lampade a Sospensione per Interni è una lampada a sospensione Ideal Lux pensata per l’illuminazione di interni residenziali e professionali, con una presenza scenografica coerente con il modello Karousel sp10. Il prodotto configurabile riunisce le varianti realmente associate nel catalogo: dimensioni Ø82.5cm x H min 1220 / max 1330; attacco G9; potenza massima 10 x 15W; materiali Metallo, Tessuto; lampadina inclusa: Sì. Le configurazioni disponibili comprendono: Karousel sp10. La sospensione è indicata per soggiorno, zona living, sala da pranzo, cucina con isola o penisola, camera da letto, corridoi ampi e ambienti contract come reception, showroom, sale riunioni, ristoranti e boutique, scegliendo la configurazione più adatta per dimensione, finitura e numero di luci.","La Ideal Lux Karousel sp10 Lampade a Sospensione per Interni è una lampada a sospensione Ideal Lux per interni progettata per completare l’arredo con una luce sospesa elegante, riconoscibile e proporzionata agli spazi. Il modello Karousel sp10 è stato trattato come prodotto configurabile: le informazioni sono state aggregate dalle varianti semplici collegate, dagli attributi tecnici del configurabile, dal listino giacenze e dalle descrizioni ufficiali Ideal Lux quando presenti. In questo modo la scheda prodotto descrive l’intera famiglia disponibile senza creare testi separati per ogni singola variante. Le configurazioni disponibili includono dimensioni Ø82.5cm x H min 1220 / max 1330; attacco G9; potenza massima 10 x 15W; materiali Metallo, Tessuto; lampadina inclusa: Sì. Le configurazioni disponibili comprendono: Karousel sp10. Dal punto di vista tecnico, la scheda riporta materiali dichiarati: Metallo, Tessuto; ingombri disponibili: Ø82.5cm x H min 1220 / max 1330; potenza massima: 10 x 15W; attacco portalampada: G9; lampadina inclusa: Sì; grado di protezione: IP20. Questa sospensione è adatta a diversi ambienti della casa: sopra il tavolo da pranzo crea un punto luce centrale, in soggiorno e nella zona living contribuisce a definire l’atmosfera, in cucina può illuminare isole, penisole e piani snack, mentre in camera da letto o in un corridoio ampio può diventare un elemento decorativo capace di dare personalità allo spazio. Nei contesti professionali può essere utilizzata in reception, sale d’attesa, uffici direzionali, showroom, negozi, ristoranti, bar, hotel e spazi contract, sempre valutando altezza di installazione, dimensioni della stanza e quantità di luce desiderata. La scelta tra le varianti permette di coordinare la lampada con arredi chiari o scuri, superfici metalliche, vetro, legno, pietra o finiture contemporanee. Le versioni con diametri, forme o numero di sorgenti differenti sono utili per adattare la presenza visiva della sospensione a tavoli piccoli, piani allungati, ambienti con soffitto alto o zone living più scenografiche. Il grado di protezione indicato, quando presente nella scheda tecnica, conferma la destinazione ad ambienti interni asciutti: non viene quindi descritta come lampada da esterno o per zone esposte ad acqua e agenti atmosferici. Per ottenere il miglior risultato è consigliabile scegliere la sorgente luminosa compatibile con l’attacco e la potenza previsti, valutando temperatura colore, intensità e resa cromatica in funzione dell’ambiente. Una luce calda valorizza aree relax, sale da pranzo e camere, mentre una luce più neutra può essere utile in cucina, studio o spazi commerciali. La Ideal Lux Karousel sp10 Lampade a Sospensione per Interni unisce funzione luminosa e valore decorativo, offrendo una soluzione SEO friendly e completa per chi cerca una lampada a sospensione Ideal Lux affidabile, ben descritta nelle varianti e pronta per essere inserita in un progetto di illuminazione domestico o professionale.","Lampada a sospensione Ideal Lux Karousel sp10 per interni: ideale per soggiorno, cucina, living, sala da pranzo, camera e ambienti contract."
IL-CONFIG-232,"Ideal Lux Konse sp1 Lampade a Sospensione per Interni è una lampada a sospensione Ideal Lux pensata per l’illuminazione di interni residenziali e professionali, con una presenza scenografica coerente con il modello Konse sp1. Il prodotto configurabile riunisce le varianti realmente associate nel catalogo: dimensioni Ø40cm x H min 730 / max 1700, Ø60cm x H min 990 / max 1740 e Ø80cm x H min 1230 / max 1980; configurazioni 6 sorgenti luminose e 7 sorgenti luminose; attacco E27; potenza massima 6 x 60W - 60W - 7 x 60W; materiali Metallo. Le configurazioni disponibili comprendono: Konse sp1 -1 Sorgente Luminosa, Konse sp6 -6 Sorgenti Luminose e Konse sp7 -7 Sorgenti Luminose. Secondo la descrizione ufficiale Ideal Lux, montatura ed elementi decorativi interamente in metallo. Finitura con vernice oro scuro satinato. La sospensione è indicata per soggiorno, zona living, sala da pranzo, cucina con isola o penisola, camera da letto, corridoi ampi e ambienti contract come reception, showroom, sale riunioni, ristoranti e boutique, scegliendo la configurazione più adatta per dimensione, finitura e numero di luci.","La Ideal Lux Konse sp1 Lampade a Sospensione per Interni è una lampada a sospensione Ideal Lux per interni progettata per completare l’arredo con una luce sospesa elegante, riconoscibile e proporzionata agli spazi. Il modello Konse sp1 è stato trattato come prodotto configurabile: le informazioni sono state aggregate dalle varianti semplici collegate, dagli attributi tecnici del configurabile, dal listino giacenze e dalle descrizioni ufficiali Ideal Lux quando presenti. In questo modo la scheda prodotto descrive l’intera famiglia disponibile senza creare testi separati per ogni singola variante. Le configurazioni disponibili includono dimensioni Ø40cm x H min 730 / max 1700, Ø60cm x H min 990 / max 1740 e Ø80cm x H min 1230 / max 1980; configurazioni 6 sorgenti luminose e 7 sorgenti luminose; attacco E27; potenza massima 6 x 60W - 60W - 7 x 60W; materiali Metallo. Le configurazioni disponibili comprendono: Konse sp1 -1 Sorgente Luminosa, Konse sp6 -6 Sorgenti Luminose e Konse sp7 -7 Sorgenti Luminose. Dal punto di vista tecnico, la scheda riporta materiali dichiarati: Metallo; ingombri disponibili: Ø40cm x H min 730 / max 1700 - Ø60cm x H min 990 / max 1740 - Ø80cm x H min 1230 / max 1980; potenza massima: 6 x 60W - 60W - 7 x 60W; attacco portalampada: E27; grado di protezione: IP20. Secondo la descrizione ufficiale Ideal Lux, montatura ed elementi decorativi interamente in metallo. Finitura con vernice oro scuro satinato. Questa sospensione è adatta a diversi ambienti della casa: sopra il tavolo da pranzo crea un punto luce centrale, in soggiorno e nella zona living contribuisce a definire l’atmosfera, in cucina può illuminare isole, penisole e piani snack, mentre in camera da letto o in un corridoio ampio può diventare un elemento decorativo capace di dare personalità allo spazio. Nei contesti professionali può essere utilizzata in reception, sale d’attesa, uffici direzionali, showroom, negozi, ristoranti, bar, hotel e spazi contract, sempre valutando altezza di installazione, dimensioni della stanza e quantità di luce desiderata. La scelta tra le varianti permette di coordinare la lampada con arredi chiari o scuri, superfici metalliche, vetro, legno, pietra o finiture contemporanee. Le versioni con diametri, forme o numero di sorgenti differenti sono utili per adattare la presenza visiva della sospensione a tavoli piccoli, piani allungati, ambienti con soffitto alto o zone living più scenografiche. Il grado di protezione indicato, quando presente nella scheda tecnica, conferma la destinazione ad ambienti interni asciutti: non viene quindi descritta come lampada da esterno o per zone esposte ad acqua e agenti atmosferici. Per ottenere il miglior risultato è consigliabile scegliere la sorgente luminosa compatibile con l’attacco e la potenza previsti, valutando temperatura colore, intensità e resa cromatica in funzione dell’ambiente. Una luce calda valorizza aree relax, sale da pranzo e camere, mentre una luce più neutra può essere utile in cucina, studio o spazi commerciali. La Ideal Lux Konse sp1 Lampade a Sospensione per Interni unisce funzione luminosa e valore decorativo, offrendo una soluzione SEO friendly e completa per chi cerca una lampada a sospensione Ideal Lux affidabile, ben descritta nelle varianti e pronta per essere inserita in un progetto di illuminazione domestico o professionale.","Lampada a sospensione Ideal Lux Konse sp1 per interni: ideale per soggiorno, cucina, living, sala da pranzo, camera e ambienti contract."
IL-CONFIG-233,"Ideal Lux Lana sp1 Lampade a Sospensione per Interni è una lampada a sospensione Ideal Lux pensata per l’illuminazione di interni residenziali e professionali, con una presenza scenografica coerente con il modello Lana sp1. Il prodotto configurabile riunisce le varianti realmente associate nel catalogo: dimensioni Ø50cm x H min 410 / max 2160; attacco E27; potenza massima 60W; materiali Vetro. Le configurazioni disponibili comprendono: Lana sp1. La sospensione è indicata per soggiorno, zona living, sala da pranzo, cucina con isola o penisola, camera da letto, corridoi ampi e ambienti contract come reception, showroom, sale riunioni, ristoranti e boutique, scegliendo la configurazione più adatta per dimensione, finitura e numero di luci.","La Ideal Lux Lana sp1 Lampade a Sospensione per Interni è una lampada a sospensione Ideal Lux per interni progettata per completare l’arredo con una luce sospesa elegante, riconoscibile e proporzionata agli spazi. Il modello Lana sp1 è stato trattato come prodotto configurabile: le informazioni sono state aggregate dalle varianti semplici collegate, dagli attributi tecnici del configurabile, dal listino giacenze e dalle descrizioni ufficiali Ideal Lux quando presenti. In questo modo la scheda prodotto descrive l’intera famiglia disponibile senza creare testi separati per ogni singola variante. Le configurazioni disponibili includono dimensioni Ø50cm x H min 410 / max 2160; attacco E27; potenza massima 60W; materiali Vetro. Le configurazioni disponibili comprendono: Lana sp1. Dal punto di vista tecnico, la scheda riporta materiali dichiarati: Vetro; ingombri disponibili: Ø50cm x H min 410 / max 2160; potenza massima: 60W; attacco portalampada: E27; grado di protezione: IP20. Questa sospensione è adatta a diversi ambienti della casa: sopra il tavolo da pranzo crea un punto luce centrale, in soggiorno e nella zona living contribuisce a definire l’atmosfera, in cucina può illuminare isole, penisole e piani snack, mentre in camera da letto o in un corridoio ampio può diventare un elemento decorativo capace di dare personalità allo spazio. Nei contesti professionali può essere utilizzata in reception, sale d’attesa, uffici direzionali, showroom, negozi, ristoranti, bar, hotel e spazi contract, sempre valutando altezza di installazione, dimensioni della stanza e quantità di luce desiderata. La scelta tra le varianti permette di coordinare la lampada con arredi chiari o scuri, superfici metalliche, vetro, legno, pietra o finiture contemporanee. Le versioni con diametri, forme o numero di sorgenti differenti sono utili per adattare la presenza visiva della sospensione a tavoli piccoli, piani allungati, ambienti con soffitto alto o zone living più scenografiche. Il grado di protezione indicato, quando presente nella scheda tecnica, conferma la destinazione ad ambienti interni asciutti: non viene quindi descritta come lampada da esterno o per zone esposte ad acqua e agenti atmosferici. Per ottenere il miglior risultato è consigliabile scegliere la sorgente luminosa compatibile con l’attacco e la potenza previsti, valutando temperatura colore, intensità e resa cromatica in funzione dell’ambiente. Una luce calda valorizza aree relax, sale da pranzo e camere, mentre una luce più neutra può essere utile in cucina, studio o spazi commerciali. La Ideal Lux Lana sp1 Lampade a Sospensione per Interni unisce funzione luminosa e valore decorativo, offrendo una soluzione SEO friendly e completa per chi cerca una lampada a sospensione Ideal Lux affidabile, ben descritta nelle varianti e pronta per essere inserita in un progetto di illuminazione domestico o professionale.","Lampada a sospensione Ideal Lux Lana sp1 per interni: ideale per soggiorno, cucina, living, sala da pranzo, camera e ambienti contract."
IL-CONFIG-234,"Ideal Lux Lena sp3 Lampade a Sospensione per Interni è una lampada a sospensione Ideal Lux pensata per l’illuminazione di interni residenziali e professionali, con una presenza scenografica coerente con il modello Lena sp3. Il prodotto configurabile riunisce le varianti realmente associate nel catalogo: dimensioni Diametro, 64cm e 74cm; attacco E27; potenza massima 3 x 60W; materiali Vetro. Le configurazioni disponibili comprendono: Lena sp3 -Diametro-64cm e Lena sp3 -Diametro-74cm. Secondo la descrizione ufficiale Ideal Lux, montatura in metallo cromato. Diffusore con doppio vetro: smerigliato e colorato quello esterno, bianco quello interno. Sospensioni con cavi in acciaio a lunghezza regolabile da dispositivi automatici. La sospensione è indicata per soggiorno, zona living, sala da pranzo, cucina con isola o penisola, camera da letto, corridoi ampi e ambienti contract come reception, showroom, sale riunioni, ristoranti e boutique, scegliendo la configurazione più adatta per dimensione, finitura e numero di luci.","La Ideal Lux Lena sp3 Lampade a Sospensione per Interni è una lampada a sospensione Ideal Lux per interni progettata per completare l’arredo con una luce sospesa elegante, riconoscibile e proporzionata agli spazi. Il modello Lena sp3 è stato trattato come prodotto configurabile: le informazioni sono state aggregate dalle varianti semplici collegate, dagli attributi tecnici del configurabile, dal listino giacenze e dalle descrizioni ufficiali Ideal Lux quando presenti. In questo modo la scheda prodotto descrive l’intera famiglia disponibile senza creare testi separati per ogni singola variante. Le configurazioni disponibili includono dimensioni Diametro, 64cm e 74cm; attacco E27; potenza massima 3 x 60W; materiali Vetro. Le configurazioni disponibili comprendono: Lena sp3 -Diametro-64cm e Lena sp3 -Diametro-74cm. Dal punto di vista tecnico, la scheda riporta materiali dichiarati: Vetro; ingombri disponibili: Ø64cm x H min 440 / max 2190 - Ø74cm x H min 440 / max 2190; potenza massima: 3 x 60W; attacco portalampada: E27; grado di protezione: IP20. Secondo la descrizione ufficiale Ideal Lux, montatura in metallo cromato. Diffusore con doppio vetro: smerigliato e colorato quello esterno, bianco quello interno. Sospensioni con cavi in acciaio a lunghezza regolabile da dispositivi automatici. Questa sospensione è adatta a diversi ambienti della casa: sopra il tavolo da pranzo crea un punto luce centrale, in soggiorno e nella zona living contribuisce a definire l’atmosfera, in cucina può illuminare isole, penisole e piani snack, mentre in camera da letto o in un corridoio ampio può diventare un elemento decorativo capace di dare personalità allo spazio. Nei contesti professionali può essere utilizzata in reception, sale d’attesa, uffici direzionali, showroom, negozi, ristoranti, bar, hotel e spazi contract, sempre valutando altezza di installazione, dimensioni della stanza e quantità di luce desiderata. La scelta tra le varianti permette di coordinare la lampada con arredi chiari o scuri, superfici metalliche, vetro, legno, pietra o finiture contemporanee. Le versioni con diametri, forme o numero di sorgenti differenti sono utili per adattare la presenza visiva della sospensione a tavoli piccoli, piani allungati, ambienti con soffitto alto o zone living più scenografiche. Il grado di protezione indicato, quando presente nella scheda tecnica, conferma la destinazione ad ambienti interni asciutti: non viene quindi descritta come lampada da esterno o per zone esposte ad acqua e agenti atmosferici. Per ottenere il miglior risultato è consigliabile scegliere la sorgente luminosa compatibile con l’attacco e la potenza previsti, valutando temperatura colore, intensità e resa cromatica in funzione dell’ambiente. Una luce calda valorizza aree relax, sale da pranzo e camere, mentre una luce più neutra può essere utile in cucina, studio o spazi commerciali. La Ideal Lux Lena sp3 Lampade a Sospensione per Interni unisce funzione luminosa e valore decorativo, offrendo una soluzione SEO friendly e completa per chi cerca una lampada a sospensione Ideal Lux affidabile, ben descritta nelle varianti e pronta per essere inserita in un progetto di illuminazione domestico o professionale.","Lampada a sospensione Ideal Lux Lena sp3 per interni: ideale per soggiorno, cucina, living, sala da pranzo, camera e ambienti contract."
IL-CONFIG-235,"Ideal Lux Lingotto sp1 Lampade a Sospensione per Interni è una lampada a sospensione Ideal Lux pensata per l’illuminazione di interni residenziali e professionali, con una presenza scenografica coerente con il modello Lingotto sp1. Il prodotto configurabile riunisce le varianti realmente associate nel catalogo: finiture/colori Nero e Ottone; dimensioni L12cm x H min 370 / max 2120 x P12cm e L70cm x H min 445 / max 1450 x P18.5cm; configurazioni 3 sorgenti luminose; attacco E14 e G9; potenza massima 3 x 28W - 4W; materiali Metallo, Vetro; lampadina inclusa: Sì. Le configurazioni disponibili comprendono: Lingotto sp1 -1 Sorgente Luminosa-Nero, Lingotto sp1 -1 Sorgente Luminosa-Ottone, Lingotto sp3 -3 Sorgenti Luminose-Nero e Lingotto sp3 -3 Sorgenti Luminose-Ottone. La sospensione è indicata per soggiorno, zona living, sala da pranzo, cucina con isola o penisola, camera da letto, corridoi ampi e ambienti contract come reception, showroom, sale riunioni, ristoranti e boutique, scegliendo la configurazione più adatta per dimensione, finitura e numero di luci.","La Ideal Lux Lingotto sp1 Lampade a Sospensione per Interni è una lampada a sospensione Ideal Lux per interni progettata per completare l’arredo con una luce sospesa elegante, riconoscibile e proporzionata agli spazi. Il modello Lingotto sp1 è stato trattato come prodotto configurabile: le informazioni sono state aggregate dalle varianti semplici collegate, dagli attributi tecnici del configurabile, dal listino giacenze e dalle descrizioni ufficiali Ideal Lux quando presenti. In questo modo la scheda prodotto descrive l’intera famiglia disponibile senza creare testi separati per ogni singola variante. Le configurazioni disponibili includono finiture/colori Nero e Ottone; dimensioni L12cm x H min 370 / max 2120 x P12cm e L70cm x H min 445 / max 1450 x P18.5cm; configurazioni 3 sorgenti luminose; attacco E14 e G9; potenza massima 3 x 28W - 4W; materiali Metallo, Vetro; lampadina inclusa: Sì. Le configurazioni disponibili comprendono: Lingotto sp1 -1 Sorgente Luminosa-Nero, Lingotto sp1 -1 Sorgente Luminosa-Ottone, Lingotto sp3 -3 Sorgenti Luminose-Nero e Lingotto sp3 -3 Sorgenti Luminose-Ottone. Dal punto di vista tecnico, la scheda riporta materiali dichiarati: Metallo, Vetro; ingombri disponibili: L12cm x H min 370 / max 2120 x P12cm - L70cm x H min 445 / max 1450 x P18.5cm; potenza massima: 3 x 28W - 4W; attacco portalampada: E14 e G9; lampadina inclusa: Sì; grado di protezione: IP20. Questa sospensione è adatta a diversi ambienti della casa: sopra il tavolo da pranzo crea un punto luce centrale, in soggiorno e nella zona living contribuisce a definire l’atmosfera, in cucina può illuminare isole, penisole e piani snack, mentre in camera da letto o in un corridoio ampio può diventare un elemento decorativo capace di dare personalità allo spazio. Nei contesti professionali può essere utilizzata in reception, sale d’attesa, uffici direzionali, showroom, negozi, ristoranti, bar, hotel e spazi contract, sempre valutando altezza di installazione, dimensioni della stanza e quantità di luce desiderata. La scelta tra le varianti permette di coordinare la lampada con arredi chiari o scuri, superfici metalliche, vetro, legno, pietra o finiture contemporanee. Le versioni con diametri, forme o numero di sorgenti differenti sono utili per adattare la presenza visiva della sospensione a tavoli piccoli, piani allungati, ambienti con soffitto alto o zone living più scenografiche. Il grado di protezione indicato, quando presente nella scheda tecnica, conferma la destinazione ad ambienti interni asciutti: non viene quindi descritta come lampada da esterno o per zone esposte ad acqua e agenti atmosferici. Per ottenere il miglior risultato è consigliabile scegliere la sorgente luminosa compatibile con l’attacco e la potenza previsti, valutando temperatura colore, intensità e resa cromatica in funzione dell’ambiente. Una luce calda valorizza aree relax, sale da pranzo e camere, mentre una luce più neutra può essere utile in cucina, studio o spazi commerciali. La Ideal Lux Lingotto sp1 Lampade a Sospensione per Interni unisce funzione luminosa e valore decorativo, offrendo una soluzione SEO friendly e completa per chi cerca una lampada a sospensione Ideal Lux affidabile, ben descritta nelle varianti e pronta per essere inserita in un progetto di illuminazione domestico o professionale.","Lampada a sospensione Ideal Lux Lingotto sp1 per interni: ideale per soggiorno, cucina, living, sala da pranzo, camera e ambienti contract."
IL-CONFIG-236,"Ideal Lux Look led sp12 round drop on-off ne Lampade a Sospensione per Interni è una lampada a sospensione Ideal Lux pensata per l’illuminazione di interni residenziali e professionali, con una presenza scenografica coerente con il modello Look led sp12 round drop on-off ne. Il prodotto configurabile riunisce le varianti realmente associate nel catalogo: finiture/colori Nero e Ottone; dimensioni Ø60cm x H284cm, Ø70cm x H270cm e Ø45cm x H270cm; configurazioni 12 sorgenti luminose, 16 sorgenti luminose e 8 sorgenti luminose; attacco LED; potenza massima 16W - 19W - 31W; materiali Alluminio, Metallo, Vetro; lampadina inclusa: Sì. Le configurazioni disponibili comprendono: Look led sp12 round drop on-off ne -12 Sorgenti Luminose-Nero-2700K, Look led sp12 round drop on-off ne -12 Sorgenti Luminose-Nero-3000K, Look led sp12 round drop on-off ot -12 Sorgenti Luminose-Ottone-2700K, Look led sp12 round drop on-off ot -12 Sorgenti Luminose-Ottone-3000K, Look led sp16 round drop on-off ne -16 Sorgenti Luminose-Nero-3000K, Look led sp16 round drop on-off ot -16 Sorgenti Luminose-Ottone-3000K, Look led sp8 round drop on-off ne -8 Sorgenti Luminose-Nero-3000K e Look led sp8 round drop on-off ot -8 Sorgenti Luminose-Ottone-3000K. La sospensione è indicata per soggiorno, zona living, sala da pranzo, cucina con isola o penisola, camera da letto, corridoi ampi e ambienti contract come reception, showroom, sale riunioni, ristoranti e boutique, scegliendo la configurazione più adatta per dimensione, finitura e numero di luci.","La Ideal Lux Look led sp12 round drop on-off ne Lampade a Sospensione per Interni è una lampada a sospensione Ideal Lux per interni progettata per completare l’arredo con una luce sospesa elegante, riconoscibile e proporzionata agli spazi. Il modello Look led sp12 round drop on-off ne è stato trattato come prodotto configurabile: le informazioni sono state aggregate dalle varianti semplici collegate, dagli attributi tecnici del configurabile, dal listino giacenze e dalle descrizioni ufficiali Ideal Lux quando presenti. In questo modo la scheda prodotto descrive l’intera famiglia disponibile senza creare testi separati per ogni singola variante. Le configurazioni disponibili includono finiture/colori Nero e Ottone; dimensioni Ø60cm x H284cm, Ø70cm x H270cm e Ø45cm x H270cm; configurazioni 12 sorgenti luminose, 16 sorgenti luminose e 8 sorgenti luminose; attacco LED; potenza massima 16W - 19W - 31W; materiali Alluminio, Metallo, Vetro; lampadina inclusa: Sì. Le configurazioni disponibili comprendono: Look led sp12 round drop on-off ne -12 Sorgenti Luminose-Nero-2700K, Look led sp12 round drop on-off ne -12 Sorgenti Luminose-Nero-3000K, Look led sp12 round drop on-off ot -12 Sorgenti Luminose-Ottone-2700K, Look led sp12 round drop on-off ot -12 Sorgenti Luminose-Ottone-3000K, Look led sp16 round drop on-off ne -16 Sorgenti Luminose-Nero-3000K, Look led sp16 round drop on-off ot -16 Sorgenti Luminose-Ottone-3000K, Look led sp8 round drop on-off ne -8 Sorgenti Luminose-Nero-3000K e Look led sp8 round drop on-off ot -8 Sorgenti Luminose-Ottone-3000K. Dal punto di vista tecnico, la scheda riporta materiali dichiarati: Alluminio, Metallo, Vetro; ingombri disponibili: Ø60cm x H284cm - Ø70cm x H270cm - Ø45cm x H270cm; potenza massima: 16W - 19W - 31W; attacco portalampada: LED; lampadina inclusa: Sì; grado di protezione: IP20. Questa sospensione è adatta a diversi ambienti della casa: sopra il tavolo da pranzo crea un punto luce centrale, in soggiorno e nella zona living contribuisce a definire l’atmosfera, in cucina può illuminare isole, penisole e piani snack, mentre in camera da letto o in un corridoio ampio può diventare un elemento decorativo capace di dare personalità allo spazio. Nei contesti professionali può essere utilizzata in reception, sale d’attesa, uffici direzionali, showroom, negozi, ristoranti, bar, hotel e spazi contract, sempre valutando altezza di installazione, dimensioni della stanza e quantità di luce desiderata. La scelta tra le varianti permette di coordinare la lampada con arredi chiari o scuri, superfici metalliche, vetro, legno, pietra o finiture contemporanee. Le versioni con diametri, forme o numero di sorgenti differenti sono utili per adattare la presenza visiva della sospensione a tavoli piccoli, piani allungati, ambienti con soffitto alto o zone living più scenografiche. Il grado di protezione indicato, quando presente nella scheda tecnica, conferma la destinazione ad ambienti interni asciutti: non viene quindi descritta come lampada da esterno o per zone esposte ad acqua e agenti atmosferici. Per ottenere il miglior risultato è consigliabile scegliere la sorgente luminosa compatibile con l’attacco e la potenza previsti, valutando temperatura colore, intensità e resa cromatica in funzione dell’ambiente. Una luce calda valorizza aree relax, sale da pranzo e camere, mentre una luce più neutra può essere utile in cucina, studio o spazi commerciali. La Ideal Lux Look led sp12 round drop on-off ne Lampade a Sospensione per Interni unisce funzione luminosa e valore decorativo, offrendo una soluzione SEO friendly e completa per chi cerca una lampada a sospensione Ideal Lux affidabile, ben descritta nelle varianti e pronta per essere inserita in un progetto di illuminazione domestico o professionale.","Lampada a sospensione Ideal Lux Look led sp12 round drop on-off ne per interni: ideale per soggiorno, cucina, living, sala da pranzo, camera e ambienti"
IL-CONFIG-237,"Ideal Lux Look led sp1 round on-off Lampade a Sospensione per Interni è una lampada a sospensione Ideal Lux pensata per l’illuminazione di interni residenziali e professionali, con una presenza scenografica coerente con il modello Look led sp1 round on-off. Il prodotto configurabile riunisce le varianti realmente associate nel catalogo: finiture/colori Bianco, Nero e Ottone; dimensioni Diametro, 16cm, 1000cm, 250cm, 400cm, 700cm e 30cm; attacco LED; potenza massima 12W - 5W; materiali Alluminio, Metallo, Vetro; dimmer: Sì; lampadina inclusa: Sì. Le configurazioni disponibili comprendono: Look led sp1 round on-off -Bianco-Diametro-16cm---Altezza-1000cm, Look led sp1 round on-off -Nero-Diametro-16cm---Altezza-1000cm, Look led sp1 round on-off -Ottone-Diametro-16cm---Altezza-1000cm, Look led sp1 round on-off -Bianco-Diametro-16cm---Altezza-250cm, Look led sp1 round on-off -Nero-Diametro-16cm---Altezza-250cm, Look led sp1 round on-off -Ottone-Diametro-16cm---Altezza-250cm, Look led sp1 round on-off -Bianco-Diametro-16cm---Altezza-400cm, Look led sp1 round on-off -Nero-Diametro-16cm---Altezza-400cm, Look led sp1 round on-off -Ottone-Diametro-16cm---Altezza-400cm, Look led sp1 round on-off -Bianco-Diametro-16cm---Altezza-700cm, Look led sp1 round on-off -Nero-Diametro-16cm---Altezza-700cm, Look led sp1 round on-off -Ottone-Diametro-16cm---Altezza-700cm, Look led sp1 round dali/push -Nero-Diametro-30cm---Altezza-1000cm, Look led sp1 round on-off -Bianco-Diametro-30cm---Altezza-1000cm, Look led sp1 round on-off -Nero-Diametro-30cm---Altezza-1000cm, Look led sp1 round on-off ottone -Ottone Satinato-Diametro-30cm---Altezza-1000cm, Look led sp1 round on-off -Bianco-Diametro-30cm---Altezza-250cm, Look led sp1 round on-off -Nero-Diametro-30cm---Altezza-250cm, Look led sp1 round on-off -Ottone-Diametro-30cm---Altezza-250cm, Look led sp1 round dali/push -Nero-Diametro-30cm---Altezza-400cm, Look led sp1 round on-off -Bianco-Diametro-30cm---Altezza-400cm, Look led sp1 round on-off -Nero-Diametro-30cm---Altezza-400cm, Look led sp1 round on-off ottone -Ottone Satinato-Diametro-30cm---Altezza-400cm, Look led sp1 round on-off -Bianco-Diametro-30cm---Altezza-700cm, Look led sp1 round on-off -Nero-Diametro-30cm---Altezza-700cm e Look led sp1 round on-off -Ottone-Diametro-30cm---Altezza-700cm. La sospensione è indicata per soggiorno, zona living, sala da pranzo, cucina con isola o penisola, camera da letto, corridoi ampi e ambienti contract come reception, showroom, sale riunioni, ristoranti e boutique, scegliendo la configurazione più adatta per dimensione, finitura e numero di luci.","La Ideal Lux Look led sp1 round on-off Lampade a Sospensione per Interni è una lampada a sospensione Ideal Lux per interni progettata per completare l’arredo con una luce sospesa elegante, riconoscibile e proporzionata agli spazi. Il modello Look led sp1 round on-off è stato trattato come prodotto configurabile: le informazioni sono state aggregate dalle varianti semplici collegate, dagli attributi tecnici del configurabile, dal listino giacenze e dalle descrizioni ufficiali Ideal Lux quando presenti. In questo modo la scheda prodotto descrive l’intera famiglia disponibile senza creare testi separati per ogni singola variante. Le configurazioni disponibili includono finiture/colori Bianco, Nero e Ottone; dimensioni Diametro, 16cm, 1000cm, 250cm, 400cm, 700cm e 30cm; attacco LED; potenza massima 12W - 5W; materiali Alluminio, Metallo, Vetro; dimmer: Sì; lampadina inclusa: Sì. Le configurazioni disponibili comprendono: Look led sp1 round on-off -Bianco-Diametro-16cm---Altezza-1000cm, Look led sp1 round on-off -Nero-Diametro-16cm---Altezza-1000cm, Look led sp1 round on-off -Ottone-Diametro-16cm---Altezza-1000cm, Look led sp1 round on-off -Bianco-Diametro-16cm---Altezza-250cm, Look led sp1 round on-off -Nero-Diametro-16cm---Altezza-250cm, Look led sp1 round on-off -Ottone-Diametro-16cm---Altezza-250cm, Look led sp1 round on-off -Bianco-Diametro-16cm---Altezza-400cm, Look led sp1 round on-off -Nero-Diametro-16cm---Altezza-400cm, Look led sp1 round on-off -Ottone-Diametro-16cm---Altezza-400cm, Look led sp1 round on-off -Bianco-Diametro-16cm---Altezza-700cm, Look led sp1 round on-off -Nero-Diametro-16cm---Altezza-700cm, Look led sp1 round on-off -Ottone-Diametro-16cm---Altezza-700cm, Look led sp1 round dali/push -Nero-Diametro-30cm---Altezza-1000cm, Look led sp1 round on-off -Bianco-Diametro-30cm---Altezza-1000cm, Look led sp1 round on-off -Nero-Diametro-30cm---Altezza-1000cm, Look led sp1 round on-off ottone -Ottone Satinato-Diametro-30cm---Altezza-1000cm, Look led sp1 round on-off -Bianco-Diametro-30cm---Altezza-250cm, Look led sp1 round on-off -Nero-Diametro-30cm---Altezza-250cm, Look led sp1 round on-off -Ottone-Diametro-30cm---Altezza-250cm, Look led sp1 round dali/push -Nero-Diametro-30cm---Altezza-400cm, Look led sp1 round on-off -Bianco-Diametro-30cm---Altezza-400cm, Look led sp1 round on-off -Nero-Diametro-30cm---Altezza-400cm, Look led sp1 round on-off ottone -Ottone Satinato-Diametro-30cm---Altezza-400cm, Look led sp1 round on-off -Bianco-Diametro-30cm---Altezza-700cm, Look led sp1 round on-off -Nero-Diametro-30cm---Altezza-700cm e Look led sp1 round on-off -Ottone-Diametro-30cm---Altezza-700cm. Dal punto di vista tecnico, la scheda riporta materiali dichiarati: Alluminio, Metallo, Vetro; ingombri disponibili: Ø8cm x H min 1250 / max 3040 - Ø8cm x H min 500 / max 2290 - Ø8cm x H min 650 / max 2440 - Ø8cm x H min 1000 / max 2745 - Ø6cm x H min 1400 / max 3370 - Ø6cm x H min 1400 / max 3350 - Ø6cm x H min 600 / max 2400 - Ø6cm x H min 800 / max 2270 - Ø6cm x H min 800 / max 2520 - Ø6cm x H min 900 / max 2850; potenza massima: 12W - 5W; attacco portalampada: LED; dimmerabilità indicata nel listino: Sì; lampadina inclusa: Sì; grado di protezione: IP20. Questa sospensione è adatta a diversi ambienti della casa: sopra il tavolo da pranzo crea un punto luce centrale, in soggiorno e nella zona living contribuisce a definire l’atmosfera, in cucina può illuminare isole, penisole e piani snack, mentre in camera da letto o in un corridoio ampio può diventare un elemento decorativo capace di dare personalità allo spazio. Nei contesti professionali può essere utilizzata in reception, sale d’attesa, uffici direzionali, showroom, negozi, ristoranti, bar, hotel e spazi contract, sempre valutando altezza di installazione, dimensioni della stanza e quantità di luce desiderata. La scelta tra le varianti permette di coordinare la lampada con arredi chiari o scuri, superfici metalliche, vetro, legno, pietra o finiture contemporanee. Le versioni con diametri, forme o numero di sorgenti differenti sono utili per adattare la presenza visiva della sospensione a tavoli piccoli, piani allungati, ambienti con soffitto alto o zone living più scenografiche. Il grado di protezione indicato, quando presente nella scheda tecnica, conferma la destinazione ad ambienti interni asciutti: non viene quindi descritta come lampada da esterno o per zone esposte ad acqua e agenti atmosferici. Per ottenere il miglior risultato è consigliabile scegliere la sorgente luminosa compatibile con l’attacco e la potenza previsti, valutando temperatura colore, intensità e resa cromatica in funzione dell’ambiente. Una luce calda valorizza aree relax, sale da pranzo e camere, mentre una luce più neutra può essere utile in cucina, studio o spazi commerciali. La Ideal Lux Look led sp1 round on-off Lampade a Sospensione per Interni unisce funzione luminosa e valore decorativo, offrendo una soluzione SEO friendly e completa per chi cerca una lampada a sospensione Ideal Lux affidabile, ben descritta nelle varianti e pronta per essere inserita in un progetto di illuminazione domestico o professionale.","Lampada a sospensione Ideal Lux Look led sp1 round on-off per interni: ideale per soggiorno, cucina, living, sala da pranzo, camera e ambienti contract."
IL-CONFIG-238,"Ideal Lux Look led sp1 square on-off Lampade a Sospensione per Interni è una lampada a sospensione Ideal Lux pensata per l’illuminazione di interni residenziali e professionali, con una presenza scenografica coerente con il modello Look led sp1 square on-off. Il prodotto configurabile riunisce le varianti realmente associate nel catalogo: finiture/colori Bianco, Nero e Ottone; dimensioni 15cm e 30cm; attacco LED; potenza massima 5W; materiali Metallo, Vetro; lampadina inclusa: Sì. Le configurazioni disponibili comprendono: Look led sp1 square on-off -Bianco-Larghezza-15cm, Look led sp1 square on-off -Nero-Larghezza-15cm, Look led sp1 square on-off -Ottone-Larghezza-15cm, Look led sp1 square on-off -Bianco-Larghezza-30cm, Look led sp1 square on-off -Nero-Larghezza-30cm e Look led sp1 square on-off ottone -Ottone Satinato-Larghezza-30cm. La sospensione è indicata per soggiorno, zona living, sala da pranzo, cucina con isola o penisola, camera da letto, corridoi ampi e ambienti contract come reception, showroom, sale riunioni, ristoranti e boutique, scegliendo la configurazione più adatta per dimensione, finitura e numero di luci.","La Ideal Lux Look led sp1 square on-off Lampade a Sospensione per Interni è una lampada a sospensione Ideal Lux per interni progettata per completare l’arredo con una luce sospesa elegante, riconoscibile e proporzionata agli spazi. Il modello Look led sp1 square on-off è stato trattato come prodotto configurabile: le informazioni sono state aggregate dalle varianti semplici collegate, dagli attributi tecnici del configurabile, dal listino giacenze e dalle descrizioni ufficiali Ideal Lux quando presenti. In questo modo la scheda prodotto descrive l’intera famiglia disponibile senza creare testi separati per ogni singola variante. Le configurazioni disponibili includono finiture/colori Bianco, Nero e Ottone; dimensioni 15cm e 30cm; attacco LED; potenza massima 5W; materiali Metallo, Vetro; lampadina inclusa: Sì. Le configurazioni disponibili comprendono: Look led sp1 square on-off -Bianco-Larghezza-15cm, Look led sp1 square on-off -Nero-Larghezza-15cm, Look led sp1 square on-off -Ottone-Larghezza-15cm, Look led sp1 square on-off -Bianco-Larghezza-30cm, Look led sp1 square on-off -Nero-Larghezza-30cm e Look led sp1 square on-off ottone -Ottone Satinato-Larghezza-30cm. Dal punto di vista tecnico, la scheda riporta materiali dichiarati: Metallo, Vetro; ingombri disponibili: Ø8cm x H min 650 / max 2440 - L8cm x H min 900 / max 2400 x P8cm; potenza massima: 5W; attacco portalampada: LED; lampadina inclusa: Sì; grado di protezione: IP20. Questa sospensione è adatta a diversi ambienti della casa: sopra il tavolo da pranzo crea un punto luce centrale, in soggiorno e nella zona living contribuisce a definire l’atmosfera, in cucina può illuminare isole, penisole e piani snack, mentre in camera da letto o in un corridoio ampio può diventare un elemento decorativo capace di dare personalità allo spazio. Nei contesti professionali può essere utilizzata in reception, sale d’attesa, uffici direzionali, showroom, negozi, ristoranti, bar, hotel e spazi contract, sempre valutando altezza di installazione, dimensioni della stanza e quantità di luce desiderata. La scelta tra le varianti permette di coordinare la lampada con arredi chiari o scuri, superfici metalliche, vetro, legno, pietra o finiture contemporanee. Le versioni con diametri, forme o numero di sorgenti differenti sono utili per adattare la presenza visiva della sospensione a tavoli piccoli, piani allungati, ambienti con soffitto alto o zone living più scenografiche. Il grado di protezione indicato, quando presente nella scheda tecnica, conferma la destinazione ad ambienti interni asciutti: non viene quindi descritta come lampada da esterno o per zone esposte ad acqua e agenti atmosferici. Per ottenere il miglior risultato è consigliabile scegliere la sorgente luminosa compatibile con l’attacco e la potenza previsti, valutando temperatura colore, intensità e resa cromatica in funzione dell’ambiente. Una luce calda valorizza aree relax, sale da pranzo e camere, mentre una luce più neutra può essere utile in cucina, studio o spazi commerciali. La Ideal Lux Look led sp1 square on-off Lampade a Sospensione per Interni unisce funzione luminosa e valore decorativo, offrendo una soluzione SEO friendly e completa per chi cerca una lampada a sospensione Ideal Lux affidabile, ben descritta nelle varianti e pronta per essere inserita in un progetto di illuminazione domestico o professionale.","Lampada a sospensione Ideal Lux Look led sp1 square on-off per interni: ideale per soggiorno, cucina, living, sala da pranzo, camera e ambienti contract."
IL-CONFIG-239,"Ideal Lux Look pl1 round Lampade a Sospensione per Interni è una lampada a sospensione Ideal Lux pensata per l’illuminazione di interni residenziali e professionali, con una presenza scenografica coerente con il modello Look pl1 round. Il prodotto configurabile riunisce le varianti realmente associate nel catalogo: dimensioni Ø7cm x H40cm; attacco GU10; potenza massima 28W; materiali Alluminio, Gesso; lampadina inclusa: Sì. Le configurazioni disponibili comprendono: Look pl1 round. La sospensione è indicata per soggiorno, zona living, sala da pranzo, cucina con isola o penisola, camera da letto, corridoi ampi e ambienti contract come reception, showroom, sale riunioni, ristoranti e boutique, scegliendo la configurazione più adatta per dimensione, finitura e numero di luci.","La Ideal Lux Look pl1 round Lampade a Sospensione per Interni è una lampada a sospensione Ideal Lux per interni progettata per completare l’arredo con una luce sospesa elegante, riconoscibile e proporzionata agli spazi. Il modello Look pl1 round è stato trattato come prodotto configurabile: le informazioni sono state aggregate dalle varianti semplici collegate, dagli attributi tecnici del configurabile, dal listino giacenze e dalle descrizioni ufficiali Ideal Lux quando presenti. In questo modo la scheda prodotto descrive l’intera famiglia disponibile senza creare testi separati per ogni singola variante. Le configurazioni disponibili includono dimensioni Ø7cm x H40cm; attacco GU10; potenza massima 28W; materiali Alluminio, Gesso; lampadina inclusa: Sì. Le configurazioni disponibili comprendono: Look pl1 round. Dal punto di vista tecnico, la scheda riporta materiali dichiarati: Alluminio, Gesso; ingombri disponibili: Ø7cm x H40cm; potenza massima: 28W; attacco portalampada: GU10; lampadina inclusa: Sì; grado di protezione: IP20. Questa sospensione è adatta a diversi ambienti della casa: sopra il tavolo da pranzo crea un punto luce centrale, in soggiorno e nella zona living contribuisce a definire l’atmosfera, in cucina può illuminare isole, penisole e piani snack, mentre in camera da letto o in un corridoio ampio può diventare un elemento decorativo capace di dare personalità allo spazio. Nei contesti professionali può essere utilizzata in reception, sale d’attesa, uffici direzionali, showroom, negozi, ristoranti, bar, hotel e spazi contract, sempre valutando altezza di installazione, dimensioni della stanza e quantità di luce desiderata. La scelta tra le varianti permette di coordinare la lampada con arredi chiari o scuri, superfici metalliche, vetro, legno, pietra o finiture contemporanee. Le versioni con diametri, forme o numero di sorgenti differenti sono utili per adattare la presenza visiva della sospensione a tavoli piccoli, piani allungati, ambienti con soffitto alto o zone living più scenografiche. Il grado di protezione indicato, quando presente nella scheda tecnica, conferma la destinazione ad ambienti interni asciutti: non viene quindi descritta come lampada da esterno o per zone esposte ad acqua e agenti atmosferici. Per ottenere il miglior risultato è consigliabile scegliere la sorgente luminosa compatibile con l’attacco e la potenza previsti, valutando temperatura colore, intensità e resa cromatica in funzione dell’ambiente. Una luce calda valorizza aree relax, sale da pranzo e camere, mentre una luce più neutra può essere utile in cucina, studio o spazi commerciali. La Ideal Lux Look pl1 round Lampade a Sospensione per Interni unisce funzione luminosa e valore decorativo, offrendo una soluzione SEO friendly e completa per chi cerca una lampada a sospensione Ideal Lux affidabile, ben descritta nelle varianti e pronta per essere inserita in un progetto di illuminazione domestico o professionale.","Lampada a sospensione Ideal Lux Look pl1 round per interni: ideale per soggiorno, cucina, living, sala da pranzo, camera e ambienti contract."
IL-CONFIG-240,"Ideal Lux Look sp1 round Lampade a Sospensione per Interni è una lampada a sospensione Ideal Lux pensata per l’illuminazione di interni residenziali e professionali, con una presenza scenografica coerente con il modello Look sp1 round. Il prodotto configurabile riunisce le varianti realmente associate nel catalogo: finiture/colori Bianco, Nero, Ottone, Brunito, Cromo, Oro, Rame e Trasparente; dimensioni Diametro, 40cm, 1000cm, 250cm, 400cm, 700cm e 60cm; attacco GU10; potenza massima 28W; materiali Alluminio, Metallo, Vetro; lampadina inclusa: Sì. Le configurazioni disponibili comprendono: Look sp1 round -Bianco-Diametro-40cm---Altezza-1000cm, Look sp1 round -Nero-Diametro-40cm---Altezza-1000cm, Look sp1 round -Ottone-Diametro-40cm---Altezza-1000cm, Look sp1 round -Bianco-Diametro-40cm---Altezza-250cm, Look sp1 round -Nero-Diametro-40cm---Altezza-250cm, Look sp1 round -Ottone-Diametro-40cm---Altezza-250cm, Look sp1 round -Bianco-Diametro-40cm---Altezza-400cm, Look sp1 round -Nero-Diametro-40cm---Altezza-400cm, Look sp1 round -Ottone-Diametro-40cm---Altezza-400cm, Look sp1 round -Bianco-Diametro-40cm---Altezza-700cm, Look sp1 round -Nero-Diametro-40cm---Altezza-700cm, Look sp1 round -Ottone-Diametro-40cm---Altezza-700cm, Look sp1 round -Bianco-Diametro-60cm---Altezza-1000cm, Look sp1 round -Nero-Diametro-60cm---Altezza-1000cm, Look sp1 round -Ottone-Diametro-60cm---Altezza-1000cm, Look sp1 round -Bianco-Diametro-60cm---Altezza-250cm, Look sp1 round -Nero-Diametro-60cm---Altezza-250cm, Look sp1 round -Ottone-Diametro-60cm---Altezza-250cm, Look sp1 round -Alabastro-Diametro-60cm---Altezza-400cm, Look sp1 round -Argento-Diametro-60cm---Altezza-400cm, Look sp1 round -Bianco-Diametro-60cm---Altezza-400cm, Look sp1 round -Brunito-Diametro-60cm---Altezza-400cm, Look sp1 round -Caffè-Diametro-60cm---Altezza-400cm, Look sp1 round -Cromo-Diametro-60cm---Altezza-400cm, Look sp1 round -Nero-Diametro-60cm---Altezza-400cm, Look sp1 round -Oro-Diametro-60cm---Altezza-400cm, Look sp1 round -Ottone-Diametro-60cm---Altezza-400cm, Look sp1 round -Rame-Diametro-60cm---Altezza-400cm, Look sp1 round -Trasparente-Diametro-60cm---Altezza-400cm, Look sp1 round -Bianco-Diametro-60cm---Altezza-700cm, Look sp1 round -Nero-Diametro-60cm---Altezza-700cm e Look sp1 round -Ottone-Diametro-60cm---Altezza-700cm. Secondo la descrizione ufficiale Ideal Lux, famiglia di sospensioni per interni dal design sottile e minimale, in grado di adattarsi a ogni esigenza di luce d'accento, disponibile in un'ampia e preziosa gamma di finiture per una perfetta integrazione con gli arredi degli spazi abitati. La sospensione è indicata per soggiorno, zona living, sala da pranzo, cucina con isola o penisola, camera da letto, corridoi ampi e ambienti contract come reception, showroom, sale riunioni, ristoranti e boutique, scegliendo la configurazione più adatta per dimensione, finitura e numero di luci.","La Ideal Lux Look sp1 round Lampade a Sospensione per Interni è una lampada a sospensione Ideal Lux per interni progettata per completare l’arredo con una luce sospesa elegante, riconoscibile e proporzionata agli spazi. Il modello Look sp1 round è stato trattato come prodotto configurabile: le informazioni sono state aggregate dalle varianti semplici collegate, dagli attributi tecnici del configurabile, dal listino giacenze e dalle descrizioni ufficiali Ideal Lux quando presenti. In questo modo la scheda prodotto descrive l’intera famiglia disponibile senza creare testi separati per ogni singola variante. Le configurazioni disponibili includono finiture/colori Bianco, Nero, Ottone, Brunito, Cromo, Oro, Rame e Trasparente; dimensioni Diametro, 40cm, 1000cm, 250cm, 400cm, 700cm e 60cm; attacco GU10; potenza massima 28W; materiali Alluminio, Metallo, Vetro; lampadina inclusa: Sì. Le configurazioni disponibili comprendono: Look sp1 round -Bianco-Diametro-40cm---Altezza-1000cm, Look sp1 round -Nero-Diametro-40cm---Altezza-1000cm, Look sp1 round -Ottone-Diametro-40cm---Altezza-1000cm, Look sp1 round -Bianco-Diametro-40cm---Altezza-250cm, Look sp1 round -Nero-Diametro-40cm---Altezza-250cm, Look sp1 round -Ottone-Diametro-40cm---Altezza-250cm, Look sp1 round -Bianco-Diametro-40cm---Altezza-400cm, Look sp1 round -Nero-Diametro-40cm---Altezza-400cm, Look sp1 round -Ottone-Diametro-40cm---Altezza-400cm, Look sp1 round -Bianco-Diametro-40cm---Altezza-700cm, Look sp1 round -Nero-Diametro-40cm---Altezza-700cm, Look sp1 round -Ottone-Diametro-40cm---Altezza-700cm, Look sp1 round -Bianco-Diametro-60cm---Altezza-1000cm, Look sp1 round -Nero-Diametro-60cm---Altezza-1000cm, Look sp1 round -Ottone-Diametro-60cm---Altezza-1000cm, Look sp1 round -Bianco-Diametro-60cm---Altezza-250cm, Look sp1 round -Nero-Diametro-60cm---Altezza-250cm, Look sp1 round -Ottone-Diametro-60cm---Altezza-250cm, Look sp1 round -Alabastro-Diametro-60cm---Altezza-400cm, Look sp1 round -Argento-Diametro-60cm---Altezza-400cm, Look sp1 round -Bianco-Diametro-60cm---Altezza-400cm, Look sp1 round -Brunito-Diametro-60cm---Altezza-400cm, Look sp1 round -Caffè-Diametro-60cm---Altezza-400cm, Look sp1 round -Cromo-Diametro-60cm---Altezza-400cm, Look sp1 round -Nero-Diametro-60cm---Altezza-400cm, Look sp1 round -Oro-Diametro-60cm---Altezza-400cm, Look sp1 round -Ottone-Diametro-60cm---Altezza-400cm, Look sp1 round -Rame-Diametro-60cm---Altezza-400cm, Look sp1 round -Trasparente-Diametro-60cm---Altezza-400cm, Look sp1 round -Bianco-Diametro-60cm---Altezza-700cm, Look sp1 round -Nero-Diametro-60cm---Altezza-700cm e Look sp1 round -Ottone-Diametro-60cm---Altezza-700cm. Dal punto di vista tecnico, la scheda riporta materiali dichiarati: Alluminio, Metallo, Vetro; ingombri disponibili: Ø4cm x H min 1260 / max 3060 - Ø4cm x H min 510 / max 2310 - Ø4cm x H min 660 / max 2600 - Ø4cm x H min 1000 / max 2760 - Ø6cm x H min 1260 / max 3060 - Ø6cm x H min 510 / max 2310 - Ø6cm x H min 660 / max 2400 - Ø6cm x H min 1000 / max 2760; potenza massima: 28W; attacco portalampada: GU10; lampadina inclusa: Sì; grado di protezione: IP20. Secondo la descrizione ufficiale Ideal Lux, famiglia di sospensioni per interni dal design sottile e minimale, in grado di adattarsi a ogni esigenza di luce d'accento, disponibile in un'ampia e preziosa gamma di finiture per una perfetta integrazione con gli arredi degli spazi abitati. Questa sospensione è adatta a diversi ambienti della casa: sopra il tavolo da pranzo crea un punto luce centrale, in soggiorno e nella zona living contribuisce a definire l’atmosfera, in cucina può illuminare isole, penisole e piani snack, mentre in camera da letto o in un corridoio ampio può diventare un elemento decorativo capace di dare personalità allo spazio. Nei contesti professionali può essere utilizzata in reception, sale d’attesa, uffici direzionali, showroom, negozi, ristoranti, bar, hotel e spazi contract, sempre valutando altezza di installazione, dimensioni della stanza e quantità di luce desiderata. La scelta tra le varianti permette di coordinare la lampada con arredi chiari o scuri, superfici metalliche, vetro, legno, pietra o finiture contemporanee. Le versioni con diametri, forme o numero di sorgenti differenti sono utili per adattare la presenza visiva della sospensione a tavoli piccoli, piani allungati, ambienti con soffitto alto o zone living più scenografiche. Il grado di protezione indicato, quando presente nella scheda tecnica, conferma la destinazione ad ambienti interni asciutti: non viene quindi descritta come lampada da esterno o per zone esposte ad acqua e agenti atmosferici. Per ottenere il miglior risultato è consigliabile scegliere la sorgente luminosa compatibile con l’attacco e la potenza previsti, valutando temperatura colore, intensità e resa cromatica in funzione dell’ambiente. Una luce calda valorizza aree relax, sale da pranzo e camere, mentre una luce più neutra può essere utile in cucina, studio o spazi commerciali. La Ideal Lux Look sp1 round Lampade a Sospensione per Interni unisce funzione luminosa e valore decorativo, offrendo una soluzione SEO friendly e completa per chi cerca una lampada a sospensione Ideal Lux affidabile, ben descritta nelle varianti e pronta per essere inserita in un progetto di illuminazione domestico o professionale.","Lampada a sospensione Ideal Lux Look sp1 round per interni: ideale per soggiorno, cucina, living, sala da pranzo, camera e ambienti contract."
IL-CONFIG-241,"Ideal Lux Look sp1 square Lampade a Sospensione per Interni è una lampada a sospensione Ideal Lux pensata per l’illuminazione di interni residenziali e professionali, con una presenza scenografica coerente con il modello Look sp1 square. Il prodotto configurabile riunisce le varianti realmente associate nel catalogo: finiture/colori Bianco, Nero e Ottone; dimensioni 40cm e 60cm; attacco GU10; potenza massima 28W; materiali Alluminio, Metallo, Vetro; lampadina inclusa: Sì. Le configurazioni disponibili comprendono: Look sp1 square -Bianco-Larghezza-40cm, Look sp1 square -Nero-Larghezza-40cm, Look sp1 square -Ottone-Larghezza-40cm, Look sp1 square -Bianco-Larghezza-60cm, Look sp1 square -Nero-Larghezza-60cm e Look sp1 square -Ottone-Larghezza-60cm. La sospensione è indicata per soggiorno, zona living, sala da pranzo, cucina con isola o penisola, camera da letto, corridoi ampi e ambienti contract come reception, showroom, sale riunioni, ristoranti e boutique, scegliendo la configurazione più adatta per dimensione, finitura e numero di luci.","La Ideal Lux Look sp1 square Lampade a Sospensione per Interni è una lampada a sospensione Ideal Lux per interni progettata per completare l’arredo con una luce sospesa elegante, riconoscibile e proporzionata agli spazi. Il modello Look sp1 square è stato trattato come prodotto configurabile: le informazioni sono state aggregate dalle varianti semplici collegate, dagli attributi tecnici del configurabile, dal listino giacenze e dalle descrizioni ufficiali Ideal Lux quando presenti. In questo modo la scheda prodotto descrive l’intera famiglia disponibile senza creare testi separati per ogni singola variante. Le configurazioni disponibili includono finiture/colori Bianco, Nero e Ottone; dimensioni 40cm e 60cm; attacco GU10; potenza massima 28W; materiali Alluminio, Metallo, Vetro; lampadina inclusa: Sì. Le configurazioni disponibili comprendono: Look sp1 square -Bianco-Larghezza-40cm, Look sp1 square -Nero-Larghezza-40cm, Look sp1 square -Ottone-Larghezza-40cm, Look sp1 square -Bianco-Larghezza-60cm, Look sp1 square -Nero-Larghezza-60cm e Look sp1 square -Ottone-Larghezza-60cm. Dal punto di vista tecnico, la scheda riporta materiali dichiarati: Alluminio, Metallo, Vetro; ingombri disponibili: L4cm x H min 660 / max 2600 x P4cm - L6cm x H min 660 / max 2300 x P6cm; potenza massima: 28W; attacco portalampada: GU10; lampadina inclusa: Sì; grado di protezione: IP20. Questa sospensione è adatta a diversi ambienti della casa: sopra il tavolo da pranzo crea un punto luce centrale, in soggiorno e nella zona living contribuisce a definire l’atmosfera, in cucina può illuminare isole, penisole e piani snack, mentre in camera da letto o in un corridoio ampio può diventare un elemento decorativo capace di dare personalità allo spazio. Nei contesti professionali può essere utilizzata in reception, sale d’attesa, uffici direzionali, showroom, negozi, ristoranti, bar, hotel e spazi contract, sempre valutando altezza di installazione, dimensioni della stanza e quantità di luce desiderata. La scelta tra le varianti permette di coordinare la lampada con arredi chiari o scuri, superfici metalliche, vetro, legno, pietra o finiture contemporanee. Le versioni con diametri, forme o numero di sorgenti differenti sono utili per adattare la presenza visiva della sospensione a tavoli piccoli, piani allungati, ambienti con soffitto alto o zone living più scenografiche. Il grado di protezione indicato, quando presente nella scheda tecnica, conferma la destinazione ad ambienti interni asciutti: non viene quindi descritta come lampada da esterno o per zone esposte ad acqua e agenti atmosferici. Per ottenere il miglior risultato è consigliabile scegliere la sorgente luminosa compatibile con l’attacco e la potenza previsti, valutando temperatura colore, intensità e resa cromatica in funzione dell’ambiente. Una luce calda valorizza aree relax, sale da pranzo e camere, mentre una luce più neutra può essere utile in cucina, studio o spazi commerciali. La Ideal Lux Look sp1 square Lampade a Sospensione per Interni unisce funzione luminosa e valore decorativo, offrendo una soluzione SEO friendly e completa per chi cerca una lampada a sospensione Ideal Lux affidabile, ben descritta nelle varianti e pronta per essere inserita in un progetto di illuminazione domestico o professionale.","Lampada a sospensione Ideal Lux Look sp1 square per interni: ideale per soggiorno, cucina, living, sala da pranzo, camera e ambienti contract."
IL-CONFIG-242,"Ideal Lux Lord sp1 Lampade a Sospensione per Interni è una lampada a sospensione Ideal Lux pensata per l’illuminazione di interni residenziali e professionali, con una presenza scenografica coerente con il modello Lord sp1. Il prodotto configurabile riunisce le varianti realmente associate nel catalogo: dimensioni Ø23cm x H min 580 / max 2330; attacco E27; potenza massima 60W; materiali Metallo, Vetro. Le configurazioni disponibili comprendono: Lord sp1. La sospensione è indicata per soggiorno, zona living, sala da pranzo, cucina con isola o penisola, camera da letto, corridoi ampi e ambienti contract come reception, showroom, sale riunioni, ristoranti e boutique, scegliendo la configurazione più adatta per dimensione, finitura e numero di luci.","La Ideal Lux Lord sp1 Lampade a Sospensione per Interni è una lampada a sospensione Ideal Lux per interni progettata per completare l’arredo con una luce sospesa elegante, riconoscibile e proporzionata agli spazi. Il modello Lord sp1 è stato trattato come prodotto configurabile: le informazioni sono state aggregate dalle varianti semplici collegate, dagli attributi tecnici del configurabile, dal listino giacenze e dalle descrizioni ufficiali Ideal Lux quando presenti. In questo modo la scheda prodotto descrive l’intera famiglia disponibile senza creare testi separati per ogni singola variante. Le configurazioni disponibili includono dimensioni Ø23cm x H min 580 / max 2330; attacco E27; potenza massima 60W; materiali Metallo, Vetro. Le configurazioni disponibili comprendono: Lord sp1. Dal punto di vista tecnico, la scheda riporta materiali dichiarati: Metallo, Vetro; ingombri disponibili: Ø23cm x H min 580 / max 2330; potenza massima: 60W; attacco portalampada: E27; grado di protezione: IP20. Questa sospensione è adatta a diversi ambienti della casa: sopra il tavolo da pranzo crea un punto luce centrale, in soggiorno e nella zona living contribuisce a definire l’atmosfera, in cucina può illuminare isole, penisole e piani snack, mentre in camera da letto o in un corridoio ampio può diventare un elemento decorativo capace di dare personalità allo spazio. Nei contesti professionali può essere utilizzata in reception, sale d’attesa, uffici direzionali, showroom, negozi, ristoranti, bar, hotel e spazi contract, sempre valutando altezza di installazione, dimensioni della stanza e quantità di luce desiderata. La scelta tra le varianti permette di coordinare la lampada con arredi chiari o scuri, superfici metalliche, vetro, legno, pietra o finiture contemporanee. Le versioni con diametri, forme o numero di sorgenti differenti sono utili per adattare la presenza visiva della sospensione a tavoli piccoli, piani allungati, ambienti con soffitto alto o zone living più scenografiche. Il grado di protezione indicato, quando presente nella scheda tecnica, conferma la destinazione ad ambienti interni asciutti: non viene quindi descritta come lampada da esterno o per zone esposte ad acqua e agenti atmosferici. Per ottenere il miglior risultato è consigliabile scegliere la sorgente luminosa compatibile con l’attacco e la potenza previsti, valutando temperatura colore, intensità e resa cromatica in funzione dell’ambiente. Una luce calda valorizza aree relax, sale da pranzo e camere, mentre una luce più neutra può essere utile in cucina, studio o spazi commerciali. La Ideal Lux Lord sp1 Lampade a Sospensione per Interni unisce funzione luminosa e valore decorativo, offrendo una soluzione SEO friendly e completa per chi cerca una lampada a sospensione Ideal Lux affidabile, ben descritta nelle varianti e pronta per essere inserita in un progetto di illuminazione domestico o professionale.","Lampada a sospensione Ideal Lux Lord sp1 per interni: ideale per soggiorno, cucina, living, sala da pranzo, camera e ambienti contract."
IL-CONFIG-243,"Ideal Lux Lucciola sp16 Lampade a Sospensione per Interni è una lampada a sospensione Ideal Lux pensata per l’illuminazione di interni residenziali e professionali, con una presenza scenografica coerente con il modello Lucciola sp16. Il prodotto configurabile riunisce le varianti realmente associate nel catalogo: finiture/colori Nero e Ottone; dimensioni Ø20cm x H min 450 / max 5435; attacco LED; potenza massima 16W; materiali Metallo, Vetro; lampadina inclusa: Sì. Le configurazioni disponibili comprendono: Lucciola sp16 -Nero e Lucciola sp16 -Ottone. La sospensione è indicata per soggiorno, zona living, sala da pranzo, cucina con isola o penisola, camera da letto, corridoi ampi e ambienti contract come reception, showroom, sale riunioni, ristoranti e boutique, scegliendo la configurazione più adatta per dimensione, finitura e numero di luci.","La Ideal Lux Lucciola sp16 Lampade a Sospensione per Interni è una lampada a sospensione Ideal Lux per interni progettata per completare l’arredo con una luce sospesa elegante, riconoscibile e proporzionata agli spazi. Il modello Lucciola sp16 è stato trattato come prodotto configurabile: le informazioni sono state aggregate dalle varianti semplici collegate, dagli attributi tecnici del configurabile, dal listino giacenze e dalle descrizioni ufficiali Ideal Lux quando presenti. In questo modo la scheda prodotto descrive l’intera famiglia disponibile senza creare testi separati per ogni singola variante. Le configurazioni disponibili includono finiture/colori Nero e Ottone; dimensioni Ø20cm x H min 450 / max 5435; attacco LED; potenza massima 16W; materiali Metallo, Vetro; lampadina inclusa: Sì. Le configurazioni disponibili comprendono: Lucciola sp16 -Nero e Lucciola sp16 -Ottone. Dal punto di vista tecnico, la scheda riporta materiali dichiarati: Metallo, Vetro; ingombri disponibili: Ø20cm x H min 450 / max 5435; potenza massima: 16W; attacco portalampada: LED; lampadina inclusa: Sì; grado di protezione: IP20. Questa sospensione è adatta a diversi ambienti della casa: sopra il tavolo da pranzo crea un punto luce centrale, in soggiorno e nella zona living contribuisce a definire l’atmosfera, in cucina può illuminare isole, penisole e piani snack, mentre in camera da letto o in un corridoio ampio può diventare un elemento decorativo capace di dare personalità allo spazio. Nei contesti professionali può essere utilizzata in reception, sale d’attesa, uffici direzionali, showroom, negozi, ristoranti, bar, hotel e spazi contract, sempre valutando altezza di installazione, dimensioni della stanza e quantità di luce desiderata. La scelta tra le varianti permette di coordinare la lampada con arredi chiari o scuri, superfici metalliche, vetro, legno, pietra o finiture contemporanee. Le versioni con diametri, forme o numero di sorgenti differenti sono utili per adattare la presenza visiva della sospensione a tavoli piccoli, piani allungati, ambienti con soffitto alto o zone living più scenografiche. Il grado di protezione indicato, quando presente nella scheda tecnica, conferma la destinazione ad ambienti interni asciutti: non viene quindi descritta come lampada da esterno o per zone esposte ad acqua e agenti atmosferici. Per ottenere il miglior risultato è consigliabile scegliere la sorgente luminosa compatibile con l’attacco e la potenza previsti, valutando temperatura colore, intensità e resa cromatica in funzione dell’ambiente. Una luce calda valorizza aree relax, sale da pranzo e camere, mentre una luce più neutra può essere utile in cucina, studio o spazi commerciali. La Ideal Lux Lucciola sp16 Lampade a Sospensione per Interni unisce funzione luminosa e valore decorativo, offrendo una soluzione SEO friendly e completa per chi cerca una lampada a sospensione Ideal Lux affidabile, ben descritta nelle varianti e pronta per essere inserita in un progetto di illuminazione domestico o professionale.","Lampada a sospensione Ideal Lux Lucciola sp16 per interni: ideale per soggiorno, cucina, living, sala da pranzo, camera e ambienti contract."
IL-CONFIG-244,"Ideal Lux Lumiere per Interni è una lampada a sospensione Ideal Lux pensata per l’illuminazione di interni residenziali e professionali, con una presenza scenografica coerente con il modello Lumiere. Il prodotto configurabile riunisce le varianti realmente associate nel catalogo: dimensioni Ø28cm x H min 950 / max 2755; attacco LED; potenza massima 27W; materiali Metallo, Vetro; lampadina inclusa: Sì. Le configurazioni disponibili comprendono: Lumiere-1 sp. La sospensione è indicata per soggiorno, zona living, sala da pranzo, cucina con isola o penisola, camera da letto, corridoi ampi e ambienti contract come reception, showroom, sale riunioni, ristoranti e boutique, scegliendo la configurazione più adatta per dimensione, finitura e numero di luci.","La Ideal Lux Lumiere per Interni è una lampada a sospensione Ideal Lux per interni progettata per completare l’arredo con una luce sospesa elegante, riconoscibile e proporzionata agli spazi. Il modello Lumiere è stato trattato come prodotto configurabile: le informazioni sono state aggregate dalle varianti semplici collegate, dagli attributi tecnici del configurabile, dal listino giacenze e dalle descrizioni ufficiali Ideal Lux quando presenti. In questo modo la scheda prodotto descrive l’intera famiglia disponibile senza creare testi separati per ogni singola variante. Le configurazioni disponibili includono dimensioni Ø28cm x H min 950 / max 2755; attacco LED; potenza massima 27W; materiali Metallo, Vetro; lampadina inclusa: Sì. Le configurazioni disponibili comprendono: Lumiere-1 sp. Dal punto di vista tecnico, la scheda riporta materiali dichiarati: Metallo, Vetro; ingombri disponibili: Ø28cm x H min 950 / max 2755; potenza massima: 27W; attacco portalampada: LED; lampadina inclusa: Sì; grado di protezione: IP20. Questa sospensione è adatta a diversi ambienti della casa: sopra il tavolo da pranzo crea un punto luce centrale, in soggiorno e nella zona living contribuisce a definire l’atmosfera, in cucina può illuminare isole, penisole e piani snack, mentre in camera da letto o in un corridoio ampio può diventare un elemento decorativo capace di dare personalità allo spazio. Nei contesti professionali può essere utilizzata in reception, sale d’attesa, uffici direzionali, showroom, negozi, ristoranti, bar, hotel e spazi contract, sempre valutando altezza di installazione, dimensioni della stanza e quantità di luce desiderata. La scelta tra le varianti permette di coordinare la lampada con arredi chiari o scuri, superfici metalliche, vetro, legno, pietra o finiture contemporanee. Le versioni con diametri, forme o numero di sorgenti differenti sono utili per adattare la presenza visiva della sospensione a tavoli piccoli, piani allungati, ambienti con soffitto alto o zone living più scenografiche. Il grado di protezione indicato, quando presente nella scheda tecnica, conferma la destinazione ad ambienti interni asciutti: non viene quindi descritta come lampada da esterno o per zone esposte ad acqua e agenti atmosferici. Per ottenere il miglior risultato è consigliabile scegliere la sorgente luminosa compatibile con l’attacco e la potenza previsti, valutando temperatura colore, intensità e resa cromatica in funzione dell’ambiente. Una luce calda valorizza aree relax, sale da pranzo e camere, mentre una luce più neutra può essere utile in cucina, studio o spazi commerciali. La Ideal Lux Lumiere per Interni unisce funzione luminosa e valore decorativo, offrendo una soluzione SEO friendly e completa per chi cerca una lampada a sospensione Ideal Lux affidabile, ben descritta nelle varianti e pronta per essere inserita in un progetto di illuminazione domestico o professionale.","Lampada a sospensione Ideal Lux Lumiere per interni: ideale per soggiorno, cucina, living, sala da pranzo, camera e ambienti contract."
IL-CONFIG-245,"Ideal Lux Lumiere per Interni è una lampada a sospensione Ideal Lux pensata per l’illuminazione di interni residenziali e professionali, con una presenza scenografica coerente con il modello Lumiere. Il prodotto configurabile riunisce le varianti realmente associate nel catalogo: dimensioni Ø28cm x H min 930 / max 2730; attacco LED; potenza massima 34W; materiali Metallo, Vetro; lampadina inclusa: Sì. Le configurazioni disponibili comprendono: Lumiere-2 sp. La sospensione è indicata per soggiorno, zona living, sala da pranzo, cucina con isola o penisola, camera da letto, corridoi ampi e ambienti contract come reception, showroom, sale riunioni, ristoranti e boutique, scegliendo la configurazione più adatta per dimensione, finitura e numero di luci.","La Ideal Lux Lumiere per Interni è una lampada a sospensione Ideal Lux per interni progettata per completare l’arredo con una luce sospesa elegante, riconoscibile e proporzionata agli spazi. Il modello Lumiere è stato trattato come prodotto configurabile: le informazioni sono state aggregate dalle varianti semplici collegate, dagli attributi tecnici del configurabile, dal listino giacenze e dalle descrizioni ufficiali Ideal Lux quando presenti. In questo modo la scheda prodotto descrive l’intera famiglia disponibile senza creare testi separati per ogni singola variante. Le configurazioni disponibili includono dimensioni Ø28cm x H min 930 / max 2730; attacco LED; potenza massima 34W; materiali Metallo, Vetro; lampadina inclusa: Sì. Le configurazioni disponibili comprendono: Lumiere-2 sp. Dal punto di vista tecnico, la scheda riporta materiali dichiarati: Metallo, Vetro; ingombri disponibili: Ø28cm x H min 930 / max 2730; potenza massima: 34W; attacco portalampada: LED; lampadina inclusa: Sì; grado di protezione: IP20. Questa sospensione è adatta a diversi ambienti della casa: sopra il tavolo da pranzo crea un punto luce centrale, in soggiorno e nella zona living contribuisce a definire l’atmosfera, in cucina può illuminare isole, penisole e piani snack, mentre in camera da letto o in un corridoio ampio può diventare un elemento decorativo capace di dare personalità allo spazio. Nei contesti professionali può essere utilizzata in reception, sale d’attesa, uffici direzionali, showroom, negozi, ristoranti, bar, hotel e spazi contract, sempre valutando altezza di installazione, dimensioni della stanza e quantità di luce desiderata. La scelta tra le varianti permette di coordinare la lampada con arredi chiari o scuri, superfici metalliche, vetro, legno, pietra o finiture contemporanee. Le versioni con diametri, forme o numero di sorgenti differenti sono utili per adattare la presenza visiva della sospensione a tavoli piccoli, piani allungati, ambienti con soffitto alto o zone living più scenografiche. Il grado di protezione indicato, quando presente nella scheda tecnica, conferma la destinazione ad ambienti interni asciutti: non viene quindi descritta come lampada da esterno o per zone esposte ad acqua e agenti atmosferici. Per ottenere il miglior risultato è consigliabile scegliere la sorgente luminosa compatibile con l’attacco e la potenza previsti, valutando temperatura colore, intensità e resa cromatica in funzione dell’ambiente. Una luce calda valorizza aree relax, sale da pranzo e camere, mentre una luce più neutra può essere utile in cucina, studio o spazi commerciali. La Ideal Lux Lumiere per Interni unisce funzione luminosa e valore decorativo, offrendo una soluzione SEO friendly e completa per chi cerca una lampada a sospensione Ideal Lux affidabile, ben descritta nelle varianti e pronta per essere inserita in un progetto di illuminazione domestico o professionale.","Lampada a sospensione Ideal Lux Lumiere per interni: ideale per soggiorno, cucina, living, sala da pranzo, camera e ambienti contract."
IL-CONFIG-246,"Ideal Lux Lumiere per Interni è una lampada a sospensione Ideal Lux pensata per l’illuminazione di interni residenziali e professionali, con una presenza scenografica coerente con il modello Lumiere. Il prodotto configurabile riunisce le varianti realmente associate nel catalogo: dimensioni Ø16cm x H min 1325 / max 3125; attacco LED; potenza massima 39W; materiali Metallo, Vetro; lampadina inclusa: Sì. Le configurazioni disponibili comprendono: Lumiere-3 sp. La sospensione è indicata per soggiorno, zona living, sala da pranzo, cucina con isola o penisola, camera da letto, corridoi ampi e ambienti contract come reception, showroom, sale riunioni, ristoranti e boutique, scegliendo la configurazione più adatta per dimensione, finitura e numero di luci.","La Ideal Lux Lumiere per Interni è una lampada a sospensione Ideal Lux per interni progettata per completare l’arredo con una luce sospesa elegante, riconoscibile e proporzionata agli spazi. Il modello Lumiere è stato trattato come prodotto configurabile: le informazioni sono state aggregate dalle varianti semplici collegate, dagli attributi tecnici del configurabile, dal listino giacenze e dalle descrizioni ufficiali Ideal Lux quando presenti. In questo modo la scheda prodotto descrive l’intera famiglia disponibile senza creare testi separati per ogni singola variante. Le configurazioni disponibili includono dimensioni Ø16cm x H min 1325 / max 3125; attacco LED; potenza massima 39W; materiali Metallo, Vetro; lampadina inclusa: Sì. Le configurazioni disponibili comprendono: Lumiere-3 sp. Dal punto di vista tecnico, la scheda riporta materiali dichiarati: Metallo, Vetro; ingombri disponibili: Ø16cm x H min 1325 / max 3125; potenza massima: 39W; attacco portalampada: LED; lampadina inclusa: Sì; grado di protezione: IP20. Questa sospensione è adatta a diversi ambienti della casa: sopra il tavolo da pranzo crea un punto luce centrale, in soggiorno e nella zona living contribuisce a definire l’atmosfera, in cucina può illuminare isole, penisole e piani snack, mentre in camera da letto o in un corridoio ampio può diventare un elemento decorativo capace di dare personalità allo spazio. Nei contesti professionali può essere utilizzata in reception, sale d’attesa, uffici direzionali, showroom, negozi, ristoranti, bar, hotel e spazi contract, sempre valutando altezza di installazione, dimensioni della stanza e quantità di luce desiderata. La scelta tra le varianti permette di coordinare la lampada con arredi chiari o scuri, superfici metalliche, vetro, legno, pietra o finiture contemporanee. Le versioni con diametri, forme o numero di sorgenti differenti sono utili per adattare la presenza visiva della sospensione a tavoli piccoli, piani allungati, ambienti con soffitto alto o zone living più scenografiche. Il grado di protezione indicato, quando presente nella scheda tecnica, conferma la destinazione ad ambienti interni asciutti: non viene quindi descritta come lampada da esterno o per zone esposte ad acqua e agenti atmosferici. Per ottenere il miglior risultato è consigliabile scegliere la sorgente luminosa compatibile con l’attacco e la potenza previsti, valutando temperatura colore, intensità e resa cromatica in funzione dell’ambiente. Una luce calda valorizza aree relax, sale da pranzo e camere, mentre una luce più neutra può essere utile in cucina, studio o spazi commerciali. La Ideal Lux Lumiere per Interni unisce funzione luminosa e valore decorativo, offrendo una soluzione SEO friendly e completa per chi cerca una lampada a sospensione Ideal Lux affidabile, ben descritta nelle varianti e pronta per essere inserita in un progetto di illuminazione domestico o professionale.","Lampada a sospensione Ideal Lux Lumiere per interni: ideale per soggiorno, cucina, living, sala da pranzo, camera e ambienti contract."
IL-CONFIG-247,"Ideal Lux Luxor sp12 Lampade a Sospensione per Interni è una lampada a sospensione Ideal Lux pensata per l’illuminazione di interni residenziali e professionali, con una presenza scenografica coerente con il modello Luxor sp12. Il prodotto configurabile riunisce le varianti realmente associate nel catalogo: dimensioni Ø60cm x H min 850 / max 1850; attacco G9; potenza massima 12 x 40W; materiali Cristallo, Metallo, Vetro; lampadina inclusa: Sì. Le configurazioni disponibili comprendono: Luxor sp12. La sospensione è indicata per soggiorno, zona living, sala da pranzo, cucina con isola o penisola, camera da letto, corridoi ampi e ambienti contract come reception, showroom, sale riunioni, ristoranti e boutique, scegliendo la configurazione più adatta per dimensione, finitura e numero di luci.","La Ideal Lux Luxor sp12 Lampade a Sospensione per Interni è una lampada a sospensione Ideal Lux per interni progettata per completare l’arredo con una luce sospesa elegante, riconoscibile e proporzionata agli spazi. Il modello Luxor sp12 è stato trattato come prodotto configurabile: le informazioni sono state aggregate dalle varianti semplici collegate, dagli attributi tecnici del configurabile, dal listino giacenze e dalle descrizioni ufficiali Ideal Lux quando presenti. In questo modo la scheda prodotto descrive l’intera famiglia disponibile senza creare testi separati per ogni singola variante. Le configurazioni disponibili includono dimensioni Ø60cm x H min 850 / max 1850; attacco G9; potenza massima 12 x 40W; materiali Cristallo, Metallo, Vetro; lampadina inclusa: Sì. Le configurazioni disponibili comprendono: Luxor sp12. Dal punto di vista tecnico, la scheda riporta materiali dichiarati: Cristallo, Metallo, Vetro; ingombri disponibili: Ø60cm x H min 850 / max 1850; potenza massima: 12 x 40W; attacco portalampada: G9; lampadina inclusa: Sì; grado di protezione: IP20. Questa sospensione è adatta a diversi ambienti della casa: sopra il tavolo da pranzo crea un punto luce centrale, in soggiorno e nella zona living contribuisce a definire l’atmosfera, in cucina può illuminare isole, penisole e piani snack, mentre in camera da letto o in un corridoio ampio può diventare un elemento decorativo capace di dare personalità allo spazio. Nei contesti professionali può essere utilizzata in reception, sale d’attesa, uffici direzionali, showroom, negozi, ristoranti, bar, hotel e spazi contract, sempre valutando altezza di installazione, dimensioni della stanza e quantità di luce desiderata. La scelta tra le varianti permette di coordinare la lampada con arredi chiari o scuri, superfici metalliche, vetro, legno, pietra o finiture contemporanee. Le versioni con diametri, forme o numero di sorgenti differenti sono utili per adattare la presenza visiva della sospensione a tavoli piccoli, piani allungati, ambienti con soffitto alto o zone living più scenografiche. Il grado di protezione indicato, quando presente nella scheda tecnica, conferma la destinazione ad ambienti interni asciutti: non viene quindi descritta come lampada da esterno o per zone esposte ad acqua e agenti atmosferici. Per ottenere il miglior risultato è consigliabile scegliere la sorgente luminosa compatibile con l’attacco e la potenza previsti, valutando temperatura colore, intensità e resa cromatica in funzione dell’ambiente. Una luce calda valorizza aree relax, sale da pranzo e camere, mentre una luce più neutra può essere utile in cucina, studio o spazi commerciali. La Ideal Lux Luxor sp12 Lampade a Sospensione per Interni unisce funzione luminosa e valore decorativo, offrendo una soluzione SEO friendly e completa per chi cerca una lampada a sospensione Ideal Lux affidabile, ben descritta nelle varianti e pronta per essere inserita in un progetto di illuminazione domestico o professionale.","Lampada a sospensione Ideal Lux Luxor sp12 per interni: ideale per soggiorno, cucina, living, sala da pranzo, camera e ambienti contract."
IL-CONFIG-248,"Ideal Lux Madame sp1 Lampade a Sospensione per Interni è una lampada a sospensione Ideal Lux pensata per l’illuminazione di interni residenziali e professionali, con una presenza scenografica coerente con il modello Madame sp1. Il prodotto configurabile riunisce le varianti realmente associate nel catalogo: finiture/colori Bianco e Nero; dimensioni Ø110cm x H min 550 / max 2300; attacco E27; potenza massima 60W; materiali Tessuto. Le configurazioni disponibili comprendono: Madame sp1 -Avorio, Madame sp1 -Bianco e Madame sp1 -Nero. Secondo la descrizione ufficiale Ideal Lux, rosone in metallo verniciato opaco bianco o nero. Cavo in tessuto. Diffusore con telaio metallico avvolto da nastro in tessuto di raso bianco, canvas o nero. La sospensione è indicata per soggiorno, zona living, sala da pranzo, cucina con isola o penisola, camera da letto, corridoi ampi e ambienti contract come reception, showroom, sale riunioni, ristoranti e boutique, scegliendo la configurazione più adatta per dimensione, finitura e numero di luci.","La Ideal Lux Madame sp1 Lampade a Sospensione per Interni è una lampada a sospensione Ideal Lux per interni progettata per completare l’arredo con una luce sospesa elegante, riconoscibile e proporzionata agli spazi. Il modello Madame sp1 è stato trattato come prodotto configurabile: le informazioni sono state aggregate dalle varianti semplici collegate, dagli attributi tecnici del configurabile, dal listino giacenze e dalle descrizioni ufficiali Ideal Lux quando presenti. In questo modo la scheda prodotto descrive l’intera famiglia disponibile senza creare testi separati per ogni singola variante. Le configurazioni disponibili includono finiture/colori Bianco e Nero; dimensioni Ø110cm x H min 550 / max 2300; attacco E27; potenza massima 60W; materiali Tessuto. Le configurazioni disponibili comprendono: Madame sp1 -Avorio, Madame sp1 -Bianco e Madame sp1 -Nero. Dal punto di vista tecnico, la scheda riporta materiali dichiarati: Tessuto; ingombri disponibili: Ø110cm x H min 550 / max 2300; potenza massima: 60W; attacco portalampada: E27; grado di protezione: IP20. Secondo la descrizione ufficiale Ideal Lux, rosone in metallo verniciato opaco bianco o nero. Cavo in tessuto. Diffusore con telaio metallico avvolto da nastro in tessuto di raso bianco, canvas o nero. Questa sospensione è adatta a diversi ambienti della casa: sopra il tavolo da pranzo crea un punto luce centrale, in soggiorno e nella zona living contribuisce a definire l’atmosfera, in cucina può illuminare isole, penisole e piani snack, mentre in camera da letto o in un corridoio ampio può diventare un elemento decorativo capace di dare personalità allo spazio. Nei contesti professionali può essere utilizzata in reception, sale d’attesa, uffici direzionali, showroom, negozi, ristoranti, bar, hotel e spazi contract, sempre valutando altezza di installazione, dimensioni della stanza e quantità di luce desiderata. La scelta tra le varianti permette di coordinare la lampada con arredi chiari o scuri, superfici metalliche, vetro, legno, pietra o finiture contemporanee. Le versioni con diametri, forme o numero di sorgenti differenti sono utili per adattare la presenza visiva della sospensione a tavoli piccoli, piani allungati, ambienti con soffitto alto o zone living più scenografiche. Il grado di protezione indicato, quando presente nella scheda tecnica, conferma la destinazione ad ambienti interni asciutti: non viene quindi descritta come lampada da esterno o per zone esposte ad acqua e agenti atmosferici. Per ottenere il miglior risultato è consigliabile scegliere la sorgente luminosa compatibile con l’attacco e la potenza previsti, valutando temperatura colore, intensità e resa cromatica in funzione dell’ambiente. Una luce calda valorizza aree relax, sale da pranzo e camere, mentre una luce più neutra può essere utile in cucina, studio o spazi commerciali. La Ideal Lux Madame sp1 Lampade a Sospensione per Interni unisce funzione luminosa e valore decorativo, offrendo una soluzione SEO friendly e completa per chi cerca una lampada a sospensione Ideal Lux affidabile, ben descritta nelle varianti e pronta per essere inserita in un progetto di illuminazione domestico o professionale.","Lampada a sospensione Ideal Lux Madame sp1 per interni: ideale per soggiorno, cucina, living, sala da pranzo, camera e ambienti contract."
IL-CONFIG-249,"Ideal Lux Mapa max sp1 Lampade a Sospensione per Interni è una lampada a sospensione Ideal Lux pensata per l’illuminazione di interni residenziali e professionali, con una presenza scenografica coerente con il modello Mapa max sp1. Il prodotto configurabile riunisce le varianti realmente associate nel catalogo: dimensioni Ø30cm x H min 550 / max 2300; attacco E27; potenza massima 42W; materiali Metallo, Vetro. Le configurazioni disponibili comprendono: Mapa max sp1. La sospensione è indicata per soggiorno, zona living, sala da pranzo, cucina con isola o penisola, camera da letto, corridoi ampi e ambienti contract come reception, showroom, sale riunioni, ristoranti e boutique, scegliendo la configurazione più adatta per dimensione, finitura e numero di luci.","La Ideal Lux Mapa max sp1 Lampade a Sospensione per Interni è una lampada a sospensione Ideal Lux per interni progettata per completare l’arredo con una luce sospesa elegante, riconoscibile e proporzionata agli spazi. Il modello Mapa max sp1 è stato trattato come prodotto configurabile: le informazioni sono state aggregate dalle varianti semplici collegate, dagli attributi tecnici del configurabile, dal listino giacenze e dalle descrizioni ufficiali Ideal Lux quando presenti. In questo modo la scheda prodotto descrive l’intera famiglia disponibile senza creare testi separati per ogni singola variante. Le configurazioni disponibili includono dimensioni Ø30cm x H min 550 / max 2300; attacco E27; potenza massima 42W; materiali Metallo, Vetro. Le configurazioni disponibili comprendono: Mapa max sp1. Dal punto di vista tecnico, la scheda riporta materiali dichiarati: Metallo, Vetro; ingombri disponibili: Ø30cm x H min 550 / max 2300; potenza massima: 42W; attacco portalampada: E27; grado di protezione: IP20. Questa sospensione è adatta a diversi ambienti della casa: sopra il tavolo da pranzo crea un punto luce centrale, in soggiorno e nella zona living contribuisce a definire l’atmosfera, in cucina può illuminare isole, penisole e piani snack, mentre in camera da letto o in un corridoio ampio può diventare un elemento decorativo capace di dare personalità allo spazio. Nei contesti professionali può essere utilizzata in reception, sale d’attesa, uffici direzionali, showroom, negozi, ristoranti, bar, hotel e spazi contract, sempre valutando altezza di installazione, dimensioni della stanza e quantità di luce desiderata. La scelta tra le varianti permette di coordinare la lampada con arredi chiari o scuri, superfici metalliche, vetro, legno, pietra o finiture contemporanee. Le versioni con diametri, forme o numero di sorgenti differenti sono utili per adattare la presenza visiva della sospensione a tavoli piccoli, piani allungati, ambienti con soffitto alto o zone living più scenografiche. Il grado di protezione indicato, quando presente nella scheda tecnica, conferma la destinazione ad ambienti interni asciutti: non viene quindi descritta come lampada da esterno o per zone esposte ad acqua e agenti atmosferici. Per ottenere il miglior risultato è consigliabile scegliere la sorgente luminosa compatibile con l’attacco e la potenza previsti, valutando temperatura colore, intensità e resa cromatica in funzione dell’ambiente. Una luce calda valorizza aree relax, sale da pranzo e camere, mentre una luce più neutra può essere utile in cucina, studio o spazi commerciali. La Ideal Lux Mapa max sp1 Lampade a Sospensione per Interni unisce funzione luminosa e valore decorativo, offrendo una soluzione SEO friendly e completa per chi cerca una lampada a sospensione Ideal Lux affidabile, ben descritta nelle varianti e pronta per essere inserita in un progetto di illuminazione domestico o professionale.","Lampada a sospensione Ideal Lux Mapa max sp1 per interni: ideale per soggiorno, cucina, living, sala da pranzo, camera e ambienti contract."
IL-CONFIG-250,"Ideal Lux Mapa pendel e14 12m Lampade a Sospensione per Interni è una lampada a sospensione Ideal Lux pensata per l’illuminazione di interni residenziali e professionali, con una presenza scenografica coerente con il modello Mapa pendel e14 12m. Il prodotto configurabile riunisce le varianti realmente associate nel catalogo: dimensioni 1220cm, 520cm e 510cm; attacco E14, E27, G4 e G9; potenza massima 28W - 2W - 42W - 4W; materiali Alluminio, Metallo, Vetro; lampadina inclusa: Sì. Le configurazioni disponibili comprendono: Mapa pendel e14 12m -Altezza-1220cm, Mapa pendel e14 5m -Altezza-520cm, Mapa pendel e27 12m 0m 1e -Altezza-1220cm, Mapa pendel e27 5m 0m 1e -Altezza-520cm, Mapa pendel e27 5m 1m 1e -Altezza-520cm, Mapa pendel g4 5m -Altezza-510cm e Mapa pendel g9 5m -Altezza-510cm. La sospensione è indicata per soggiorno, zona living, sala da pranzo, cucina con isola o penisola, camera da letto, corridoi ampi e ambienti contract come reception, showroom, sale riunioni, ristoranti e boutique, scegliendo la configurazione più adatta per dimensione, finitura e numero di luci.","La Ideal Lux Mapa pendel e14 12m Lampade a Sospensione per Interni è una lampada a sospensione Ideal Lux per interni progettata per completare l’arredo con una luce sospesa elegante, riconoscibile e proporzionata agli spazi. Il modello Mapa pendel e14 12m è stato trattato come prodotto configurabile: le informazioni sono state aggregate dalle varianti semplici collegate, dagli attributi tecnici del configurabile, dal listino giacenze e dalle descrizioni ufficiali Ideal Lux quando presenti. In questo modo la scheda prodotto descrive l’intera famiglia disponibile senza creare testi separati per ogni singola variante. Le configurazioni disponibili includono dimensioni 1220cm, 520cm e 510cm; attacco E14, E27, G4 e G9; potenza massima 28W - 2W - 42W - 4W; materiali Alluminio, Metallo, Vetro; lampadina inclusa: Sì. Le configurazioni disponibili comprendono: Mapa pendel e14 12m -Altezza-1220cm, Mapa pendel e14 5m -Altezza-520cm, Mapa pendel e27 12m 0m 1e -Altezza-1220cm, Mapa pendel e27 5m 0m 1e -Altezza-520cm, Mapa pendel e27 5m 1m 1e -Altezza-520cm, Mapa pendel g4 5m -Altezza-510cm e Mapa pendel g9 5m -Altezza-510cm. Dal punto di vista tecnico, la scheda riporta materiali dichiarati: Alluminio, Metallo, Vetro; ingombri disponibili: L5cm x H1220cm x P6.8cm - L5cm x H520cm x P6.8cm - L10cm x H1220cm x P11.2cm - L10cm x H520cm x P11.2cm - L17cm x H520cm x P18cm - L2.9cm x H510cm x P1.9cm - L5cm x H510cm x P6.8cm; potenza massima: 28W - 2W - 42W - 4W; attacco portalampada: E14, E27, G4 e G9; lampadina inclusa: Sì; grado di protezione: IP20. Questa sospensione è adatta a diversi ambienti della casa: sopra il tavolo da pranzo crea un punto luce centrale, in soggiorno e nella zona living contribuisce a definire l’atmosfera, in cucina può illuminare isole, penisole e piani snack, mentre in camera da letto o in un corridoio ampio può diventare un elemento decorativo capace di dare personalità allo spazio. Nei contesti professionali può essere utilizzata in reception, sale d’attesa, uffici direzionali, showroom, negozi, ristoranti, bar, hotel e spazi contract, sempre valutando altezza di installazione, dimensioni della stanza e quantità di luce desiderata. La scelta tra le varianti permette di coordinare la lampada con arredi chiari o scuri, superfici metalliche, vetro, legno, pietra o finiture contemporanee. Le versioni con diametri, forme o numero di sorgenti differenti sono utili per adattare la presenza visiva della sospensione a tavoli piccoli, piani allungati, ambienti con soffitto alto o zone living più scenografiche. Il grado di protezione indicato, quando presente nella scheda tecnica, conferma la destinazione ad ambienti interni asciutti: non viene quindi descritta come lampada da esterno o per zone esposte ad acqua e agenti atmosferici. Per ottenere il miglior risultato è consigliabile scegliere la sorgente luminosa compatibile con l’attacco e la potenza previsti, valutando temperatura colore, intensità e resa cromatica in funzione dell’ambiente. Una luce calda valorizza aree relax, sale da pranzo e camere, mentre una luce più neutra può essere utile in cucina, studio o spazi commerciali. La Ideal Lux Mapa pendel e14 12m Lampade a Sospensione per Interni unisce funzione luminosa e valore decorativo, offrendo una soluzione SEO friendly e completa per chi cerca una lampada a sospensione Ideal Lux affidabile, ben descritta nelle varianti e pronta per essere inserita in un progetto di illuminazione domestico o professionale.","Lampada a sospensione Ideal Lux Mapa pendel e14 12m per interni: ideale per soggiorno, cucina, living, sala da pranzo, camera e ambienti contract."
IL-CONFIG-251,"Ideal Lux Mapa pendel led big 2m Lampade a Sospensione per Interni è una lampada a sospensione Ideal Lux pensata per l’illuminazione di interni residenziali e professionali, con una presenza scenografica coerente con il modello Mapa pendel led big 2m. Il prodotto configurabile riunisce le varianti realmente associate nel catalogo: dimensioni 220cm e 520cm; attacco LED; potenza massima 5W; materiali Alluminio, Metallo, Vetro; dimmer: Sì; lampadina inclusa: Sì. Le configurazioni disponibili comprendono: Mapa pendel led big 2m -Altezza-220cm e Mapa pendel led big 5m -Altezza-520cm. La sospensione è indicata per soggiorno, zona living, sala da pranzo, cucina con isola o penisola, camera da letto, corridoi ampi e ambienti contract come reception, showroom, sale riunioni, ristoranti e boutique, scegliendo la configurazione più adatta per dimensione, finitura e numero di luci.","La Ideal Lux Mapa pendel led big 2m Lampade a Sospensione per Interni è una lampada a sospensione Ideal Lux per interni progettata per completare l’arredo con una luce sospesa elegante, riconoscibile e proporzionata agli spazi. Il modello Mapa pendel led big 2m è stato trattato come prodotto configurabile: le informazioni sono state aggregate dalle varianti semplici collegate, dagli attributi tecnici del configurabile, dal listino giacenze e dalle descrizioni ufficiali Ideal Lux quando presenti. In questo modo la scheda prodotto descrive l’intera famiglia disponibile senza creare testi separati per ogni singola variante. Le configurazioni disponibili includono dimensioni 220cm e 520cm; attacco LED; potenza massima 5W; materiali Alluminio, Metallo, Vetro; dimmer: Sì; lampadina inclusa: Sì. Le configurazioni disponibili comprendono: Mapa pendel led big 2m -Altezza-220cm e Mapa pendel led big 5m -Altezza-520cm. Dal punto di vista tecnico, la scheda riporta materiali dichiarati: Alluminio, Metallo, Vetro; ingombri disponibili: L6.8cm x H220cm x P5.8cm - L6.8cm x H520cm x P5.8cm; potenza massima: 5W; attacco portalampada: LED; dimmerabilità indicata nel listino: Sì; lampadina inclusa: Sì; grado di protezione: IP20. Questa sospensione è adatta a diversi ambienti della casa: sopra il tavolo da pranzo crea un punto luce centrale, in soggiorno e nella zona living contribuisce a definire l’atmosfera, in cucina può illuminare isole, penisole e piani snack, mentre in camera da letto o in un corridoio ampio può diventare un elemento decorativo capace di dare personalità allo spazio. Nei contesti professionali può essere utilizzata in reception, sale d’attesa, uffici direzionali, showroom, negozi, ristoranti, bar, hotel e spazi contract, sempre valutando altezza di installazione, dimensioni della stanza e quantità di luce desiderata. La scelta tra le varianti permette di coordinare la lampada con arredi chiari o scuri, superfici metalliche, vetro, legno, pietra o finiture contemporanee. Le versioni con diametri, forme o numero di sorgenti differenti sono utili per adattare la presenza visiva della sospensione a tavoli piccoli, piani allungati, ambienti con soffitto alto o zone living più scenografiche. Il grado di protezione indicato, quando presente nella scheda tecnica, conferma la destinazione ad ambienti interni asciutti: non viene quindi descritta come lampada da esterno o per zone esposte ad acqua e agenti atmosferici. Per ottenere il miglior risultato è consigliabile scegliere la sorgente luminosa compatibile con l’attacco e la potenza previsti, valutando temperatura colore, intensità e resa cromatica in funzione dell’ambiente. Una luce calda valorizza aree relax, sale da pranzo e camere, mentre una luce più neutra può essere utile in cucina, studio o spazi commerciali. La Ideal Lux Mapa pendel led big 2m Lampade a Sospensione per Interni unisce funzione luminosa e valore decorativo, offrendo una soluzione SEO friendly e completa per chi cerca una lampada a sospensione Ideal Lux affidabile, ben descritta nelle varianti e pronta per essere inserita in un progetto di illuminazione domestico o professionale.","Lampada a sospensione Ideal Lux Mapa pendel led big 2m per interni: ideale per soggiorno, cucina, living, sala da pranzo, camera e ambienti contract."
IL-CONFIG-252,"Ideal Lux Mapa pendel led small 2m Lampade a Sospensione per Interni è una lampada a sospensione Ideal Lux pensata per l’illuminazione di interni residenziali e professionali, con una presenza scenografica coerente con il modello Mapa pendel led small 2m. Il prodotto configurabile riunisce le varianti realmente associate nel catalogo: dimensioni 220cm e 520cm; attacco LED; potenza massima 5W; materiali Alluminio, Metallo, Vetro; dimmer: Sì; lampadina inclusa: Sì. Le configurazioni disponibili comprendono: Mapa pendel led small 2m -Altezza-220cm e Mapa pendel led small 5m -Altezza-520cm. La sospensione è indicata per soggiorno, zona living, sala da pranzo, cucina con isola o penisola, camera da letto, corridoi ampi e ambienti contract come reception, showroom, sale riunioni, ristoranti e boutique, scegliendo la configurazione più adatta per dimensione, finitura e numero di luci.","La Ideal Lux Mapa pendel led small 2m Lampade a Sospensione per Interni è una lampada a sospensione Ideal Lux per interni progettata per completare l’arredo con una luce sospesa elegante, riconoscibile e proporzionata agli spazi. Il modello Mapa pendel led small 2m è stato trattato come prodotto configurabile: le informazioni sono state aggregate dalle varianti semplici collegate, dagli attributi tecnici del configurabile, dal listino giacenze e dalle descrizioni ufficiali Ideal Lux quando presenti. In questo modo la scheda prodotto descrive l’intera famiglia disponibile senza creare testi separati per ogni singola variante. Le configurazioni disponibili includono dimensioni 220cm e 520cm; attacco LED; potenza massima 5W; materiali Alluminio, Metallo, Vetro; dimmer: Sì; lampadina inclusa: Sì. Le configurazioni disponibili comprendono: Mapa pendel led small 2m -Altezza-220cm e Mapa pendel led small 5m -Altezza-520cm. Dal punto di vista tecnico, la scheda riporta materiali dichiarati: Alluminio, Metallo, Vetro; ingombri disponibili: L3.2cm x H220cm x P1.9cm - L3.2cm x H520cm x P1.9cm; potenza massima: 5W; attacco portalampada: LED; dimmerabilità indicata nel listino: Sì; lampadina inclusa: Sì; grado di protezione: IP20. Questa sospensione è adatta a diversi ambienti della casa: sopra il tavolo da pranzo crea un punto luce centrale, in soggiorno e nella zona living contribuisce a definire l’atmosfera, in cucina può illuminare isole, penisole e piani snack, mentre in camera da letto o in un corridoio ampio può diventare un elemento decorativo capace di dare personalità allo spazio. Nei contesti professionali può essere utilizzata in reception, sale d’attesa, uffici direzionali, showroom, negozi, ristoranti, bar, hotel e spazi contract, sempre valutando altezza di installazione, dimensioni della stanza e quantità di luce desiderata. La scelta tra le varianti permette di coordinare la lampada con arredi chiari o scuri, superfici metalliche, vetro, legno, pietra o finiture contemporanee. Le versioni con diametri, forme o numero di sorgenti differenti sono utili per adattare la presenza visiva della sospensione a tavoli piccoli, piani allungati, ambienti con soffitto alto o zone living più scenografiche. Il grado di protezione indicato, quando presente nella scheda tecnica, conferma la destinazione ad ambienti interni asciutti: non viene quindi descritta come lampada da esterno o per zone esposte ad acqua e agenti atmosferici. Per ottenere il miglior risultato è consigliabile scegliere la sorgente luminosa compatibile con l’attacco e la potenza previsti, valutando temperatura colore, intensità e resa cromatica in funzione dell’ambiente. Una luce calda valorizza aree relax, sale da pranzo e camere, mentre una luce più neutra può essere utile in cucina, studio o spazi commerciali. La Ideal Lux Mapa pendel led small 2m Lampade a Sospensione per Interni unisce funzione luminosa e valore decorativo, offrendo una soluzione SEO friendly e completa per chi cerca una lampada a sospensione Ideal Lux affidabile, ben descritta nelle varianti e pronta per essere inserita in un progetto di illuminazione domestico o professionale.","Lampada a sospensione Ideal Lux Mapa pendel led small 2m per interni: ideale per soggiorno, cucina, living, sala da pranzo, camera e ambienti contract."
IL-CONFIG-253,"Ideal Lux Mapa sp1 Lampade a Sospensione per Interni è una lampada a sospensione Ideal Lux pensata per l’illuminazione di interni residenziali e professionali, con una presenza scenografica coerente con il modello Mapa sp1. Il prodotto configurabile riunisce le varianti realmente associate nel catalogo: dimensioni Diametro, 10cm, 15cm, 20cm, 30cm, 40cm e 50cm; attacco E14, E27 e G9; potenza massima 42W - 4W; materiali Alluminio, Metallo, Vetro; lampadina inclusa: Sì. Le configurazioni disponibili comprendono: Mapa sp1 -Diametro-10cm, Mapa sp1 -Diametro-15cm, Mapa sp1 -Diametro-20cm, Mapa sp1 -Diametro-30cm, Mapa sp1 -Diametro-40cm e Mapa sp1 -Diametro-50cm. La sospensione è indicata per soggiorno, zona living, sala da pranzo, cucina con isola o penisola, camera da letto, corridoi ampi e ambienti contract come reception, showroom, sale riunioni, ristoranti e boutique, scegliendo la configurazione più adatta per dimensione, finitura e numero di luci.","La Ideal Lux Mapa sp1 Lampade a Sospensione per Interni è una lampada a sospensione Ideal Lux per interni progettata per completare l’arredo con una luce sospesa elegante, riconoscibile e proporzionata agli spazi. Il modello Mapa sp1 è stato trattato come prodotto configurabile: le informazioni sono state aggregate dalle varianti semplici collegate, dagli attributi tecnici del configurabile, dal listino giacenze e dalle descrizioni ufficiali Ideal Lux quando presenti. In questo modo la scheda prodotto descrive l’intera famiglia disponibile senza creare testi separati per ogni singola variante. Le configurazioni disponibili includono dimensioni Diametro, 10cm, 15cm, 20cm, 30cm, 40cm e 50cm; attacco E14, E27 e G9; potenza massima 42W - 4W; materiali Alluminio, Metallo, Vetro; lampadina inclusa: Sì. Le configurazioni disponibili comprendono: Mapa sp1 -Diametro-10cm, Mapa sp1 -Diametro-15cm, Mapa sp1 -Diametro-20cm, Mapa sp1 -Diametro-30cm, Mapa sp1 -Diametro-40cm e Mapa sp1 -Diametro-50cm. Dal punto di vista tecnico, la scheda riporta materiali dichiarati: Alluminio, Metallo, Vetro; ingombri disponibili: Ø10cm x H min 350 / max 2100 - Ø15cm x H min 385 / max 2200 - Ø20cm x H min 450 / max 2200 - Ø30cm x H min 550 / max 2300 - Ø40cm x H min 650 / max 2400 - Ø50cm x H min 750 / max 2500; potenza massima: 42W - 4W; attacco portalampada: E14, E27 e G9; lampadina inclusa: Sì; grado di protezione: IP20. Questa sospensione è adatta a diversi ambienti della casa: sopra il tavolo da pranzo crea un punto luce centrale, in soggiorno e nella zona living contribuisce a definire l’atmosfera, in cucina può illuminare isole, penisole e piani snack, mentre in camera da letto o in un corridoio ampio può diventare un elemento decorativo capace di dare personalità allo spazio. Nei contesti professionali può essere utilizzata in reception, sale d’attesa, uffici direzionali, showroom, negozi, ristoranti, bar, hotel e spazi contract, sempre valutando altezza di installazione, dimensioni della stanza e quantità di luce desiderata. La scelta tra le varianti permette di coordinare la lampada con arredi chiari o scuri, superfici metalliche, vetro, legno, pietra o finiture contemporanee. Le versioni con diametri, forme o numero di sorgenti differenti sono utili per adattare la presenza visiva della sospensione a tavoli piccoli, piani allungati, ambienti con soffitto alto o zone living più scenografiche. Il grado di protezione indicato, quando presente nella scheda tecnica, conferma la destinazione ad ambienti interni asciutti: non viene quindi descritta come lampada da esterno o per zone esposte ad acqua e agenti atmosferici. Per ottenere il miglior risultato è consigliabile scegliere la sorgente luminosa compatibile con l’attacco e la potenza previsti, valutando temperatura colore, intensità e resa cromatica in funzione dell’ambiente. Una luce calda valorizza aree relax, sale da pranzo e camere, mentre una luce più neutra può essere utile in cucina, studio o spazi commerciali. La Ideal Lux Mapa sp1 Lampade a Sospensione per Interni unisce funzione luminosa e valore decorativo, offrendo una soluzione SEO friendly e completa per chi cerca una lampada a sospensione Ideal Lux affidabile, ben descritta nelle varianti e pronta per essere inserita in un progetto di illuminazione domestico o professionale.","Lampada a sospensione Ideal Lux Mapa sp1 per interni: ideale per soggiorno, cucina, living, sala da pranzo, camera e ambienti contract."
IL-CONFIG-254,"Ideal Lux Martinez sp8 Lampade a Sospensione per Interni è una lampada a sospensione Ideal Lux pensata per l’illuminazione di interni residenziali e professionali, con una presenza scenografica coerente con il modello Martinez sp8. Il prodotto configurabile riunisce le varianti realmente associate nel catalogo: finiture/colori Cromo e Oro; dimensioni L103cm x H min 650 / max 1320 x P30.5cm; attacco E14; potenza massima 8 x 40W; materiali Cristallo, Metallo, Vetro. Le configurazioni disponibili comprendono: Martinez sp8 -Cromo e Martinez sp8 -Oro. Secondo la descrizione ufficiale Ideal Lux, montatura in metallo cromato o dorato. Elementi decorativi con catene di ottagoni e barre in cristallo molato trasparente. La sospensione è indicata per soggiorno, zona living, sala da pranzo, cucina con isola o penisola, camera da letto, corridoi ampi e ambienti contract come reception, showroom, sale riunioni, ristoranti e boutique, scegliendo la configurazione più adatta per dimensione, finitura e numero di luci.","La Ideal Lux Martinez sp8 Lampade a Sospensione per Interni è una lampada a sospensione Ideal Lux per interni progettata per completare l’arredo con una luce sospesa elegante, riconoscibile e proporzionata agli spazi. Il modello Martinez sp8 è stato trattato come prodotto configurabile: le informazioni sono state aggregate dalle varianti semplici collegate, dagli attributi tecnici del configurabile, dal listino giacenze e dalle descrizioni ufficiali Ideal Lux quando presenti. In questo modo la scheda prodotto descrive l’intera famiglia disponibile senza creare testi separati per ogni singola variante. Le configurazioni disponibili includono finiture/colori Cromo e Oro; dimensioni L103cm x H min 650 / max 1320 x P30.5cm; attacco E14; potenza massima 8 x 40W; materiali Cristallo, Metallo, Vetro. Le configurazioni disponibili comprendono: Martinez sp8 -Cromo e Martinez sp8 -Oro. Dal punto di vista tecnico, la scheda riporta materiali dichiarati: Cristallo, Metallo, Vetro; ingombri disponibili: L103cm x H min 650 / max 1320 x P30.5cm; potenza massima: 8 x 40W; attacco portalampada: E14; grado di protezione: IP20. Secondo la descrizione ufficiale Ideal Lux, montatura in metallo cromato o dorato. Elementi decorativi con catene di ottagoni e barre in cristallo molato trasparente. Questa sospensione è adatta a diversi ambienti della casa: sopra il tavolo da pranzo crea un punto luce centrale, in soggiorno e nella zona living contribuisce a definire l’atmosfera, in cucina può illuminare isole, penisole e piani snack, mentre in camera da letto o in un corridoio ampio può diventare un elemento decorativo capace di dare personalità allo spazio. Nei contesti professionali può essere utilizzata in reception, sale d’attesa, uffici direzionali, showroom, negozi, ristoranti, bar, hotel e spazi contract, sempre valutando altezza di installazione, dimensioni della stanza e quantità di luce desiderata. La scelta tra le varianti permette di coordinare la lampada con arredi chiari o scuri, superfici metalliche, vetro, legno, pietra o finiture contemporanee. Le versioni con diametri, forme o numero di sorgenti differenti sono utili per adattare la presenza visiva della sospensione a tavoli piccoli, piani allungati, ambienti con soffitto alto o zone living più scenografiche. Il grado di protezione indicato, quando presente nella scheda tecnica, conferma la destinazione ad ambienti interni asciutti: non viene quindi descritta come lampada da esterno o per zone esposte ad acqua e agenti atmosferici. Per ottenere il miglior risultato è consigliabile scegliere la sorgente luminosa compatibile con l’attacco e la potenza previsti, valutando temperatura colore, intensità e resa cromatica in funzione dell’ambiente. Una luce calda valorizza aree relax, sale da pranzo e camere, mentre una luce più neutra può essere utile in cucina, studio o spazi commerciali. La Ideal Lux Martinez sp8 Lampade a Sospensione per Interni unisce funzione luminosa e valore decorativo, offrendo una soluzione SEO friendly e completa per chi cerca una lampada a sospensione Ideal Lux affidabile, ben descritta nelle varianti e pronta per essere inserita in un progetto di illuminazione domestico o professionale.","Lampada a sospensione Ideal Lux Martinez sp8 per interni: ideale per soggiorno, cucina, living, sala da pranzo, camera e ambienti contract."
IL-CONFIG-255,"Ideal Lux Milk sp1 Lampade a Sospensione per Interni è una lampada a sospensione Ideal Lux pensata per l’illuminazione di interni residenziali e professionali, con una presenza scenografica coerente con il modello Milk sp1. Il prodotto configurabile riunisce le varianti realmente associate nel catalogo: dimensioni Ø14cm x H min 780 / max 2530; attacco E27; potenza massima 42W; materiali Vetro. Le configurazioni disponibili comprendono: Milk sp1. Secondo la descrizione ufficiale Ideal Lux, base ellittica in metallo smaltato bianco. Diffusore in vetro bianco soffiato e acidato. Cavi elettrici regolabili in lunghezza. La sospensione è indicata per soggiorno, zona living, sala da pranzo, cucina con isola o penisola, camera da letto, corridoi ampi e ambienti contract come reception, showroom, sale riunioni, ristoranti e boutique, scegliendo la configurazione più adatta per dimensione, finitura e numero di luci.","La Ideal Lux Milk sp1 Lampade a Sospensione per Interni è una lampada a sospensione Ideal Lux per interni progettata per completare l’arredo con una luce sospesa elegante, riconoscibile e proporzionata agli spazi. Il modello Milk sp1 è stato trattato come prodotto configurabile: le informazioni sono state aggregate dalle varianti semplici collegate, dagli attributi tecnici del configurabile, dal listino giacenze e dalle descrizioni ufficiali Ideal Lux quando presenti. In questo modo la scheda prodotto descrive l’intera famiglia disponibile senza creare testi separati per ogni singola variante. Le configurazioni disponibili includono dimensioni Ø14cm x H min 780 / max 2530; attacco E27; potenza massima 42W; materiali Vetro. Le configurazioni disponibili comprendono: Milk sp1. Dal punto di vista tecnico, la scheda riporta materiali dichiarati: Vetro; ingombri disponibili: Ø14cm x H min 780 / max 2530; potenza massima: 42W; attacco portalampada: E27; grado di protezione: IP20. Secondo la descrizione ufficiale Ideal Lux, base ellittica in metallo smaltato bianco. Diffusore in vetro bianco soffiato e acidato. Cavi elettrici regolabili in lunghezza. Questa sospensione è adatta a diversi ambienti della casa: sopra il tavolo da pranzo crea un punto luce centrale, in soggiorno e nella zona living contribuisce a definire l’atmosfera, in cucina può illuminare isole, penisole e piani snack, mentre in camera da letto o in un corridoio ampio può diventare un elemento decorativo capace di dare personalità allo spazio. Nei contesti professionali può essere utilizzata in reception, sale d’attesa, uffici direzionali, showroom, negozi, ristoranti, bar, hotel e spazi contract, sempre valutando altezza di installazione, dimensioni della stanza e quantità di luce desiderata. La scelta tra le varianti permette di coordinare la lampada con arredi chiari o scuri, superfici metalliche, vetro, legno, pietra o finiture contemporanee. Le versioni con diametri, forme o numero di sorgenti differenti sono utili per adattare la presenza visiva della sospensione a tavoli piccoli, piani allungati, ambienti con soffitto alto o zone living più scenografiche. Il grado di protezione indicato, quando presente nella scheda tecnica, conferma la destinazione ad ambienti interni asciutti: non viene quindi descritta come lampada da esterno o per zone esposte ad acqua e agenti atmosferici. Per ottenere il miglior risultato è consigliabile scegliere la sorgente luminosa compatibile con l’attacco e la potenza previsti, valutando temperatura colore, intensità e resa cromatica in funzione dell’ambiente. Una luce calda valorizza aree relax, sale da pranzo e camere, mentre una luce più neutra può essere utile in cucina, studio o spazi commerciali. La Ideal Lux Milk sp1 Lampade a Sospensione per Interni unisce funzione luminosa e valore decorativo, offrendo una soluzione SEO friendly e completa per chi cerca una lampada a sospensione Ideal Lux affidabile, ben descritta nelle varianti e pronta per essere inserita in un progetto di illuminazione domestico o professionale.","Lampada a sospensione Ideal Lux Milk sp1 per interni: ideale per soggiorno, cucina, living, sala da pranzo, camera e ambienti contract."
IL-CONFIG-256,"Ideal Lux Milk sp3 Lampade a Sospensione per Interni è una lampada a sospensione Ideal Lux pensata per l’illuminazione di interni residenziali e professionali, con una presenza scenografica coerente con il modello Milk sp3. Il prodotto configurabile riunisce le varianti realmente associate nel catalogo: dimensioni L62cm x H min 780 / max 1150 x P17cm; attacco E27; potenza massima 3 x 42W; materiali Vetro. Le configurazioni disponibili comprendono: Milk sp3. Secondo la descrizione ufficiale Ideal Lux, base ellittica in metallo smaltato bianco. Diffusore in vetro bianco soffiato e acidato. Cavi elettrici regolabili in lunghezza. La sospensione è indicata per soggiorno, zona living, sala da pranzo, cucina con isola o penisola, camera da letto, corridoi ampi e ambienti contract come reception, showroom, sale riunioni, ristoranti e boutique, scegliendo la configurazione più adatta per dimensione, finitura e numero di luci.","La Ideal Lux Milk sp3 Lampade a Sospensione per Interni è una lampada a sospensione Ideal Lux per interni progettata per completare l’arredo con una luce sospesa elegante, riconoscibile e proporzionata agli spazi. Il modello Milk sp3 è stato trattato come prodotto configurabile: le informazioni sono state aggregate dalle varianti semplici collegate, dagli attributi tecnici del configurabile, dal listino giacenze e dalle descrizioni ufficiali Ideal Lux quando presenti. In questo modo la scheda prodotto descrive l’intera famiglia disponibile senza creare testi separati per ogni singola variante. Le configurazioni disponibili includono dimensioni L62cm x H min 780 / max 1150 x P17cm; attacco E27; potenza massima 3 x 42W; materiali Vetro. Le configurazioni disponibili comprendono: Milk sp3. Dal punto di vista tecnico, la scheda riporta materiali dichiarati: Vetro; ingombri disponibili: L62cm x H min 780 / max 1150 x P17cm; potenza massima: 3 x 42W; attacco portalampada: E27; grado di protezione: IP20. Secondo la descrizione ufficiale Ideal Lux, base ellittica in metallo smaltato bianco. Diffusore in vetro bianco soffiato e acidato. Cavi elettrici regolabili in lunghezza. Questa sospensione è adatta a diversi ambienti della casa: sopra il tavolo da pranzo crea un punto luce centrale, in soggiorno e nella zona living contribuisce a definire l’atmosfera, in cucina può illuminare isole, penisole e piani snack, mentre in camera da letto o in un corridoio ampio può diventare un elemento decorativo capace di dare personalità allo spazio. Nei contesti professionali può essere utilizzata in reception, sale d’attesa, uffici direzionali, showroom, negozi, ristoranti, bar, hotel e spazi contract, sempre valutando altezza di installazione, dimensioni della stanza e quantità di luce desiderata. La scelta tra le varianti permette di coordinare la lampada con arredi chiari o scuri, superfici metalliche, vetro, legno, pietra o finiture contemporanee. Le versioni con diametri, forme o numero di sorgenti differenti sono utili per adattare la presenza visiva della sospensione a tavoli piccoli, piani allungati, ambienti con soffitto alto o zone living più scenografiche. Il grado di protezione indicato, quando presente nella scheda tecnica, conferma la destinazione ad ambienti interni asciutti: non viene quindi descritta come lampada da esterno o per zone esposte ad acqua e agenti atmosferici. Per ottenere il miglior risultato è consigliabile scegliere la sorgente luminosa compatibile con l’attacco e la potenza previsti, valutando temperatura colore, intensità e resa cromatica in funzione dell’ambiente. Una luce calda valorizza aree relax, sale da pranzo e camere, mentre una luce più neutra può essere utile in cucina, studio o spazi commerciali. La Ideal Lux Milk sp3 Lampade a Sospensione per Interni unisce funzione luminosa e valore decorativo, offrendo una soluzione SEO friendly e completa per chi cerca una lampada a sospensione Ideal Lux affidabile, ben descritta nelle varianti e pronta per essere inserita in un progetto di illuminazione domestico o professionale.","Lampada a sospensione Ideal Lux Milk sp3 per interni: ideale per soggiorno, cucina, living, sala da pranzo, camera e ambienti contract."
IL-CONFIG-257,"Ideal Lux Minor linear sp4 Lampade a Sospensione per Interni è una lampada a sospensione Ideal Lux pensata per l’illuminazione di interni residenziali e professionali, con una presenza scenografica coerente con il modello Minor linear sp4. Il prodotto configurabile riunisce le varianti realmente associate nel catalogo: dimensioni L75.5cm x H min 290 / max 2040 x P8.5cm e L115cm x H min 290 / max 2040 x P8.5cm; configurazioni 4 sorgenti luminose e 6 sorgenti luminose; attacco GX53; potenza massima 4 x 9W - 6 x 9W; materiali Metallo; lampadina inclusa: Sì. Le configurazioni disponibili comprendono: Minor linear sp4 -4 Sorgenti Luminose e Minor linear sp6 -6 Sorgenti Luminose. Secondo la descrizione ufficiale Ideal Lux, montatura in metallo verniciato a polveri. Cavo elettrico in pvc. Sorgenti luminose a LED sostituibili. La sospensione è indicata per soggiorno, zona living, sala da pranzo, cucina con isola o penisola, camera da letto, corridoi ampi e ambienti contract come reception, showroom, sale riunioni, ristoranti e boutique, scegliendo la configurazione più adatta per dimensione, finitura e numero di luci.","La Ideal Lux Minor linear sp4 Lampade a Sospensione per Interni è una lampada a sospensione Ideal Lux per interni progettata per completare l’arredo con una luce sospesa elegante, riconoscibile e proporzionata agli spazi. Il modello Minor linear sp4 è stato trattato come prodotto configurabile: le informazioni sono state aggregate dalle varianti semplici collegate, dagli attributi tecnici del configurabile, dal listino giacenze e dalle descrizioni ufficiali Ideal Lux quando presenti. In questo modo la scheda prodotto descrive l’intera famiglia disponibile senza creare testi separati per ogni singola variante. Le configurazioni disponibili includono dimensioni L75.5cm x H min 290 / max 2040 x P8.5cm e L115cm x H min 290 / max 2040 x P8.5cm; configurazioni 4 sorgenti luminose e 6 sorgenti luminose; attacco GX53; potenza massima 4 x 9W - 6 x 9W; materiali Metallo; lampadina inclusa: Sì. Le configurazioni disponibili comprendono: Minor linear sp4 -4 Sorgenti Luminose e Minor linear sp6 -6 Sorgenti Luminose. Dal punto di vista tecnico, la scheda riporta materiali dichiarati: Metallo; ingombri disponibili: L75.5cm x H min 290 / max 2040 x P8.5cm - L115cm x H min 290 / max 2040 x P8.5cm; potenza massima: 4 x 9W - 6 x 9W; attacco portalampada: GX53; lampadina inclusa: Sì; grado di protezione: IP20. Secondo la descrizione ufficiale Ideal Lux, montatura in metallo verniciato a polveri. Cavo elettrico in pvc. Sorgenti luminose a LED sostituibili. Questa sospensione è adatta a diversi ambienti della casa: sopra il tavolo da pranzo crea un punto luce centrale, in soggiorno e nella zona living contribuisce a definire l’atmosfera, in cucina può illuminare isole, penisole e piani snack, mentre in camera da letto o in un corridoio ampio può diventare un elemento decorativo capace di dare personalità allo spazio. Nei contesti professionali può essere utilizzata in reception, sale d’attesa, uffici direzionali, showroom, negozi, ristoranti, bar, hotel e spazi contract, sempre valutando altezza di installazione, dimensioni della stanza e quantità di luce desiderata. La scelta tra le varianti permette di coordinare la lampada con arredi chiari o scuri, superfici metalliche, vetro, legno, pietra o finiture contemporanee. Le versioni con diametri, forme o numero di sorgenti differenti sono utili per adattare la presenza visiva della sospensione a tavoli piccoli, piani allungati, ambienti con soffitto alto o zone living più scenografiche. Il grado di protezione indicato, quando presente nella scheda tecnica, conferma la destinazione ad ambienti interni asciutti: non viene quindi descritta come lampada da esterno o per zone esposte ad acqua e agenti atmosferici. Per ottenere il miglior risultato è consigliabile scegliere la sorgente luminosa compatibile con l’attacco e la potenza previsti, valutando temperatura colore, intensità e resa cromatica in funzione dell’ambiente. Una luce calda valorizza aree relax, sale da pranzo e camere, mentre una luce più neutra può essere utile in cucina, studio o spazi commerciali. La Ideal Lux Minor linear sp4 Lampade a Sospensione per Interni unisce funzione luminosa e valore decorativo, offrendo una soluzione SEO friendly e completa per chi cerca una lampada a sospensione Ideal Lux affidabile, ben descritta nelle varianti e pronta per essere inserita in un progetto di illuminazione domestico o professionale.","Lampada a sospensione Ideal Lux Minor linear sp4 per interni: ideale per soggiorno, cucina, living, sala da pranzo, camera e ambienti contract."
IL-CONFIG-258,"Ideal Lux Minor round sp5 Lampade a Sospensione per Interni è una lampada a sospensione Ideal Lux pensata per l’illuminazione di interni residenziali e professionali, con una presenza scenografica coerente con il modello Minor round sp5. Il prodotto configurabile riunisce le varianti realmente associate nel catalogo: dimensioni Ø50cm x H min 290 / max 2040 e Ø76.5cm x H min 290 / max 2040; configurazioni 5 sorgenti luminose e 8 sorgenti luminose; attacco GX53; potenza massima 5 x 9W - 8 x 9W; materiali Metallo; lampadina inclusa: Sì. Le configurazioni disponibili comprendono: Minor round sp5 -5 Sorgenti Luminose e Minor round sp8 -8 Sorgenti Luminose. Secondo la descrizione ufficiale Ideal Lux, montatura in metallo verniciato a polveri. Cavo elettrico in pvc. Sorgenti luminose a LED sostituibili. La sospensione è indicata per soggiorno, zona living, sala da pranzo, cucina con isola o penisola, camera da letto, corridoi ampi e ambienti contract come reception, showroom, sale riunioni, ristoranti e boutique, scegliendo la configurazione più adatta per dimensione, finitura e numero di luci.","La Ideal Lux Minor round sp5 Lampade a Sospensione per Interni è una lampada a sospensione Ideal Lux per interni progettata per completare l’arredo con una luce sospesa elegante, riconoscibile e proporzionata agli spazi. Il modello Minor round sp5 è stato trattato come prodotto configurabile: le informazioni sono state aggregate dalle varianti semplici collegate, dagli attributi tecnici del configurabile, dal listino giacenze e dalle descrizioni ufficiali Ideal Lux quando presenti. In questo modo la scheda prodotto descrive l’intera famiglia disponibile senza creare testi separati per ogni singola variante. Le configurazioni disponibili includono dimensioni Ø50cm x H min 290 / max 2040 e Ø76.5cm x H min 290 / max 2040; configurazioni 5 sorgenti luminose e 8 sorgenti luminose; attacco GX53; potenza massima 5 x 9W - 8 x 9W; materiali Metallo; lampadina inclusa: Sì. Le configurazioni disponibili comprendono: Minor round sp5 -5 Sorgenti Luminose e Minor round sp8 -8 Sorgenti Luminose. Dal punto di vista tecnico, la scheda riporta materiali dichiarati: Metallo; ingombri disponibili: Ø50cm x H min 290 / max 2040 - Ø76.5cm x H min 290 / max 2040; potenza massima: 5 x 9W - 8 x 9W; attacco portalampada: GX53; lampadina inclusa: Sì; grado di protezione: IP20. Secondo la descrizione ufficiale Ideal Lux, montatura in metallo verniciato a polveri. Cavo elettrico in pvc. Sorgenti luminose a LED sostituibili. Questa sospensione è adatta a diversi ambienti della casa: sopra il tavolo da pranzo crea un punto luce centrale, in soggiorno e nella zona living contribuisce a definire l’atmosfera, in cucina può illuminare isole, penisole e piani snack, mentre in camera da letto o in un corridoio ampio può diventare un elemento decorativo capace di dare personalità allo spazio. Nei contesti professionali può essere utilizzata in reception, sale d’attesa, uffici direzionali, showroom, negozi, ristoranti, bar, hotel e spazi contract, sempre valutando altezza di installazione, dimensioni della stanza e quantità di luce desiderata. La scelta tra le varianti permette di coordinare la lampada con arredi chiari o scuri, superfici metalliche, vetro, legno, pietra o finiture contemporanee. Le versioni con diametri, forme o numero di sorgenti differenti sono utili per adattare la presenza visiva della sospensione a tavoli piccoli, piani allungati, ambienti con soffitto alto o zone living più scenografiche. Il grado di protezione indicato, quando presente nella scheda tecnica, conferma la destinazione ad ambienti interni asciutti: non viene quindi descritta come lampada da esterno o per zone esposte ad acqua e agenti atmosferici. Per ottenere il miglior risultato è consigliabile scegliere la sorgente luminosa compatibile con l’attacco e la potenza previsti, valutando temperatura colore, intensità e resa cromatica in funzione dell’ambiente. Una luce calda valorizza aree relax, sale da pranzo e camere, mentre una luce più neutra può essere utile in cucina, studio o spazi commerciali. La Ideal Lux Minor round sp5 Lampade a Sospensione per Interni unisce funzione luminosa e valore decorativo, offrendo una soluzione SEO friendly e completa per chi cerca una lampada a sospensione Ideal Lux affidabile, ben descritta nelle varianti e pronta per essere inserita in un progetto di illuminazione domestico o professionale.","Lampada a sospensione Ideal Lux Minor round sp5 per interni: ideale per soggiorno, cucina, living, sala da pranzo, camera e ambienti contract."
IL-CONFIG-259,"Ideal Lux Mint per Interni è una lampada a sospensione Ideal Lux pensata per l’illuminazione di interni residenziali e professionali, con una presenza scenografica coerente con il modello Mint. Il prodotto configurabile riunisce le varianti realmente associate nel catalogo: finiture/colori Fumé e Verde; dimensioni Ø14cm x H min 485 / max 2235; attacco E27; potenza massima 60W; materiali Metallo, Vetro. Le configurazioni disponibili comprendono: Mint-1 sp1 -Fumé e Mint-1 sp1 -Verde. Secondo la descrizione ufficiale Ideal Lux, montatura in metallo con finitura ottone satinato e rosone nero opaco. Cavo rivestito in tessuto. Diffusore in vetro soffiato con rigatura in rilievo. Disponibile nelle finiture fume' o verde. La sospensione è indicata per soggiorno, zona living, sala da pranzo, cucina con isola o penisola, camera da letto, corridoi ampi e ambienti contract come reception, showroom, sale riunioni, ristoranti e boutique, scegliendo la configurazione più adatta per dimensione, finitura e numero di luci.","La Ideal Lux Mint per Interni è una lampada a sospensione Ideal Lux per interni progettata per completare l’arredo con una luce sospesa elegante, riconoscibile e proporzionata agli spazi. Il modello Mint è stato trattato come prodotto configurabile: le informazioni sono state aggregate dalle varianti semplici collegate, dagli attributi tecnici del configurabile, dal listino giacenze e dalle descrizioni ufficiali Ideal Lux quando presenti. In questo modo la scheda prodotto descrive l’intera famiglia disponibile senza creare testi separati per ogni singola variante. Le configurazioni disponibili includono finiture/colori Fumé e Verde; dimensioni Ø14cm x H min 485 / max 2235; attacco E27; potenza massima 60W; materiali Metallo, Vetro. Le configurazioni disponibili comprendono: Mint-1 sp1 -Fumé e Mint-1 sp1 -Verde. Dal punto di vista tecnico, la scheda riporta materiali dichiarati: Metallo, Vetro; ingombri disponibili: Ø14cm x H min 485 / max 2235; potenza massima: 60W; attacco portalampada: E27; grado di protezione: IP20. Secondo la descrizione ufficiale Ideal Lux, montatura in metallo con finitura ottone satinato e rosone nero opaco. Cavo rivestito in tessuto. Diffusore in vetro soffiato con rigatura in rilievo. Disponibile nelle finiture fume' o verde. Questa sospensione è adatta a diversi ambienti della casa: sopra il tavolo da pranzo crea un punto luce centrale, in soggiorno e nella zona living contribuisce a definire l’atmosfera, in cucina può illuminare isole, penisole e piani snack, mentre in camera da letto o in un corridoio ampio può diventare un elemento decorativo capace di dare personalità allo spazio. Nei contesti professionali può essere utilizzata in reception, sale d’attesa, uffici direzionali, showroom, negozi, ristoranti, bar, hotel e spazi contract, sempre valutando altezza di installazione, dimensioni della stanza e quantità di luce desiderata. La scelta tra le varianti permette di coordinare la lampada con arredi chiari o scuri, superfici metalliche, vetro, legno, pietra o finiture contemporanee. Le versioni con diametri, forme o numero di sorgenti differenti sono utili per adattare la presenza visiva della sospensione a tavoli piccoli, piani allungati, ambienti con soffitto alto o zone living più scenografiche. Il grado di protezione indicato, quando presente nella scheda tecnica, conferma la destinazione ad ambienti interni asciutti: non viene quindi descritta come lampada da esterno o per zone esposte ad acqua e agenti atmosferici. Per ottenere il miglior risultato è consigliabile scegliere la sorgente luminosa compatibile con l’attacco e la potenza previsti, valutando temperatura colore, intensità e resa cromatica in funzione dell’ambiente. Una luce calda valorizza aree relax, sale da pranzo e camere, mentre una luce più neutra può essere utile in cucina, studio o spazi commerciali. La Ideal Lux Mint per Interni unisce funzione luminosa e valore decorativo, offrendo una soluzione SEO friendly e completa per chi cerca una lampada a sospensione Ideal Lux affidabile, ben descritta nelle varianti e pronta per essere inserita in un progetto di illuminazione domestico o professionale.","Lampada a sospensione Ideal Lux Mint per interni: ideale per soggiorno, cucina, living, sala da pranzo, camera e ambienti contract."
IL-CONFIG-260,"Ideal Lux Mint per Interni è una lampada a sospensione Ideal Lux pensata per l’illuminazione di interni residenziali e professionali, con una presenza scenografica coerente con il modello Mint. Il prodotto configurabile riunisce le varianti realmente associate nel catalogo: finiture/colori Fumé e Verde; dimensioni Ø24cm x H min 435 / max 2185; attacco E27; potenza massima 60W; materiali Metallo, Vetro. Le configurazioni disponibili comprendono: Mint-2 sp1 -Fumé e Mint-2 sp1 -Verde. Secondo la descrizione ufficiale Ideal Lux, montatura in metallo con finitura ottone satinato e rosone nero opaco. Cavo rivestito in tessuto. Diffusore in vetro soffiato con rigatura in rilievo. Disponibile nelle finiture fume' o verde. La sospensione è indicata per soggiorno, zona living, sala da pranzo, cucina con isola o penisola, camera da letto, corridoi ampi e ambienti contract come reception, showroom, sale riunioni, ristoranti e boutique, scegliendo la configurazione più adatta per dimensione, finitura e numero di luci.","La Ideal Lux Mint per Interni è una lampada a sospensione Ideal Lux per interni progettata per completare l’arredo con una luce sospesa elegante, riconoscibile e proporzionata agli spazi. Il modello Mint è stato trattato come prodotto configurabile: le informazioni sono state aggregate dalle varianti semplici collegate, dagli attributi tecnici del configurabile, dal listino giacenze e dalle descrizioni ufficiali Ideal Lux quando presenti. In questo modo la scheda prodotto descrive l’intera famiglia disponibile senza creare testi separati per ogni singola variante. Le configurazioni disponibili includono finiture/colori Fumé e Verde; dimensioni Ø24cm x H min 435 / max 2185; attacco E27; potenza massima 60W; materiali Metallo, Vetro. Le configurazioni disponibili comprendono: Mint-2 sp1 -Fumé e Mint-2 sp1 -Verde. Dal punto di vista tecnico, la scheda riporta materiali dichiarati: Metallo, Vetro; ingombri disponibili: Ø24cm x H min 435 / max 2185; potenza massima: 60W; attacco portalampada: E27; grado di protezione: IP20. Secondo la descrizione ufficiale Ideal Lux, montatura in metallo con finitura ottone satinato e rosone nero opaco. Cavo rivestito in tessuto. Diffusore in vetro soffiato con rigatura in rilievo. Disponibile nelle finiture fume' o verde. Questa sospensione è adatta a diversi ambienti della casa: sopra il tavolo da pranzo crea un punto luce centrale, in soggiorno e nella zona living contribuisce a definire l’atmosfera, in cucina può illuminare isole, penisole e piani snack, mentre in camera da letto o in un corridoio ampio può diventare un elemento decorativo capace di dare personalità allo spazio. Nei contesti professionali può essere utilizzata in reception, sale d’attesa, uffici direzionali, showroom, negozi, ristoranti, bar, hotel e spazi contract, sempre valutando altezza di installazione, dimensioni della stanza e quantità di luce desiderata. La scelta tra le varianti permette di coordinare la lampada con arredi chiari o scuri, superfici metalliche, vetro, legno, pietra o finiture contemporanee. Le versioni con diametri, forme o numero di sorgenti differenti sono utili per adattare la presenza visiva della sospensione a tavoli piccoli, piani allungati, ambienti con soffitto alto o zone living più scenografiche. Il grado di protezione indicato, quando presente nella scheda tecnica, conferma la destinazione ad ambienti interni asciutti: non viene quindi descritta come lampada da esterno o per zone esposte ad acqua e agenti atmosferici. Per ottenere il miglior risultato è consigliabile scegliere la sorgente luminosa compatibile con l’attacco e la potenza previsti, valutando temperatura colore, intensità e resa cromatica in funzione dell’ambiente. Una luce calda valorizza aree relax, sale da pranzo e camere, mentre una luce più neutra può essere utile in cucina, studio o spazi commerciali. La Ideal Lux Mint per Interni unisce funzione luminosa e valore decorativo, offrendo una soluzione SEO friendly e completa per chi cerca una lampada a sospensione Ideal Lux affidabile, ben descritta nelle varianti e pronta per essere inserita in un progetto di illuminazione domestico o professionale.","Lampada a sospensione Ideal Lux Mint per interni: ideale per soggiorno, cucina, living, sala da pranzo, camera e ambienti contract."
IL-CONFIG-261,"Ideal Lux Mint per Interni è una lampada a sospensione Ideal Lux pensata per l’illuminazione di interni residenziali e professionali, con una presenza scenografica coerente con il modello Mint. Il prodotto configurabile riunisce le varianti realmente associate nel catalogo: finiture/colori Fumé e Verde; dimensioni Ø20cm x H min 550 / max 2300; attacco E27; potenza massima 60W; materiali Metallo, Vetro. Le configurazioni disponibili comprendono: Mint-3 sp1 -Fumé e Mint-3 sp1 -Verde. Secondo la descrizione ufficiale Ideal Lux, montatura in metallo con finitura ottone satinato e rosone nero opaco. Cavo rivestito in tessuto. Diffusore in vetro soffiato con rigatura in rilievo. Disponibile nelle finiture fume' o verde. La sospensione è indicata per soggiorno, zona living, sala da pranzo, cucina con isola o penisola, camera da letto, corridoi ampi e ambienti contract come reception, showroom, sale riunioni, ristoranti e boutique, scegliendo la configurazione più adatta per dimensione, finitura e numero di luci.","La Ideal Lux Mint per Interni è una lampada a sospensione Ideal Lux per interni progettata per completare l’arredo con una luce sospesa elegante, riconoscibile e proporzionata agli spazi. Il modello Mint è stato trattato come prodotto configurabile: le informazioni sono state aggregate dalle varianti semplici collegate, dagli attributi tecnici del configurabile, dal listino giacenze e dalle descrizioni ufficiali Ideal Lux quando presenti. In questo modo la scheda prodotto descrive l’intera famiglia disponibile senza creare testi separati per ogni singola variante. Le configurazioni disponibili includono finiture/colori Fumé e Verde; dimensioni Ø20cm x H min 550 / max 2300; attacco E27; potenza massima 60W; materiali Metallo, Vetro. Le configurazioni disponibili comprendono: Mint-3 sp1 -Fumé e Mint-3 sp1 -Verde. Dal punto di vista tecnico, la scheda riporta materiali dichiarati: Metallo, Vetro; ingombri disponibili: Ø20cm x H min 550 / max 2300; potenza massima: 60W; attacco portalampada: E27; grado di protezione: IP20. Secondo la descrizione ufficiale Ideal Lux, montatura in metallo con finitura ottone satinato e rosone nero opaco. Cavo rivestito in tessuto. Diffusore in vetro soffiato con rigatura in rilievo. Disponibile nelle finiture fume' o verde. Questa sospensione è adatta a diversi ambienti della casa: sopra il tavolo da pranzo crea un punto luce centrale, in soggiorno e nella zona living contribuisce a definire l’atmosfera, in cucina può illuminare isole, penisole e piani snack, mentre in camera da letto o in un corridoio ampio può diventare un elemento decorativo capace di dare personalità allo spazio. Nei contesti professionali può essere utilizzata in reception, sale d’attesa, uffici direzionali, showroom, negozi, ristoranti, bar, hotel e spazi contract, sempre valutando altezza di installazione, dimensioni della stanza e quantità di luce desiderata. La scelta tra le varianti permette di coordinare la lampada con arredi chiari o scuri, superfici metalliche, vetro, legno, pietra o finiture contemporanee. Le versioni con diametri, forme o numero di sorgenti differenti sono utili per adattare la presenza visiva della sospensione a tavoli piccoli, piani allungati, ambienti con soffitto alto o zone living più scenografiche. Il grado di protezione indicato, quando presente nella scheda tecnica, conferma la destinazione ad ambienti interni asciutti: non viene quindi descritta come lampada da esterno o per zone esposte ad acqua e agenti atmosferici. Per ottenere il miglior risultato è consigliabile scegliere la sorgente luminosa compatibile con l’attacco e la potenza previsti, valutando temperatura colore, intensità e resa cromatica in funzione dell’ambiente. Una luce calda valorizza aree relax, sale da pranzo e camere, mentre una luce più neutra può essere utile in cucina, studio o spazi commerciali. La Ideal Lux Mint per Interni unisce funzione luminosa e valore decorativo, offrendo una soluzione SEO friendly e completa per chi cerca una lampada a sospensione Ideal Lux affidabile, ben descritta nelle varianti e pronta per essere inserita in un progetto di illuminazione domestico o professionale.","Lampada a sospensione Ideal Lux Mint per interni: ideale per soggiorno, cucina, living, sala da pranzo, camera e ambienti contract."
IL-CONFIG-262,"Ideal Lux Miracle sp Lampade a Sospensione per Interni è una lampada a sospensione Ideal Lux pensata per l’illuminazione di interni residenziali e professionali, con una presenza scenografica coerente con il modello Miracle sp. Il prodotto configurabile riunisce le varianti realmente associate nel catalogo: dimensioni Diametro, 40cm, 60cm e 80cm; attacco LED; potenza massima 25W - 37W - 45W; materiali Alluminio, PS; lampadina inclusa: Sì. Le configurazioni disponibili comprendono: Miracle sp -Diametro-40cm, Miracle sp -Diametro-60cm e Miracle sp -Diametro-80cm. La sospensione è indicata per soggiorno, zona living, sala da pranzo, cucina con isola o penisola, camera da letto, corridoi ampi e ambienti contract come reception, showroom, sale riunioni, ristoranti e boutique, scegliendo la configurazione più adatta per dimensione, finitura e numero di luci.","La Ideal Lux Miracle sp Lampade a Sospensione per Interni è una lampada a sospensione Ideal Lux per interni progettata per completare l’arredo con una luce sospesa elegante, riconoscibile e proporzionata agli spazi. Il modello Miracle sp è stato trattato come prodotto configurabile: le informazioni sono state aggregate dalle varianti semplici collegate, dagli attributi tecnici del configurabile, dal listino giacenze e dalle descrizioni ufficiali Ideal Lux quando presenti. In questo modo la scheda prodotto descrive l’intera famiglia disponibile senza creare testi separati per ogni singola variante. Le configurazioni disponibili includono dimensioni Diametro, 40cm, 60cm e 80cm; attacco LED; potenza massima 25W - 37W - 45W; materiali Alluminio, PS; lampadina inclusa: Sì. Le configurazioni disponibili comprendono: Miracle sp -Diametro-40cm, Miracle sp -Diametro-60cm e Miracle sp -Diametro-80cm. Dal punto di vista tecnico, la scheda riporta materiali dichiarati: Alluminio, PS; ingombri disponibili: Ø40cm x H min 705 / max 2180 - Ø60cm x H min 705 / max 2180 - Ø80cm x H min 450 / max 2220; potenza massima: 25W - 37W - 45W; attacco portalampada: LED; lampadina inclusa: Sì; grado di protezione: IP20. Questa sospensione è adatta a diversi ambienti della casa: sopra il tavolo da pranzo crea un punto luce centrale, in soggiorno e nella zona living contribuisce a definire l’atmosfera, in cucina può illuminare isole, penisole e piani snack, mentre in camera da letto o in un corridoio ampio può diventare un elemento decorativo capace di dare personalità allo spazio. Nei contesti professionali può essere utilizzata in reception, sale d’attesa, uffici direzionali, showroom, negozi, ristoranti, bar, hotel e spazi contract, sempre valutando altezza di installazione, dimensioni della stanza e quantità di luce desiderata. La scelta tra le varianti permette di coordinare la lampada con arredi chiari o scuri, superfici metalliche, vetro, legno, pietra o finiture contemporanee. Le versioni con diametri, forme o numero di sorgenti differenti sono utili per adattare la presenza visiva della sospensione a tavoli piccoli, piani allungati, ambienti con soffitto alto o zone living più scenografiche. Il grado di protezione indicato, quando presente nella scheda tecnica, conferma la destinazione ad ambienti interni asciutti: non viene quindi descritta come lampada da esterno o per zone esposte ad acqua e agenti atmosferici. Per ottenere il miglior risultato è consigliabile scegliere la sorgente luminosa compatibile con l’attacco e la potenza previsti, valutando temperatura colore, intensità e resa cromatica in funzione dell’ambiente. Una luce calda valorizza aree relax, sale da pranzo e camere, mentre una luce più neutra può essere utile in cucina, studio o spazi commerciali. La Ideal Lux Miracle sp Lampade a Sospensione per Interni unisce funzione luminosa e valore decorativo, offrendo una soluzione SEO friendly e completa per chi cerca una lampada a sospensione Ideal Lux affidabile, ben descritta nelle varianti e pronta per essere inserita in un progetto di illuminazione domestico o professionale.","Lampada a sospensione Ideal Lux Miracle sp per interni: ideale per soggiorno, cucina, living, sala da pranzo, camera e ambienti contract."
IL-CONFIG-263,"Ideal Lux Mix up msp1 Lampade a Sospensione per Interni è una lampada a sospensione Ideal Lux pensata per l’illuminazione di interni residenziali e professionali, con una presenza scenografica coerente con il modello Mix up msp1. Il prodotto configurabile riunisce le varianti realmente associate nel catalogo: finiture/colori Bianco e Nero; dimensioni Ø4.5cm x H min 368 / max 2300; attacco E27; potenza massima 60W; materiali Metallo, PVC. Le configurazioni disponibili comprendono: Mix up msp1 -Bianco e Mix up msp1 -Nero. La sospensione è indicata per soggiorno, zona living, sala da pranzo, cucina con isola o penisola, camera da letto, corridoi ampi e ambienti contract come reception, showroom, sale riunioni, ristoranti e boutique, scegliendo la configurazione più adatta per dimensione, finitura e numero di luci.","La Ideal Lux Mix up msp1 Lampade a Sospensione per Interni è una lampada a sospensione Ideal Lux per interni progettata per completare l’arredo con una luce sospesa elegante, riconoscibile e proporzionata agli spazi. Il modello Mix up msp1 è stato trattato come prodotto configurabile: le informazioni sono state aggregate dalle varianti semplici collegate, dagli attributi tecnici del configurabile, dal listino giacenze e dalle descrizioni ufficiali Ideal Lux quando presenti. In questo modo la scheda prodotto descrive l’intera famiglia disponibile senza creare testi separati per ogni singola variante. Le configurazioni disponibili includono finiture/colori Bianco e Nero; dimensioni Ø4.5cm x H min 368 / max 2300; attacco E27; potenza massima 60W; materiali Metallo, PVC. Le configurazioni disponibili comprendono: Mix up msp1 -Bianco e Mix up msp1 -Nero. Dal punto di vista tecnico, la scheda riporta materiali dichiarati: Metallo, PVC; ingombri disponibili: Ø4.5cm x H min 368 / max 2300; potenza massima: 60W; attacco portalampada: E27; grado di protezione: IP20. Questa sospensione è adatta a diversi ambienti della casa: sopra il tavolo da pranzo crea un punto luce centrale, in soggiorno e nella zona living contribuisce a definire l’atmosfera, in cucina può illuminare isole, penisole e piani snack, mentre in camera da letto o in un corridoio ampio può diventare un elemento decorativo capace di dare personalità allo spazio. Nei contesti professionali può essere utilizzata in reception, sale d’attesa, uffici direzionali, showroom, negozi, ristoranti, bar, hotel e spazi contract, sempre valutando altezza di installazione, dimensioni della stanza e quantità di luce desiderata. La scelta tra le varianti permette di coordinare la lampada con arredi chiari o scuri, superfici metalliche, vetro, legno, pietra o finiture contemporanee. Le versioni con diametri, forme o numero di sorgenti differenti sono utili per adattare la presenza visiva della sospensione a tavoli piccoli, piani allungati, ambienti con soffitto alto o zone living più scenografiche. Il grado di protezione indicato, quando presente nella scheda tecnica, conferma la destinazione ad ambienti interni asciutti: non viene quindi descritta come lampada da esterno o per zone esposte ad acqua e agenti atmosferici. Per ottenere il miglior risultato è consigliabile scegliere la sorgente luminosa compatibile con l’attacco e la potenza previsti, valutando temperatura colore, intensità e resa cromatica in funzione dell’ambiente. Una luce calda valorizza aree relax, sale da pranzo e camere, mentre una luce più neutra può essere utile in cucina, studio o spazi commerciali. La Ideal Lux Mix up msp1 Lampade a Sospensione per Interni unisce funzione luminosa e valore decorativo, offrendo una soluzione SEO friendly e completa per chi cerca una lampada a sospensione Ideal Lux affidabile, ben descritta nelle varianti e pronta per essere inserita in un progetto di illuminazione domestico o professionale.","Lampada a sospensione Ideal Lux Mix up msp1 per interni: ideale per soggiorno, cucina, living, sala da pranzo, camera e ambienti contract."
IL-CONFIG-264,"Ideal Lux Moby sp1 Lampade a Sospensione per Interni è una lampada a sospensione Ideal Lux pensata per l’illuminazione di interni residenziali e professionali, con una presenza scenografica coerente con il modello Moby sp1. Il prodotto configurabile riunisce le varianti realmente associate nel catalogo: finiture/colori Bianco, Nero e Rame; dimensioni Ø35cm x H min 475 / max 2225; attacco E27; potenza massima 42W; materiali Metallo. Le configurazioni disponibili comprendono: Moby sp1 -Bianco, Moby sp1 -Nero e Moby sp1 -Rame. Secondo la descrizione ufficiale Ideal Lux, montatura e diffusore in metallo con interno bianco. Disponibile nelle finiture bianco, nero o rame. La sospensione è indicata per soggiorno, zona living, sala da pranzo, cucina con isola o penisola, camera da letto, corridoi ampi e ambienti contract come reception, showroom, sale riunioni, ristoranti e boutique, scegliendo la configurazione più adatta per dimensione, finitura e numero di luci.","La Ideal Lux Moby sp1 Lampade a Sospensione per Interni è una lampada a sospensione Ideal Lux per interni progettata per completare l’arredo con una luce sospesa elegante, riconoscibile e proporzionata agli spazi. Il modello Moby sp1 è stato trattato come prodotto configurabile: le informazioni sono state aggregate dalle varianti semplici collegate, dagli attributi tecnici del configurabile, dal listino giacenze e dalle descrizioni ufficiali Ideal Lux quando presenti. In questo modo la scheda prodotto descrive l’intera famiglia disponibile senza creare testi separati per ogni singola variante. Le configurazioni disponibili includono finiture/colori Bianco, Nero e Rame; dimensioni Ø35cm x H min 475 / max 2225; attacco E27; potenza massima 42W; materiali Metallo. Le configurazioni disponibili comprendono: Moby sp1 -Bianco, Moby sp1 -Nero e Moby sp1 -Rame. Dal punto di vista tecnico, la scheda riporta materiali dichiarati: Metallo; ingombri disponibili: Ø35cm x H min 475 / max 2225; potenza massima: 42W; attacco portalampada: E27; grado di protezione: IP20. Secondo la descrizione ufficiale Ideal Lux, montatura e diffusore in metallo con interno bianco. Disponibile nelle finiture bianco, nero o rame. Questa sospensione è adatta a diversi ambienti della casa: sopra il tavolo da pranzo crea un punto luce centrale, in soggiorno e nella zona living contribuisce a definire l’atmosfera, in cucina può illuminare isole, penisole e piani snack, mentre in camera da letto o in un corridoio ampio può diventare un elemento decorativo capace di dare personalità allo spazio. Nei contesti professionali può essere utilizzata in reception, sale d’attesa, uffici direzionali, showroom, negozi, ristoranti, bar, hotel e spazi contract, sempre valutando altezza di installazione, dimensioni della stanza e quantità di luce desiderata. La scelta tra le varianti permette di coordinare la lampada con arredi chiari o scuri, superfici metalliche, vetro, legno, pietra o finiture contemporanee. Le versioni con diametri, forme o numero di sorgenti differenti sono utili per adattare la presenza visiva della sospensione a tavoli piccoli, piani allungati, ambienti con soffitto alto o zone living più scenografiche. Il grado di protezione indicato, quando presente nella scheda tecnica, conferma la destinazione ad ambienti interni asciutti: non viene quindi descritta come lampada da esterno o per zone esposte ad acqua e agenti atmosferici. Per ottenere il miglior risultato è consigliabile scegliere la sorgente luminosa compatibile con l’attacco e la potenza previsti, valutando temperatura colore, intensità e resa cromatica in funzione dell’ambiente. Una luce calda valorizza aree relax, sale da pranzo e camere, mentre una luce più neutra può essere utile in cucina, studio o spazi commerciali. La Ideal Lux Moby sp1 Lampade a Sospensione per Interni unisce funzione luminosa e valore decorativo, offrendo una soluzione SEO friendly e completa per chi cerca una lampada a sospensione Ideal Lux affidabile, ben descritta nelle varianti e pronta per essere inserita in un progetto di illuminazione domestico o professionale.","Lampada a sospensione Ideal Lux Moby sp1 per interni: ideale per soggiorno, cucina, living, sala da pranzo, camera e ambienti contract."
IL-CONFIG-265,"Ideal Lux Monet sp5 Lampade a Sospensione per Interni è una lampada a sospensione Ideal Lux pensata per l’illuminazione di interni residenziali e professionali, con una presenza scenografica coerente con il modello Monet sp5. Il prodotto configurabile riunisce le varianti realmente associate nel catalogo: dimensioni Ø40cm x H min 870 / max 1500 e Ø50cm x H min 1090 / max 1800; configurazioni 5 sorgenti luminose e 6 sorgenti luminose; attacco E14; potenza massima 5 x 40W - 6 x 40W; materiali Legno, Metallo. Le configurazioni disponibili comprendono: Monet sp5 -5 Sorgenti Luminose e Monet sp6 -6 Sorgenti Luminose. Secondo la descrizione ufficiale Ideal Lux, montatura in metallo con fasce circolari decorate a sbalzo. Catene con perle in legno naturale. Finitura con vernice opaca bianca. La sospensione è indicata per soggiorno, zona living, sala da pranzo, cucina con isola o penisola, camera da letto, corridoi ampi e ambienti contract come reception, showroom, sale riunioni, ristoranti e boutique, scegliendo la configurazione più adatta per dimensione, finitura e numero di luci.","La Ideal Lux Monet sp5 Lampade a Sospensione per Interni è una lampada a sospensione Ideal Lux per interni progettata per completare l’arredo con una luce sospesa elegante, riconoscibile e proporzionata agli spazi. Il modello Monet sp5 è stato trattato come prodotto configurabile: le informazioni sono state aggregate dalle varianti semplici collegate, dagli attributi tecnici del configurabile, dal listino giacenze e dalle descrizioni ufficiali Ideal Lux quando presenti. In questo modo la scheda prodotto descrive l’intera famiglia disponibile senza creare testi separati per ogni singola variante. Le configurazioni disponibili includono dimensioni Ø40cm x H min 870 / max 1500 e Ø50cm x H min 1090 / max 1800; configurazioni 5 sorgenti luminose e 6 sorgenti luminose; attacco E14; potenza massima 5 x 40W - 6 x 40W; materiali Legno, Metallo. Le configurazioni disponibili comprendono: Monet sp5 -5 Sorgenti Luminose e Monet sp6 -6 Sorgenti Luminose. Dal punto di vista tecnico, la scheda riporta materiali dichiarati: Legno, Metallo; ingombri disponibili: Ø40cm x H min 870 / max 1500 - Ø50cm x H min 1090 / max 1800; potenza massima: 5 x 40W - 6 x 40W; attacco portalampada: E14; grado di protezione: IP20. Secondo la descrizione ufficiale Ideal Lux, montatura in metallo con fasce circolari decorate a sbalzo. Catene con perle in legno naturale. Finitura con vernice opaca bianca. Questa sospensione è adatta a diversi ambienti della casa: sopra il tavolo da pranzo crea un punto luce centrale, in soggiorno e nella zona living contribuisce a definire l’atmosfera, in cucina può illuminare isole, penisole e piani snack, mentre in camera da letto o in un corridoio ampio può diventare un elemento decorativo capace di dare personalità allo spazio. Nei contesti professionali può essere utilizzata in reception, sale d’attesa, uffici direzionali, showroom, negozi, ristoranti, bar, hotel e spazi contract, sempre valutando altezza di installazione, dimensioni della stanza e quantità di luce desiderata. La scelta tra le varianti permette di coordinare la lampada con arredi chiari o scuri, superfici metalliche, vetro, legno, pietra o finiture contemporanee. Le versioni con diametri, forme o numero di sorgenti differenti sono utili per adattare la presenza visiva della sospensione a tavoli piccoli, piani allungati, ambienti con soffitto alto o zone living più scenografiche. Il grado di protezione indicato, quando presente nella scheda tecnica, conferma la destinazione ad ambienti interni asciutti: non viene quindi descritta come lampada da esterno o per zone esposte ad acqua e agenti atmosferici. Per ottenere il miglior risultato è consigliabile scegliere la sorgente luminosa compatibile con l’attacco e la potenza previsti, valutando temperatura colore, intensità e resa cromatica in funzione dell’ambiente. Una luce calda valorizza aree relax, sale da pranzo e camere, mentre una luce più neutra può essere utile in cucina, studio o spazi commerciali. La Ideal Lux Monet sp5 Lampade a Sospensione per Interni unisce funzione luminosa e valore decorativo, offrendo una soluzione SEO friendly e completa per chi cerca una lampada a sospensione Ideal Lux affidabile, ben descritta nelle varianti e pronta per essere inserita in un progetto di illuminazione domestico o professionale.","Lampada a sospensione Ideal Lux Monet sp5 per interni: ideale per soggiorno, cucina, living, sala da pranzo, camera e ambienti contract."
IL-CONFIG-266,"Ideal Lux Mr jack sp1 big Lampade a Sospensione per Interni è una lampada a sospensione Ideal Lux pensata per l’illuminazione di interni residenziali e professionali, con una presenza scenografica coerente con il modello Mr jack sp1 big. Il prodotto configurabile riunisce le varianti realmente associate nel catalogo: finiture/colori Bianco, Nero e Cromo; dimensioni Diametro, 15cm e 11cm; attacco GU10; potenza massima 28W; materiali Metallo; lampadina inclusa: Sì. Le configurazioni disponibili comprendono: Mr jack sp1 big -Bianco-Diametro-15cm, Mr jack sp1 big -Nero-Diametro-15cm, Mr jack sp1 small -Bianco-Diametro-11cm, Mr jack sp1 small -Cromo-Diametro-11cm e Mr jack sp1 small -Nero-Diametro-11cm. La sospensione è indicata per soggiorno, zona living, sala da pranzo, cucina con isola o penisola, camera da letto, corridoi ampi e ambienti contract come reception, showroom, sale riunioni, ristoranti e boutique, scegliendo la configurazione più adatta per dimensione, finitura e numero di luci.","La Ideal Lux Mr jack sp1 big Lampade a Sospensione per Interni è una lampada a sospensione Ideal Lux per interni progettata per completare l’arredo con una luce sospesa elegante, riconoscibile e proporzionata agli spazi. Il modello Mr jack sp1 big è stato trattato come prodotto configurabile: le informazioni sono state aggregate dalle varianti semplici collegate, dagli attributi tecnici del configurabile, dal listino giacenze e dalle descrizioni ufficiali Ideal Lux quando presenti. In questo modo la scheda prodotto descrive l’intera famiglia disponibile senza creare testi separati per ogni singola variante. Le configurazioni disponibili includono finiture/colori Bianco, Nero e Cromo; dimensioni Diametro, 15cm e 11cm; attacco GU10; potenza massima 28W; materiali Metallo; lampadina inclusa: Sì. Le configurazioni disponibili comprendono: Mr jack sp1 big -Bianco-Diametro-15cm, Mr jack sp1 big -Nero-Diametro-15cm, Mr jack sp1 small -Bianco-Diametro-11cm, Mr jack sp1 small -Cromo-Diametro-11cm e Mr jack sp1 small -Nero-Diametro-11cm. Dal punto di vista tecnico, la scheda riporta materiali dichiarati: Metallo; ingombri disponibili: Ø15cm x H min 415 / max 2165 - Ø11cm x H min 385 / max 2135; potenza massima: 28W; attacco portalampada: GU10; lampadina inclusa: Sì; grado di protezione: IP20. Questa sospensione è adatta a diversi ambienti della casa: sopra il tavolo da pranzo crea un punto luce centrale, in soggiorno e nella zona living contribuisce a definire l’atmosfera, in cucina può illuminare isole, penisole e piani snack, mentre in camera da letto o in un corridoio ampio può diventare un elemento decorativo capace di dare personalità allo spazio. Nei contesti professionali può essere utilizzata in reception, sale d’attesa, uffici direzionali, showroom, negozi, ristoranti, bar, hotel e spazi contract, sempre valutando altezza di installazione, dimensioni della stanza e quantità di luce desiderata. La scelta tra le varianti permette di coordinare la lampada con arredi chiari o scuri, superfici metalliche, vetro, legno, pietra o finiture contemporanee. Le versioni con diametri, forme o numero di sorgenti differenti sono utili per adattare la presenza visiva della sospensione a tavoli piccoli, piani allungati, ambienti con soffitto alto o zone living più scenografiche. Il grado di protezione indicato, quando presente nella scheda tecnica, conferma la destinazione ad ambienti interni asciutti: non viene quindi descritta come lampada da esterno o per zone esposte ad acqua e agenti atmosferici. Per ottenere il miglior risultato è consigliabile scegliere la sorgente luminosa compatibile con l’attacco e la potenza previsti, valutando temperatura colore, intensità e resa cromatica in funzione dell’ambiente. Una luce calda valorizza aree relax, sale da pranzo e camere, mentre una luce più neutra può essere utile in cucina, studio o spazi commerciali. La Ideal Lux Mr jack sp1 big Lampade a Sospensione per Interni unisce funzione luminosa e valore decorativo, offrendo una soluzione SEO friendly e completa per chi cerca una lampada a sospensione Ideal Lux affidabile, ben descritta nelle varianti e pronta per essere inserita in un progetto di illuminazione domestico o professionale.","Lampada a sospensione Ideal Lux Mr jack sp1 big per interni: ideale per soggiorno, cucina, living, sala da pranzo, camera e ambienti contract."
IL-CONFIG-267,"Ideal Lux Nabucco sp12 Lampade a Sospensione per Interni è una lampada a sospensione Ideal Lux pensata per l’illuminazione di interni residenziali e professionali, con una presenza scenografica coerente con il modello Nabucco sp12. Il prodotto configurabile riunisce le varianti realmente associate nel catalogo: dimensioni Ø60cm x H min 550 / max 1470 e Ø70cm x H min 520 / max 1440; configurazioni 12 sorgenti luminose e 16 sorgenti luminose; attacco E14; potenza massima 12 x 40W - 16 x 40W; materiali Metallo, Vetro. Le configurazioni disponibili comprendono: Nabucco sp12 -12 Sorgenti Luminose e Nabucco sp16 -16 Sorgenti Luminose. Secondo la descrizione ufficiale Ideal Lux, montatura in metallo con finitura oro. Elementi decorativi in cristallo trasparente molato. Quadrati nella parte superiore e a losanga in quella inferiore. Copricatena in velluto. La sospensione è indicata per soggiorno, zona living, sala da pranzo, cucina con isola o penisola, camera da letto, corridoi ampi e ambienti contract come reception, showroom, sale riunioni, ristoranti e boutique, scegliendo la configurazione più adatta per dimensione, finitura e numero di luci.","La Ideal Lux Nabucco sp12 Lampade a Sospensione per Interni è una lampada a sospensione Ideal Lux per interni progettata per completare l’arredo con una luce sospesa elegante, riconoscibile e proporzionata agli spazi. Il modello Nabucco sp12 è stato trattato come prodotto configurabile: le informazioni sono state aggregate dalle varianti semplici collegate, dagli attributi tecnici del configurabile, dal listino giacenze e dalle descrizioni ufficiali Ideal Lux quando presenti. In questo modo la scheda prodotto descrive l’intera famiglia disponibile senza creare testi separati per ogni singola variante. Le configurazioni disponibili includono dimensioni Ø60cm x H min 550 / max 1470 e Ø70cm x H min 520 / max 1440; configurazioni 12 sorgenti luminose e 16 sorgenti luminose; attacco E14; potenza massima 12 x 40W - 16 x 40W; materiali Metallo, Vetro. Le configurazioni disponibili comprendono: Nabucco sp12 -12 Sorgenti Luminose e Nabucco sp16 -16 Sorgenti Luminose. Dal punto di vista tecnico, la scheda riporta materiali dichiarati: Metallo, Vetro; ingombri disponibili: Ø60cm x H min 550 / max 1470 - Ø70cm x H min 520 / max 1440; potenza massima: 12 x 40W - 16 x 40W; attacco portalampada: E14; grado di protezione: IP20. Secondo la descrizione ufficiale Ideal Lux, montatura in metallo con finitura oro. Elementi decorativi in cristallo trasparente molato. Quadrati nella parte superiore e a losanga in quella inferiore. Copricatena in velluto. Questa sospensione è adatta a diversi ambienti della casa: sopra il tavolo da pranzo crea un punto luce centrale, in soggiorno e nella zona living contribuisce a definire l’atmosfera, in cucina può illuminare isole, penisole e piani snack, mentre in camera da letto o in un corridoio ampio può diventare un elemento decorativo capace di dare personalità allo spazio. Nei contesti professionali può essere utilizzata in reception, sale d’attesa, uffici direzionali, showroom, negozi, ristoranti, bar, hotel e spazi contract, sempre valutando altezza di installazione, dimensioni della stanza e quantità di luce desiderata. La scelta tra le varianti permette di coordinare la lampada con arredi chiari o scuri, superfici metalliche, vetro, legno, pietra o finiture contemporanee. Le versioni con diametri, forme o numero di sorgenti differenti sono utili per adattare la presenza visiva della sospensione a tavoli piccoli, piani allungati, ambienti con soffitto alto o zone living più scenografiche. Il grado di protezione indicato, quando presente nella scheda tecnica, conferma la destinazione ad ambienti interni asciutti: non viene quindi descritta come lampada da esterno o per zone esposte ad acqua e agenti atmosferici. Per ottenere il miglior risultato è consigliabile scegliere la sorgente luminosa compatibile con l’attacco e la potenza previsti, valutando temperatura colore, intensità e resa cromatica in funzione dell’ambiente. Una luce calda valorizza aree relax, sale da pranzo e camere, mentre una luce più neutra può essere utile in cucina, studio o spazi commerciali. La Ideal Lux Nabucco sp12 Lampade a Sospensione per Interni unisce funzione luminosa e valore decorativo, offrendo una soluzione SEO friendly e completa per chi cerca una lampada a sospensione Ideal Lux affidabile, ben descritta nelle varianti e pronta per essere inserita in un progetto di illuminazione domestico o professionale.","Lampada a sospensione Ideal Lux Nabucco sp12 per interni: ideale per soggiorno, cucina, living, sala da pranzo, camera e ambienti contract."
IL-CONFIG-268,"Ideal Lux Napoleon sp12 Lampade a Sospensione per Interni è una lampada a sospensione Ideal Lux pensata per l’illuminazione di interni residenziali e professionali, con una presenza scenografica coerente con il modello Napoleon sp12. Il prodotto configurabile riunisce le varianti realmente associate nel catalogo: finiture/colori Cromo e Oro; dimensioni Ø74cm x H min 880 / max 1700, Ø96cm x H min 880 / max 1700 e Ø67cm x H min 890 / max 1700; configurazioni 12 sorgenti luminose, 18 sorgenti luminose e 8 sorgenti luminose; attacco E14; potenza massima 12 x 40W - 18 x 40W - 8 x 40W; materiali Cristallo, Vetro. Le configurazioni disponibili comprendono: Napoleon sp12 -12 Sorgenti Luminose-Cromo, Napoleon sp12 -12 Sorgenti Luminose-Oro, Napoleon sp18 -18 Sorgenti Luminose-Cromo, Napoleon sp18 -18 Sorgenti Luminose-Oro, Napoleon sp8 -8 Sorgenti Luminose-Cromo e Napoleon sp8 -8 Sorgenti Luminose-Oro. Secondo la descrizione ufficiale Ideal Lux, montatura in metallo cromato o dorato. Elementi decorativi in vetro soffiato e cristallo molato. Copricatena in velluto. La sospensione è indicata per soggiorno, zona living, sala da pranzo, cucina con isola o penisola, camera da letto, corridoi ampi e ambienti contract come reception, showroom, sale riunioni, ristoranti e boutique, scegliendo la configurazione più adatta per dimensione, finitura e numero di luci.","La Ideal Lux Napoleon sp12 Lampade a Sospensione per Interni è una lampada a sospensione Ideal Lux per interni progettata per completare l’arredo con una luce sospesa elegante, riconoscibile e proporzionata agli spazi. Il modello Napoleon sp12 è stato trattato come prodotto configurabile: le informazioni sono state aggregate dalle varianti semplici collegate, dagli attributi tecnici del configurabile, dal listino giacenze e dalle descrizioni ufficiali Ideal Lux quando presenti. In questo modo la scheda prodotto descrive l’intera famiglia disponibile senza creare testi separati per ogni singola variante. Le configurazioni disponibili includono finiture/colori Cromo e Oro; dimensioni Ø74cm x H min 880 / max 1700, Ø96cm x H min 880 / max 1700 e Ø67cm x H min 890 / max 1700; configurazioni 12 sorgenti luminose, 18 sorgenti luminose e 8 sorgenti luminose; attacco E14; potenza massima 12 x 40W - 18 x 40W - 8 x 40W; materiali Cristallo, Vetro. Le configurazioni disponibili comprendono: Napoleon sp12 -12 Sorgenti Luminose-Cromo, Napoleon sp12 -12 Sorgenti Luminose-Oro, Napoleon sp18 -18 Sorgenti Luminose-Cromo, Napoleon sp18 -18 Sorgenti Luminose-Oro, Napoleon sp8 -8 Sorgenti Luminose-Cromo e Napoleon sp8 -8 Sorgenti Luminose-Oro. Dal punto di vista tecnico, la scheda riporta materiali dichiarati: Cristallo, Vetro; ingombri disponibili: Ø74cm x H min 880 / max 1700 - Ø96cm x H min 880 / max 1700 - Ø67cm x H min 890 / max 1700; potenza massima: 12 x 40W - 18 x 40W - 8 x 40W; attacco portalampada: E14; grado di protezione: IP20. Secondo la descrizione ufficiale Ideal Lux, montatura in metallo cromato o dorato. Elementi decorativi in vetro soffiato e cristallo molato. Copricatena in velluto. Questa sospensione è adatta a diversi ambienti della casa: sopra il tavolo da pranzo crea un punto luce centrale, in soggiorno e nella zona living contribuisce a definire l’atmosfera, in cucina può illuminare isole, penisole e piani snack, mentre in camera da letto o in un corridoio ampio può diventare un elemento decorativo capace di dare personalità allo spazio. Nei contesti professionali può essere utilizzata in reception, sale d’attesa, uffici direzionali, showroom, negozi, ristoranti, bar, hotel e spazi contract, sempre valutando altezza di installazione, dimensioni della stanza e quantità di luce desiderata. La scelta tra le varianti permette di coordinare la lampada con arredi chiari o scuri, superfici metalliche, vetro, legno, pietra o finiture contemporanee. Le versioni con diametri, forme o numero di sorgenti differenti sono utili per adattare la presenza visiva della sospensione a tavoli piccoli, piani allungati, ambienti con soffitto alto o zone living più scenografiche. Il grado di protezione indicato, quando presente nella scheda tecnica, conferma la destinazione ad ambienti interni asciutti: non viene quindi descritta come lampada da esterno o per zone esposte ad acqua e agenti atmosferici. Per ottenere il miglior risultato è consigliabile scegliere la sorgente luminosa compatibile con l’attacco e la potenza previsti, valutando temperatura colore, intensità e resa cromatica in funzione dell’ambiente. Una luce calda valorizza aree relax, sale da pranzo e camere, mentre una luce più neutra può essere utile in cucina, studio o spazi commerciali. La Ideal Lux Napoleon sp12 Lampade a Sospensione per Interni unisce funzione luminosa e valore decorativo, offrendo una soluzione SEO friendly e completa per chi cerca una lampada a sospensione Ideal Lux affidabile, ben descritta nelle varianti e pronta per essere inserita in un progetto di illuminazione domestico o professionale.","Lampada a sospensione Ideal Lux Napoleon sp12 per interni: ideale per soggiorno, cucina, living, sala da pranzo, camera e ambienti contract."
IL-CONFIG-269,"Ideal Lux Negresco sp10 Lampade a Sospensione per Interni è una lampada a sospensione Ideal Lux pensata per l’illuminazione di interni residenziali e professionali, con una presenza scenografica coerente con il modello Negresco sp10. Il prodotto configurabile riunisce le varianti realmente associate nel catalogo: dimensioni Ø85cm x H min 850 / max 1100 e Ø73.5cm x H min 755 / max 1550; configurazioni 10 sorgenti luminose e 8 sorgenti luminose; attacco E14; potenza massima 10 x 28W - 8 x 28W; materiali Cristallo, Vetro. Le configurazioni disponibili comprendono: Negresco sp10 -10 Sorgenti Luminose e Negresco sp8 -8 Sorgenti Luminose. Secondo la descrizione ufficiale Ideal Lux, montatura in metallo con finitura in cromo o dorata. Bracci in vetro soffiato trasparente con interno dorato nella versione oro. Centrale composto da blocchi di cristallo molato. Elementi decorativi in vetro trasparente e cristallo molato. La sospensione è indicata per soggiorno, zona living, sala da pranzo, cucina con isola o penisola, camera da letto, corridoi ampi e ambienti contract come reception, showroom, sale riunioni, ristoranti e boutique, scegliendo la configurazione più adatta per dimensione, finitura e numero di luci.","La Ideal Lux Negresco sp10 Lampade a Sospensione per Interni è una lampada a sospensione Ideal Lux per interni progettata per completare l’arredo con una luce sospesa elegante, riconoscibile e proporzionata agli spazi. Il modello Negresco sp10 è stato trattato come prodotto configurabile: le informazioni sono state aggregate dalle varianti semplici collegate, dagli attributi tecnici del configurabile, dal listino giacenze e dalle descrizioni ufficiali Ideal Lux quando presenti. In questo modo la scheda prodotto descrive l’intera famiglia disponibile senza creare testi separati per ogni singola variante. Le configurazioni disponibili includono dimensioni Ø85cm x H min 850 / max 1100 e Ø73.5cm x H min 755 / max 1550; configurazioni 10 sorgenti luminose e 8 sorgenti luminose; attacco E14; potenza massima 10 x 28W - 8 x 28W; materiali Cristallo, Vetro. Le configurazioni disponibili comprendono: Negresco sp10 -10 Sorgenti Luminose e Negresco sp8 -8 Sorgenti Luminose. Dal punto di vista tecnico, la scheda riporta materiali dichiarati: Cristallo, Vetro; ingombri disponibili: Ø85cm x H min 850 / max 1100 - Ø73.5cm x H min 755 / max 1550; potenza massima: 10 x 28W - 8 x 28W; attacco portalampada: E14; grado di protezione: IP20. Secondo la descrizione ufficiale Ideal Lux, montatura in metallo con finitura in cromo o dorata. Bracci in vetro soffiato trasparente con interno dorato nella versione oro. Centrale composto da blocchi di cristallo molato. Elementi decorativi in vetro trasparente e cristallo molato. Questa sospensione è adatta a diversi ambienti della casa: sopra il tavolo da pranzo crea un punto luce centrale, in soggiorno e nella zona living contribuisce a definire l’atmosfera, in cucina può illuminare isole, penisole e piani snack, mentre in camera da letto o in un corridoio ampio può diventare un elemento decorativo capace di dare personalità allo spazio. Nei contesti professionali può essere utilizzata in reception, sale d’attesa, uffici direzionali, showroom, negozi, ristoranti, bar, hotel e spazi contract, sempre valutando altezza di installazione, dimensioni della stanza e quantità di luce desiderata. La scelta tra le varianti permette di coordinare la lampada con arredi chiari o scuri, superfici metalliche, vetro, legno, pietra o finiture contemporanee. Le versioni con diametri, forme o numero di sorgenti differenti sono utili per adattare la presenza visiva della sospensione a tavoli piccoli, piani allungati, ambienti con soffitto alto o zone living più scenografiche. Il grado di protezione indicato, quando presente nella scheda tecnica, conferma la destinazione ad ambienti interni asciutti: non viene quindi descritta come lampada da esterno o per zone esposte ad acqua e agenti atmosferici. Per ottenere il miglior risultato è consigliabile scegliere la sorgente luminosa compatibile con l’attacco e la potenza previsti, valutando temperatura colore, intensità e resa cromatica in funzione dell’ambiente. Una luce calda valorizza aree relax, sale da pranzo e camere, mentre una luce più neutra può essere utile in cucina, studio o spazi commerciali. La Ideal Lux Negresco sp10 Lampade a Sospensione per Interni unisce funzione luminosa e valore decorativo, offrendo una soluzione SEO friendly e completa per chi cerca una lampada a sospensione Ideal Lux affidabile, ben descritta nelle varianti e pronta per essere inserita in un progetto di illuminazione domestico o professionale.","Lampada a sospensione Ideal Lux Negresco sp10 per interni: ideale per soggiorno, cucina, living, sala da pranzo, camera e ambienti contract."
IL-CONFIG-270,"Ideal Lux Nemo sp1 Lampade a Sospensione per Interni è una lampada a sospensione Ideal Lux pensata per l’illuminazione di interni residenziali e professionali, con una presenza scenografica coerente con il modello Nemo sp1. Il prodotto configurabile riunisce le varianti realmente associate nel catalogo: finiture/colori Ambra, Cromo, Fumé, Rame e Trasparente; dimensioni Diametro, 20cm, 30cm, 40cm e 50cm; attacco E27; potenza massima 42W; materiali Metallo, Vetro. Le configurazioni disponibili comprendono: Nemo sp1 -Ambra-Diametro-20cm, Nemo sp1 -Cromo-Diametro-20cm, Nemo sp1 -Fumé-Diametro-20cm, Nemo sp1 -Rame-Diametro-20cm, Nemo sp1 -Ambra-Diametro-30cm, Nemo sp1 -Cromo-Diametro-30cm, Nemo sp1 -Fumé-Diametro-30cm, Nemo sp1 -Rame-Diametro-30cm, Nemo sp1 -Trasparente-Diametro-30cm, Nemo sp1 -Ambra-Diametro-40cm, Nemo sp1 -Cromo-Diametro-40cm, Nemo sp1 -Cromo-Diametro-40cm, Nemo sp1 -Fumé-Diametro-40cm, Nemo sp1 -Rame-Diametro-40cm, Nemo sp1 -Trasparente-Diametro-40cm e Nemo sp1 -Fumé-Diametro-50cm. Secondo la descrizione ufficiale Ideal Lux, diffusore in vetro soffiato. Disponibile in versione fume', trasparente, rame, cromo sfumato o ambra. La sospensione è indicata per soggiorno, zona living, sala da pranzo, cucina con isola o penisola, camera da letto, corridoi ampi e ambienti contract come reception, showroom, sale riunioni, ristoranti e boutique, scegliendo la configurazione più adatta per dimensione, finitura e numero di luci.","La Ideal Lux Nemo sp1 Lampade a Sospensione per Interni è una lampada a sospensione Ideal Lux per interni progettata per completare l’arredo con una luce sospesa elegante, riconoscibile e proporzionata agli spazi. Il modello Nemo sp1 è stato trattato come prodotto configurabile: le informazioni sono state aggregate dalle varianti semplici collegate, dagli attributi tecnici del configurabile, dal listino giacenze e dalle descrizioni ufficiali Ideal Lux quando presenti. In questo modo la scheda prodotto descrive l’intera famiglia disponibile senza creare testi separati per ogni singola variante. Le configurazioni disponibili includono finiture/colori Ambra, Cromo, Fumé, Rame e Trasparente; dimensioni Diametro, 20cm, 30cm, 40cm e 50cm; attacco E27; potenza massima 42W; materiali Metallo, Vetro. Le configurazioni disponibili comprendono: Nemo sp1 -Ambra-Diametro-20cm, Nemo sp1 -Cromo-Diametro-20cm, Nemo sp1 -Fumé-Diametro-20cm, Nemo sp1 -Rame-Diametro-20cm, Nemo sp1 -Ambra-Diametro-30cm, Nemo sp1 -Cromo-Diametro-30cm, Nemo sp1 -Fumé-Diametro-30cm, Nemo sp1 -Rame-Diametro-30cm, Nemo sp1 -Trasparente-Diametro-30cm, Nemo sp1 -Ambra-Diametro-40cm, Nemo sp1 -Cromo-Diametro-40cm, Nemo sp1 -Cromo-Diametro-40cm, Nemo sp1 -Fumé-Diametro-40cm, Nemo sp1 -Rame-Diametro-40cm, Nemo sp1 -Trasparente-Diametro-40cm e Nemo sp1 -Fumé-Diametro-50cm. Dal punto di vista tecnico, la scheda riporta materiali dichiarati: Metallo, Vetro; ingombri disponibili: Ø20cm x H min 430 / max 2180 - Ø30cm x H min 525 / max 2275 - Ø40cm x H min 620 / max 2370 - Ø50cm x H min 740 / max 2490; potenza massima: 42W; attacco portalampada: E27; grado di protezione: IP20. Secondo la descrizione ufficiale Ideal Lux, diffusore in vetro soffiato. Disponibile in versione fume', trasparente, rame, cromo sfumato o ambra. Questa sospensione è adatta a diversi ambienti della casa: sopra il tavolo da pranzo crea un punto luce centrale, in soggiorno e nella zona living contribuisce a definire l’atmosfera, in cucina può illuminare isole, penisole e piani snack, mentre in camera da letto o in un corridoio ampio può diventare un elemento decorativo capace di dare personalità allo spazio. Nei contesti professionali può essere utilizzata in reception, sale d’attesa, uffici direzionali, showroom, negozi, ristoranti, bar, hotel e spazi contract, sempre valutando altezza di installazione, dimensioni della stanza e quantità di luce desiderata. La scelta tra le varianti permette di coordinare la lampada con arredi chiari o scuri, superfici metalliche, vetro, legno, pietra o finiture contemporanee. Le versioni con diametri, forme o numero di sorgenti differenti sono utili per adattare la presenza visiva della sospensione a tavoli piccoli, piani allungati, ambienti con soffitto alto o zone living più scenografiche. Il grado di protezione indicato, quando presente nella scheda tecnica, conferma la destinazione ad ambienti interni asciutti: non viene quindi descritta come lampada da esterno o per zone esposte ad acqua e agenti atmosferici. Per ottenere il miglior risultato è consigliabile scegliere la sorgente luminosa compatibile con l’attacco e la potenza previsti, valutando temperatura colore, intensità e resa cromatica in funzione dell’ambiente. Una luce calda valorizza aree relax, sale da pranzo e camere, mentre una luce più neutra può essere utile in cucina, studio o spazi commerciali. La Ideal Lux Nemo sp1 Lampade a Sospensione per Interni unisce funzione luminosa e valore decorativo, offrendo una soluzione SEO friendly e completa per chi cerca una lampada a sospensione Ideal Lux affidabile, ben descritta nelle varianti e pronta per essere inserita in un progetto di illuminazione domestico o professionale.","Lampada a sospensione Ideal Lux Nemo sp1 per interni: ideale per soggiorno, cucina, living, sala da pranzo, camera e ambienti contract."
IL-CONFIG-271,"Ideal Lux Net sp1 Lampade a Sospensione per Interni è una lampada a sospensione Ideal Lux pensata per l’illuminazione di interni residenziali e professionali, con una presenza scenografica coerente con il modello Net sp1. Il prodotto configurabile riunisce le varianti realmente associate nel catalogo: finiture/colori Bianco, Oro e Nero; dimensioni Diametro, 24.5cm, 29.5cm e 34cm; attacco E27; potenza massima 42W; materiali Alluminio, Metallo. Le configurazioni disponibili comprendono: Net sp1 -Bianco-Diametro-24.5cm, Net sp1 nero -Oro-Diametro-24.5cm, Net sp1 oro -Nero-Diametro-24.5cm, Net sp1 -Bianco-Diametro-29.5cm, Net sp1 -Nero-Diametro-29.5cm, Net sp1 -Oro-Diametro-29.5cm, Net sp1 -Bianco-Diametro-34cm, Net sp1 nero -Oro-Diametro-34cm e Net sp1 oro -Nero-Diametro-34cm. La sospensione è indicata per soggiorno, zona living, sala da pranzo, cucina con isola o penisola, camera da letto, corridoi ampi e ambienti contract come reception, showroom, sale riunioni, ristoranti e boutique, scegliendo la configurazione più adatta per dimensione, finitura e numero di luci.","La Ideal Lux Net sp1 Lampade a Sospensione per Interni è una lampada a sospensione Ideal Lux per interni progettata per completare l’arredo con una luce sospesa elegante, riconoscibile e proporzionata agli spazi. Il modello Net sp1 è stato trattato come prodotto configurabile: le informazioni sono state aggregate dalle varianti semplici collegate, dagli attributi tecnici del configurabile, dal listino giacenze e dalle descrizioni ufficiali Ideal Lux quando presenti. In questo modo la scheda prodotto descrive l’intera famiglia disponibile senza creare testi separati per ogni singola variante. Le configurazioni disponibili includono finiture/colori Bianco, Oro e Nero; dimensioni Diametro, 24.5cm, 29.5cm e 34cm; attacco E27; potenza massima 42W; materiali Alluminio, Metallo. Le configurazioni disponibili comprendono: Net sp1 -Bianco-Diametro-24.5cm, Net sp1 nero -Oro-Diametro-24.5cm, Net sp1 oro -Nero-Diametro-24.5cm, Net sp1 -Bianco-Diametro-29.5cm, Net sp1 -Nero-Diametro-29.5cm, Net sp1 -Oro-Diametro-29.5cm, Net sp1 -Bianco-Diametro-34cm, Net sp1 nero -Oro-Diametro-34cm e Net sp1 oro -Nero-Diametro-34cm. Dal punto di vista tecnico, la scheda riporta materiali dichiarati: Alluminio, Metallo; ingombri disponibili: Ø24.5cm x H min 532 / max 2332 - Ø29.5cm x H min 535 / max 2335 - Ø34cm x H min 555 / max 2355; potenza massima: 42W; attacco portalampada: E27; grado di protezione: IP20. Questa sospensione è adatta a diversi ambienti della casa: sopra il tavolo da pranzo crea un punto luce centrale, in soggiorno e nella zona living contribuisce a definire l’atmosfera, in cucina può illuminare isole, penisole e piani snack, mentre in camera da letto o in un corridoio ampio può diventare un elemento decorativo capace di dare personalità allo spazio. Nei contesti professionali può essere utilizzata in reception, sale d’attesa, uffici direzionali, showroom, negozi, ristoranti, bar, hotel e spazi contract, sempre valutando altezza di installazione, dimensioni della stanza e quantità di luce desiderata. La scelta tra le varianti permette di coordinare la lampada con arredi chiari o scuri, superfici metalliche, vetro, legno, pietra o finiture contemporanee. Le versioni con diametri, forme o numero di sorgenti differenti sono utili per adattare la presenza visiva della sospensione a tavoli piccoli, piani allungati, ambienti con soffitto alto o zone living più scenografiche. Il grado di protezione indicato, quando presente nella scheda tecnica, conferma la destinazione ad ambienti interni asciutti: non viene quindi descritta come lampada da esterno o per zone esposte ad acqua e agenti atmosferici. Per ottenere il miglior risultato è consigliabile scegliere la sorgente luminosa compatibile con l’attacco e la potenza previsti, valutando temperatura colore, intensità e resa cromatica in funzione dell’ambiente. Una luce calda valorizza aree relax, sale da pranzo e camere, mentre una luce più neutra può essere utile in cucina, studio o spazi commerciali. La Ideal Lux Net sp1 Lampade a Sospensione per Interni unisce funzione luminosa e valore decorativo, offrendo una soluzione SEO friendly e completa per chi cerca una lampada a sospensione Ideal Lux affidabile, ben descritta nelle varianti e pronta per essere inserita in un progetto di illuminazione domestico o professionale.","Lampada a sospensione Ideal Lux Net sp1 per interni: ideale per soggiorno, cucina, living, sala da pranzo, camera e ambienti contract."
IL-CONFIG-272,"Ideal Lux Nodi sp15 Lampade a Sospensione per Interni è una lampada a sospensione Ideal Lux pensata per l’illuminazione di interni residenziali e professionali, con una presenza scenografica coerente con il modello Nodi sp15. Il prodotto configurabile riunisce le varianti realmente associate nel catalogo: finiture/colori Bianco, Cromo e Ottone; dimensioni Ø105cm x H min 830 / max 2400 e Ø80cm x H min 650 / max 2400; configurazioni 15 sorgenti luminose e 9 sorgenti luminose; attacco E14; potenza massima 15 x 28W - 9 x 28W; materiali Metallo, Vetro. Le configurazioni disponibili comprendono: Nodi sp15 -15 Sorgenti Luminose-Bianco, Nodi sp15 -15 Sorgenti Luminose-Cromo, Nodi sp15 -15 Sorgenti Luminose-Ottone, Nodi sp9 -9 Sorgenti Luminose-Bianco, Nodi sp9 -9 Sorgenti Luminose-Cromo e Nodi sp9 -9 Sorgenti Luminose-Ottone. Secondo la descrizione ufficiale Ideal Lux, montatura in metallo cromato oppure in ottone satinato. Diffusori in vetro bianco soffiato, acidato o trasparente e cromato. La sospensione è indicata per soggiorno, zona living, sala da pranzo, cucina con isola o penisola, camera da letto, corridoi ampi e ambienti contract come reception, showroom, sale riunioni, ristoranti e boutique, scegliendo la configurazione più adatta per dimensione, finitura e numero di luci.","La Ideal Lux Nodi sp15 Lampade a Sospensione per Interni è una lampada a sospensione Ideal Lux per interni progettata per completare l’arredo con una luce sospesa elegante, riconoscibile e proporzionata agli spazi. Il modello Nodi sp15 è stato trattato come prodotto configurabile: le informazioni sono state aggregate dalle varianti semplici collegate, dagli attributi tecnici del configurabile, dal listino giacenze e dalle descrizioni ufficiali Ideal Lux quando presenti. In questo modo la scheda prodotto descrive l’intera famiglia disponibile senza creare testi separati per ogni singola variante. Le configurazioni disponibili includono finiture/colori Bianco, Cromo e Ottone; dimensioni Ø105cm x H min 830 / max 2400 e Ø80cm x H min 650 / max 2400; configurazioni 15 sorgenti luminose e 9 sorgenti luminose; attacco E14; potenza massima 15 x 28W - 9 x 28W; materiali Metallo, Vetro. Le configurazioni disponibili comprendono: Nodi sp15 -15 Sorgenti Luminose-Bianco, Nodi sp15 -15 Sorgenti Luminose-Cromo, Nodi sp15 -15 Sorgenti Luminose-Ottone, Nodi sp9 -9 Sorgenti Luminose-Bianco, Nodi sp9 -9 Sorgenti Luminose-Cromo e Nodi sp9 -9 Sorgenti Luminose-Ottone. Dal punto di vista tecnico, la scheda riporta materiali dichiarati: Metallo, Vetro; ingombri disponibili: Ø105cm x H min 830 / max 2400 - Ø80cm x H min 650 / max 2400; potenza massima: 15 x 28W - 9 x 28W; attacco portalampada: E14; grado di protezione: IP20. Secondo la descrizione ufficiale Ideal Lux, montatura in metallo cromato oppure in ottone satinato. Diffusori in vetro bianco soffiato, acidato o trasparente e cromato. Questa sospensione è adatta a diversi ambienti della casa: sopra il tavolo da pranzo crea un punto luce centrale, in soggiorno e nella zona living contribuisce a definire l’atmosfera, in cucina può illuminare isole, penisole e piani snack, mentre in camera da letto o in un corridoio ampio può diventare un elemento decorativo capace di dare personalità allo spazio. Nei contesti professionali può essere utilizzata in reception, sale d’attesa, uffici direzionali, showroom, negozi, ristoranti, bar, hotel e spazi contract, sempre valutando altezza di installazione, dimensioni della stanza e quantità di luce desiderata. La scelta tra le varianti permette di coordinare la lampada con arredi chiari o scuri, superfici metalliche, vetro, legno, pietra o finiture contemporanee. Le versioni con diametri, forme o numero di sorgenti differenti sono utili per adattare la presenza visiva della sospensione a tavoli piccoli, piani allungati, ambienti con soffitto alto o zone living più scenografiche. Il grado di protezione indicato, quando presente nella scheda tecnica, conferma la destinazione ad ambienti interni asciutti: non viene quindi descritta come lampada da esterno o per zone esposte ad acqua e agenti atmosferici. Per ottenere il miglior risultato è consigliabile scegliere la sorgente luminosa compatibile con l’attacco e la potenza previsti, valutando temperatura colore, intensità e resa cromatica in funzione dell’ambiente. Una luce calda valorizza aree relax, sale da pranzo e camere, mentre una luce più neutra può essere utile in cucina, studio o spazi commerciali. La Ideal Lux Nodi sp15 Lampade a Sospensione per Interni unisce funzione luminosa e valore decorativo, offrendo una soluzione SEO friendly e completa per chi cerca una lampada a sospensione Ideal Lux affidabile, ben descritta nelle varianti e pronta per essere inserita in un progetto di illuminazione domestico o professionale.","Lampada a sospensione Ideal Lux Nodi sp15 per interni: ideale per soggiorno, cucina, living, sala da pranzo, camera e ambienti contract."
IL-CONFIG-273,"Ideal Lux Nordik sp4 Lampade a Sospensione per Interni è una lampada a sospensione Ideal Lux pensata per l’illuminazione di interni residenziali e professionali, con una presenza scenografica coerente con il modello Nordik sp4. Il prodotto configurabile riunisce le varianti realmente associate nel catalogo: dimensioni Diametro, 50cm e 60cm; attacco E27; potenza massima 4 x 60W - 6 x 60W; materiali Tessuto. Le configurazioni disponibili comprendono: Nordik sp4 -Diametro-50cm e Nordik sp6 -Diametro-60cm. Secondo la descrizione ufficiale Ideal Lux, montatura in metallo verniciato nero opaco. Paralume in lamina di PVC dorato rivestito in tessuto nero. La sospensione è indicata per soggiorno, zona living, sala da pranzo, cucina con isola o penisola, camera da letto, corridoi ampi e ambienti contract come reception, showroom, sale riunioni, ristoranti e boutique, scegliendo la configurazione più adatta per dimensione, finitura e numero di luci.","La Ideal Lux Nordik sp4 Lampade a Sospensione per Interni è una lampada a sospensione Ideal Lux per interni progettata per completare l’arredo con una luce sospesa elegante, riconoscibile e proporzionata agli spazi. Il modello Nordik sp4 è stato trattato come prodotto configurabile: le informazioni sono state aggregate dalle varianti semplici collegate, dagli attributi tecnici del configurabile, dal listino giacenze e dalle descrizioni ufficiali Ideal Lux quando presenti. In questo modo la scheda prodotto descrive l’intera famiglia disponibile senza creare testi separati per ogni singola variante. Le configurazioni disponibili includono dimensioni Diametro, 50cm e 60cm; attacco E27; potenza massima 4 x 60W - 6 x 60W; materiali Tessuto. Le configurazioni disponibili comprendono: Nordik sp4 -Diametro-50cm e Nordik sp6 -Diametro-60cm. Dal punto di vista tecnico, la scheda riporta materiali dichiarati: Tessuto; ingombri disponibili: Ø50cm x H min 530 / max 2280 - Ø60cm x H min 620 / max 2370; potenza massima: 4 x 60W - 6 x 60W; attacco portalampada: E27; grado di protezione: IP20. Secondo la descrizione ufficiale Ideal Lux, montatura in metallo verniciato nero opaco. Paralume in lamina di PVC dorato rivestito in tessuto nero. Questa sospensione è adatta a diversi ambienti della casa: sopra il tavolo da pranzo crea un punto luce centrale, in soggiorno e nella zona living contribuisce a definire l’atmosfera, in cucina può illuminare isole, penisole e piani snack, mentre in camera da letto o in un corridoio ampio può diventare un elemento decorativo capace di dare personalità allo spazio. Nei contesti professionali può essere utilizzata in reception, sale d’attesa, uffici direzionali, showroom, negozi, ristoranti, bar, hotel e spazi contract, sempre valutando altezza di installazione, dimensioni della stanza e quantità di luce desiderata. La scelta tra le varianti permette di coordinare la lampada con arredi chiari o scuri, superfici metalliche, vetro, legno, pietra o finiture contemporanee. Le versioni con diametri, forme o numero di sorgenti differenti sono utili per adattare la presenza visiva della sospensione a tavoli piccoli, piani allungati, ambienti con soffitto alto o zone living più scenografiche. Il grado di protezione indicato, quando presente nella scheda tecnica, conferma la destinazione ad ambienti interni asciutti: non viene quindi descritta come lampada da esterno o per zone esposte ad acqua e agenti atmosferici. Per ottenere il miglior risultato è consigliabile scegliere la sorgente luminosa compatibile con l’attacco e la potenza previsti, valutando temperatura colore, intensità e resa cromatica in funzione dell’ambiente. Una luce calda valorizza aree relax, sale da pranzo e camere, mentre una luce più neutra può essere utile in cucina, studio o spazi commerciali. La Ideal Lux Nordik sp4 Lampade a Sospensione per Interni unisce funzione luminosa e valore decorativo, offrendo una soluzione SEO friendly e completa per chi cerca una lampada a sospensione Ideal Lux affidabile, ben descritta nelle varianti e pronta per essere inserita in un progetto di illuminazione domestico o professionale.","Lampada a sospensione Ideal Lux Nordik sp4 per interni: ideale per soggiorno, cucina, living, sala da pranzo, camera e ambienti contract."
IL-CONFIG-274,"Ideal Lux Norma sp1 Lampade a Sospensione per Interni è una lampada a sospensione Ideal Lux pensata per l’illuminazione di interni residenziali e professionali, con una presenza scenografica coerente con il modello Norma sp1. Il prodotto configurabile riunisce le varianti realmente associate nel catalogo: finiture/colori Brunito e Cromo; dimensioni Ø25cm x H min 780 / max 1620; attacco E27; potenza massima 60W; materiali Metallo, Vetro. Le configurazioni disponibili comprendono: Norma sp1 -Brunito e Norma sp1 -Cromo. Secondo la descrizione ufficiale Ideal Lux, montatura in metallo con finitura in cromo o in brunito. Diffusore composto da lastre di vetro trasparente con bordo molato. Copricatena in velluto. La sospensione è indicata per soggiorno, zona living, sala da pranzo, cucina con isola o penisola, camera da letto, corridoi ampi e ambienti contract come reception, showroom, sale riunioni, ristoranti e boutique, scegliendo la configurazione più adatta per dimensione, finitura e numero di luci.","La Ideal Lux Norma sp1 Lampade a Sospensione per Interni è una lampada a sospensione Ideal Lux per interni progettata per completare l’arredo con una luce sospesa elegante, riconoscibile e proporzionata agli spazi. Il modello Norma sp1 è stato trattato come prodotto configurabile: le informazioni sono state aggregate dalle varianti semplici collegate, dagli attributi tecnici del configurabile, dal listino giacenze e dalle descrizioni ufficiali Ideal Lux quando presenti. In questo modo la scheda prodotto descrive l’intera famiglia disponibile senza creare testi separati per ogni singola variante. Le configurazioni disponibili includono finiture/colori Brunito e Cromo; dimensioni Ø25cm x H min 780 / max 1620; attacco E27; potenza massima 60W; materiali Metallo, Vetro. Le configurazioni disponibili comprendono: Norma sp1 -Brunito e Norma sp1 -Cromo. Dal punto di vista tecnico, la scheda riporta materiali dichiarati: Metallo, Vetro; ingombri disponibili: Ø25cm x H min 780 / max 1620; potenza massima: 60W; attacco portalampada: E27; grado di protezione: IP20. Secondo la descrizione ufficiale Ideal Lux, montatura in metallo con finitura in cromo o in brunito. Diffusore composto da lastre di vetro trasparente con bordo molato. Copricatena in velluto. Questa sospensione è adatta a diversi ambienti della casa: sopra il tavolo da pranzo crea un punto luce centrale, in soggiorno e nella zona living contribuisce a definire l’atmosfera, in cucina può illuminare isole, penisole e piani snack, mentre in camera da letto o in un corridoio ampio può diventare un elemento decorativo capace di dare personalità allo spazio. Nei contesti professionali può essere utilizzata in reception, sale d’attesa, uffici direzionali, showroom, negozi, ristoranti, bar, hotel e spazi contract, sempre valutando altezza di installazione, dimensioni della stanza e quantità di luce desiderata. La scelta tra le varianti permette di coordinare la lampada con arredi chiari o scuri, superfici metalliche, vetro, legno, pietra o finiture contemporanee. Le versioni con diametri, forme o numero di sorgenti differenti sono utili per adattare la presenza visiva della sospensione a tavoli piccoli, piani allungati, ambienti con soffitto alto o zone living più scenografiche. Il grado di protezione indicato, quando presente nella scheda tecnica, conferma la destinazione ad ambienti interni asciutti: non viene quindi descritta come lampada da esterno o per zone esposte ad acqua e agenti atmosferici. Per ottenere il miglior risultato è consigliabile scegliere la sorgente luminosa compatibile con l’attacco e la potenza previsti, valutando temperatura colore, intensità e resa cromatica in funzione dell’ambiente. Una luce calda valorizza aree relax, sale da pranzo e camere, mentre una luce più neutra può essere utile in cucina, studio o spazi commerciali. La Ideal Lux Norma sp1 Lampade a Sospensione per Interni unisce funzione luminosa e valore decorativo, offrendo una soluzione SEO friendly e completa per chi cerca una lampada a sospensione Ideal Lux affidabile, ben descritta nelle varianti e pronta per essere inserita in un progetto di illuminazione domestico o professionale.","Lampada a sospensione Ideal Lux Norma sp1 per interni: ideale per soggiorno, cucina, living, sala da pranzo, camera e ambienti contract."
IL-CONFIG-275,"Ideal Lux Oak sp1 Lampade a Sospensione per Interni è una lampada a sospensione Ideal Lux pensata per l’illuminazione di interni residenziali e professionali, con una presenza scenografica coerente con il modello Oak sp1. Il prodotto configurabile riunisce le varianti realmente associate nel catalogo: dimensioni Ø7cm x H min 500 / max 1400; attacco GU10; potenza massima 35W; materiali Cemento. Le configurazioni disponibili comprendono: Oak sp1. La sospensione è indicata per soggiorno, zona living, sala da pranzo, cucina con isola o penisola, camera da letto, corridoi ampi e ambienti contract come reception, showroom, sale riunioni, ristoranti e boutique, scegliendo la configurazione più adatta per dimensione, finitura e numero di luci.","La Ideal Lux Oak sp1 Lampade a Sospensione per Interni è una lampada a sospensione Ideal Lux per interni progettata per completare l’arredo con una luce sospesa elegante, riconoscibile e proporzionata agli spazi. Il modello Oak sp1 è stato trattato come prodotto configurabile: le informazioni sono state aggregate dalle varianti semplici collegate, dagli attributi tecnici del configurabile, dal listino giacenze e dalle descrizioni ufficiali Ideal Lux quando presenti. In questo modo la scheda prodotto descrive l’intera famiglia disponibile senza creare testi separati per ogni singola variante. Le configurazioni disponibili includono dimensioni Ø7cm x H min 500 / max 1400; attacco GU10; potenza massima 35W; materiali Cemento. Le configurazioni disponibili comprendono: Oak sp1. Dal punto di vista tecnico, la scheda riporta materiali dichiarati: Cemento; ingombri disponibili: Ø7cm x H min 500 / max 1400; potenza massima: 35W; attacco portalampada: GU10; grado di protezione: IP20. Questa sospensione è adatta a diversi ambienti della casa: sopra il tavolo da pranzo crea un punto luce centrale, in soggiorno e nella zona living contribuisce a definire l’atmosfera, in cucina può illuminare isole, penisole e piani snack, mentre in camera da letto o in un corridoio ampio può diventare un elemento decorativo capace di dare personalità allo spazio. Nei contesti professionali può essere utilizzata in reception, sale d’attesa, uffici direzionali, showroom, negozi, ristoranti, bar, hotel e spazi contract, sempre valutando altezza di installazione, dimensioni della stanza e quantità di luce desiderata. La scelta tra le varianti permette di coordinare la lampada con arredi chiari o scuri, superfici metalliche, vetro, legno, pietra o finiture contemporanee. Le versioni con diametri, forme o numero di sorgenti differenti sono utili per adattare la presenza visiva della sospensione a tavoli piccoli, piani allungati, ambienti con soffitto alto o zone living più scenografiche. Il grado di protezione indicato, quando presente nella scheda tecnica, conferma la destinazione ad ambienti interni asciutti: non viene quindi descritta come lampada da esterno o per zone esposte ad acqua e agenti atmosferici. Per ottenere il miglior risultato è consigliabile scegliere la sorgente luminosa compatibile con l’attacco e la potenza previsti, valutando temperatura colore, intensità e resa cromatica in funzione dell’ambiente. Una luce calda valorizza aree relax, sale da pranzo e camere, mentre una luce più neutra può essere utile in cucina, studio o spazi commerciali. La Ideal Lux Oak sp1 Lampade a Sospensione per Interni unisce funzione luminosa e valore decorativo, offrendo una soluzione SEO friendly e completa per chi cerca una lampada a sospensione Ideal Lux affidabile, ben descritta nelle varianti e pronta per essere inserita in un progetto di illuminazione domestico o professionale.","Lampada a sospensione Ideal Lux Oak sp1 per interni: ideale per soggiorno, cucina, living, sala da pranzo, camera e ambienti contract."
IL-CONFIG-276,"Ideal Lux Odeon sp1 Lampade a Sospensione per Interni è una lampada a sospensione Ideal Lux pensata per l’illuminazione di interni residenziali e professionali, con una presenza scenografica coerente con il modello Odeon sp1. Il prodotto configurabile riunisce le varianti realmente associate nel catalogo: dimensioni Diametro, 15cm e 20cm; attacco LED; potenza massima 8W; materiali Metallo, Vetro; lampadina inclusa: Sì. Le configurazioni disponibili comprendono: Odeon sp1 -Diametro-15cm e Odeon sp1 -Diametro-20cm. La sospensione è indicata per soggiorno, zona living, sala da pranzo, cucina con isola o penisola, camera da letto, corridoi ampi e ambienti contract come reception, showroom, sale riunioni, ristoranti e boutique, scegliendo la configurazione più adatta per dimensione, finitura e numero di luci.","La Ideal Lux Odeon sp1 Lampade a Sospensione per Interni è una lampada a sospensione Ideal Lux per interni progettata per completare l’arredo con una luce sospesa elegante, riconoscibile e proporzionata agli spazi. Il modello Odeon sp1 è stato trattato come prodotto configurabile: le informazioni sono state aggregate dalle varianti semplici collegate, dagli attributi tecnici del configurabile, dal listino giacenze e dalle descrizioni ufficiali Ideal Lux quando presenti. In questo modo la scheda prodotto descrive l’intera famiglia disponibile senza creare testi separati per ogni singola variante. Le configurazioni disponibili includono dimensioni Diametro, 15cm e 20cm; attacco LED; potenza massima 8W; materiali Metallo, Vetro; lampadina inclusa: Sì. Le configurazioni disponibili comprendono: Odeon sp1 -Diametro-15cm e Odeon sp1 -Diametro-20cm. Dal punto di vista tecnico, la scheda riporta materiali dichiarati: Metallo, Vetro; ingombri disponibili: Ø15cm x H min 570 / max 2510 - Ø20cm x H min 640 / max 2590; potenza massima: 8W; attacco portalampada: LED; lampadina inclusa: Sì; grado di protezione: IP20. Questa sospensione è adatta a diversi ambienti della casa: sopra il tavolo da pranzo crea un punto luce centrale, in soggiorno e nella zona living contribuisce a definire l’atmosfera, in cucina può illuminare isole, penisole e piani snack, mentre in camera da letto o in un corridoio ampio può diventare un elemento decorativo capace di dare personalità allo spazio. Nei contesti professionali può essere utilizzata in reception, sale d’attesa, uffici direzionali, showroom, negozi, ristoranti, bar, hotel e spazi contract, sempre valutando altezza di installazione, dimensioni della stanza e quantità di luce desiderata. La scelta tra le varianti permette di coordinare la lampada con arredi chiari o scuri, superfici metalliche, vetro, legno, pietra o finiture contemporanee. Le versioni con diametri, forme o numero di sorgenti differenti sono utili per adattare la presenza visiva della sospensione a tavoli piccoli, piani allungati, ambienti con soffitto alto o zone living più scenografiche. Il grado di protezione indicato, quando presente nella scheda tecnica, conferma la destinazione ad ambienti interni asciutti: non viene quindi descritta come lampada da esterno o per zone esposte ad acqua e agenti atmosferici. Per ottenere il miglior risultato è consigliabile scegliere la sorgente luminosa compatibile con l’attacco e la potenza previsti, valutando temperatura colore, intensità e resa cromatica in funzione dell’ambiente. Una luce calda valorizza aree relax, sale da pranzo e camere, mentre una luce più neutra può essere utile in cucina, studio o spazi commerciali. La Ideal Lux Odeon sp1 Lampade a Sospensione per Interni unisce funzione luminosa e valore decorativo, offrendo una soluzione SEO friendly e completa per chi cerca una lampada a sospensione Ideal Lux affidabile, ben descritta nelle varianti e pronta per essere inserita in un progetto di illuminazione domestico o professionale.","Lampada a sospensione Ideal Lux Odeon sp1 per interni: ideale per soggiorno, cucina, living, sala da pranzo, camera e ambienti contract."
IL-CONFIG-277,"Ideal Lux Oil per Interni è una lampada a sospensione Ideal Lux pensata per l’illuminazione di interni residenziali e professionali, con una presenza scenografica coerente con il modello Oil. Il prodotto configurabile riunisce le varianti realmente associate nel catalogo: dimensioni Ø15cm x H min 500 / max 2250; attacco E27; potenza massima 15W; materiali Cemento. Le configurazioni disponibili comprendono: Oil-1 sp1. Secondo la descrizione ufficiale Ideal Lux, montatura in metallo con finitura nero opaco. Diffusore in cemento. Per il modello 110462 12 metri di cavo rivestito in tessuto e fornito con sei ganci di fissaggio e spina italiana che puo' essere sostituita al rosone. La sospensione è indicata per soggiorno, zona living, sala da pranzo, cucina con isola o penisola, camera da letto, corridoi ampi e ambienti contract come reception, showroom, sale riunioni, ristoranti e boutique, scegliendo la configurazione più adatta per dimensione, finitura e numero di luci.","La Ideal Lux Oil per Interni è una lampada a sospensione Ideal Lux per interni progettata per completare l’arredo con una luce sospesa elegante, riconoscibile e proporzionata agli spazi. Il modello Oil è stato trattato come prodotto configurabile: le informazioni sono state aggregate dalle varianti semplici collegate, dagli attributi tecnici del configurabile, dal listino giacenze e dalle descrizioni ufficiali Ideal Lux quando presenti. In questo modo la scheda prodotto descrive l’intera famiglia disponibile senza creare testi separati per ogni singola variante. Le configurazioni disponibili includono dimensioni Ø15cm x H min 500 / max 2250; attacco E27; potenza massima 15W; materiali Cemento. Le configurazioni disponibili comprendono: Oil-1 sp1. Dal punto di vista tecnico, la scheda riporta materiali dichiarati: Cemento; ingombri disponibili: Ø15cm x H min 500 / max 2250; potenza massima: 15W; attacco portalampada: E27; grado di protezione: IP20. Secondo la descrizione ufficiale Ideal Lux, montatura in metallo con finitura nero opaco. Diffusore in cemento. Per il modello 110462 12 metri di cavo rivestito in tessuto e fornito con sei ganci di fissaggio e spina italiana che puo' essere sostituita al rosone. Questa sospensione è adatta a diversi ambienti della casa: sopra il tavolo da pranzo crea un punto luce centrale, in soggiorno e nella zona living contribuisce a definire l’atmosfera, in cucina può illuminare isole, penisole e piani snack, mentre in camera da letto o in un corridoio ampio può diventare un elemento decorativo capace di dare personalità allo spazio. Nei contesti professionali può essere utilizzata in reception, sale d’attesa, uffici direzionali, showroom, negozi, ristoranti, bar, hotel e spazi contract, sempre valutando altezza di installazione, dimensioni della stanza e quantità di luce desiderata. La scelta tra le varianti permette di coordinare la lampada con arredi chiari o scuri, superfici metalliche, vetro, legno, pietra o finiture contemporanee. Le versioni con diametri, forme o numero di sorgenti differenti sono utili per adattare la presenza visiva della sospensione a tavoli piccoli, piani allungati, ambienti con soffitto alto o zone living più scenografiche. Il grado di protezione indicato, quando presente nella scheda tecnica, conferma la destinazione ad ambienti interni asciutti: non viene quindi descritta come lampada da esterno o per zone esposte ad acqua e agenti atmosferici. Per ottenere il miglior risultato è consigliabile scegliere la sorgente luminosa compatibile con l’attacco e la potenza previsti, valutando temperatura colore, intensità e resa cromatica in funzione dell’ambiente. Una luce calda valorizza aree relax, sale da pranzo e camere, mentre una luce più neutra può essere utile in cucina, studio o spazi commerciali. La Ideal Lux Oil per Interni unisce funzione luminosa e valore decorativo, offrendo una soluzione SEO friendly e completa per chi cerca una lampada a sospensione Ideal Lux affidabile, ben descritta nelle varianti e pronta per essere inserita in un progetto di illuminazione domestico o professionale.","Lampada a sospensione Ideal Lux Oil per interni: ideale per soggiorno, cucina, living, sala da pranzo, camera e ambienti contract."
IL-CONFIG-278,"Ideal Lux Oil per Interni è una lampada a sospensione Ideal Lux pensata per l’illuminazione di interni residenziali e professionali, con una presenza scenografica coerente con il modello Oil. Il prodotto configurabile riunisce le varianti realmente associate nel catalogo: dimensioni Ø15cm x H min 450 / max 2200; attacco E27; potenza massima 15W; materiali Cemento. Le configurazioni disponibili comprendono: Oil-2 sp1. Secondo la descrizione ufficiale Ideal Lux, montatura in metallo con finitura nero opaco. Diffusore in cemento. Per il modello 110462 12 metri di cavo rivestito in tessuto e fornito con sei ganci di fissaggio e spina italiana che puo' essere sostituita al rosone. La sospensione è indicata per soggiorno, zona living, sala da pranzo, cucina con isola o penisola, camera da letto, corridoi ampi e ambienti contract come reception, showroom, sale riunioni, ristoranti e boutique, scegliendo la configurazione più adatta per dimensione, finitura e numero di luci.","La Ideal Lux Oil per Interni è una lampada a sospensione Ideal Lux per interni progettata per completare l’arredo con una luce sospesa elegante, riconoscibile e proporzionata agli spazi. Il modello Oil è stato trattato come prodotto configurabile: le informazioni sono state aggregate dalle varianti semplici collegate, dagli attributi tecnici del configurabile, dal listino giacenze e dalle descrizioni ufficiali Ideal Lux quando presenti. In questo modo la scheda prodotto descrive l’intera famiglia disponibile senza creare testi separati per ogni singola variante. Le configurazioni disponibili includono dimensioni Ø15cm x H min 450 / max 2200; attacco E27; potenza massima 15W; materiali Cemento. Le configurazioni disponibili comprendono: Oil-2 sp1. Dal punto di vista tecnico, la scheda riporta materiali dichiarati: Cemento; ingombri disponibili: Ø15cm x H min 450 / max 2200; potenza massima: 15W; attacco portalampada: E27; grado di protezione: IP20. Secondo la descrizione ufficiale Ideal Lux, montatura in metallo con finitura nero opaco. Diffusore in cemento. Per il modello 110462 12 metri di cavo rivestito in tessuto e fornito con sei ganci di fissaggio e spina italiana che puo' essere sostituita al rosone. Questa sospensione è adatta a diversi ambienti della casa: sopra il tavolo da pranzo crea un punto luce centrale, in soggiorno e nella zona living contribuisce a definire l’atmosfera, in cucina può illuminare isole, penisole e piani snack, mentre in camera da letto o in un corridoio ampio può diventare un elemento decorativo capace di dare personalità allo spazio. Nei contesti professionali può essere utilizzata in reception, sale d’attesa, uffici direzionali, showroom, negozi, ristoranti, bar, hotel e spazi contract, sempre valutando altezza di installazione, dimensioni della stanza e quantità di luce desiderata. La scelta tra le varianti permette di coordinare la lampada con arredi chiari o scuri, superfici metalliche, vetro, legno, pietra o finiture contemporanee. Le versioni con diametri, forme o numero di sorgenti differenti sono utili per adattare la presenza visiva della sospensione a tavoli piccoli, piani allungati, ambienti con soffitto alto o zone living più scenografiche. Il grado di protezione indicato, quando presente nella scheda tecnica, conferma la destinazione ad ambienti interni asciutti: non viene quindi descritta come lampada da esterno o per zone esposte ad acqua e agenti atmosferici. Per ottenere il miglior risultato è consigliabile scegliere la sorgente luminosa compatibile con l’attacco e la potenza previsti, valutando temperatura colore, intensità e resa cromatica in funzione dell’ambiente. Una luce calda valorizza aree relax, sale da pranzo e camere, mentre una luce più neutra può essere utile in cucina, studio o spazi commerciali. La Ideal Lux Oil per Interni unisce funzione luminosa e valore decorativo, offrendo una soluzione SEO friendly e completa per chi cerca una lampada a sospensione Ideal Lux affidabile, ben descritta nelle varianti e pronta per essere inserita in un progetto di illuminazione domestico o professionale.","Lampada a sospensione Ideal Lux Oil per interni: ideale per soggiorno, cucina, living, sala da pranzo, camera e ambienti contract."
IL-CONFIG-279,"Ideal Lux Oil per Interni è una lampada a sospensione Ideal Lux pensata per l’illuminazione di interni residenziali e professionali, con una presenza scenografica coerente con il modello Oil. Il prodotto configurabile riunisce le varianti realmente associate nel catalogo: dimensioni Ø14cm x H min 500 / max 2250; attacco E27; potenza massima 15W; materiali Cemento. Le configurazioni disponibili comprendono: Oil-3 sp1. Secondo la descrizione ufficiale Ideal Lux, montatura in metallo con finitura nero opaco. Diffusore in cemento. Per il modello 110462 12 metri di cavo rivestito in tessuto e fornito con sei ganci di fissaggio e spina italiana che puo' essere sostituita al rosone. La sospensione è indicata per soggiorno, zona living, sala da pranzo, cucina con isola o penisola, camera da letto, corridoi ampi e ambienti contract come reception, showroom, sale riunioni, ristoranti e boutique, scegliendo la configurazione più adatta per dimensione, finitura e numero di luci.","La Ideal Lux Oil per Interni è una lampada a sospensione Ideal Lux per interni progettata per completare l’arredo con una luce sospesa elegante, riconoscibile e proporzionata agli spazi. Il modello Oil è stato trattato come prodotto configurabile: le informazioni sono state aggregate dalle varianti semplici collegate, dagli attributi tecnici del configurabile, dal listino giacenze e dalle descrizioni ufficiali Ideal Lux quando presenti. In questo modo la scheda prodotto descrive l’intera famiglia disponibile senza creare testi separati per ogni singola variante. Le configurazioni disponibili includono dimensioni Ø14cm x H min 500 / max 2250; attacco E27; potenza massima 15W; materiali Cemento. Le configurazioni disponibili comprendono: Oil-3 sp1. Dal punto di vista tecnico, la scheda riporta materiali dichiarati: Cemento; ingombri disponibili: Ø14cm x H min 500 / max 2250; potenza massima: 15W; attacco portalampada: E27; grado di protezione: IP20. Secondo la descrizione ufficiale Ideal Lux, montatura in metallo con finitura nero opaco. Diffusore in cemento. Per il modello 110462 12 metri di cavo rivestito in tessuto e fornito con sei ganci di fissaggio e spina italiana che puo' essere sostituita al rosone. Questa sospensione è adatta a diversi ambienti della casa: sopra il tavolo da pranzo crea un punto luce centrale, in soggiorno e nella zona living contribuisce a definire l’atmosfera, in cucina può illuminare isole, penisole e piani snack, mentre in camera da letto o in un corridoio ampio può diventare un elemento decorativo capace di dare personalità allo spazio. Nei contesti professionali può essere utilizzata in reception, sale d’attesa, uffici direzionali, showroom, negozi, ristoranti, bar, hotel e spazi contract, sempre valutando altezza di installazione, dimensioni della stanza e quantità di luce desiderata. La scelta tra le varianti permette di coordinare la lampada con arredi chiari o scuri, superfici metalliche, vetro, legno, pietra o finiture contemporanee. Le versioni con diametri, forme o numero di sorgenti differenti sono utili per adattare la presenza visiva della sospensione a tavoli piccoli, piani allungati, ambienti con soffitto alto o zone living più scenografiche. Il grado di protezione indicato, quando presente nella scheda tecnica, conferma la destinazione ad ambienti interni asciutti: non viene quindi descritta come lampada da esterno o per zone esposte ad acqua e agenti atmosferici. Per ottenere il miglior risultato è consigliabile scegliere la sorgente luminosa compatibile con l’attacco e la potenza previsti, valutando temperatura colore, intensità e resa cromatica in funzione dell’ambiente. Una luce calda valorizza aree relax, sale da pranzo e camere, mentre una luce più neutra può essere utile in cucina, studio o spazi commerciali. La Ideal Lux Oil per Interni unisce funzione luminosa e valore decorativo, offrendo una soluzione SEO friendly e completa per chi cerca una lampada a sospensione Ideal Lux affidabile, ben descritta nelle varianti e pronta per essere inserita in un progetto di illuminazione domestico o professionale.","Lampada a sospensione Ideal Lux Oil per interni: ideale per soggiorno, cucina, living, sala da pranzo, camera e ambienti contract."
IL-CONFIG-280,"Ideal Lux Oil per Interni è una lampada a sospensione Ideal Lux pensata per l’illuminazione di interni residenziali e professionali, con una presenza scenografica coerente con il modello Oil. Il prodotto configurabile riunisce le varianti realmente associate nel catalogo: dimensioni Ø12cm x H min 360 / max 12110; attacco GU10; potenza massima 15W; materiali Cemento. Le configurazioni disponibili comprendono: Oil-4 sp1. Secondo la descrizione ufficiale Ideal Lux, montatura in metallo con finitura nero opaco. Diffusore in cemento. Per il modello 110462 12 metri di cavo rivestito in tessuto e fornito con sei ganci di fissaggio e spina italiana che puo' essere sostituita al rosone. La sospensione è indicata per soggiorno, zona living, sala da pranzo, cucina con isola o penisola, camera da letto, corridoi ampi e ambienti contract come reception, showroom, sale riunioni, ristoranti e boutique, scegliendo la configurazione più adatta per dimensione, finitura e numero di luci.","La Ideal Lux Oil per Interni è una lampada a sospensione Ideal Lux per interni progettata per completare l’arredo con una luce sospesa elegante, riconoscibile e proporzionata agli spazi. Il modello Oil è stato trattato come prodotto configurabile: le informazioni sono state aggregate dalle varianti semplici collegate, dagli attributi tecnici del configurabile, dal listino giacenze e dalle descrizioni ufficiali Ideal Lux quando presenti. In questo modo la scheda prodotto descrive l’intera famiglia disponibile senza creare testi separati per ogni singola variante. Le configurazioni disponibili includono dimensioni Ø12cm x H min 360 / max 12110; attacco GU10; potenza massima 15W; materiali Cemento. Le configurazioni disponibili comprendono: Oil-4 sp1. Dal punto di vista tecnico, la scheda riporta materiali dichiarati: Cemento; ingombri disponibili: Ø12cm x H min 360 / max 12110; potenza massima: 15W; attacco portalampada: GU10; grado di protezione: IP20. Secondo la descrizione ufficiale Ideal Lux, montatura in metallo con finitura nero opaco. Diffusore in cemento. Per il modello 110462 12 metri di cavo rivestito in tessuto e fornito con sei ganci di fissaggio e spina italiana che puo' essere sostituita al rosone. Questa sospensione è adatta a diversi ambienti della casa: sopra il tavolo da pranzo crea un punto luce centrale, in soggiorno e nella zona living contribuisce a definire l’atmosfera, in cucina può illuminare isole, penisole e piani snack, mentre in camera da letto o in un corridoio ampio può diventare un elemento decorativo capace di dare personalità allo spazio. Nei contesti professionali può essere utilizzata in reception, sale d’attesa, uffici direzionali, showroom, negozi, ristoranti, bar, hotel e spazi contract, sempre valutando altezza di installazione, dimensioni della stanza e quantità di luce desiderata. La scelta tra le varianti permette di coordinare la lampada con arredi chiari o scuri, superfici metalliche, vetro, legno, pietra o finiture contemporanee. Le versioni con diametri, forme o numero di sorgenti differenti sono utili per adattare la presenza visiva della sospensione a tavoli piccoli, piani allungati, ambienti con soffitto alto o zone living più scenografiche. Il grado di protezione indicato, quando presente nella scheda tecnica, conferma la destinazione ad ambienti interni asciutti: non viene quindi descritta come lampada da esterno o per zone esposte ad acqua e agenti atmosferici. Per ottenere il miglior risultato è consigliabile scegliere la sorgente luminosa compatibile con l’attacco e la potenza previsti, valutando temperatura colore, intensità e resa cromatica in funzione dell’ambiente. Una luce calda valorizza aree relax, sale da pranzo e camere, mentre una luce più neutra può essere utile in cucina, studio o spazi commerciali. La Ideal Lux Oil per Interni unisce funzione luminosa e valore decorativo, offrendo una soluzione SEO friendly e completa per chi cerca una lampada a sospensione Ideal Lux affidabile, ben descritta nelle varianti e pronta per essere inserita in un progetto di illuminazione domestico o professionale.","Lampada a sospensione Ideal Lux Oil per interni: ideale per soggiorno, cucina, living, sala da pranzo, camera e ambienti contract."
IL-CONFIG-281,"Ideal Lux Oil per Interni è una lampada a sospensione Ideal Lux pensata per l’illuminazione di interni residenziali e professionali, con una presenza scenografica coerente con il modello Oil. Il prodotto configurabile riunisce le varianti realmente associate nel catalogo: dimensioni Ø20.5cm x H min 405 / max 2155; attacco E27; potenza massima 15W; materiali Cemento. Le configurazioni disponibili comprendono: Oil-5 sp1. Secondo la descrizione ufficiale Ideal Lux, montatura in metallo con finitura nero opaco. Diffusore in cemento. Per il modello 110462 12 metri di cavo rivestito in tessuto e fornito con sei ganci di fissaggio e spina italiana che puo' essere sostituita al rosone. La sospensione è indicata per soggiorno, zona living, sala da pranzo, cucina con isola o penisola, camera da letto, corridoi ampi e ambienti contract come reception, showroom, sale riunioni, ristoranti e boutique, scegliendo la configurazione più adatta per dimensione, finitura e numero di luci.","La Ideal Lux Oil per Interni è una lampada a sospensione Ideal Lux per interni progettata per completare l’arredo con una luce sospesa elegante, riconoscibile e proporzionata agli spazi. Il modello Oil è stato trattato come prodotto configurabile: le informazioni sono state aggregate dalle varianti semplici collegate, dagli attributi tecnici del configurabile, dal listino giacenze e dalle descrizioni ufficiali Ideal Lux quando presenti. In questo modo la scheda prodotto descrive l’intera famiglia disponibile senza creare testi separati per ogni singola variante. Le configurazioni disponibili includono dimensioni Ø20.5cm x H min 405 / max 2155; attacco E27; potenza massima 15W; materiali Cemento. Le configurazioni disponibili comprendono: Oil-5 sp1. Dal punto di vista tecnico, la scheda riporta materiali dichiarati: Cemento; ingombri disponibili: Ø20.5cm x H min 405 / max 2155; potenza massima: 15W; attacco portalampada: E27; grado di protezione: IP20. Secondo la descrizione ufficiale Ideal Lux, montatura in metallo con finitura nero opaco. Diffusore in cemento. Per il modello 110462 12 metri di cavo rivestito in tessuto e fornito con sei ganci di fissaggio e spina italiana che puo' essere sostituita al rosone. Questa sospensione è adatta a diversi ambienti della casa: sopra il tavolo da pranzo crea un punto luce centrale, in soggiorno e nella zona living contribuisce a definire l’atmosfera, in cucina può illuminare isole, penisole e piani snack, mentre in camera da letto o in un corridoio ampio può diventare un elemento decorativo capace di dare personalità allo spazio. Nei contesti professionali può essere utilizzata in reception, sale d’attesa, uffici direzionali, showroom, negozi, ristoranti, bar, hotel e spazi contract, sempre valutando altezza di installazione, dimensioni della stanza e quantità di luce desiderata. La scelta tra le varianti permette di coordinare la lampada con arredi chiari o scuri, superfici metalliche, vetro, legno, pietra o finiture contemporanee. Le versioni con diametri, forme o numero di sorgenti differenti sono utili per adattare la presenza visiva della sospensione a tavoli piccoli, piani allungati, ambienti con soffitto alto o zone living più scenografiche. Il grado di protezione indicato, quando presente nella scheda tecnica, conferma la destinazione ad ambienti interni asciutti: non viene quindi descritta come lampada da esterno o per zone esposte ad acqua e agenti atmosferici. Per ottenere il miglior risultato è consigliabile scegliere la sorgente luminosa compatibile con l’attacco e la potenza previsti, valutando temperatura colore, intensità e resa cromatica in funzione dell’ambiente. Una luce calda valorizza aree relax, sale da pranzo e camere, mentre una luce più neutra può essere utile in cucina, studio o spazi commerciali. La Ideal Lux Oil per Interni unisce funzione luminosa e valore decorativo, offrendo una soluzione SEO friendly e completa per chi cerca una lampada a sospensione Ideal Lux affidabile, ben descritta nelle varianti e pronta per essere inserita in un progetto di illuminazione domestico o professionale.","Lampada a sospensione Ideal Lux Oil per interni: ideale per soggiorno, cucina, living, sala da pranzo, camera e ambienti contract."
IL-CONFIG-282,"Ideal Lux Oil per Interni è una lampada a sospensione Ideal Lux pensata per l’illuminazione di interni residenziali e professionali, con una presenza scenografica coerente con il modello Oil. Il prodotto configurabile riunisce le varianti realmente associate nel catalogo: dimensioni Ø25cm x H min 375 / max 2125; attacco E27; potenza massima 15W; materiali Cemento. Le configurazioni disponibili comprendono: Oil-6 sp1. Secondo la descrizione ufficiale Ideal Lux, montatura in metallo con finitura nero opaco. Diffusore in cemento. Per il modello 110462 12 metri di cavo rivestito in tessuto e fornito con sei ganci di fissaggio e spina italiana che puo' essere sostituita al rosone. La sospensione è indicata per soggiorno, zona living, sala da pranzo, cucina con isola o penisola, camera da letto, corridoi ampi e ambienti contract come reception, showroom, sale riunioni, ristoranti e boutique, scegliendo la configurazione più adatta per dimensione, finitura e numero di luci.","La Ideal Lux Oil per Interni è una lampada a sospensione Ideal Lux per interni progettata per completare l’arredo con una luce sospesa elegante, riconoscibile e proporzionata agli spazi. Il modello Oil è stato trattato come prodotto configurabile: le informazioni sono state aggregate dalle varianti semplici collegate, dagli attributi tecnici del configurabile, dal listino giacenze e dalle descrizioni ufficiali Ideal Lux quando presenti. In questo modo la scheda prodotto descrive l’intera famiglia disponibile senza creare testi separati per ogni singola variante. Le configurazioni disponibili includono dimensioni Ø25cm x H min 375 / max 2125; attacco E27; potenza massima 15W; materiali Cemento. Le configurazioni disponibili comprendono: Oil-6 sp1. Dal punto di vista tecnico, la scheda riporta materiali dichiarati: Cemento; ingombri disponibili: Ø25cm x H min 375 / max 2125; potenza massima: 15W; attacco portalampada: E27; grado di protezione: IP20. Secondo la descrizione ufficiale Ideal Lux, montatura in metallo con finitura nero opaco. Diffusore in cemento. Per il modello 110462 12 metri di cavo rivestito in tessuto e fornito con sei ganci di fissaggio e spina italiana che puo' essere sostituita al rosone. Questa sospensione è adatta a diversi ambienti della casa: sopra il tavolo da pranzo crea un punto luce centrale, in soggiorno e nella zona living contribuisce a definire l’atmosfera, in cucina può illuminare isole, penisole e piani snack, mentre in camera da letto o in un corridoio ampio può diventare un elemento decorativo capace di dare personalità allo spazio. Nei contesti professionali può essere utilizzata in reception, sale d’attesa, uffici direzionali, showroom, negozi, ristoranti, bar, hotel e spazi contract, sempre valutando altezza di installazione, dimensioni della stanza e quantità di luce desiderata. La scelta tra le varianti permette di coordinare la lampada con arredi chiari o scuri, superfici metalliche, vetro, legno, pietra o finiture contemporanee. Le versioni con diametri, forme o numero di sorgenti differenti sono utili per adattare la presenza visiva della sospensione a tavoli piccoli, piani allungati, ambienti con soffitto alto o zone living più scenografiche. Il grado di protezione indicato, quando presente nella scheda tecnica, conferma la destinazione ad ambienti interni asciutti: non viene quindi descritta come lampada da esterno o per zone esposte ad acqua e agenti atmosferici. Per ottenere il miglior risultato è consigliabile scegliere la sorgente luminosa compatibile con l’attacco e la potenza previsti, valutando temperatura colore, intensità e resa cromatica in funzione dell’ambiente. Una luce calda valorizza aree relax, sale da pranzo e camere, mentre una luce più neutra può essere utile in cucina, studio o spazi commerciali. La Ideal Lux Oil per Interni unisce funzione luminosa e valore decorativo, offrendo una soluzione SEO friendly e completa per chi cerca una lampada a sospensione Ideal Lux affidabile, ben descritta nelle varianti e pronta per essere inserita in un progetto di illuminazione domestico o professionale.","Lampada a sospensione Ideal Lux Oil per interni: ideale per soggiorno, cucina, living, sala da pranzo, camera e ambienti contract."
IL-CONFIG-283,"Ideal Lux Onion sp1 Lampade a Sospensione per Interni è una lampada a sospensione Ideal Lux pensata per l’illuminazione di interni residenziali e professionali, con una presenza scenografica coerente con il modello Onion sp1. Il prodotto configurabile riunisce le varianti realmente associate nel catalogo: dimensioni Diametro, 23.5cm, 38cm, 47cm e 59.5cm; attacco E27; potenza massima 60W; materiali Metallo. Le configurazioni disponibili comprendono: Onion sp1 -Diametro-23.5cm, Onion sp1 -Diametro-38cm, Onion sp1 -Diametro-47cm e Onion sp1 -Diametro-59.5cm. Secondo la descrizione ufficiale Ideal Lux, struttura in metallo con finitura in vernice marrone ad effetto metallico. Cavo in tessuto. La sospensione è indicata per soggiorno, zona living, sala da pranzo, cucina con isola o penisola, camera da letto, corridoi ampi e ambienti contract come reception, showroom, sale riunioni, ristoranti e boutique, scegliendo la configurazione più adatta per dimensione, finitura e numero di luci.","La Ideal Lux Onion sp1 Lampade a Sospensione per Interni è una lampada a sospensione Ideal Lux per interni progettata per completare l’arredo con una luce sospesa elegante, riconoscibile e proporzionata agli spazi. Il modello Onion sp1 è stato trattato come prodotto configurabile: le informazioni sono state aggregate dalle varianti semplici collegate, dagli attributi tecnici del configurabile, dal listino giacenze e dalle descrizioni ufficiali Ideal Lux quando presenti. In questo modo la scheda prodotto descrive l’intera famiglia disponibile senza creare testi separati per ogni singola variante. Le configurazioni disponibili includono dimensioni Diametro, 23.5cm, 38cm, 47cm e 59.5cm; attacco E27; potenza massima 60W; materiali Metallo. Le configurazioni disponibili comprendono: Onion sp1 -Diametro-23.5cm, Onion sp1 -Diametro-38cm, Onion sp1 -Diametro-47cm e Onion sp1 -Diametro-59.5cm. Dal punto di vista tecnico, la scheda riporta materiali dichiarati: Metallo; ingombri disponibili: Ø23.5cm x H min 480 / max 2230 - Ø38cm x H min 625 / max 2375 - Ø47cm x H min 690 / max 2440 - Ø59.5cm x H min 820 / max 2570; potenza massima: 60W; attacco portalampada: E27; grado di protezione: IP20. Secondo la descrizione ufficiale Ideal Lux, struttura in metallo con finitura in vernice marrone ad effetto metallico. Cavo in tessuto. Questa sospensione è adatta a diversi ambienti della casa: sopra il tavolo da pranzo crea un punto luce centrale, in soggiorno e nella zona living contribuisce a definire l’atmosfera, in cucina può illuminare isole, penisole e piani snack, mentre in camera da letto o in un corridoio ampio può diventare un elemento decorativo capace di dare personalità allo spazio. Nei contesti professionali può essere utilizzata in reception, sale d’attesa, uffici direzionali, showroom, negozi, ristoranti, bar, hotel e spazi contract, sempre valutando altezza di installazione, dimensioni della stanza e quantità di luce desiderata. La scelta tra le varianti permette di coordinare la lampada con arredi chiari o scuri, superfici metalliche, vetro, legno, pietra o finiture contemporanee. Le versioni con diametri, forme o numero di sorgenti differenti sono utili per adattare la presenza visiva della sospensione a tavoli piccoli, piani allungati, ambienti con soffitto alto o zone living più scenografiche. Il grado di protezione indicato, quando presente nella scheda tecnica, conferma la destinazione ad ambienti interni asciutti: non viene quindi descritta come lampada da esterno o per zone esposte ad acqua e agenti atmosferici. Per ottenere il miglior risultato è consigliabile scegliere la sorgente luminosa compatibile con l’attacco e la potenza previsti, valutando temperatura colore, intensità e resa cromatica in funzione dell’ambiente. Una luce calda valorizza aree relax, sale da pranzo e camere, mentre una luce più neutra può essere utile in cucina, studio o spazi commerciali. La Ideal Lux Onion sp1 Lampade a Sospensione per Interni unisce funzione luminosa e valore decorativo, offrendo una soluzione SEO friendly e completa per chi cerca una lampada a sospensione Ideal Lux affidabile, ben descritta nelle varianti e pronta per essere inserita in un progetto di illuminazione domestico o professionale.","Lampada a sospensione Ideal Lux Onion sp1 per interni: ideale per soggiorno, cucina, living, sala da pranzo, camera e ambienti contract."
IL-CONFIG-284,"Ideal Lux Opera sp10 Lampade a Sospensione per Interni è una lampada a sospensione Ideal Lux pensata per l’illuminazione di interni residenziali e professionali, con una presenza scenografica coerente con il modello Opera sp10. Il prodotto configurabile riunisce le varianti realmente associate nel catalogo: dimensioni Ø90cm x H min 1050 / max 2800, Ø50cm x H min 730 / max 2480 e Ø71cm x H min 860 / max 2610; configurazioni 10 sorgenti luminose, 4 sorgenti luminose e 6 sorgenti luminose; attacco E27; potenza massima 10 x 60W - 4 x 60W - 6 x 60W; materiali Cristallo, Tessuto, Vetro. Le configurazioni disponibili comprendono: Opera sp10 -10 Sorgenti Luminose, Opera sp4 -4 Sorgenti Luminose e Opera sp6 -6 Sorgenti Luminose. Secondo la descrizione ufficiale Ideal Lux, montatura in cromo. Paralume in lamina di PVC con riflessi metallizzati e rivestita da fili. Pendagli in cristallo molato. Sospensioni con cavi in acciaio a lunghezza regolabile. La sospensione è indicata per soggiorno, zona living, sala da pranzo, cucina con isola o penisola, camera da letto, corridoi ampi e ambienti contract come reception, showroom, sale riunioni, ristoranti e boutique, scegliendo la configurazione più adatta per dimensione, finitura e numero di luci.","La Ideal Lux Opera sp10 Lampade a Sospensione per Interni è una lampada a sospensione Ideal Lux per interni progettata per completare l’arredo con una luce sospesa elegante, riconoscibile e proporzionata agli spazi. Il modello Opera sp10 è stato trattato come prodotto configurabile: le informazioni sono state aggregate dalle varianti semplici collegate, dagli attributi tecnici del configurabile, dal listino giacenze e dalle descrizioni ufficiali Ideal Lux quando presenti. In questo modo la scheda prodotto descrive l’intera famiglia disponibile senza creare testi separati per ogni singola variante. Le configurazioni disponibili includono dimensioni Ø90cm x H min 1050 / max 2800, Ø50cm x H min 730 / max 2480 e Ø71cm x H min 860 / max 2610; configurazioni 10 sorgenti luminose, 4 sorgenti luminose e 6 sorgenti luminose; attacco E27; potenza massima 10 x 60W - 4 x 60W - 6 x 60W; materiali Cristallo, Tessuto, Vetro. Le configurazioni disponibili comprendono: Opera sp10 -10 Sorgenti Luminose, Opera sp4 -4 Sorgenti Luminose e Opera sp6 -6 Sorgenti Luminose. Dal punto di vista tecnico, la scheda riporta materiali dichiarati: Cristallo, Tessuto, Vetro; ingombri disponibili: Ø90cm x H min 1050 / max 2800 - Ø50cm x H min 730 / max 2480 - Ø71cm x H min 860 / max 2610; potenza massima: 10 x 60W - 4 x 60W - 6 x 60W; attacco portalampada: E27; grado di protezione: IP20. Secondo la descrizione ufficiale Ideal Lux, montatura in cromo. Paralume in lamina di PVC con riflessi metallizzati e rivestita da fili. Pendagli in cristallo molato. Sospensioni con cavi in acciaio a lunghezza regolabile. Questa sospensione è adatta a diversi ambienti della casa: sopra il tavolo da pranzo crea un punto luce centrale, in soggiorno e nella zona living contribuisce a definire l’atmosfera, in cucina può illuminare isole, penisole e piani snack, mentre in camera da letto o in un corridoio ampio può diventare un elemento decorativo capace di dare personalità allo spazio. Nei contesti professionali può essere utilizzata in reception, sale d’attesa, uffici direzionali, showroom, negozi, ristoranti, bar, hotel e spazi contract, sempre valutando altezza di installazione, dimensioni della stanza e quantità di luce desiderata. La scelta tra le varianti permette di coordinare la lampada con arredi chiari o scuri, superfici metalliche, vetro, legno, pietra o finiture contemporanee. Le versioni con diametri, forme o numero di sorgenti differenti sono utili per adattare la presenza visiva della sospensione a tavoli piccoli, piani allungati, ambienti con soffitto alto o zone living più scenografiche. Il grado di protezione indicato, quando presente nella scheda tecnica, conferma la destinazione ad ambienti interni asciutti: non viene quindi descritta come lampada da esterno o per zone esposte ad acqua e agenti atmosferici. Per ottenere il miglior risultato è consigliabile scegliere la sorgente luminosa compatibile con l’attacco e la potenza previsti, valutando temperatura colore, intensità e resa cromatica in funzione dell’ambiente. Una luce calda valorizza aree relax, sale da pranzo e camere, mentre una luce più neutra può essere utile in cucina, studio o spazi commerciali. La Ideal Lux Opera sp10 Lampade a Sospensione per Interni unisce funzione luminosa e valore decorativo, offrendo una soluzione SEO friendly e completa per chi cerca una lampada a sospensione Ideal Lux affidabile, ben descritta nelle varianti e pronta per essere inserita in un progetto di illuminazione domestico o professionale.","Lampada a sospensione Ideal Lux Opera sp10 per interni: ideale per soggiorno, cucina, living, sala da pranzo, camera e ambienti contract."
IL-CONFIG-285,"Ideal Lux Oracle slim sp round on-off bi Lampade a Sospensione per Interni è una lampada a sospensione Ideal Lux pensata per l’illuminazione di interni residenziali e professionali, con una presenza scenografica coerente con il modello Oracle slim sp round on-off bi. Il prodotto configurabile riunisce le varianti realmente associate nel catalogo: finiture/colori Bianco, Nero e Ottone; dimensioni Diametro, 50cm, 70cm, 90cm e 150cm; attacco LED; potenza massima 28W - 29W - 33W - 37W - 40W - 42W - 44W - 53W - 77W - 81W; materiali Alluminio, Metallo, PS; dimmer: Sì; lampadina inclusa: Sì. Le configurazioni disponibili comprendono: Oracle slim sp round on-off bi -Bianco-Diametro-50cm-2700K, Oracle slim sp round on-off ne -Nero-Diametro-50cm-2700K, Oracle slim sp round dali bi -Bianco-Diametro-50cm-3000K, Oracle slim sp round dali ne -Nero-Diametro-50cm-3000K, Oracle slim sp round on-off bi -Bianco-Diametro-50cm-3000K, Oracle slim sp round on-off ne -Nero-Diametro-50cm-3000K, Oracle slim sp round on-off ot -Ottone-Diametro-50cm-3000K, Oracle slim sp round dali bi -Bianco-Diametro-50cm-4000K, Oracle slim sp round dali ne -Nero-Diametro-50cm-4000K, Oracle slim sp round on-off bi -Bianco-Diametro-50cm-4000K, Oracle slim sp round on-off ne -Nero-Diametro-50cm-4000K, Oracle slim sp square on-off bi -Bianco-3000K, Oracle slim sp square on-off ne -Nero-3000K, Oracle slim sp square on-off ot -Ottone-3000K, Oracle slim sp round on-off bi -Bianco-Diametro-70cm-2700K, Oracle slim sp round on-off ne -Nero-Diametro-70cm-2700K, Oracle slim sp round dali bi -Bianco-Diametro-70cm-3000K, Oracle slim sp round dali ne -Nero-Diametro-70cm-3000K, Oracle slim sp round on-off bi -Bianco-Diametro-70cm-3000K, Oracle slim sp round on-off ne -Nero-Diametro-70cm-3000K, Oracle slim sp round on-off ot -Ottone-Diametro-70cm-3000K, Oracle slim sp round dali bi -Bianco-Diametro-70cm-4000K, Oracle slim sp round dali ne -Nero-Diametro-70cm-4000K, Oracle slim sp round on-off bi -Bianco-Diametro-70cm-4000K, Oracle slim sp round on-off ne -Nero-Diametro-70cm-4000K, Oracle slim sp square on-off bi -Bianco-3000K, Oracle slim sp square on-off ne -Nero-3000K, Oracle slim sp square on-off ot -Ottone-3000K, Oracle slim sp round on-off bi -Bianco-Diametro-90cm-2700K, Oracle slim sp round on-off ne -Nero-Diametro-90cm-2700K, Oracle slim sp round dali bi -Bianco-Diametro-90cm-3000K, Oracle slim sp round dali ne -Nero-Diametro-90cm-3000K, Oracle slim sp round on-off bi -Bianco-Diametro-90cm-3000K, Oracle slim sp round on-off ne -Nero-Diametro-90cm-3000K, Oracle slim sp round on-off ot -Ottone-Diametro-90cm-3000K, Oracle slim sp round dali bi -Bianco-Diametro-90cm-4000K, Oracle slim sp round dali ne -Nero-Diametro-90cm-4000K, Oracle slim sp round on-off bi -Bianco-Diametro-90cm-4000K, Oracle slim sp round on-off ne -Nero-Diametro-90cm-4000K, Oracle slim sp square on-off bi -Bianco-3000K, Oracle slim sp square on-off ne -Nero-3000K, Oracle slim sp square on-off ot -Ottone-3000K, Oracle slim sp round on-off bi -Bianco-Diametro-150cm-2700K, Oracle slim sp round on-off ne -Nero-Diametro-150cm-2700K, Oracle slim sp round dali bi -Bianco-Diametro-150cm-3000K, Oracle slim sp round dali ne -Nero-Diametro-150cm-3000K, Oracle slim sp round on-off bi -Bianco-Diametro-150cm-3000K, Oracle slim sp round on-off ne -Nero-Diametro-150cm-3000K, Oracle slim sp round on-off ot -Ottone-Diametro-150cm-3000K, Oracle slim sp round dali bi -Bianco-Diametro-150cm-4000K, Oracle slim sp round dali ne -Nero-Diametro-150cm-4000K, Oracle slim sp round on-off bi -Bianco-Diametro-150cm-4000K e Oracle slim sp round on-off ne -Nero-Diametro-150cm-4000K. La sospensione è indicata per soggiorno, zona living, sala da pranzo, cucina con isola o penisola, camera da letto, corridoi ampi e ambienti contract come reception, showroom, sale riunioni, ristoranti e boutique, scegliendo la configurazione più adatta per dimensione, finitura e numero di luci.","La Ideal Lux Oracle slim sp round on-off bi Lampade a Sospensione per Interni è una lampada a sospensione Ideal Lux per interni progettata per completare l’arredo con una luce sospesa elegante, riconoscibile e proporzionata agli spazi. Il modello Oracle slim sp round on-off bi è stato trattato come prodotto configurabile: le informazioni sono state aggregate dalle varianti semplici collegate, dagli attributi tecnici del configurabile, dal listino giacenze e dalle descrizioni ufficiali Ideal Lux quando presenti. In questo modo la scheda prodotto descrive l’intera famiglia disponibile senza creare testi separati per ogni singola variante. Le configurazioni disponibili includono finiture/colori Bianco, Nero e Ottone; dimensioni Diametro, 50cm, 70cm, 90cm e 150cm; attacco LED; potenza massima 28W - 29W - 33W - 37W - 40W - 42W - 44W - 53W - 77W - 81W; materiali Alluminio, Metallo, PS; dimmer: Sì; lampadina inclusa: Sì. Le configurazioni disponibili comprendono: Oracle slim sp round on-off bi -Bianco-Diametro-50cm-2700K, Oracle slim sp round on-off ne -Nero-Diametro-50cm-2700K, Oracle slim sp round dali bi -Bianco-Diametro-50cm-3000K, Oracle slim sp round dali ne -Nero-Diametro-50cm-3000K, Oracle slim sp round on-off bi -Bianco-Diametro-50cm-3000K, Oracle slim sp round on-off ne -Nero-Diametro-50cm-3000K, Oracle slim sp round on-off ot -Ottone-Diametro-50cm-3000K, Oracle slim sp round dali bi -Bianco-Diametro-50cm-4000K, Oracle slim sp round dali ne -Nero-Diametro-50cm-4000K, Oracle slim sp round on-off bi -Bianco-Diametro-50cm-4000K, Oracle slim sp round on-off ne -Nero-Diametro-50cm-4000K, Oracle slim sp square on-off bi -Bianco-3000K, Oracle slim sp square on-off ne -Nero-3000K, Oracle slim sp square on-off ot -Ottone-3000K, Oracle slim sp round on-off bi -Bianco-Diametro-70cm-2700K, Oracle slim sp round on-off ne -Nero-Diametro-70cm-2700K, Oracle slim sp round dali bi -Bianco-Diametro-70cm-3000K, Oracle slim sp round dali ne -Nero-Diametro-70cm-3000K, Oracle slim sp round on-off bi -Bianco-Diametro-70cm-3000K, Oracle slim sp round on-off ne -Nero-Diametro-70cm-3000K, Oracle slim sp round on-off ot -Ottone-Diametro-70cm-3000K, Oracle slim sp round dali bi -Bianco-Diametro-70cm-4000K, Oracle slim sp round dali ne -Nero-Diametro-70cm-4000K, Oracle slim sp round on-off bi -Bianco-Diametro-70cm-4000K, Oracle slim sp round on-off ne -Nero-Diametro-70cm-4000K, Oracle slim sp square on-off bi -Bianco-3000K, Oracle slim sp square on-off ne -Nero-3000K, Oracle slim sp square on-off ot -Ottone-3000K, Oracle slim sp round on-off bi -Bianco-Diametro-90cm-2700K, Oracle slim sp round on-off ne -Nero-Diametro-90cm-2700K, Oracle slim sp round dali bi -Bianco-Diametro-90cm-3000K, Oracle slim sp round dali ne -Nero-Diametro-90cm-3000K, Oracle slim sp round on-off bi -Bianco-Diametro-90cm-3000K, Oracle slim sp round on-off ne -Nero-Diametro-90cm-3000K, Oracle slim sp round on-off ot -Ottone-Diametro-90cm-3000K, Oracle slim sp round dali bi -Bianco-Diametro-90cm-4000K, Oracle slim sp round dali ne -Nero-Diametro-90cm-4000K, Oracle slim sp round on-off bi -Bianco-Diametro-90cm-4000K, Oracle slim sp round on-off ne -Nero-Diametro-90cm-4000K, Oracle slim sp square on-off bi -Bianco-3000K, Oracle slim sp square on-off ne -Nero-3000K, Oracle slim sp square on-off ot -Ottone-3000K, Oracle slim sp round on-off bi -Bianco-Diametro-150cm-2700K, Oracle slim sp round on-off ne -Nero-Diametro-150cm-2700K, Oracle slim sp round dali bi -Bianco-Diametro-150cm-3000K, Oracle slim sp round dali ne -Nero-Diametro-150cm-3000K, Oracle slim sp round on-off bi -Bianco-Diametro-150cm-3000K, Oracle slim sp round on-off ne -Nero-Diametro-150cm-3000K, Oracle slim sp round on-off ot -Ottone-Diametro-150cm-3000K, Oracle slim sp round dali bi -Bianco-Diametro-150cm-4000K, Oracle slim sp round dali ne -Nero-Diametro-150cm-4000K, Oracle slim sp round on-off bi -Bianco-Diametro-150cm-4000K e Oracle slim sp round on-off ne -Nero-Diametro-150cm-4000K. Dal punto di vista tecnico, la scheda riporta materiali dichiarati: Alluminio, Metallo, PS; ingombri disponibili: Ø50cm x H min 275 / max 2025 - L50cm x H min 275 / max 2025 x P50cm - Ø70cm x H min 275 / max 2025 - L70cm x H min 275 / max 2025 x P70cm - Ø90cm x H min 275 / max 2025 - L90cm x H min 275 / max 2025 x P90cm - Ø150cm x H min 275 / max 2025; potenza massima: 28W - 29W - 33W - 37W - 40W - 42W - 44W - 53W - 77W - 81W; attacco portalampada: LED; dimmerabilità indicata nel listino: Sì; lampadina inclusa: Sì; grado di protezione: IP20. Questa sospensione è adatta a diversi ambienti della casa: sopra il tavolo da pranzo crea un punto luce centrale, in soggiorno e nella zona living contribuisce a definire l’atmosfera, in cucina può illuminare isole, penisole e piani snack, mentre in camera da letto o in un corridoio ampio può diventare un elemento decorativo capace di dare personalità allo spazio. Nei contesti professionali può essere utilizzata in reception, sale d’attesa, uffici direzionali, showroom, negozi, ristoranti, bar, hotel e spazi contract, sempre valutando altezza di installazione, dimensioni della stanza e quantità di luce desiderata. La scelta tra le varianti permette di coordinare la lampada con arredi chiari o scuri, superfici metalliche, vetro, legno, pietra o finiture contemporanee. Le versioni con diametri, forme o numero di sorgenti differenti sono utili per adattare la presenza visiva della sospensione a tavoli piccoli, piani allungati, ambienti con soffitto alto o zone living più scenografiche. Il grado di protezione indicato, quando presente nella scheda tecnica, conferma la destinazione ad ambienti interni asciutti: non viene quindi descritta come lampada da esterno o per zone esposte ad acqua e agenti atmosferici. Per ottenere il miglior risultato è consigliabile scegliere la sorgente luminosa compatibile con l’attacco e la potenza previsti, valutando temperatura colore, intensità e resa cromatica in funzione dell’ambiente. Una luce calda valorizza aree relax, sale da pranzo e camere, mentre una luce più neutra può essere utile in cucina, studio o spazi commerciali. La Ideal Lux Oracle slim sp round on-off bi Lampade a Sospensione per Interni unisce funzione luminosa e valore decorativo, offrendo una soluzione SEO friendly e completa per chi cerca una lampada a sospensione Ideal Lux affidabile, ben descritta nelle varianti e pronta per essere inserita in un progetto di illuminazione domestico o professionale.","Lampada a sospensione Ideal Lux Oracle slim sp round on-off bi per interni: ideale per soggiorno, cucina, living, sala da pranzo, camera e ambienti contract."
IL-CONFIG-286,"Ideal Lux Oracle sp Lampade a Sospensione per Interni è una lampada a sospensione Ideal Lux pensata per l’illuminazione di interni residenziali e professionali, con una presenza scenografica coerente con il modello Oracle sp. Il prodotto configurabile riunisce le varianti realmente associate nel catalogo: finiture/colori Bianco e Nero; dimensioni Diametro, 50cm, 60cm e 70cm; attacco LED; potenza massima 28W - 33W - 35W; materiali Alluminio, Metallo, PS; lampadina inclusa: Sì. Le configurazioni disponibili comprendono: Oracle sp -Bianco-Diametro-50cm, Oracle sp -Nero-Diametro-50cm, Oracle sp -Bianco-Diametro-60cm, Oracle sp -Nero-Diametro-60cm, Oracle sp -Bianco-Diametro-70cm e Oracle sp -Nero-Diametro-70cm. La sospensione è indicata per soggiorno, zona living, sala da pranzo, cucina con isola o penisola, camera da letto, corridoi ampi e ambienti contract come reception, showroom, sale riunioni, ristoranti e boutique, scegliendo la configurazione più adatta per dimensione, finitura e numero di luci.","La Ideal Lux Oracle sp Lampade a Sospensione per Interni è una lampada a sospensione Ideal Lux per interni progettata per completare l’arredo con una luce sospesa elegante, riconoscibile e proporzionata agli spazi. Il modello Oracle sp è stato trattato come prodotto configurabile: le informazioni sono state aggregate dalle varianti semplici collegate, dagli attributi tecnici del configurabile, dal listino giacenze e dalle descrizioni ufficiali Ideal Lux quando presenti. In questo modo la scheda prodotto descrive l’intera famiglia disponibile senza creare testi separati per ogni singola variante. Le configurazioni disponibili includono finiture/colori Bianco e Nero; dimensioni Diametro, 50cm, 60cm e 70cm; attacco LED; potenza massima 28W - 33W - 35W; materiali Alluminio, Metallo, PS; lampadina inclusa: Sì. Le configurazioni disponibili comprendono: Oracle sp -Bianco-Diametro-50cm, Oracle sp -Nero-Diametro-50cm, Oracle sp -Bianco-Diametro-60cm, Oracle sp -Nero-Diametro-60cm, Oracle sp -Bianco-Diametro-70cm e Oracle sp -Nero-Diametro-70cm. Dal punto di vista tecnico, la scheda riporta materiali dichiarati: Alluminio, Metallo, PS; ingombri disponibili: Ø50cm x H min 295 / max 2045 - Ø60cm x H min 295 / max 2045 - Ø70cm x H min 295 / max 2045; potenza massima: 28W - 33W - 35W; attacco portalampada: LED; lampadina inclusa: Sì; grado di protezione: IP20. Questa sospensione è adatta a diversi ambienti della casa: sopra il tavolo da pranzo crea un punto luce centrale, in soggiorno e nella zona living contribuisce a definire l’atmosfera, in cucina può illuminare isole, penisole e piani snack, mentre in camera da letto o in un corridoio ampio può diventare un elemento decorativo capace di dare personalità allo spazio. Nei contesti professionali può essere utilizzata in reception, sale d’attesa, uffici direzionali, showroom, negozi, ristoranti, bar, hotel e spazi contract, sempre valutando altezza di installazione, dimensioni della stanza e quantità di luce desiderata. La scelta tra le varianti permette di coordinare la lampada con arredi chiari o scuri, superfici metalliche, vetro, legno, pietra o finiture contemporanee. Le versioni con diametri, forme o numero di sorgenti differenti sono utili per adattare la presenza visiva della sospensione a tavoli piccoli, piani allungati, ambienti con soffitto alto o zone living più scenografiche. Il grado di protezione indicato, quando presente nella scheda tecnica, conferma la destinazione ad ambienti interni asciutti: non viene quindi descritta come lampada da esterno o per zone esposte ad acqua e agenti atmosferici. Per ottenere il miglior risultato è consigliabile scegliere la sorgente luminosa compatibile con l’attacco e la potenza previsti, valutando temperatura colore, intensità e resa cromatica in funzione dell’ambiente. Una luce calda valorizza aree relax, sale da pranzo e camere, mentre una luce più neutra può essere utile in cucina, studio o spazi commerciali. La Ideal Lux Oracle sp Lampade a Sospensione per Interni unisce funzione luminosa e valore decorativo, offrendo una soluzione SEO friendly e completa per chi cerca una lampada a sospensione Ideal Lux affidabile, ben descritta nelle varianti e pronta per essere inserita in un progetto di illuminazione domestico o professionale.","Lampada a sospensione Ideal Lux Oracle sp per interni: ideale per soggiorno, cucina, living, sala da pranzo, camera e ambienti contract."
IL-CONFIG-287,"Ideal Lux Origami sp3 Lampade a Sospensione per Interni è una lampada a sospensione Ideal Lux pensata per l’illuminazione di interni residenziali e professionali, con una presenza scenografica coerente con il modello Origami sp3. Il prodotto configurabile riunisce le varianti realmente associate nel catalogo: dimensioni Ø40cm x H min 510 / max 1225; attacco E27; potenza massima 3 x 60W; materiali Vetro. Le configurazioni disponibili comprendono: Origami sp3. Secondo la descrizione ufficiale Ideal Lux, montatura in metallo verniciato opaco. Diffusori in vetro bianco soffiato e acidato con effetto piegature in rilievo. La sospensione è indicata per soggiorno, zona living, sala da pranzo, cucina con isola o penisola, camera da letto, corridoi ampi e ambienti contract come reception, showroom, sale riunioni, ristoranti e boutique, scegliendo la configurazione più adatta per dimensione, finitura e numero di luci.","La Ideal Lux Origami sp3 Lampade a Sospensione per Interni è una lampada a sospensione Ideal Lux per interni progettata per completare l’arredo con una luce sospesa elegante, riconoscibile e proporzionata agli spazi. Il modello Origami sp3 è stato trattato come prodotto configurabile: le informazioni sono state aggregate dalle varianti semplici collegate, dagli attributi tecnici del configurabile, dal listino giacenze e dalle descrizioni ufficiali Ideal Lux quando presenti. In questo modo la scheda prodotto descrive l’intera famiglia disponibile senza creare testi separati per ogni singola variante. Le configurazioni disponibili includono dimensioni Ø40cm x H min 510 / max 1225; attacco E27; potenza massima 3 x 60W; materiali Vetro. Le configurazioni disponibili comprendono: Origami sp3. Dal punto di vista tecnico, la scheda riporta materiali dichiarati: Vetro; ingombri disponibili: Ø40cm x H min 510 / max 1225; potenza massima: 3 x 60W; attacco portalampada: E27; grado di protezione: IP20. Secondo la descrizione ufficiale Ideal Lux, montatura in metallo verniciato opaco. Diffusori in vetro bianco soffiato e acidato con effetto piegature in rilievo. Questa sospensione è adatta a diversi ambienti della casa: sopra il tavolo da pranzo crea un punto luce centrale, in soggiorno e nella zona living contribuisce a definire l’atmosfera, in cucina può illuminare isole, penisole e piani snack, mentre in camera da letto o in un corridoio ampio può diventare un elemento decorativo capace di dare personalità allo spazio. Nei contesti professionali può essere utilizzata in reception, sale d’attesa, uffici direzionali, showroom, negozi, ristoranti, bar, hotel e spazi contract, sempre valutando altezza di installazione, dimensioni della stanza e quantità di luce desiderata. La scelta tra le varianti permette di coordinare la lampada con arredi chiari o scuri, superfici metalliche, vetro, legno, pietra o finiture contemporanee. Le versioni con diametri, forme o numero di sorgenti differenti sono utili per adattare la presenza visiva della sospensione a tavoli piccoli, piani allungati, ambienti con soffitto alto o zone living più scenografiche. Il grado di protezione indicato, quando presente nella scheda tecnica, conferma la destinazione ad ambienti interni asciutti: non viene quindi descritta come lampada da esterno o per zone esposte ad acqua e agenti atmosferici. Per ottenere il miglior risultato è consigliabile scegliere la sorgente luminosa compatibile con l’attacco e la potenza previsti, valutando temperatura colore, intensità e resa cromatica in funzione dell’ambiente. Una luce calda valorizza aree relax, sale da pranzo e camere, mentre una luce più neutra può essere utile in cucina, studio o spazi commerciali. La Ideal Lux Origami sp3 Lampade a Sospensione per Interni unisce funzione luminosa e valore decorativo, offrendo una soluzione SEO friendly e completa per chi cerca una lampada a sospensione Ideal Lux affidabile, ben descritta nelle varianti e pronta per essere inserita in un progetto di illuminazione domestico o professionale.","Lampada a sospensione Ideal Lux Origami sp3 per interni: ideale per soggiorno, cucina, living, sala da pranzo, camera e ambienti contract."
IL-CONFIG-288,"Ideal Lux Ovalino sp5 Lampade a Sospensione per Interni è una lampada a sospensione Ideal Lux pensata per l’illuminazione di interni residenziali e professionali, con una presenza scenografica coerente con il modello Ovalino sp5. Il prodotto configurabile riunisce le varianti realmente associate nel catalogo: dimensioni Diametro, 44cm e 55cm; attacco E27; potenza massima 5 x 60W - 8 x 60W; materiali Vetro. Le configurazioni disponibili comprendono: Ovalino sp5 -Diametro-44cm e Ovalino sp8 -Diametro-55cm. Secondo la descrizione ufficiale Ideal Lux, diffusore composto da elementi circolari in lastra di vetro curvata e acidata. Cavi in acciaio regolabili in lunghezza da dispositivi automatici. La sospensione è indicata per soggiorno, zona living, sala da pranzo, cucina con isola o penisola, camera da letto, corridoi ampi e ambienti contract come reception, showroom, sale riunioni, ristoranti e boutique, scegliendo la configurazione più adatta per dimensione, finitura e numero di luci.","La Ideal Lux Ovalino sp5 Lampade a Sospensione per Interni è una lampada a sospensione Ideal Lux per interni progettata per completare l’arredo con una luce sospesa elegante, riconoscibile e proporzionata agli spazi. Il modello Ovalino sp5 è stato trattato come prodotto configurabile: le informazioni sono state aggregate dalle varianti semplici collegate, dagli attributi tecnici del configurabile, dal listino giacenze e dalle descrizioni ufficiali Ideal Lux quando presenti. In questo modo la scheda prodotto descrive l’intera famiglia disponibile senza creare testi separati per ogni singola variante. Le configurazioni disponibili includono dimensioni Diametro, 44cm e 55cm; attacco E27; potenza massima 5 x 60W - 8 x 60W; materiali Vetro. Le configurazioni disponibili comprendono: Ovalino sp5 -Diametro-44cm e Ovalino sp8 -Diametro-55cm. Dal punto di vista tecnico, la scheda riporta materiali dichiarati: Vetro; ingombri disponibili: Ø44cm x H min 460 / max 1200 - Ø55cm x H min 465 / max 1200; potenza massima: 5 x 60W - 8 x 60W; attacco portalampada: E27; grado di protezione: IP20. Secondo la descrizione ufficiale Ideal Lux, diffusore composto da elementi circolari in lastra di vetro curvata e acidata. Cavi in acciaio regolabili in lunghezza da dispositivi automatici. Questa sospensione è adatta a diversi ambienti della casa: sopra il tavolo da pranzo crea un punto luce centrale, in soggiorno e nella zona living contribuisce a definire l’atmosfera, in cucina può illuminare isole, penisole e piani snack, mentre in camera da letto o in un corridoio ampio può diventare un elemento decorativo capace di dare personalità allo spazio. Nei contesti professionali può essere utilizzata in reception, sale d’attesa, uffici direzionali, showroom, negozi, ristoranti, bar, hotel e spazi contract, sempre valutando altezza di installazione, dimensioni della stanza e quantità di luce desiderata. La scelta tra le varianti permette di coordinare la lampada con arredi chiari o scuri, superfici metalliche, vetro, legno, pietra o finiture contemporanee. Le versioni con diametri, forme o numero di sorgenti differenti sono utili per adattare la presenza visiva della sospensione a tavoli piccoli, piani allungati, ambienti con soffitto alto o zone living più scenografiche. Il grado di protezione indicato, quando presente nella scheda tecnica, conferma la destinazione ad ambienti interni asciutti: non viene quindi descritta come lampada da esterno o per zone esposte ad acqua e agenti atmosferici. Per ottenere il miglior risultato è consigliabile scegliere la sorgente luminosa compatibile con l’attacco e la potenza previsti, valutando temperatura colore, intensità e resa cromatica in funzione dell’ambiente. Una luce calda valorizza aree relax, sale da pranzo e camere, mentre una luce più neutra può essere utile in cucina, studio o spazi commerciali. La Ideal Lux Ovalino sp5 Lampade a Sospensione per Interni unisce funzione luminosa e valore decorativo, offrendo una soluzione SEO friendly e completa per chi cerca una lampada a sospensione Ideal Lux affidabile, ben descritta nelle varianti e pronta per essere inserita in un progetto di illuminazione domestico o professionale.","Lampada a sospensione Ideal Lux Ovalino sp5 per interni: ideale per soggiorno, cucina, living, sala da pranzo, camera e ambienti contract."
IL-CONFIG-289,"Ideal Lux Oz sp on-off Lampade a Sospensione per Interni è una lampada a sospensione Ideal Lux pensata per l’illuminazione di interni residenziali e professionali, con una presenza scenografica coerente con il modello Oz sp on-off. Il prodotto configurabile riunisce le varianti realmente associate nel catalogo: finiture/colori Bianco, Nero e Ottone; dimensioni Diametro, 40cm, 60cm, 80cm e 100cm; attacco LED; potenza massima 38W - 47W - 48W - 52W - 55W - 75W; materiali Metallo, PS; dimmer: Sì; lampadina inclusa: Sì. Le configurazioni disponibili comprendono: Oz sp on-off -Bianco-Diametro-40cm-3000K, Oz sp on-off -Nero-Diametro-40cm-3000K, Oz sp on-off -Ottone-Diametro-40cm-3000K, Oz sp dali -Bianco-Diametro-60cm-3000K, Oz sp dali -Nero-Diametro-60cm-3000K, Oz sp dali -Ottone-Diametro-60cm-3000K, Oz sp on-off -Bianco-Diametro-60cm-2700K, Oz sp on-off -Bianco-Diametro-60cm-3000K, Oz sp on-off -Bianco-Diametro-60cm-4000K, Oz sp on-off -Nero-Diametro-60cm-2700K, Oz sp on-off -Nero-Diametro-60cm-3000K, Oz sp on-off -Nero-Diametro-60cm-4000K, Oz sp on-off -Ottone-Diametro-60cm-2700K, Oz sp on-off -Ottone-Diametro-60cm-3000K, Oz sp on-off -Ottone-Diametro-60cm-4000K, Oz sp dali -Bianco-Diametro-80cm-3000K, Oz sp dali -Nero-Diametro-80cm-3000K, Oz sp dali -Ottone-Diametro-80cm-3000K, Oz sp on-off -Bianco-Diametro-80cm-2700K, Oz sp on-off -Bianco-Diametro-80cm-3000K, Oz sp on-off -Bianco-Diametro-80cm-4000K, Oz sp on-off -Nero-Diametro-80cm-2700K, Oz sp on-off -Nero-Diametro-80cm-3000K, Oz sp on-off -Nero-Diametro-80cm-4000K, Oz sp on-off -Ottone-Diametro-80cm-2700K, Oz sp on-off -Ottone-Diametro-80cm-3000K, Oz sp on-off -Ottone-Diametro-80cm-4000K, Oz sp on-off -Bianco-Diametro-100cm-3000K, Oz sp on-off -Nero-Diametro-100cm-3000K e Oz sp on-off -Ottone-Diametro-100cm-3000K. La sospensione è indicata per soggiorno, zona living, sala da pranzo, cucina con isola o penisola, camera da letto, corridoi ampi e ambienti contract come reception, showroom, sale riunioni, ristoranti e boutique, scegliendo la configurazione più adatta per dimensione, finitura e numero di luci.","La Ideal Lux Oz sp on-off Lampade a Sospensione per Interni è una lampada a sospensione Ideal Lux per interni progettata per completare l’arredo con una luce sospesa elegante, riconoscibile e proporzionata agli spazi. Il modello Oz sp on-off è stato trattato come prodotto configurabile: le informazioni sono state aggregate dalle varianti semplici collegate, dagli attributi tecnici del configurabile, dal listino giacenze e dalle descrizioni ufficiali Ideal Lux quando presenti. In questo modo la scheda prodotto descrive l’intera famiglia disponibile senza creare testi separati per ogni singola variante. Le configurazioni disponibili includono finiture/colori Bianco, Nero e Ottone; dimensioni Diametro, 40cm, 60cm, 80cm e 100cm; attacco LED; potenza massima 38W - 47W - 48W - 52W - 55W - 75W; materiali Metallo, PS; dimmer: Sì; lampadina inclusa: Sì. Le configurazioni disponibili comprendono: Oz sp on-off -Bianco-Diametro-40cm-3000K, Oz sp on-off -Nero-Diametro-40cm-3000K, Oz sp on-off -Ottone-Diametro-40cm-3000K, Oz sp dali -Bianco-Diametro-60cm-3000K, Oz sp dali -Nero-Diametro-60cm-3000K, Oz sp dali -Ottone-Diametro-60cm-3000K, Oz sp on-off -Bianco-Diametro-60cm-2700K, Oz sp on-off -Bianco-Diametro-60cm-3000K, Oz sp on-off -Bianco-Diametro-60cm-4000K, Oz sp on-off -Nero-Diametro-60cm-2700K, Oz sp on-off -Nero-Diametro-60cm-3000K, Oz sp on-off -Nero-Diametro-60cm-4000K, Oz sp on-off -Ottone-Diametro-60cm-2700K, Oz sp on-off -Ottone-Diametro-60cm-3000K, Oz sp on-off -Ottone-Diametro-60cm-4000K, Oz sp dali -Bianco-Diametro-80cm-3000K, Oz sp dali -Nero-Diametro-80cm-3000K, Oz sp dali -Ottone-Diametro-80cm-3000K, Oz sp on-off -Bianco-Diametro-80cm-2700K, Oz sp on-off -Bianco-Diametro-80cm-3000K, Oz sp on-off -Bianco-Diametro-80cm-4000K, Oz sp on-off -Nero-Diametro-80cm-2700K, Oz sp on-off -Nero-Diametro-80cm-3000K, Oz sp on-off -Nero-Diametro-80cm-4000K, Oz sp on-off -Ottone-Diametro-80cm-2700K, Oz sp on-off -Ottone-Diametro-80cm-3000K, Oz sp on-off -Ottone-Diametro-80cm-4000K, Oz sp on-off -Bianco-Diametro-100cm-3000K, Oz sp on-off -Nero-Diametro-100cm-3000K e Oz sp on-off -Ottone-Diametro-100cm-3000K. Dal punto di vista tecnico, la scheda riporta materiali dichiarati: Metallo, PS; ingombri disponibili: Ø40cm x H min 360 / max 2000 - Ø60cm x H min 400 / max 2150 - Ø60cm x H min 300 / max 1500 - Ø60cm x H min 300 / max 2150 - Ø80cm x H min 490 / max 2240 - Ø80cm x H min 390 / max 2240 - Ø100cm x H min 520 / max 2000; potenza massima: 38W - 47W - 48W - 52W - 55W - 75W; attacco portalampada: LED; dimmerabilità indicata nel listino: Sì; lampadina inclusa: Sì; grado di protezione: IP20. Questa sospensione è adatta a diversi ambienti della casa: sopra il tavolo da pranzo crea un punto luce centrale, in soggiorno e nella zona living contribuisce a definire l’atmosfera, in cucina può illuminare isole, penisole e piani snack, mentre in camera da letto o in un corridoio ampio può diventare un elemento decorativo capace di dare personalità allo spazio. Nei contesti professionali può essere utilizzata in reception, sale d’attesa, uffici direzionali, showroom, negozi, ristoranti, bar, hotel e spazi contract, sempre valutando altezza di installazione, dimensioni della stanza e quantità di luce desiderata. La scelta tra le varianti permette di coordinare la lampada con arredi chiari o scuri, superfici metalliche, vetro, legno, pietra o finiture contemporanee. Le versioni con diametri, forme o numero di sorgenti differenti sono utili per adattare la presenza visiva della sospensione a tavoli piccoli, piani allungati, ambienti con soffitto alto o zone living più scenografiche. Il grado di protezione indicato, quando presente nella scheda tecnica, conferma la destinazione ad ambienti interni asciutti: non viene quindi descritta come lampada da esterno o per zone esposte ad acqua e agenti atmosferici. Per ottenere il miglior risultato è consigliabile scegliere la sorgente luminosa compatibile con l’attacco e la potenza previsti, valutando temperatura colore, intensità e resa cromatica in funzione dell’ambiente. Una luce calda valorizza aree relax, sale da pranzo e camere, mentre una luce più neutra può essere utile in cucina, studio o spazi commerciali. La Ideal Lux Oz sp on-off Lampade a Sospensione per Interni unisce funzione luminosa e valore decorativo, offrendo una soluzione SEO friendly e completa per chi cerca una lampada a sospensione Ideal Lux affidabile, ben descritta nelle varianti e pronta per essere inserita in un progetto di illuminazione domestico o professionale.","Lampada a sospensione Ideal Lux Oz sp on-off per interni: ideale per soggiorno, cucina, living, sala da pranzo, camera e ambienti contract."
IL-CONFIG-290,"Ideal Lux Pan sp5 Lampade a Sospensione per Interni è una lampada a sospensione Ideal Lux pensata per l’illuminazione di interni residenziali e professionali, con una presenza scenografica coerente con il modello Pan sp5. Il prodotto configurabile riunisce le varianti realmente associate nel catalogo: dimensioni Ø47cm x H min 600 / max 1510; attacco E27; potenza massima 5 x 60W; materiali Metallo. Le configurazioni disponibili comprendono: Pan sp5. La sospensione è indicata per soggiorno, zona living, sala da pranzo, cucina con isola o penisola, camera da letto, corridoi ampi e ambienti contract come reception, showroom, sale riunioni, ristoranti e boutique, scegliendo la configurazione più adatta per dimensione, finitura e numero di luci.","La Ideal Lux Pan sp5 Lampade a Sospensione per Interni è una lampada a sospensione Ideal Lux per interni progettata per completare l’arredo con una luce sospesa elegante, riconoscibile e proporzionata agli spazi. Il modello Pan sp5 è stato trattato come prodotto configurabile: le informazioni sono state aggregate dalle varianti semplici collegate, dagli attributi tecnici del configurabile, dal listino giacenze e dalle descrizioni ufficiali Ideal Lux quando presenti. In questo modo la scheda prodotto descrive l’intera famiglia disponibile senza creare testi separati per ogni singola variante. Le configurazioni disponibili includono dimensioni Ø47cm x H min 600 / max 1510; attacco E27; potenza massima 5 x 60W; materiali Metallo. Le configurazioni disponibili comprendono: Pan sp5. Dal punto di vista tecnico, la scheda riporta materiali dichiarati: Metallo; ingombri disponibili: Ø47cm x H min 600 / max 1510; potenza massima: 5 x 60W; attacco portalampada: E27; grado di protezione: IP20. Questa sospensione è adatta a diversi ambienti della casa: sopra il tavolo da pranzo crea un punto luce centrale, in soggiorno e nella zona living contribuisce a definire l’atmosfera, in cucina può illuminare isole, penisole e piani snack, mentre in camera da letto o in un corridoio ampio può diventare un elemento decorativo capace di dare personalità allo spazio. Nei contesti professionali può essere utilizzata in reception, sale d’attesa, uffici direzionali, showroom, negozi, ristoranti, bar, hotel e spazi contract, sempre valutando altezza di installazione, dimensioni della stanza e quantità di luce desiderata. La scelta tra le varianti permette di coordinare la lampada con arredi chiari o scuri, superfici metalliche, vetro, legno, pietra o finiture contemporanee. Le versioni con diametri, forme o numero di sorgenti differenti sono utili per adattare la presenza visiva della sospensione a tavoli piccoli, piani allungati, ambienti con soffitto alto o zone living più scenografiche. Il grado di protezione indicato, quando presente nella scheda tecnica, conferma la destinazione ad ambienti interni asciutti: non viene quindi descritta come lampada da esterno o per zone esposte ad acqua e agenti atmosferici. Per ottenere il miglior risultato è consigliabile scegliere la sorgente luminosa compatibile con l’attacco e la potenza previsti, valutando temperatura colore, intensità e resa cromatica in funzione dell’ambiente. Una luce calda valorizza aree relax, sale da pranzo e camere, mentre una luce più neutra può essere utile in cucina, studio o spazi commerciali. La Ideal Lux Pan sp5 Lampade a Sospensione per Interni unisce funzione luminosa e valore decorativo, offrendo una soluzione SEO friendly e completa per chi cerca una lampada a sospensione Ideal Lux affidabile, ben descritta nelle varianti e pronta per essere inserita in un progetto di illuminazione domestico o professionale.","Lampada a sospensione Ideal Lux Pan sp5 per interni: ideale per soggiorno, cucina, living, sala da pranzo, camera e ambienti contract."
IL-CONFIG-291,"Ideal Lux Pasha' sp10 Lampade a Sospensione per Interni è una lampada a sospensione Ideal Lux pensata per l’illuminazione di interni residenziali e professionali, con una presenza scenografica coerente con il modello Pasha' sp10. Il prodotto configurabile riunisce le varianti realmente associate nel catalogo: finiture/colori Cromo e Oro; dimensioni Ø55cm x H min 440 / max 2190, Ø65cm x H min 530 / max 2480 e Ø40cm x H min 440 / max 2190; configurazioni 10 sorgenti luminose, 14 sorgenti luminose e 6 sorgenti luminose; attacco E14; potenza massima 10 x 40W - 14 x 40W - 6 x 40W; materiali Cristallo, Metallo, Vetro. Le configurazioni disponibili comprendono: Pasha' sp10 -10 Sorgenti Luminose-Cromo, Pasha' sp10 -10 Sorgenti Luminose-Oro, Pasha' sp14 -14 Sorgenti Luminose-Cromo, Pasha' sp14 -14 Sorgenti Luminose-Oro, Pasha' sp6 -6 Sorgenti Luminose-Cromo e Pasha' sp6 -6 Sorgenti Luminose-Oro. Secondo la descrizione ufficiale Ideal Lux, montatura in metallo. Diffusore composto da filari di perle in cristallo molato e fondo chiuso da vetro circolare sabbiato. Cavi in acciaio a lunghezza regolabile con dispositivi fermacavo automatici. La sospensione è indicata per soggiorno, zona living, sala da pranzo, cucina con isola o penisola, camera da letto, corridoi ampi e ambienti contract come reception, showroom, sale riunioni, ristoranti e boutique, scegliendo la configurazione più adatta per dimensione, finitura e numero di luci.","La Ideal Lux Pasha' sp10 Lampade a Sospensione per Interni è una lampada a sospensione Ideal Lux per interni progettata per completare l’arredo con una luce sospesa elegante, riconoscibile e proporzionata agli spazi. Il modello Pasha' sp10 è stato trattato come prodotto configurabile: le informazioni sono state aggregate dalle varianti semplici collegate, dagli attributi tecnici del configurabile, dal listino giacenze e dalle descrizioni ufficiali Ideal Lux quando presenti. In questo modo la scheda prodotto descrive l’intera famiglia disponibile senza creare testi separati per ogni singola variante. Le configurazioni disponibili includono finiture/colori Cromo e Oro; dimensioni Ø55cm x H min 440 / max 2190, Ø65cm x H min 530 / max 2480 e Ø40cm x H min 440 / max 2190; configurazioni 10 sorgenti luminose, 14 sorgenti luminose e 6 sorgenti luminose; attacco E14; potenza massima 10 x 40W - 14 x 40W - 6 x 40W; materiali Cristallo, Metallo, Vetro. Le configurazioni disponibili comprendono: Pasha' sp10 -10 Sorgenti Luminose-Cromo, Pasha' sp10 -10 Sorgenti Luminose-Oro, Pasha' sp14 -14 Sorgenti Luminose-Cromo, Pasha' sp14 -14 Sorgenti Luminose-Oro, Pasha' sp6 -6 Sorgenti Luminose-Cromo e Pasha' sp6 -6 Sorgenti Luminose-Oro. Dal punto di vista tecnico, la scheda riporta materiali dichiarati: Cristallo, Metallo, Vetro; ingombri disponibili: Ø55cm x H min 440 / max 2190 - Ø65cm x H min 530 / max 2480 - Ø40cm x H min 440 / max 2190; potenza massima: 10 x 40W - 14 x 40W - 6 x 40W; attacco portalampada: E14; grado di protezione: IP20. Secondo la descrizione ufficiale Ideal Lux, montatura in metallo. Diffusore composto da filari di perle in cristallo molato e fondo chiuso da vetro circolare sabbiato. Cavi in acciaio a lunghezza regolabile con dispositivi fermacavo automatici. Questa sospensione è adatta a diversi ambienti della casa: sopra il tavolo da pranzo crea un punto luce centrale, in soggiorno e nella zona living contribuisce a definire l’atmosfera, in cucina può illuminare isole, penisole e piani snack, mentre in camera da letto o in un corridoio ampio può diventare un elemento decorativo capace di dare personalità allo spazio. Nei contesti professionali può essere utilizzata in reception, sale d’attesa, uffici direzionali, showroom, negozi, ristoranti, bar, hotel e spazi contract, sempre valutando altezza di installazione, dimensioni della stanza e quantità di luce desiderata. La scelta tra le varianti permette di coordinare la lampada con arredi chiari o scuri, superfici metalliche, vetro, legno, pietra o finiture contemporanee. Le versioni con diametri, forme o numero di sorgenti differenti sono utili per adattare la presenza visiva della sospensione a tavoli piccoli, piani allungati, ambienti con soffitto alto o zone living più scenografiche. Il grado di protezione indicato, quando presente nella scheda tecnica, conferma la destinazione ad ambienti interni asciutti: non viene quindi descritta come lampada da esterno o per zone esposte ad acqua e agenti atmosferici. Per ottenere il miglior risultato è consigliabile scegliere la sorgente luminosa compatibile con l’attacco e la potenza previsti, valutando temperatura colore, intensità e resa cromatica in funzione dell’ambiente. Una luce calda valorizza aree relax, sale da pranzo e camere, mentre una luce più neutra può essere utile in cucina, studio o spazi commerciali. La Ideal Lux Pasha' sp10 Lampade a Sospensione per Interni unisce funzione luminosa e valore decorativo, offrendo una soluzione SEO friendly e completa per chi cerca una lampada a sospensione Ideal Lux affidabile, ben descritta nelle varianti e pronta per essere inserita in un progetto di illuminazione domestico o professionale.","Lampada a sospensione Ideal Lux Pasha' sp10 per interni: ideale per soggiorno, cucina, living, sala da pranzo, camera e ambienti contract."
IL-CONFIG-292,"Ideal Lux Pegaso sp3 Lampade a Sospensione per Interni è una lampada a sospensione Ideal Lux pensata per l’illuminazione di interni residenziali e professionali, con una presenza scenografica coerente con il modello Pegaso sp3. Il prodotto configurabile riunisce le varianti realmente associate nel catalogo: finiture/colori Bianco e Ottone; dimensioni Ø40cm x H min 700 / max 2450, Ø72cm x H min 735 / max 1500 e Ø76cm x H min 640 / max 1500; configurazioni 3 sorgenti luminose, 5 sorgenti luminose e 8 sorgenti luminose; attacco E14; potenza massima 3 x 28W - 5 x 28W - 8 x 28W; materiali Metallo, Tessuto, Vetro. Le configurazioni disponibili comprendono: Pegaso sp3 -3 Sorgenti Luminose-Bianco, Pegaso sp3 -3 Sorgenti Luminose-Ottone, Pegaso sp5 -5 Sorgenti Luminose-Bianco, Pegaso sp5 -5 Sorgenti Luminose-Ottone, Pegaso sp8 -8 Sorgenti Luminose-Bianco e Pegaso sp8 -8 Sorgenti Luminose-Ottone. Secondo la descrizione ufficiale Ideal Lux, montatura in metallo cromato oppure ottone satinato. Corpo centrale, bobeches e pendagli in cristallo molato. Paralumi in organza. Copricatena in velluto. La sospensione è indicata per soggiorno, zona living, sala da pranzo, cucina con isola o penisola, camera da letto, corridoi ampi e ambienti contract come reception, showroom, sale riunioni, ristoranti e boutique, scegliendo la configurazione più adatta per dimensione, finitura e numero di luci.","La Ideal Lux Pegaso sp3 Lampade a Sospensione per Interni è una lampada a sospensione Ideal Lux per interni progettata per completare l’arredo con una luce sospesa elegante, riconoscibile e proporzionata agli spazi. Il modello Pegaso sp3 è stato trattato come prodotto configurabile: le informazioni sono state aggregate dalle varianti semplici collegate, dagli attributi tecnici del configurabile, dal listino giacenze e dalle descrizioni ufficiali Ideal Lux quando presenti. In questo modo la scheda prodotto descrive l’intera famiglia disponibile senza creare testi separati per ogni singola variante. Le configurazioni disponibili includono finiture/colori Bianco e Ottone; dimensioni Ø40cm x H min 700 / max 2450, Ø72cm x H min 735 / max 1500 e Ø76cm x H min 640 / max 1500; configurazioni 3 sorgenti luminose, 5 sorgenti luminose e 8 sorgenti luminose; attacco E14; potenza massima 3 x 28W - 5 x 28W - 8 x 28W; materiali Metallo, Tessuto, Vetro. Le configurazioni disponibili comprendono: Pegaso sp3 -3 Sorgenti Luminose-Bianco, Pegaso sp3 -3 Sorgenti Luminose-Ottone, Pegaso sp5 -5 Sorgenti Luminose-Bianco, Pegaso sp5 -5 Sorgenti Luminose-Ottone, Pegaso sp8 -8 Sorgenti Luminose-Bianco e Pegaso sp8 -8 Sorgenti Luminose-Ottone. Dal punto di vista tecnico, la scheda riporta materiali dichiarati: Metallo, Tessuto, Vetro; ingombri disponibili: Ø40cm x H min 700 / max 2450 - Ø72cm x H min 735 / max 1500 - Ø76cm x H min 640 / max 1500; potenza massima: 3 x 28W - 5 x 28W - 8 x 28W; attacco portalampada: E14; grado di protezione: IP20. Secondo la descrizione ufficiale Ideal Lux, montatura in metallo cromato oppure ottone satinato. Corpo centrale, bobeches e pendagli in cristallo molato. Paralumi in organza. Copricatena in velluto. Questa sospensione è adatta a diversi ambienti della casa: sopra il tavolo da pranzo crea un punto luce centrale, in soggiorno e nella zona living contribuisce a definire l’atmosfera, in cucina può illuminare isole, penisole e piani snack, mentre in camera da letto o in un corridoio ampio può diventare un elemento decorativo capace di dare personalità allo spazio. Nei contesti professionali può essere utilizzata in reception, sale d’attesa, uffici direzionali, showroom, negozi, ristoranti, bar, hotel e spazi contract, sempre valutando altezza di installazione, dimensioni della stanza e quantità di luce desiderata. La scelta tra le varianti permette di coordinare la lampada con arredi chiari o scuri, superfici metalliche, vetro, legno, pietra o finiture contemporanee. Le versioni con diametri, forme o numero di sorgenti differenti sono utili per adattare la presenza visiva della sospensione a tavoli piccoli, piani allungati, ambienti con soffitto alto o zone living più scenografiche. Il grado di protezione indicato, quando presente nella scheda tecnica, conferma la destinazione ad ambienti interni asciutti: non viene quindi descritta come lampada da esterno o per zone esposte ad acqua e agenti atmosferici. Per ottenere il miglior risultato è consigliabile scegliere la sorgente luminosa compatibile con l’attacco e la potenza previsti, valutando temperatura colore, intensità e resa cromatica in funzione dell’ambiente. Una luce calda valorizza aree relax, sale da pranzo e camere, mentre una luce più neutra può essere utile in cucina, studio o spazi commerciali. La Ideal Lux Pegaso sp3 Lampade a Sospensione per Interni unisce funzione luminosa e valore decorativo, offrendo una soluzione SEO friendly e completa per chi cerca una lampada a sospensione Ideal Lux affidabile, ben descritta nelle varianti e pronta per essere inserita in un progetto di illuminazione domestico o professionale.","Lampada a sospensione Ideal Lux Pegaso sp3 per interni: ideale per soggiorno, cucina, living, sala da pranzo, camera e ambienti contract."
IL-CONFIG-293,"Ideal Lux Perlage sp10 Lampade a Sospensione per Interni è una lampada a sospensione Ideal Lux pensata per l’illuminazione di interni residenziali e professionali, con una presenza scenografica coerente con il modello Perlage sp10. Il prodotto configurabile riunisce le varianti realmente associate nel catalogo: finiture/colori Ambra, Bianco e Fumé; dimensioni L81cm x H min 590 / max 2340 x P30cm, Ø73cm x H min 550 / max 2300 x P53.5cm, Ø85cm x H min 550 / max 2300 x P53.5cm, L103.5cm x H min 590 / max 2190 x P110cm, L143cm x H min 400 / max 2165 x P93cm e Ø26cm x H min 770 / max 2520 x P75.5cm; configurazioni 10 sorgenti luminose, 11 sorgenti luminose, 14 sorgenti luminose, 25 sorgenti luminose, 30 sorgenti luminose e 6 sorgenti luminose; attacco G9; potenza massima 10 x 15W - 11 x 15W - 14 x 15W - 25 x 15W - 30 x 15W - 6 x 15W; materiali Metallo, Vetro; lampadina inclusa: Sì. Le configurazioni disponibili comprendono: Perlage sp10 -10 Sorgenti Luminose-Ambra, Perlage sp10 -10 Sorgenti Luminose-Bianco, Perlage sp10 -10 Sorgenti Luminose-Fumé, Perlage sp11 -11 Sorgenti Luminose-Ambra, Perlage sp11 -11 Sorgenti Luminose-Bianco, Perlage sp11 -11 Sorgenti Luminose-Fumé, Perlage sp14 -14 Sorgenti Luminose-Ambra, Perlage sp14 -14 Sorgenti Luminose-Bianco, Perlage sp14 -14 Sorgenti Luminose-Fumé, Perlage sp25 -25 Sorgenti Luminose-Ambra, Perlage sp25 -25 Sorgenti Luminose-Bianco, Perlage sp25 -25 Sorgenti Luminose-Fumé, Perlage sp30 -30 Sorgenti Luminose-Ambra, Perlage sp30 -30 Sorgenti Luminose-Bianco, Perlage sp30 -30 Sorgenti Luminose-Fumé, Perlage sp6 -6 Sorgenti Luminose-Ambra, Perlage sp6 -6 Sorgenti Luminose-Bianco e Perlage sp6 -6 Sorgenti Luminose-Fumé. La sospensione è indicata per soggiorno, zona living, sala da pranzo, cucina con isola o penisola, camera da letto, corridoi ampi e ambienti contract come reception, showroom, sale riunioni, ristoranti e boutique, scegliendo la configurazione più adatta per dimensione, finitura e numero di luci.","La Ideal Lux Perlage sp10 Lampade a Sospensione per Interni è una lampada a sospensione Ideal Lux per interni progettata per completare l’arredo con una luce sospesa elegante, riconoscibile e proporzionata agli spazi. Il modello Perlage sp10 è stato trattato come prodotto configurabile: le informazioni sono state aggregate dalle varianti semplici collegate, dagli attributi tecnici del configurabile, dal listino giacenze e dalle descrizioni ufficiali Ideal Lux quando presenti. In questo modo la scheda prodotto descrive l’intera famiglia disponibile senza creare testi separati per ogni singola variante. Le configurazioni disponibili includono finiture/colori Ambra, Bianco e Fumé; dimensioni L81cm x H min 590 / max 2340 x P30cm, Ø73cm x H min 550 / max 2300 x P53.5cm, Ø85cm x H min 550 / max 2300 x P53.5cm, L103.5cm x H min 590 / max 2190 x P110cm, L143cm x H min 400 / max 2165 x P93cm e Ø26cm x H min 770 / max 2520 x P75.5cm; configurazioni 10 sorgenti luminose, 11 sorgenti luminose, 14 sorgenti luminose, 25 sorgenti luminose, 30 sorgenti luminose e 6 sorgenti luminose; attacco G9; potenza massima 10 x 15W - 11 x 15W - 14 x 15W - 25 x 15W - 30 x 15W - 6 x 15W; materiali Metallo, Vetro; lampadina inclusa: Sì. Le configurazioni disponibili comprendono: Perlage sp10 -10 Sorgenti Luminose-Ambra, Perlage sp10 -10 Sorgenti Luminose-Bianco, Perlage sp10 -10 Sorgenti Luminose-Fumé, Perlage sp11 -11 Sorgenti Luminose-Ambra, Perlage sp11 -11 Sorgenti Luminose-Bianco, Perlage sp11 -11 Sorgenti Luminose-Fumé, Perlage sp14 -14 Sorgenti Luminose-Ambra, Perlage sp14 -14 Sorgenti Luminose-Bianco, Perlage sp14 -14 Sorgenti Luminose-Fumé, Perlage sp25 -25 Sorgenti Luminose-Ambra, Perlage sp25 -25 Sorgenti Luminose-Bianco, Perlage sp25 -25 Sorgenti Luminose-Fumé, Perlage sp30 -30 Sorgenti Luminose-Ambra, Perlage sp30 -30 Sorgenti Luminose-Bianco, Perlage sp30 -30 Sorgenti Luminose-Fumé, Perlage sp6 -6 Sorgenti Luminose-Ambra, Perlage sp6 -6 Sorgenti Luminose-Bianco e Perlage sp6 -6 Sorgenti Luminose-Fumé. Dal punto di vista tecnico, la scheda riporta materiali dichiarati: Metallo, Vetro; ingombri disponibili: L81cm x H min 590 / max 2340 x P30cm - Ø73cm x H min 550 / max 2300 x P53.5cm - Ø85cm x H min 550 / max 2300 x P53.5cm - L103.5cm x H min 590 / max 2190 x P110cm - L143cm x H min 400 / max 2165 x P93cm - Ø26cm x H min 770 / max 2520 x P75.5cm; potenza massima: 10 x 15W - 11 x 15W - 14 x 15W - 25 x 15W - 30 x 15W - 6 x 15W; attacco portalampada: G9; lampadina inclusa: Sì; grado di protezione: IP20. Questa sospensione è adatta a diversi ambienti della casa: sopra il tavolo da pranzo crea un punto luce centrale, in soggiorno e nella zona living contribuisce a definire l’atmosfera, in cucina può illuminare isole, penisole e piani snack, mentre in camera da letto o in un corridoio ampio può diventare un elemento decorativo capace di dare personalità allo spazio. Nei contesti professionali può essere utilizzata in reception, sale d’attesa, uffici direzionali, showroom, negozi, ristoranti, bar, hotel e spazi contract, sempre valutando altezza di installazione, dimensioni della stanza e quantità di luce desiderata. La scelta tra le varianti permette di coordinare la lampada con arredi chiari o scuri, superfici metalliche, vetro, legno, pietra o finiture contemporanee. Le versioni con diametri, forme o numero di sorgenti differenti sono utili per adattare la presenza visiva della sospensione a tavoli piccoli, piani allungati, ambienti con soffitto alto o zone living più scenografiche. Il grado di protezione indicato, quando presente nella scheda tecnica, conferma la destinazione ad ambienti interni asciutti: non viene quindi descritta come lampada da esterno o per zone esposte ad acqua e agenti atmosferici. Per ottenere il miglior risultato è consigliabile scegliere la sorgente luminosa compatibile con l’attacco e la potenza previsti, valutando temperatura colore, intensità e resa cromatica in funzione dell’ambiente. Una luce calda valorizza aree relax, sale da pranzo e camere, mentre una luce più neutra può essere utile in cucina, studio o spazi commerciali. La Ideal Lux Perlage sp10 Lampade a Sospensione per Interni unisce funzione luminosa e valore decorativo, offrendo una soluzione SEO friendly e completa per chi cerca una lampada a sospensione Ideal Lux affidabile, ben descritta nelle varianti e pronta per essere inserita in un progetto di illuminazione domestico o professionale.","Lampada a sospensione Ideal Lux Perlage sp10 per interni: ideale per soggiorno, cucina, living, sala da pranzo, camera e ambienti contract."
IL-CONFIG-294,"Ideal Lux Perline sp2 Lampade a Sospensione per Interni è una lampada a sospensione Ideal Lux pensata per l’illuminazione di interni residenziali e professionali, con una presenza scenografica coerente con il modello Perline sp2. Il prodotto configurabile riunisce le varianti realmente associate nel catalogo: finiture/colori Nero e Ottone; dimensioni L100.5cm x H min 420 / max 2200 x P15cm e L120.5cm x H min 420 / max 2200 x P15cm; configurazioni 2 sorgenti luminose e 3 sorgenti luminose; attacco G9; potenza massima 2 x 40W - 3 x 40W; materiali Metallo, Vetro; lampadina inclusa: Sì. Le configurazioni disponibili comprendono: Perline sp2 -2 Sorgenti Luminose-Nero, Perline sp2 -2 Sorgenti Luminose-Ottone, Perline sp3 -3 Sorgenti Luminose-Nero e Perline sp3 -3 Sorgenti Luminose-Ottone. La sospensione è indicata per soggiorno, zona living, sala da pranzo, cucina con isola o penisola, camera da letto, corridoi ampi e ambienti contract come reception, showroom, sale riunioni, ristoranti e boutique, scegliendo la configurazione più adatta per dimensione, finitura e numero di luci.","La Ideal Lux Perline sp2 Lampade a Sospensione per Interni è una lampada a sospensione Ideal Lux per interni progettata per completare l’arredo con una luce sospesa elegante, riconoscibile e proporzionata agli spazi. Il modello Perline sp2 è stato trattato come prodotto configurabile: le informazioni sono state aggregate dalle varianti semplici collegate, dagli attributi tecnici del configurabile, dal listino giacenze e dalle descrizioni ufficiali Ideal Lux quando presenti. In questo modo la scheda prodotto descrive l’intera famiglia disponibile senza creare testi separati per ogni singola variante. Le configurazioni disponibili includono finiture/colori Nero e Ottone; dimensioni L100.5cm x H min 420 / max 2200 x P15cm e L120.5cm x H min 420 / max 2200 x P15cm; configurazioni 2 sorgenti luminose e 3 sorgenti luminose; attacco G9; potenza massima 2 x 40W - 3 x 40W; materiali Metallo, Vetro; lampadina inclusa: Sì. Le configurazioni disponibili comprendono: Perline sp2 -2 Sorgenti Luminose-Nero, Perline sp2 -2 Sorgenti Luminose-Ottone, Perline sp3 -3 Sorgenti Luminose-Nero e Perline sp3 -3 Sorgenti Luminose-Ottone. Dal punto di vista tecnico, la scheda riporta materiali dichiarati: Metallo, Vetro; ingombri disponibili: L100.5cm x H min 420 / max 2200 x P15cm - L120.5cm x H min 420 / max 2200 x P15cm; potenza massima: 2 x 40W - 3 x 40W; attacco portalampada: G9; lampadina inclusa: Sì; grado di protezione: IP20. Questa sospensione è adatta a diversi ambienti della casa: sopra il tavolo da pranzo crea un punto luce centrale, in soggiorno e nella zona living contribuisce a definire l’atmosfera, in cucina può illuminare isole, penisole e piani snack, mentre in camera da letto o in un corridoio ampio può diventare un elemento decorativo capace di dare personalità allo spazio. Nei contesti professionali può essere utilizzata in reception, sale d’attesa, uffici direzionali, showroom, negozi, ristoranti, bar, hotel e spazi contract, sempre valutando altezza di installazione, dimensioni della stanza e quantità di luce desiderata. La scelta tra le varianti permette di coordinare la lampada con arredi chiari o scuri, superfici metalliche, vetro, legno, pietra o finiture contemporanee. Le versioni con diametri, forme o numero di sorgenti differenti sono utili per adattare la presenza visiva della sospensione a tavoli piccoli, piani allungati, ambienti con soffitto alto o zone living più scenografiche. Il grado di protezione indicato, quando presente nella scheda tecnica, conferma la destinazione ad ambienti interni asciutti: non viene quindi descritta come lampada da esterno o per zone esposte ad acqua e agenti atmosferici. Per ottenere il miglior risultato è consigliabile scegliere la sorgente luminosa compatibile con l’attacco e la potenza previsti, valutando temperatura colore, intensità e resa cromatica in funzione dell’ambiente. Una luce calda valorizza aree relax, sale da pranzo e camere, mentre una luce più neutra può essere utile in cucina, studio o spazi commerciali. La Ideal Lux Perline sp2 Lampade a Sospensione per Interni unisce funzione luminosa e valore decorativo, offrendo una soluzione SEO friendly e completa per chi cerca una lampada a sospensione Ideal Lux affidabile, ben descritta nelle varianti e pronta per essere inserita in un progetto di illuminazione domestico o professionale.","Lampada a sospensione Ideal Lux Perline sp2 per interni: ideale per soggiorno, cucina, living, sala da pranzo, camera e ambienti contract."
IL-CONFIG-295,"Ideal Lux Plisse' sp1 Lampade a Sospensione per Interni è una lampada a sospensione Ideal Lux pensata per l’illuminazione di interni residenziali e professionali, con una presenza scenografica coerente con il modello Plisse' sp1. Il prodotto configurabile riunisce le varianti realmente associate nel catalogo: finiture/colori Cromo e Ottone; dimensioni Diametro, 35cm e 45cm; attacco E27; potenza massima 60W; materiali Metallo, Vetro. Le configurazioni disponibili comprendono: Plisse' sp1 -Cromo-Diametro-35cm, Plisse' sp1 -Ottone-Diametro-35cm, Plisse' sp1 -Cromo-Diametro-45cm e Plisse' sp1 -Ottone-Diametro-45cm. La sospensione è indicata per soggiorno, zona living, sala da pranzo, cucina con isola o penisola, camera da letto, corridoi ampi e ambienti contract come reception, showroom, sale riunioni, ristoranti e boutique, scegliendo la configurazione più adatta per dimensione, finitura e numero di luci.","La Ideal Lux Plisse' sp1 Lampade a Sospensione per Interni è una lampada a sospensione Ideal Lux per interni progettata per completare l’arredo con una luce sospesa elegante, riconoscibile e proporzionata agli spazi. Il modello Plisse' sp1 è stato trattato come prodotto configurabile: le informazioni sono state aggregate dalle varianti semplici collegate, dagli attributi tecnici del configurabile, dal listino giacenze e dalle descrizioni ufficiali Ideal Lux quando presenti. In questo modo la scheda prodotto descrive l’intera famiglia disponibile senza creare testi separati per ogni singola variante. Le configurazioni disponibili includono finiture/colori Cromo e Ottone; dimensioni Diametro, 35cm e 45cm; attacco E27; potenza massima 60W; materiali Metallo, Vetro. Le configurazioni disponibili comprendono: Plisse' sp1 -Cromo-Diametro-35cm, Plisse' sp1 -Ottone-Diametro-35cm, Plisse' sp1 -Cromo-Diametro-45cm e Plisse' sp1 -Ottone-Diametro-45cm. Dal punto di vista tecnico, la scheda riporta materiali dichiarati: Metallo, Vetro; ingombri disponibili: Ø35cm x H min 480 / max 2230 - Ø45cm x H min 550 / max 2300; potenza massima: 60W; attacco portalampada: E27; grado di protezione: IP20. Questa sospensione è adatta a diversi ambienti della casa: sopra il tavolo da pranzo crea un punto luce centrale, in soggiorno e nella zona living contribuisce a definire l’atmosfera, in cucina può illuminare isole, penisole e piani snack, mentre in camera da letto o in un corridoio ampio può diventare un elemento decorativo capace di dare personalità allo spazio. Nei contesti professionali può essere utilizzata in reception, sale d’attesa, uffici direzionali, showroom, negozi, ristoranti, bar, hotel e spazi contract, sempre valutando altezza di installazione, dimensioni della stanza e quantità di luce desiderata. La scelta tra le varianti permette di coordinare la lampada con arredi chiari o scuri, superfici metalliche, vetro, legno, pietra o finiture contemporanee. Le versioni con diametri, forme o numero di sorgenti differenti sono utili per adattare la presenza visiva della sospensione a tavoli piccoli, piani allungati, ambienti con soffitto alto o zone living più scenografiche. Il grado di protezione indicato, quando presente nella scheda tecnica, conferma la destinazione ad ambienti interni asciutti: non viene quindi descritta come lampada da esterno o per zone esposte ad acqua e agenti atmosferici. Per ottenere il miglior risultato è consigliabile scegliere la sorgente luminosa compatibile con l’attacco e la potenza previsti, valutando temperatura colore, intensità e resa cromatica in funzione dell’ambiente. Una luce calda valorizza aree relax, sale da pranzo e camere, mentre una luce più neutra può essere utile in cucina, studio o spazi commerciali. La Ideal Lux Plisse' sp1 Lampade a Sospensione per Interni unisce funzione luminosa e valore decorativo, offrendo una soluzione SEO friendly e completa per chi cerca una lampada a sospensione Ideal Lux affidabile, ben descritta nelle varianti e pronta per essere inserita in un progetto di illuminazione domestico o professionale.","Lampada a sospensione Ideal Lux Plisse' sp1 per interni: ideale per soggiorno, cucina, living, sala da pranzo, camera e ambienti contract."
IL-CONFIG-296,"Ideal Lux Pop sp10 Lampade a Sospensione per Interni è una lampada a sospensione Ideal Lux pensata per l’illuminazione di interni residenziali e professionali, con una presenza scenografica coerente con il modello Pop sp10. Il prodotto configurabile riunisce le varianti realmente associate nel catalogo: dimensioni Ø90cm x H187cm; attacco E27; potenza massima 10 x 60W; materiali Metallo. Le configurazioni disponibili comprendono: Pop sp10. La sospensione è indicata per soggiorno, zona living, sala da pranzo, cucina con isola o penisola, camera da letto, corridoi ampi e ambienti contract come reception, showroom, sale riunioni, ristoranti e boutique, scegliendo la configurazione più adatta per dimensione, finitura e numero di luci.","La Ideal Lux Pop sp10 Lampade a Sospensione per Interni è una lampada a sospensione Ideal Lux per interni progettata per completare l’arredo con una luce sospesa elegante, riconoscibile e proporzionata agli spazi. Il modello Pop sp10 è stato trattato come prodotto configurabile: le informazioni sono state aggregate dalle varianti semplici collegate, dagli attributi tecnici del configurabile, dal listino giacenze e dalle descrizioni ufficiali Ideal Lux quando presenti. In questo modo la scheda prodotto descrive l’intera famiglia disponibile senza creare testi separati per ogni singola variante. Le configurazioni disponibili includono dimensioni Ø90cm x H187cm; attacco E27; potenza massima 10 x 60W; materiali Metallo. Le configurazioni disponibili comprendono: Pop sp10. Dal punto di vista tecnico, la scheda riporta materiali dichiarati: Metallo; ingombri disponibili: Ø90cm x H187cm; potenza massima: 10 x 60W; attacco portalampada: E27; grado di protezione: IP20. Questa sospensione è adatta a diversi ambienti della casa: sopra il tavolo da pranzo crea un punto luce centrale, in soggiorno e nella zona living contribuisce a definire l’atmosfera, in cucina può illuminare isole, penisole e piani snack, mentre in camera da letto o in un corridoio ampio può diventare un elemento decorativo capace di dare personalità allo spazio. Nei contesti professionali può essere utilizzata in reception, sale d’attesa, uffici direzionali, showroom, negozi, ristoranti, bar, hotel e spazi contract, sempre valutando altezza di installazione, dimensioni della stanza e quantità di luce desiderata. La scelta tra le varianti permette di coordinare la lampada con arredi chiari o scuri, superfici metalliche, vetro, legno, pietra o finiture contemporanee. Le versioni con diametri, forme o numero di sorgenti differenti sono utili per adattare la presenza visiva della sospensione a tavoli piccoli, piani allungati, ambienti con soffitto alto o zone living più scenografiche. Il grado di protezione indicato, quando presente nella scheda tecnica, conferma la destinazione ad ambienti interni asciutti: non viene quindi descritta come lampada da esterno o per zone esposte ad acqua e agenti atmosferici. Per ottenere il miglior risultato è consigliabile scegliere la sorgente luminosa compatibile con l’attacco e la potenza previsti, valutando temperatura colore, intensità e resa cromatica in funzione dell’ambiente. Una luce calda valorizza aree relax, sale da pranzo e camere, mentre una luce più neutra può essere utile in cucina, studio o spazi commerciali. La Ideal Lux Pop sp10 Lampade a Sospensione per Interni unisce funzione luminosa e valore decorativo, offrendo una soluzione SEO friendly e completa per chi cerca una lampada a sospensione Ideal Lux affidabile, ben descritta nelle varianti e pronta per essere inserita in un progetto di illuminazione domestico o professionale.","Lampada a sospensione Ideal Lux Pop sp10 per interni: ideale per soggiorno, cucina, living, sala da pranzo, camera e ambienti contract."
IL-CONFIG-297,"Ideal Lux Rhapsody sp12 Lampade a Sospensione per Interni è una lampada a sospensione Ideal Lux pensata per l’illuminazione di interni residenziali e professionali, con una presenza scenografica coerente con il modello Rhapsody sp12. Il prodotto configurabile riunisce le varianti realmente associate nel catalogo: dimensioni Ø65cm x H min 400 / max 560; attacco G9; potenza massima 12 x 15W; materiali Metallo, Vetro; lampadina inclusa: Sì. Le configurazioni disponibili comprendono: Rhapsody sp12. La sospensione è indicata per soggiorno, zona living, sala da pranzo, cucina con isola o penisola, camera da letto, corridoi ampi e ambienti contract come reception, showroom, sale riunioni, ristoranti e boutique, scegliendo la configurazione più adatta per dimensione, finitura e numero di luci.","La Ideal Lux Rhapsody sp12 Lampade a Sospensione per Interni è una lampada a sospensione Ideal Lux per interni progettata per completare l’arredo con una luce sospesa elegante, riconoscibile e proporzionata agli spazi. Il modello Rhapsody sp12 è stato trattato come prodotto configurabile: le informazioni sono state aggregate dalle varianti semplici collegate, dagli attributi tecnici del configurabile, dal listino giacenze e dalle descrizioni ufficiali Ideal Lux quando presenti. In questo modo la scheda prodotto descrive l’intera famiglia disponibile senza creare testi separati per ogni singola variante. Le configurazioni disponibili includono dimensioni Ø65cm x H min 400 / max 560; attacco G9; potenza massima 12 x 15W; materiali Metallo, Vetro; lampadina inclusa: Sì. Le configurazioni disponibili comprendono: Rhapsody sp12. Dal punto di vista tecnico, la scheda riporta materiali dichiarati: Metallo, Vetro; ingombri disponibili: Ø65cm x H min 400 / max 560; potenza massima: 12 x 15W; attacco portalampada: G9; lampadina inclusa: Sì; grado di protezione: IP20. Questa sospensione è adatta a diversi ambienti della casa: sopra il tavolo da pranzo crea un punto luce centrale, in soggiorno e nella zona living contribuisce a definire l’atmosfera, in cucina può illuminare isole, penisole e piani snack, mentre in camera da letto o in un corridoio ampio può diventare un elemento decorativo capace di dare personalità allo spazio. Nei contesti professionali può essere utilizzata in reception, sale d’attesa, uffici direzionali, showroom, negozi, ristoranti, bar, hotel e spazi contract, sempre valutando altezza di installazione, dimensioni della stanza e quantità di luce desiderata. La scelta tra le varianti permette di coordinare la lampada con arredi chiari o scuri, superfici metalliche, vetro, legno, pietra o finiture contemporanee. Le versioni con diametri, forme o numero di sorgenti differenti sono utili per adattare la presenza visiva della sospensione a tavoli piccoli, piani allungati, ambienti con soffitto alto o zone living più scenografiche. Il grado di protezione indicato, quando presente nella scheda tecnica, conferma la destinazione ad ambienti interni asciutti: non viene quindi descritta come lampada da esterno o per zone esposte ad acqua e agenti atmosferici. Per ottenere il miglior risultato è consigliabile scegliere la sorgente luminosa compatibile con l’attacco e la potenza previsti, valutando temperatura colore, intensità e resa cromatica in funzione dell’ambiente. Una luce calda valorizza aree relax, sale da pranzo e camere, mentre una luce più neutra può essere utile in cucina, studio o spazi commerciali. La Ideal Lux Rhapsody sp12 Lampade a Sospensione per Interni unisce funzione luminosa e valore decorativo, offrendo una soluzione SEO friendly e completa per chi cerca una lampada a sospensione Ideal Lux affidabile, ben descritta nelle varianti e pronta per essere inserita in un progetto di illuminazione domestico o professionale.","Lampada a sospensione Ideal Lux Rhapsody sp12 per interni: ideale per soggiorno, cucina, living, sala da pranzo, camera e ambienti contract."
IL-CONFIG-298,"Ideal Lux Set up msp1 Lampade a Sospensione per Interni è una lampada a sospensione Ideal Lux pensata per l’illuminazione di interni residenziali e professionali, con una presenza scenografica coerente con il modello Set up msp1. Il prodotto configurabile riunisce le varianti realmente associate nel catalogo: finiture/colori Bianco, Nero, Nichel e Ottone; dimensioni Ø4.5cm x H min 327 / max 2045; attacco E27; potenza massima 42W; materiali Alluminio, Metallo. Le configurazioni disponibili comprendono: Set up msp1 -Bianco, Set up msp1 -Nero, Set up msp1 -Nichel e Set up msp1 -Ottone. La sospensione è indicata per soggiorno, zona living, sala da pranzo, cucina con isola o penisola, camera da letto, corridoi ampi e ambienti contract come reception, showroom, sale riunioni, ristoranti e boutique, scegliendo la configurazione più adatta per dimensione, finitura e numero di luci.","La Ideal Lux Set up msp1 Lampade a Sospensione per Interni è una lampada a sospensione Ideal Lux per interni progettata per completare l’arredo con una luce sospesa elegante, riconoscibile e proporzionata agli spazi. Il modello Set up msp1 è stato trattato come prodotto configurabile: le informazioni sono state aggregate dalle varianti semplici collegate, dagli attributi tecnici del configurabile, dal listino giacenze e dalle descrizioni ufficiali Ideal Lux quando presenti. In questo modo la scheda prodotto descrive l’intera famiglia disponibile senza creare testi separati per ogni singola variante. Le configurazioni disponibili includono finiture/colori Bianco, Nero, Nichel e Ottone; dimensioni Ø4.5cm x H min 327 / max 2045; attacco E27; potenza massima 42W; materiali Alluminio, Metallo. Le configurazioni disponibili comprendono: Set up msp1 -Bianco, Set up msp1 -Nero, Set up msp1 -Nichel e Set up msp1 -Ottone. Dal punto di vista tecnico, la scheda riporta materiali dichiarati: Alluminio, Metallo; ingombri disponibili: Ø4.5cm x H min 327 / max 2045; potenza massima: 42W; attacco portalampada: E27; grado di protezione: IP20. Questa sospensione è adatta a diversi ambienti della casa: sopra il tavolo da pranzo crea un punto luce centrale, in soggiorno e nella zona living contribuisce a definire l’atmosfera, in cucina può illuminare isole, penisole e piani snack, mentre in camera da letto o in un corridoio ampio può diventare un elemento decorativo capace di dare personalità allo spazio. Nei contesti professionali può essere utilizzata in reception, sale d’attesa, uffici direzionali, showroom, negozi, ristoranti, bar, hotel e spazi contract, sempre valutando altezza di installazione, dimensioni della stanza e quantità di luce desiderata. La scelta tra le varianti permette di coordinare la lampada con arredi chiari o scuri, superfici metalliche, vetro, legno, pietra o finiture contemporanee. Le versioni con diametri, forme o numero di sorgenti differenti sono utili per adattare la presenza visiva della sospensione a tavoli piccoli, piani allungati, ambienti con soffitto alto o zone living più scenografiche. Il grado di protezione indicato, quando presente nella scheda tecnica, conferma la destinazione ad ambienti interni asciutti: non viene quindi descritta come lampada da esterno o per zone esposte ad acqua e agenti atmosferici. Per ottenere il miglior risultato è consigliabile scegliere la sorgente luminosa compatibile con l’attacco e la potenza previsti, valutando temperatura colore, intensità e resa cromatica in funzione dell’ambiente. Una luce calda valorizza aree relax, sale da pranzo e camere, mentre una luce più neutra può essere utile in cucina, studio o spazi commerciali. La Ideal Lux Set up msp1 Lampade a Sospensione per Interni unisce funzione luminosa e valore decorativo, offrendo una soluzione SEO friendly e completa per chi cerca una lampada a sospensione Ideal Lux affidabile, ben descritta nelle varianti e pronta per essere inserita in un progetto di illuminazione domestico o professionale.","Lampada a sospensione Ideal Lux Set up msp1 per interni: ideale per soggiorno, cucina, living, sala da pranzo, camera e ambienti contract."
IL-CONFIG-299,"Ideal Lux Smarties sp3 Lampade a Sospensione per Interni è una lampada a sospensione Ideal Lux pensata per l’illuminazione di interni residenziali e professionali, con una presenza scenografica coerente con il modello Smarties sp3. Il prodotto configurabile riunisce le varianti realmente associate nel catalogo: dimensioni Diametro, 42.5cm, 50cm e 60cm; attacco E27; potenza massima 3 x 42W - 5 x 42W; materiali Vetro. Le configurazioni disponibili comprendono: Smarties sp3 -Diametro-42.5cm, Smarties sp3 -Diametro-50cm e Smarties sp5 -Diametro-60cm. Secondo la descrizione ufficiale Ideal Lux, montatura in metallo verniciato bianco. Diffusore in vetro bianco soffiato. Cavi in acciaio a lunghezza regolabile con dispositivi ferma cavo automatici. La sospensione è indicata per soggiorno, zona living, sala da pranzo, cucina con isola o penisola, camera da letto, corridoi ampi e ambienti contract come reception, showroom, sale riunioni, ristoranti e boutique, scegliendo la configurazione più adatta per dimensione, finitura e numero di luci.","La Ideal Lux Smarties sp3 Lampade a Sospensione per Interni è una lampada a sospensione Ideal Lux per interni progettata per completare l’arredo con una luce sospesa elegante, riconoscibile e proporzionata agli spazi. Il modello Smarties sp3 è stato trattato come prodotto configurabile: le informazioni sono state aggregate dalle varianti semplici collegate, dagli attributi tecnici del configurabile, dal listino giacenze e dalle descrizioni ufficiali Ideal Lux quando presenti. In questo modo la scheda prodotto descrive l’intera famiglia disponibile senza creare testi separati per ogni singola variante. Le configurazioni disponibili includono dimensioni Diametro, 42.5cm, 50cm e 60cm; attacco E27; potenza massima 3 x 42W - 5 x 42W; materiali Vetro. Le configurazioni disponibili comprendono: Smarties sp3 -Diametro-42.5cm, Smarties sp3 -Diametro-50cm e Smarties sp5 -Diametro-60cm. Dal punto di vista tecnico, la scheda riporta materiali dichiarati: Vetro; ingombri disponibili: Ø42.5cm x H min 395 / max 2145 - Ø50cm x H min 395 / max 2145 - Ø60cm x H min 415 / max 2165; potenza massima: 3 x 42W - 5 x 42W; attacco portalampada: E27; grado di protezione: IP20. Secondo la descrizione ufficiale Ideal Lux, montatura in metallo verniciato bianco. Diffusore in vetro bianco soffiato. Cavi in acciaio a lunghezza regolabile con dispositivi ferma cavo automatici. Questa sospensione è adatta a diversi ambienti della casa: sopra il tavolo da pranzo crea un punto luce centrale, in soggiorno e nella zona living contribuisce a definire l’atmosfera, in cucina può illuminare isole, penisole e piani snack, mentre in camera da letto o in un corridoio ampio può diventare un elemento decorativo capace di dare personalità allo spazio. Nei contesti professionali può essere utilizzata in reception, sale d’attesa, uffici direzionali, showroom, negozi, ristoranti, bar, hotel e spazi contract, sempre valutando altezza di installazione, dimensioni della stanza e quantità di luce desiderata. La scelta tra le varianti permette di coordinare la lampada con arredi chiari o scuri, superfici metalliche, vetro, legno, pietra o finiture contemporanee. Le versioni con diametri, forme o numero di sorgenti differenti sono utili per adattare la presenza visiva della sospensione a tavoli piccoli, piani allungati, ambienti con soffitto alto o zone living più scenografiche. Il grado di protezione indicato, quando presente nella scheda tecnica, conferma la destinazione ad ambienti interni asciutti: non viene quindi descritta come lampada da esterno o per zone esposte ad acqua e agenti atmosferici. Per ottenere il miglior risultato è consigliabile scegliere la sorgente luminosa compatibile con l’attacco e la potenza previsti, valutando temperatura colore, intensità e resa cromatica in funzione dell’ambiente. Una luce calda valorizza aree relax, sale da pranzo e camere, mentre una luce più neutra può essere utile in cucina, studio o spazi commerciali. La Ideal Lux Smarties sp3 Lampade a Sospensione per Interni unisce funzione luminosa e valore decorativo, offrendo una soluzione SEO friendly e completa per chi cerca una lampada a sospensione Ideal Lux affidabile, ben descritta nelle varianti e pronta per essere inserita in un progetto di illuminazione domestico o professionale.","Lampada a sospensione Ideal Lux Smarties sp3 per interni: ideale per soggiorno, cucina, living, sala da pranzo, camera e ambienti contract."
IL-CONFIG-300,"Ideal Lux Soft sp3 Lampade a Sospensione per Interni è una lampada a sospensione Ideal Lux pensata per l’illuminazione di interni residenziali e professionali, con una presenza scenografica coerente con il modello Soft sp3. Il prodotto configurabile riunisce le varianti realmente associate nel catalogo: finiture/colori Bianco e Fumé; dimensioni L60cm x H min 560 / max 1130 x P20cm e Ø60cm x H min 560 / max 1350; configurazioni 3 sorgenti luminose e 6 sorgenti luminose; attacco E14; potenza massima 3 x 40W - 6 x 40W; materiali Metallo, Vetro. Le configurazioni disponibili comprendono: Soft sp3 -3 Sorgenti Luminose-Bianco, Soft sp3 -3 Sorgenti Luminose-Fumé, Soft sp6 -6 Sorgenti Luminose-Bianco e Soft sp6 -6 Sorgenti Luminose-Fumé. La sospensione è indicata per soggiorno, zona living, sala da pranzo, cucina con isola o penisola, camera da letto, corridoi ampi e ambienti contract come reception, showroom, sale riunioni, ristoranti e boutique, scegliendo la configurazione più adatta per dimensione, finitura e numero di luci.","La Ideal Lux Soft sp3 Lampade a Sospensione per Interni è una lampada a sospensione Ideal Lux per interni progettata per completare l’arredo con una luce sospesa elegante, riconoscibile e proporzionata agli spazi. Il modello Soft sp3 è stato trattato come prodotto configurabile: le informazioni sono state aggregate dalle varianti semplici collegate, dagli attributi tecnici del configurabile, dal listino giacenze e dalle descrizioni ufficiali Ideal Lux quando presenti. In questo modo la scheda prodotto descrive l’intera famiglia disponibile senza creare testi separati per ogni singola variante. Le configurazioni disponibili includono finiture/colori Bianco e Fumé; dimensioni L60cm x H min 560 / max 1130 x P20cm e Ø60cm x H min 560 / max 1350; configurazioni 3 sorgenti luminose e 6 sorgenti luminose; attacco E14; potenza massima 3 x 40W - 6 x 40W; materiali Metallo, Vetro. Le configurazioni disponibili comprendono: Soft sp3 -3 Sorgenti Luminose-Bianco, Soft sp3 -3 Sorgenti Luminose-Fumé, Soft sp6 -6 Sorgenti Luminose-Bianco e Soft sp6 -6 Sorgenti Luminose-Fumé. Dal punto di vista tecnico, la scheda riporta materiali dichiarati: Metallo, Vetro; ingombri disponibili: L60cm x H min 560 / max 1130 x P20cm - Ø60cm x H min 560 / max 1350; potenza massima: 3 x 40W - 6 x 40W; attacco portalampada: E14; grado di protezione: IP20. Questa sospensione è adatta a diversi ambienti della casa: sopra il tavolo da pranzo crea un punto luce centrale, in soggiorno e nella zona living contribuisce a definire l’atmosfera, in cucina può illuminare isole, penisole e piani snack, mentre in camera da letto o in un corridoio ampio può diventare un elemento decorativo capace di dare personalità allo spazio. Nei contesti professionali può essere utilizzata in reception, sale d’attesa, uffici direzionali, showroom, negozi, ristoranti, bar, hotel e spazi contract, sempre valutando altezza di installazione, dimensioni della stanza e quantità di luce desiderata. La scelta tra le varianti permette di coordinare la lampada con arredi chiari o scuri, superfici metalliche, vetro, legno, pietra o finiture contemporanee. Le versioni con diametri, forme o numero di sorgenti differenti sono utili per adattare la presenza visiva della sospensione a tavoli piccoli, piani allungati, ambienti con soffitto alto o zone living più scenografiche. Il grado di protezione indicato, quando presente nella scheda tecnica, conferma la destinazione ad ambienti interni asciutti: non viene quindi descritta come lampada da esterno o per zone esposte ad acqua e agenti atmosferici. Per ottenere il miglior risultato è consigliabile scegliere la sorgente luminosa compatibile con l’attacco e la potenza previsti, valutando temperatura colore, intensità e resa cromatica in funzione dell’ambiente. Una luce calda valorizza aree relax, sale da pranzo e camere, mentre una luce più neutra può essere utile in cucina, studio o spazi commerciali. La Ideal Lux Soft sp3 Lampade a Sospensione per Interni unisce funzione luminosa e valore decorativo, offrendo una soluzione SEO friendly e completa per chi cerca una lampada a sospensione Ideal Lux affidabile, ben descritta nelle varianti e pronta per essere inserita in un progetto di illuminazione domestico o professionale.","Lampada a sospensione Ideal Lux Soft sp3 per interni: ideale per soggiorno, cucina, living, sala da pranzo, camera e ambienti contract."
IL-CONFIG-301,"Ideal Lux Sole sp1 Lampade a Sospensione per Esterni è una lampada a sospensione Ideal Lux pensata per l’illuminazione di interni residenziali e professionali, con una presenza scenografica coerente con il modello Sole sp1 Lampade a Sospensione per Esterni. Il prodotto configurabile riunisce le varianti realmente associate nel catalogo: dimensioni Diametro, 20cm, 30cm, 40cm e 50cm; attacco E27; potenza massima 42W; materiali PS. Le configurazioni disponibili comprendono: Sole sp1 -Diametro-20cm, Sole sp1 -Diametro-30cm, Sole sp1 -Diametro-40cm e Sole sp1 -Diametro-50cm. La sospensione è indicata per soggiorno, zona living, sala da pranzo, cucina con isola o penisola, camera da letto, corridoi ampi e ambienti contract come reception, showroom, sale riunioni, ristoranti e boutique, scegliendo la configurazione più adatta per dimensione, finitura e numero di luci.","La Ideal Lux Sole sp1 Lampade a Sospensione per Esterni è una lampada a sospensione Ideal Lux per interni progettata per completare l’arredo con una luce sospesa elegante, riconoscibile e proporzionata agli spazi. Il modello Sole sp1 Lampade a Sospensione per Esterni è stato trattato come prodotto configurabile: le informazioni sono state aggregate dalle varianti semplici collegate, dagli attributi tecnici del configurabile, dal listino giacenze e dalle descrizioni ufficiali Ideal Lux quando presenti. In questo modo la scheda prodotto descrive l’intera famiglia disponibile senza creare testi separati per ogni singola variante. Le configurazioni disponibili includono dimensioni Diametro, 20cm, 30cm, 40cm e 50cm; attacco E27; potenza massima 42W; materiali PS. Le configurazioni disponibili comprendono: Sole sp1 -Diametro-20cm, Sole sp1 -Diametro-30cm, Sole sp1 -Diametro-40cm e Sole sp1 -Diametro-50cm. Dal punto di vista tecnico, la scheda riporta materiali dichiarati: PS; ingombri disponibili: Ø20cm x H min 400 / max 1090 - Ø30cm x H min 530 / max 1210 - Ø40cm x H min 640 / max 1300 - Ø50cm x H min 740 / max 1435; potenza massima: 42W; attacco portalampada: E27; grado di protezione: IP44. Questa sospensione è adatta a diversi ambienti della casa: sopra il tavolo da pranzo crea un punto luce centrale, in soggiorno e nella zona living contribuisce a definire l’atmosfera, in cucina può illuminare isole, penisole e piani snack, mentre in camera da letto o in un corridoio ampio può diventare un elemento decorativo capace di dare personalità allo spazio. Nei contesti professionali può essere utilizzata in reception, sale d’attesa, uffici direzionali, showroom, negozi, ristoranti, bar, hotel e spazi contract, sempre valutando altezza di installazione, dimensioni della stanza e quantità di luce desiderata. La scelta tra le varianti permette di coordinare la lampada con arredi chiari o scuri, superfici metalliche, vetro, legno, pietra o finiture contemporanee. Le versioni con diametri, forme o numero di sorgenti differenti sono utili per adattare la presenza visiva della sospensione a tavoli piccoli, piani allungati, ambienti con soffitto alto o zone living più scenografiche. Il grado di protezione indicato, quando presente nella scheda tecnica, conferma la destinazione ad ambienti interni asciutti: non viene quindi descritta come lampada da esterno o per zone esposte ad acqua e agenti atmosferici. Per ottenere il miglior risultato è consigliabile scegliere la sorgente luminosa compatibile con l’attacco e la potenza previsti, valutando temperatura colore, intensità e resa cromatica in funzione dell’ambiente. Una luce calda valorizza aree relax, sale da pranzo e camere, mentre una luce più neutra può essere utile in cucina, studio o spazi commerciali. La Ideal Lux Sole sp1 Lampade a Sospensione per Esterni unisce funzione luminosa e valore decorativo, offrendo una soluzione SEO friendly e completa per chi cerca una lampada a sospensione Ideal Lux affidabile, ben descritta nelle varianti e pronta per essere inserita in un progetto di illuminazione domestico o professionale.","Lampada a sospensione Ideal Lux Sole sp1 Lampade a Sospensione per Esterni per interni: ideale per soggiorno, cucina, living, sala da pranzo, camera e"
IL-CONFIG-302,"Ideal Lux Strauss sp12 Lampade a Sospensione per Interni è una lampada a sospensione Ideal Lux pensata per l’illuminazione di interni residenziali e professionali, con una presenza scenografica coerente con il modello Strauss sp12. Il prodotto configurabile riunisce le varianti realmente associate nel catalogo: dimensioni Ø84.5cm x H min 765 / max 2030, Ø85cm x H min 905 / max 2000 e Ø50.5cm x H min 785 / max 1900; configurazioni 12 sorgenti luminose, 18 sorgenti luminose e 6 sorgenti luminose; attacco E14; potenza massima 12 x 40W - 18 x 40W - 6 x 40W; materiali Vetro. Le configurazioni disponibili comprendono: Strauss sp12 -12 Sorgenti Luminose, Strauss sp18 -18 Sorgenti Luminose e Strauss sp6 -6 Sorgenti Luminose. Secondo la descrizione ufficiale Ideal Lux, montatura e dettagli in metallo con finitura oro. Bracci in vetro soffiato trasparente. Elementi decorativi in cristallo ambrato. Copricatena in velluto. La sospensione è indicata per soggiorno, zona living, sala da pranzo, cucina con isola o penisola, camera da letto, corridoi ampi e ambienti contract come reception, showroom, sale riunioni, ristoranti e boutique, scegliendo la configurazione più adatta per dimensione, finitura e numero di luci.","La Ideal Lux Strauss sp12 Lampade a Sospensione per Interni è una lampada a sospensione Ideal Lux per interni progettata per completare l’arredo con una luce sospesa elegante, riconoscibile e proporzionata agli spazi. Il modello Strauss sp12 è stato trattato come prodotto configurabile: le informazioni sono state aggregate dalle varianti semplici collegate, dagli attributi tecnici del configurabile, dal listino giacenze e dalle descrizioni ufficiali Ideal Lux quando presenti. In questo modo la scheda prodotto descrive l’intera famiglia disponibile senza creare testi separati per ogni singola variante. Le configurazioni disponibili includono dimensioni Ø84.5cm x H min 765 / max 2030, Ø85cm x H min 905 / max 2000 e Ø50.5cm x H min 785 / max 1900; configurazioni 12 sorgenti luminose, 18 sorgenti luminose e 6 sorgenti luminose; attacco E14; potenza massima 12 x 40W - 18 x 40W - 6 x 40W; materiali Vetro. Le configurazioni disponibili comprendono: Strauss sp12 -12 Sorgenti Luminose, Strauss sp18 -18 Sorgenti Luminose e Strauss sp6 -6 Sorgenti Luminose. Dal punto di vista tecnico, la scheda riporta materiali dichiarati: Vetro; ingombri disponibili: Ø84.5cm x H min 765 / max 2030 - Ø85cm x H min 905 / max 2000 - Ø50.5cm x H min 785 / max 1900; potenza massima: 12 x 40W - 18 x 40W - 6 x 40W; attacco portalampada: E14; grado di protezione: IP20. Secondo la descrizione ufficiale Ideal Lux, montatura e dettagli in metallo con finitura oro. Bracci in vetro soffiato trasparente. Elementi decorativi in cristallo ambrato. Copricatena in velluto. Questa sospensione è adatta a diversi ambienti della casa: sopra il tavolo da pranzo crea un punto luce centrale, in soggiorno e nella zona living contribuisce a definire l’atmosfera, in cucina può illuminare isole, penisole e piani snack, mentre in camera da letto o in un corridoio ampio può diventare un elemento decorativo capace di dare personalità allo spazio. Nei contesti professionali può essere utilizzata in reception, sale d’attesa, uffici direzionali, showroom, negozi, ristoranti, bar, hotel e spazi contract, sempre valutando altezza di installazione, dimensioni della stanza e quantità di luce desiderata. La scelta tra le varianti permette di coordinare la lampada con arredi chiari o scuri, superfici metalliche, vetro, legno, pietra o finiture contemporanee. Le versioni con diametri, forme o numero di sorgenti differenti sono utili per adattare la presenza visiva della sospensione a tavoli piccoli, piani allungati, ambienti con soffitto alto o zone living più scenografiche. Il grado di protezione indicato, quando presente nella scheda tecnica, conferma la destinazione ad ambienti interni asciutti: non viene quindi descritta come lampada da esterno o per zone esposte ad acqua e agenti atmosferici. Per ottenere il miglior risultato è consigliabile scegliere la sorgente luminosa compatibile con l’attacco e la potenza previsti, valutando temperatura colore, intensità e resa cromatica in funzione dell’ambiente. Una luce calda valorizza aree relax, sale da pranzo e camere, mentre una luce più neutra può essere utile in cucina, studio o spazi commerciali. La Ideal Lux Strauss sp12 Lampade a Sospensione per Interni unisce funzione luminosa e valore decorativo, offrendo una soluzione SEO friendly e completa per chi cerca una lampada a sospensione Ideal Lux affidabile, ben descritta nelle varianti e pronta per essere inserita in un progetto di illuminazione domestico o professionale.","Lampada a sospensione Ideal Lux Strauss sp12 per interni: ideale per soggiorno, cucina, living, sala da pranzo, camera e ambienti contract."
IL-CONFIG-303,"Ideal Lux Tall sp1 big Lampade a Sospensione per Interni è una lampada a sospensione Ideal Lux pensata per l’illuminazione di interni residenziali e professionali, con una presenza scenografica coerente con il modello Tall sp1 big. Il prodotto configurabile riunisce le varianti realmente associate nel catalogo: dimensioni Ø13.5cm x H min 350 / max 5920; attacco E27; potenza massima 42W; materiali Metallo, PVC. Le configurazioni disponibili comprendono: Tall sp1 big. La sospensione è indicata per soggiorno, zona living, sala da pranzo, cucina con isola o penisola, camera da letto, corridoi ampi e ambienti contract come reception, showroom, sale riunioni, ristoranti e boutique, scegliendo la configurazione più adatta per dimensione, finitura e numero di luci.","La Ideal Lux Tall sp1 big Lampade a Sospensione per Interni è una lampada a sospensione Ideal Lux per interni progettata per completare l’arredo con una luce sospesa elegante, riconoscibile e proporzionata agli spazi. Il modello Tall sp1 big è stato trattato come prodotto configurabile: le informazioni sono state aggregate dalle varianti semplici collegate, dagli attributi tecnici del configurabile, dal listino giacenze e dalle descrizioni ufficiali Ideal Lux quando presenti. In questo modo la scheda prodotto descrive l’intera famiglia disponibile senza creare testi separati per ogni singola variante. Le configurazioni disponibili includono dimensioni Ø13.5cm x H min 350 / max 5920; attacco E27; potenza massima 42W; materiali Metallo, PVC. Le configurazioni disponibili comprendono: Tall sp1 big. Dal punto di vista tecnico, la scheda riporta materiali dichiarati: Metallo, PVC; ingombri disponibili: Ø13.5cm x H min 350 / max 5920; potenza massima: 42W; attacco portalampada: E27; grado di protezione: IP20. Questa sospensione è adatta a diversi ambienti della casa: sopra il tavolo da pranzo crea un punto luce centrale, in soggiorno e nella zona living contribuisce a definire l’atmosfera, in cucina può illuminare isole, penisole e piani snack, mentre in camera da letto o in un corridoio ampio può diventare un elemento decorativo capace di dare personalità allo spazio. Nei contesti professionali può essere utilizzata in reception, sale d’attesa, uffici direzionali, showroom, negozi, ristoranti, bar, hotel e spazi contract, sempre valutando altezza di installazione, dimensioni della stanza e quantità di luce desiderata. La scelta tra le varianti permette di coordinare la lampada con arredi chiari o scuri, superfici metalliche, vetro, legno, pietra o finiture contemporanee. Le versioni con diametri, forme o numero di sorgenti differenti sono utili per adattare la presenza visiva della sospensione a tavoli piccoli, piani allungati, ambienti con soffitto alto o zone living più scenografiche. Il grado di protezione indicato, quando presente nella scheda tecnica, conferma la destinazione ad ambienti interni asciutti: non viene quindi descritta come lampada da esterno o per zone esposte ad acqua e agenti atmosferici. Per ottenere il miglior risultato è consigliabile scegliere la sorgente luminosa compatibile con l’attacco e la potenza previsti, valutando temperatura colore, intensità e resa cromatica in funzione dell’ambiente. Una luce calda valorizza aree relax, sale da pranzo e camere, mentre una luce più neutra può essere utile in cucina, studio o spazi commerciali. La Ideal Lux Tall sp1 big Lampade a Sospensione per Interni unisce funzione luminosa e valore decorativo, offrendo una soluzione SEO friendly e completa per chi cerca una lampada a sospensione Ideal Lux affidabile, ben descritta nelle varianti e pronta per essere inserita in un progetto di illuminazione domestico o professionale.","Lampada a sospensione Ideal Lux Tall sp1 big per interni: ideale per soggiorno, cucina, living, sala da pranzo, camera e ambienti contract."
IL-CONFIG-304,"Ideal Lux Topico sp Lampade a Sospensione per Interni è una lampada a sospensione Ideal Lux pensata per l’illuminazione di interni residenziali e professionali, con una presenza scenografica coerente con il modello Topico sp. Il prodotto configurabile riunisce le varianti realmente associate nel catalogo: dimensioni Ø45cm x H min 370 / max 2300; attacco LED; potenza massima 28W; materiali Alluminio, Metallo, Vetro; lampadina inclusa: Sì. Le configurazioni disponibili comprendono: Topico sp. La sospensione è indicata per soggiorno, zona living, sala da pranzo, cucina con isola o penisola, camera da letto, corridoi ampi e ambienti contract come reception, showroom, sale riunioni, ristoranti e boutique, scegliendo la configurazione più adatta per dimensione, finitura e numero di luci.","La Ideal Lux Topico sp Lampade a Sospensione per Interni è una lampada a sospensione Ideal Lux per interni progettata per completare l’arredo con una luce sospesa elegante, riconoscibile e proporzionata agli spazi. Il modello Topico sp è stato trattato come prodotto configurabile: le informazioni sono state aggregate dalle varianti semplici collegate, dagli attributi tecnici del configurabile, dal listino giacenze e dalle descrizioni ufficiali Ideal Lux quando presenti. In questo modo la scheda prodotto descrive l’intera famiglia disponibile senza creare testi separati per ogni singola variante. Le configurazioni disponibili includono dimensioni Ø45cm x H min 370 / max 2300; attacco LED; potenza massima 28W; materiali Alluminio, Metallo, Vetro; lampadina inclusa: Sì. Le configurazioni disponibili comprendono: Topico sp. Dal punto di vista tecnico, la scheda riporta materiali dichiarati: Alluminio, Metallo, Vetro; ingombri disponibili: Ø45cm x H min 370 / max 2300; potenza massima: 28W; attacco portalampada: LED; lampadina inclusa: Sì; grado di protezione: IP20. Questa sospensione è adatta a diversi ambienti della casa: sopra il tavolo da pranzo crea un punto luce centrale, in soggiorno e nella zona living contribuisce a definire l’atmosfera, in cucina può illuminare isole, penisole e piani snack, mentre in camera da letto o in un corridoio ampio può diventare un elemento decorativo capace di dare personalità allo spazio. Nei contesti professionali può essere utilizzata in reception, sale d’attesa, uffici direzionali, showroom, negozi, ristoranti, bar, hotel e spazi contract, sempre valutando altezza di installazione, dimensioni della stanza e quantità di luce desiderata. La scelta tra le varianti permette di coordinare la lampada con arredi chiari o scuri, superfici metalliche, vetro, legno, pietra o finiture contemporanee. Le versioni con diametri, forme o numero di sorgenti differenti sono utili per adattare la presenza visiva della sospensione a tavoli piccoli, piani allungati, ambienti con soffitto alto o zone living più scenografiche. Il grado di protezione indicato, quando presente nella scheda tecnica, conferma la destinazione ad ambienti interni asciutti: non viene quindi descritta come lampada da esterno o per zone esposte ad acqua e agenti atmosferici. Per ottenere il miglior risultato è consigliabile scegliere la sorgente luminosa compatibile con l’attacco e la potenza previsti, valutando temperatura colore, intensità e resa cromatica in funzione dell’ambiente. Una luce calda valorizza aree relax, sale da pranzo e camere, mentre una luce più neutra può essere utile in cucina, studio o spazi commerciali. La Ideal Lux Topico sp Lampade a Sospensione per Interni unisce funzione luminosa e valore decorativo, offrendo una soluzione SEO friendly e completa per chi cerca una lampada a sospensione Ideal Lux affidabile, ben descritta nelle varianti e pronta per essere inserita in un progetto di illuminazione domestico o professionale.","Lampada a sospensione Ideal Lux Topico sp per interni: ideale per soggiorno, cucina, living, sala da pranzo, camera e ambienti contract."
IL-CONFIG-305,"Ideal Lux Triumph sp8 Lampade a Sospensione per Interni è una lampada a sospensione Ideal Lux pensata per l’illuminazione di interni residenziali e professionali, con una presenza scenografica coerente con il modello Triumph sp8. Il prodotto configurabile riunisce le varianti realmente associate nel catalogo: dimensioni Ø92cm x H66cm; attacco E27; potenza massima 8 x 42W; materiali Metallo. Le configurazioni disponibili comprendono: Triumph sp8. La sospensione è indicata per soggiorno, zona living, sala da pranzo, cucina con isola o penisola, camera da letto, corridoi ampi e ambienti contract come reception, showroom, sale riunioni, ristoranti e boutique, scegliendo la configurazione più adatta per dimensione, finitura e numero di luci.","La Ideal Lux Triumph sp8 Lampade a Sospensione per Interni è una lampada a sospensione Ideal Lux per interni progettata per completare l’arredo con una luce sospesa elegante, riconoscibile e proporzionata agli spazi. Il modello Triumph sp8 è stato trattato come prodotto configurabile: le informazioni sono state aggregate dalle varianti semplici collegate, dagli attributi tecnici del configurabile, dal listino giacenze e dalle descrizioni ufficiali Ideal Lux quando presenti. In questo modo la scheda prodotto descrive l’intera famiglia disponibile senza creare testi separati per ogni singola variante. Le configurazioni disponibili includono dimensioni Ø92cm x H66cm; attacco E27; potenza massima 8 x 42W; materiali Metallo. Le configurazioni disponibili comprendono: Triumph sp8. Dal punto di vista tecnico, la scheda riporta materiali dichiarati: Metallo; ingombri disponibili: Ø92cm x H66cm; potenza massima: 8 x 42W; attacco portalampada: E27; grado di protezione: IP20. Questa sospensione è adatta a diversi ambienti della casa: sopra il tavolo da pranzo crea un punto luce centrale, in soggiorno e nella zona living contribuisce a definire l’atmosfera, in cucina può illuminare isole, penisole e piani snack, mentre in camera da letto o in un corridoio ampio può diventare un elemento decorativo capace di dare personalità allo spazio. Nei contesti professionali può essere utilizzata in reception, sale d’attesa, uffici direzionali, showroom, negozi, ristoranti, bar, hotel e spazi contract, sempre valutando altezza di installazione, dimensioni della stanza e quantità di luce desiderata. La scelta tra le varianti permette di coordinare la lampada con arredi chiari o scuri, superfici metalliche, vetro, legno, pietra o finiture contemporanee. Le versioni con diametri, forme o numero di sorgenti differenti sono utili per adattare la presenza visiva della sospensione a tavoli piccoli, piani allungati, ambienti con soffitto alto o zone living più scenografiche. Il grado di protezione indicato, quando presente nella scheda tecnica, conferma la destinazione ad ambienti interni asciutti: non viene quindi descritta come lampada da esterno o per zone esposte ad acqua e agenti atmosferici. Per ottenere il miglior risultato è consigliabile scegliere la sorgente luminosa compatibile con l’attacco e la potenza previsti, valutando temperatura colore, intensità e resa cromatica in funzione dell’ambiente. Una luce calda valorizza aree relax, sale da pranzo e camere, mentre una luce più neutra può essere utile in cucina, studio o spazi commerciali. La Ideal Lux Triumph sp8 Lampade a Sospensione per Interni unisce funzione luminosa e valore decorativo, offrendo una soluzione SEO friendly e completa per chi cerca una lampada a sospensione Ideal Lux affidabile, ben descritta nelle varianti e pronta per essere inserita in un progetto di illuminazione domestico o professionale.","Lampada a sospensione Ideal Lux Triumph sp8 per interni: ideale per soggiorno, cucina, living, sala da pranzo, camera e ambienti contract."
IL-CONFIG-306,"Ideal Lux Tube sp Lampade a Sospensione per Interni è una lampada a sospensione Ideal Lux pensata per l’illuminazione di interni residenziali e professionali, con una presenza scenografica coerente con il modello Tube sp. Il prodotto configurabile riunisce le varianti realmente associate nel catalogo: finiture/colori Nero e Bianco; dimensioni Diametro, 4cm e 6cm; attacco LED; potenza massima 11W; materiali Alluminio, Metallo; dimmer: Sì; lampadina inclusa: Sì. Le configurazioni disponibili comprendono: Tube sp -Nero-Diametro-4cm, Tube sp -Bianco-Diametro-6cm e Tube sp -Nero-Diametro-6cm. La sospensione è indicata per soggiorno, zona living, sala da pranzo, cucina con isola o penisola, camera da letto, corridoi ampi e ambienti contract come reception, showroom, sale riunioni, ristoranti e boutique, scegliendo la configurazione più adatta per dimensione, finitura e numero di luci.","La Ideal Lux Tube sp Lampade a Sospensione per Interni è una lampada a sospensione Ideal Lux per interni progettata per completare l’arredo con una luce sospesa elegante, riconoscibile e proporzionata agli spazi. Il modello Tube sp è stato trattato come prodotto configurabile: le informazioni sono state aggregate dalle varianti semplici collegate, dagli attributi tecnici del configurabile, dal listino giacenze e dalle descrizioni ufficiali Ideal Lux quando presenti. In questo modo la scheda prodotto descrive l’intera famiglia disponibile senza creare testi separati per ogni singola variante. Le configurazioni disponibili includono finiture/colori Nero e Bianco; dimensioni Diametro, 4cm e 6cm; attacco LED; potenza massima 11W; materiali Alluminio, Metallo; dimmer: Sì; lampadina inclusa: Sì. Le configurazioni disponibili comprendono: Tube sp -Nero-Diametro-4cm, Tube sp -Bianco-Diametro-6cm e Tube sp -Nero-Diametro-6cm. Dal punto di vista tecnico, la scheda riporta materiali dichiarati: Alluminio, Metallo; ingombri disponibili: Ø4cm x H min 500 / max 1900 - Ø6cm x H min 650 / max 2030; potenza massima: 11W; attacco portalampada: LED; dimmerabilità indicata nel listino: Sì; lampadina inclusa: Sì; grado di protezione: IP20. Questa sospensione è adatta a diversi ambienti della casa: sopra il tavolo da pranzo crea un punto luce centrale, in soggiorno e nella zona living contribuisce a definire l’atmosfera, in cucina può illuminare isole, penisole e piani snack, mentre in camera da letto o in un corridoio ampio può diventare un elemento decorativo capace di dare personalità allo spazio. Nei contesti professionali può essere utilizzata in reception, sale d’attesa, uffici direzionali, showroom, negozi, ristoranti, bar, hotel e spazi contract, sempre valutando altezza di installazione, dimensioni della stanza e quantità di luce desiderata. La scelta tra le varianti permette di coordinare la lampada con arredi chiari o scuri, superfici metalliche, vetro, legno, pietra o finiture contemporanee. Le versioni con diametri, forme o numero di sorgenti differenti sono utili per adattare la presenza visiva della sospensione a tavoli piccoli, piani allungati, ambienti con soffitto alto o zone living più scenografiche. Il grado di protezione indicato, quando presente nella scheda tecnica, conferma la destinazione ad ambienti interni asciutti: non viene quindi descritta come lampada da esterno o per zone esposte ad acqua e agenti atmosferici. Per ottenere il miglior risultato è consigliabile scegliere la sorgente luminosa compatibile con l’attacco e la potenza previsti, valutando temperatura colore, intensità e resa cromatica in funzione dell’ambiente. Una luce calda valorizza aree relax, sale da pranzo e camere, mentre una luce più neutra può essere utile in cucina, studio o spazi commerciali. La Ideal Lux Tube sp Lampade a Sospensione per Interni unisce funzione luminosa e valore decorativo, offrendo una soluzione SEO friendly e completa per chi cerca una lampada a sospensione Ideal Lux affidabile, ben descritta nelle varianti e pronta per essere inserita in un progetto di illuminazione domestico o professionale.","Lampada a sospensione Ideal Lux Tube sp per interni: ideale per soggiorno, cucina, living, sala da pranzo, camera e ambienti contract."
IL-CONFIG-307,"Ideal Lux Tubix sp Lampade a Sospensione per Interni è una lampada a sospensione Ideal Lux pensata per l’illuminazione di interni residenziali e professionali, con una presenza scenografica coerente con il modello Tubix sp. Il prodotto configurabile riunisce le varianti realmente associate nel catalogo: dimensioni 64.5cm, 113cm e 134.5cm; attacco LED; potenza massima 11W - 15W - 8W; materiali Metallo, Vetro; lampadina inclusa: Sì. Le configurazioni disponibili comprendono: Tubix sp -Altezza-64.5cm, Tubix sp -Altezza-113cm e Tubix sp -Altezza-134.5cm. La sospensione è indicata per soggiorno, zona living, sala da pranzo, cucina con isola o penisola, camera da letto, corridoi ampi e ambienti contract come reception, showroom, sale riunioni, ristoranti e boutique, scegliendo la configurazione più adatta per dimensione, finitura e numero di luci.","La Ideal Lux Tubix sp Lampade a Sospensione per Interni è una lampada a sospensione Ideal Lux per interni progettata per completare l’arredo con una luce sospesa elegante, riconoscibile e proporzionata agli spazi. Il modello Tubix sp è stato trattato come prodotto configurabile: le informazioni sono state aggregate dalle varianti semplici collegate, dagli attributi tecnici del configurabile, dal listino giacenze e dalle descrizioni ufficiali Ideal Lux quando presenti. In questo modo la scheda prodotto descrive l’intera famiglia disponibile senza creare testi separati per ogni singola variante. Le configurazioni disponibili includono dimensioni 64.5cm, 113cm e 134.5cm; attacco LED; potenza massima 11W - 15W - 8W; materiali Metallo, Vetro; lampadina inclusa: Sì. Le configurazioni disponibili comprendono: Tubix sp -Altezza-64.5cm, Tubix sp -Altezza-113cm e Tubix sp -Altezza-134.5cm. Dal punto di vista tecnico, la scheda riporta materiali dichiarati: Metallo, Vetro; ingombri disponibili: Ø7cm x H min 645 / max 2644 - Ø7cm x H min 1130 / max 2930 - Ø7cm x H min 1345 / max 3145; potenza massima: 11W - 15W - 8W; attacco portalampada: LED; lampadina inclusa: Sì; grado di protezione: IP20. Questa sospensione è adatta a diversi ambienti della casa: sopra il tavolo da pranzo crea un punto luce centrale, in soggiorno e nella zona living contribuisce a definire l’atmosfera, in cucina può illuminare isole, penisole e piani snack, mentre in camera da letto o in un corridoio ampio può diventare un elemento decorativo capace di dare personalità allo spazio. Nei contesti professionali può essere utilizzata in reception, sale d’attesa, uffici direzionali, showroom, negozi, ristoranti, bar, hotel e spazi contract, sempre valutando altezza di installazione, dimensioni della stanza e quantità di luce desiderata. La scelta tra le varianti permette di coordinare la lampada con arredi chiari o scuri, superfici metalliche, vetro, legno, pietra o finiture contemporanee. Le versioni con diametri, forme o numero di sorgenti differenti sono utili per adattare la presenza visiva della sospensione a tavoli piccoli, piani allungati, ambienti con soffitto alto o zone living più scenografiche. Il grado di protezione indicato, quando presente nella scheda tecnica, conferma la destinazione ad ambienti interni asciutti: non viene quindi descritta come lampada da esterno o per zone esposte ad acqua e agenti atmosferici. Per ottenere il miglior risultato è consigliabile scegliere la sorgente luminosa compatibile con l’attacco e la potenza previsti, valutando temperatura colore, intensità e resa cromatica in funzione dell’ambiente. Una luce calda valorizza aree relax, sale da pranzo e camere, mentre una luce più neutra può essere utile in cucina, studio o spazi commerciali. La Ideal Lux Tubix sp Lampade a Sospensione per Interni unisce funzione luminosa e valore decorativo, offrendo una soluzione SEO friendly e completa per chi cerca una lampada a sospensione Ideal Lux affidabile, ben descritta nelle varianti e pronta per essere inserita in un progetto di illuminazione domestico o professionale.","Lampada a sospensione Ideal Lux Tubix sp per interni: ideale per soggiorno, cucina, living, sala da pranzo, camera e ambienti contract."
IL-CONFIG-308,"Ideal Lux Ulisse sp3 Lampade a Sospensione per Interni è una lampada a sospensione Ideal Lux pensata per l’illuminazione di interni residenziali e professionali, con una presenza scenografica coerente con il modello Ulisse sp3. Il prodotto configurabile riunisce le varianti realmente associate nel catalogo: dimensioni Diametro, 42cm e 52cm; attacco E27; potenza massima 3 x 60W; materiali Vetro. Le configurazioni disponibili comprendono: Ulisse sp3 -Diametro-42cm e Ulisse sp3 -Diametro-52cm. Secondo la descrizione ufficiale Ideal Lux, montatura in metallo verniciato bianco opaco. Diffusore in vetro bianco soffiato e acidato. Sospensioni con cavi in acciaio a lunghezza regolabile da dispositivi automatici. La sospensione è indicata per soggiorno, zona living, sala da pranzo, cucina con isola o penisola, camera da letto, corridoi ampi e ambienti contract come reception, showroom, sale riunioni, ristoranti e boutique, scegliendo la configurazione più adatta per dimensione, finitura e numero di luci.","La Ideal Lux Ulisse sp3 Lampade a Sospensione per Interni è una lampada a sospensione Ideal Lux per interni progettata per completare l’arredo con una luce sospesa elegante, riconoscibile e proporzionata agli spazi. Il modello Ulisse sp3 è stato trattato come prodotto configurabile: le informazioni sono state aggregate dalle varianti semplici collegate, dagli attributi tecnici del configurabile, dal listino giacenze e dalle descrizioni ufficiali Ideal Lux quando presenti. In questo modo la scheda prodotto descrive l’intera famiglia disponibile senza creare testi separati per ogni singola variante. Le configurazioni disponibili includono dimensioni Diametro, 42cm e 52cm; attacco E27; potenza massima 3 x 60W; materiali Vetro. Le configurazioni disponibili comprendono: Ulisse sp3 -Diametro-42cm e Ulisse sp3 -Diametro-52cm. Dal punto di vista tecnico, la scheda riporta materiali dichiarati: Vetro; ingombri disponibili: Ø42cm x H min 450 / max 2200 - Ø52cm x H min 480 / max 2230; potenza massima: 3 x 60W; attacco portalampada: E27; grado di protezione: IP20. Secondo la descrizione ufficiale Ideal Lux, montatura in metallo verniciato bianco opaco. Diffusore in vetro bianco soffiato e acidato. Sospensioni con cavi in acciaio a lunghezza regolabile da dispositivi automatici. Questa sospensione è adatta a diversi ambienti della casa: sopra il tavolo da pranzo crea un punto luce centrale, in soggiorno e nella zona living contribuisce a definire l’atmosfera, in cucina può illuminare isole, penisole e piani snack, mentre in camera da letto o in un corridoio ampio può diventare un elemento decorativo capace di dare personalità allo spazio. Nei contesti professionali può essere utilizzata in reception, sale d’attesa, uffici direzionali, showroom, negozi, ristoranti, bar, hotel e spazi contract, sempre valutando altezza di installazione, dimensioni della stanza e quantità di luce desiderata. La scelta tra le varianti permette di coordinare la lampada con arredi chiari o scuri, superfici metalliche, vetro, legno, pietra o finiture contemporanee. Le versioni con diametri, forme o numero di sorgenti differenti sono utili per adattare la presenza visiva della sospensione a tavoli piccoli, piani allungati, ambienti con soffitto alto o zone living più scenografiche. Il grado di protezione indicato, quando presente nella scheda tecnica, conferma la destinazione ad ambienti interni asciutti: non viene quindi descritta come lampada da esterno o per zone esposte ad acqua e agenti atmosferici. Per ottenere il miglior risultato è consigliabile scegliere la sorgente luminosa compatibile con l’attacco e la potenza previsti, valutando temperatura colore, intensità e resa cromatica in funzione dell’ambiente. Una luce calda valorizza aree relax, sale da pranzo e camere, mentre una luce più neutra può essere utile in cucina, studio o spazi commerciali. La Ideal Lux Ulisse sp3 Lampade a Sospensione per Interni unisce funzione luminosa e valore decorativo, offrendo una soluzione SEO friendly e completa per chi cerca una lampada a sospensione Ideal Lux affidabile, ben descritta nelle varianti e pronta per essere inserita in un progetto di illuminazione domestico o professionale.","Lampada a sospensione Ideal Lux Ulisse sp3 per interni: ideale per soggiorno, cucina, living, sala da pranzo, camera e ambienti contract."
IL-CONFIG-309,"Ideal Lux Umile per Interni è una lampada a sospensione Ideal Lux pensata per l’illuminazione di interni residenziali e professionali, con una presenza scenografica coerente con il modello Umile. Il prodotto configurabile riunisce le varianti realmente associate nel catalogo: dimensioni Diametro, 30cm, 22cm e 27cm; attacco LED; potenza massima 20W; materiali Metallo, Vetro; lampadina inclusa: Sì. Le configurazioni disponibili comprendono: Umile-1 sp1 -Diametro-30cm, Umile-2 sp1 -Diametro-22cm e Umile-3 sp1 -Diametro-27cm. La sospensione è indicata per soggiorno, zona living, sala da pranzo, cucina con isola o penisola, camera da letto, corridoi ampi e ambienti contract come reception, showroom, sale riunioni, ristoranti e boutique, scegliendo la configurazione più adatta per dimensione, finitura e numero di luci.","La Ideal Lux Umile per Interni è una lampada a sospensione Ideal Lux per interni progettata per completare l’arredo con una luce sospesa elegante, riconoscibile e proporzionata agli spazi. Il modello Umile è stato trattato come prodotto configurabile: le informazioni sono state aggregate dalle varianti semplici collegate, dagli attributi tecnici del configurabile, dal listino giacenze e dalle descrizioni ufficiali Ideal Lux quando presenti. In questo modo la scheda prodotto descrive l’intera famiglia disponibile senza creare testi separati per ogni singola variante. Le configurazioni disponibili includono dimensioni Diametro, 30cm, 22cm e 27cm; attacco LED; potenza massima 20W; materiali Metallo, Vetro; lampadina inclusa: Sì. Le configurazioni disponibili comprendono: Umile-1 sp1 -Diametro-30cm, Umile-2 sp1 -Diametro-22cm e Umile-3 sp1 -Diametro-27cm. Dal punto di vista tecnico, la scheda riporta materiali dichiarati: Metallo, Vetro; ingombri disponibili: Ø30cm x H min 800 / max 2425 - Ø22cm x H min 940 / max 2590 - Ø27cm x H min 950 / max 2590; potenza massima: 20W; attacco portalampada: LED; lampadina inclusa: Sì; grado di protezione: IP20. Questa sospensione è adatta a diversi ambienti della casa: sopra il tavolo da pranzo crea un punto luce centrale, in soggiorno e nella zona living contribuisce a definire l’atmosfera, in cucina può illuminare isole, penisole e piani snack, mentre in camera da letto o in un corridoio ampio può diventare un elemento decorativo capace di dare personalità allo spazio. Nei contesti professionali può essere utilizzata in reception, sale d’attesa, uffici direzionali, showroom, negozi, ristoranti, bar, hotel e spazi contract, sempre valutando altezza di installazione, dimensioni della stanza e quantità di luce desiderata. La scelta tra le varianti permette di coordinare la lampada con arredi chiari o scuri, superfici metalliche, vetro, legno, pietra o finiture contemporanee. Le versioni con diametri, forme o numero di sorgenti differenti sono utili per adattare la presenza visiva della sospensione a tavoli piccoli, piani allungati, ambienti con soffitto alto o zone living più scenografiche. Il grado di protezione indicato, quando presente nella scheda tecnica, conferma la destinazione ad ambienti interni asciutti: non viene quindi descritta come lampada da esterno o per zone esposte ad acqua e agenti atmosferici. Per ottenere il miglior risultato è consigliabile scegliere la sorgente luminosa compatibile con l’attacco e la potenza previsti, valutando temperatura colore, intensità e resa cromatica in funzione dell’ambiente. Una luce calda valorizza aree relax, sale da pranzo e camere, mentre una luce più neutra può essere utile in cucina, studio o spazi commerciali. La Ideal Lux Umile per Interni unisce funzione luminosa e valore decorativo, offrendo una soluzione SEO friendly e completa per chi cerca una lampada a sospensione Ideal Lux affidabile, ben descritta nelle varianti e pronta per essere inserita in un progetto di illuminazione domestico o professionale.","Lampada a sospensione Ideal Lux Umile per interni: ideale per soggiorno, cucina, living, sala da pranzo, camera e ambienti contract."
IL-CONFIG-310,"Ideal Lux V-line sp Lampade a Sospensione per Interni è una lampada a sospensione Ideal Lux pensata per l’illuminazione di interni residenziali e professionali, con una presenza scenografica coerente con il modello V-line sp. Il prodotto configurabile riunisce le varianti realmente associate nel catalogo: finiture/colori Bianco e Nero; dimensioni L110cm x H min 280 / max 2000 x P3.4cm; attacco LED; potenza massima 20W; materiali Alluminio, Metallo; lampadina inclusa: Sì. Le configurazioni disponibili comprendono: V-line sp -Bianco e V-line sp -Nero. La sospensione è indicata per soggiorno, zona living, sala da pranzo, cucina con isola o penisola, camera da letto, corridoi ampi e ambienti contract come reception, showroom, sale riunioni, ristoranti e boutique, scegliendo la configurazione più adatta per dimensione, finitura e numero di luci.","La Ideal Lux V-line sp Lampade a Sospensione per Interni è una lampada a sospensione Ideal Lux per interni progettata per completare l’arredo con una luce sospesa elegante, riconoscibile e proporzionata agli spazi. Il modello V-line sp è stato trattato come prodotto configurabile: le informazioni sono state aggregate dalle varianti semplici collegate, dagli attributi tecnici del configurabile, dal listino giacenze e dalle descrizioni ufficiali Ideal Lux quando presenti. In questo modo la scheda prodotto descrive l’intera famiglia disponibile senza creare testi separati per ogni singola variante. Le configurazioni disponibili includono finiture/colori Bianco e Nero; dimensioni L110cm x H min 280 / max 2000 x P3.4cm; attacco LED; potenza massima 20W; materiali Alluminio, Metallo; lampadina inclusa: Sì. Le configurazioni disponibili comprendono: V-line sp -Bianco e V-line sp -Nero. Dal punto di vista tecnico, la scheda riporta materiali dichiarati: Alluminio, Metallo; ingombri disponibili: L110cm x H min 280 / max 2000 x P3.4cm; potenza massima: 20W; attacco portalampada: LED; lampadina inclusa: Sì; grado di protezione: IP20. Questa sospensione è adatta a diversi ambienti della casa: sopra il tavolo da pranzo crea un punto luce centrale, in soggiorno e nella zona living contribuisce a definire l’atmosfera, in cucina può illuminare isole, penisole e piani snack, mentre in camera da letto o in un corridoio ampio può diventare un elemento decorativo capace di dare personalità allo spazio. Nei contesti professionali può essere utilizzata in reception, sale d’attesa, uffici direzionali, showroom, negozi, ristoranti, bar, hotel e spazi contract, sempre valutando altezza di installazione, dimensioni della stanza e quantità di luce desiderata. La scelta tra le varianti permette di coordinare la lampada con arredi chiari o scuri, superfici metalliche, vetro, legno, pietra o finiture contemporanee. Le versioni con diametri, forme o numero di sorgenti differenti sono utili per adattare la presenza visiva della sospensione a tavoli piccoli, piani allungati, ambienti con soffitto alto o zone living più scenografiche. Il grado di protezione indicato, quando presente nella scheda tecnica, conferma la destinazione ad ambienti interni asciutti: non viene quindi descritta come lampada da esterno o per zone esposte ad acqua e agenti atmosferici. Per ottenere il miglior risultato è consigliabile scegliere la sorgente luminosa compatibile con l’attacco e la potenza previsti, valutando temperatura colore, intensità e resa cromatica in funzione dell’ambiente. Una luce calda valorizza aree relax, sale da pranzo e camere, mentre una luce più neutra può essere utile in cucina, studio o spazi commerciali. La Ideal Lux V-line sp Lampade a Sospensione per Interni unisce funzione luminosa e valore decorativo, offrendo una soluzione SEO friendly e completa per chi cerca una lampada a sospensione Ideal Lux affidabile, ben descritta nelle varianti e pronta per essere inserita in un progetto di illuminazione domestico o professionale.","Lampada a sospensione Ideal Lux V-line sp per interni: ideale per soggiorno, cucina, living, sala da pranzo, camera e ambienti contract."
IL-CONFIG-311,"Ideal Lux Vanity sp8 Lampade a Sospensione per Interni è una lampada a sospensione Ideal Lux pensata per l’illuminazione di interni residenziali e professionali, con una presenza scenografica coerente con il modello Vanity sp8. Il prodotto configurabile riunisce le varianti realmente associate nel catalogo: dimensioni Ø71cm x H min 650 / max 780; attacco E14; potenza massima 8 x 40W; materiali Metallo. Le configurazioni disponibili comprendono: Vanity sp8. La sospensione è indicata per soggiorno, zona living, sala da pranzo, cucina con isola o penisola, camera da letto, corridoi ampi e ambienti contract come reception, showroom, sale riunioni, ristoranti e boutique, scegliendo la configurazione più adatta per dimensione, finitura e numero di luci.","La Ideal Lux Vanity sp8 Lampade a Sospensione per Interni è una lampada a sospensione Ideal Lux per interni progettata per completare l’arredo con una luce sospesa elegante, riconoscibile e proporzionata agli spazi. Il modello Vanity sp8 è stato trattato come prodotto configurabile: le informazioni sono state aggregate dalle varianti semplici collegate, dagli attributi tecnici del configurabile, dal listino giacenze e dalle descrizioni ufficiali Ideal Lux quando presenti. In questo modo la scheda prodotto descrive l’intera famiglia disponibile senza creare testi separati per ogni singola variante. Le configurazioni disponibili includono dimensioni Ø71cm x H min 650 / max 780; attacco E14; potenza massima 8 x 40W; materiali Metallo. Le configurazioni disponibili comprendono: Vanity sp8. Dal punto di vista tecnico, la scheda riporta materiali dichiarati: Metallo; ingombri disponibili: Ø71cm x H min 650 / max 780; potenza massima: 8 x 40W; attacco portalampada: E14; grado di protezione: IP20. Questa sospensione è adatta a diversi ambienti della casa: sopra il tavolo da pranzo crea un punto luce centrale, in soggiorno e nella zona living contribuisce a definire l’atmosfera, in cucina può illuminare isole, penisole e piani snack, mentre in camera da letto o in un corridoio ampio può diventare un elemento decorativo capace di dare personalità allo spazio. Nei contesti professionali può essere utilizzata in reception, sale d’attesa, uffici direzionali, showroom, negozi, ristoranti, bar, hotel e spazi contract, sempre valutando altezza di installazione, dimensioni della stanza e quantità di luce desiderata. La scelta tra le varianti permette di coordinare la lampada con arredi chiari o scuri, superfici metalliche, vetro, legno, pietra o finiture contemporanee. Le versioni con diametri, forme o numero di sorgenti differenti sono utili per adattare la presenza visiva della sospensione a tavoli piccoli, piani allungati, ambienti con soffitto alto o zone living più scenografiche. Il grado di protezione indicato, quando presente nella scheda tecnica, conferma la destinazione ad ambienti interni asciutti: non viene quindi descritta come lampada da esterno o per zone esposte ad acqua e agenti atmosferici. Per ottenere il miglior risultato è consigliabile scegliere la sorgente luminosa compatibile con l’attacco e la potenza previsti, valutando temperatura colore, intensità e resa cromatica in funzione dell’ambiente. Una luce calda valorizza aree relax, sale da pranzo e camere, mentre una luce più neutra può essere utile in cucina, studio o spazi commerciali. La Ideal Lux Vanity sp8 Lampade a Sospensione per Interni unisce funzione luminosa e valore decorativo, offrendo una soluzione SEO friendly e completa per chi cerca una lampada a sospensione Ideal Lux affidabile, ben descritta nelle varianti e pronta per essere inserita in un progetto di illuminazione domestico o professionale.","Lampada a sospensione Ideal Lux Vanity sp8 per interni: ideale per soggiorno, cucina, living, sala da pranzo, camera e ambienti contract."
IL-CONFIG-312,"Ideal Lux Waves per Interni è una lampada a sospensione Ideal Lux pensata per l’illuminazione di interni residenziali e professionali, con una presenza scenografica coerente con il modello Waves. Il prodotto configurabile riunisce le varianti realmente associate nel catalogo: finiture/colori Bianco, Nero e Oro; dimensioni 94.2cm, 125.4cm e 155.6cm; attacco LED; potenza massima 37W - 45W - 54W; materiali Alluminio, PS; lampadina inclusa: Sì. Le configurazioni disponibili comprendono: Waves-1 sp -Bianco-Lunghezza-94.2cm, Waves-1 sp -Nero-Lunghezza-94.2cm, Waves-1 sp -Oro-Lunghezza-94.2cm, Waves-2 sp -Bianco-Lunghezza-125.4cm, Waves-2 sp -Nero-Lunghezza-125.4cm, Waves-2 sp -Oro-Lunghezza-125.4cm, Waves-3 sp -Bianco-Lunghezza-155.6cm, Waves-3 sp -Nero-Lunghezza-155.6cm e Waves-3 sp -Oro-Lunghezza-155.6cm. La sospensione è indicata per soggiorno, zona living, sala da pranzo, cucina con isola o penisola, camera da letto, corridoi ampi e ambienti contract come reception, showroom, sale riunioni, ristoranti e boutique, scegliendo la configurazione più adatta per dimensione, finitura e numero di luci.","La Ideal Lux Waves per Interni è una lampada a sospensione Ideal Lux per interni progettata per completare l’arredo con una luce sospesa elegante, riconoscibile e proporzionata agli spazi. Il modello Waves è stato trattato come prodotto configurabile: le informazioni sono state aggregate dalle varianti semplici collegate, dagli attributi tecnici del configurabile, dal listino giacenze e dalle descrizioni ufficiali Ideal Lux quando presenti. In questo modo la scheda prodotto descrive l’intera famiglia disponibile senza creare testi separati per ogni singola variante. Le configurazioni disponibili includono finiture/colori Bianco, Nero e Oro; dimensioni 94.2cm, 125.4cm e 155.6cm; attacco LED; potenza massima 37W - 45W - 54W; materiali Alluminio, PS; lampadina inclusa: Sì. Le configurazioni disponibili comprendono: Waves-1 sp -Bianco-Lunghezza-94.2cm, Waves-1 sp -Nero-Lunghezza-94.2cm, Waves-1 sp -Oro-Lunghezza-94.2cm, Waves-2 sp -Bianco-Lunghezza-125.4cm, Waves-2 sp -Nero-Lunghezza-125.4cm, Waves-2 sp -Oro-Lunghezza-125.4cm, Waves-3 sp -Bianco-Lunghezza-155.6cm, Waves-3 sp -Nero-Lunghezza-155.6cm e Waves-3 sp -Oro-Lunghezza-155.6cm. Dal punto di vista tecnico, la scheda riporta materiali dichiarati: Alluminio, PS; ingombri disponibili: L94.2cm x H min 410 / max 2093 x P45.1cm - L125.4cm x H min 450 / max 2093 x P66.2cm - L155.6cm x H min 450 / max 2093 x P87cm; potenza massima: 37W - 45W - 54W; attacco portalampada: LED; lampadina inclusa: Sì; grado di protezione: IP20. Questa sospensione è adatta a diversi ambienti della casa: sopra il tavolo da pranzo crea un punto luce centrale, in soggiorno e nella zona living contribuisce a definire l’atmosfera, in cucina può illuminare isole, penisole e piani snack, mentre in camera da letto o in un corridoio ampio può diventare un elemento decorativo capace di dare personalità allo spazio. Nei contesti professionali può essere utilizzata in reception, sale d’attesa, uffici direzionali, showroom, negozi, ristoranti, bar, hotel e spazi contract, sempre valutando altezza di installazione, dimensioni della stanza e quantità di luce desiderata. La scelta tra le varianti permette di coordinare la lampada con arredi chiari o scuri, superfici metalliche, vetro, legno, pietra o finiture contemporanee. Le versioni con diametri, forme o numero di sorgenti differenti sono utili per adattare la presenza visiva della sospensione a tavoli piccoli, piani allungati, ambienti con soffitto alto o zone living più scenografiche. Il grado di protezione indicato, quando presente nella scheda tecnica, conferma la destinazione ad ambienti interni asciutti: non viene quindi descritta come lampada da esterno o per zone esposte ad acqua e agenti atmosferici. Per ottenere il miglior risultato è consigliabile scegliere la sorgente luminosa compatibile con l’attacco e la potenza previsti, valutando temperatura colore, intensità e resa cromatica in funzione dell’ambiente. Una luce calda valorizza aree relax, sale da pranzo e camere, mentre una luce più neutra può essere utile in cucina, studio o spazi commerciali. La Ideal Lux Waves per Interni unisce funzione luminosa e valore decorativo, offrendo una soluzione SEO friendly e completa per chi cerca una lampada a sospensione Ideal Lux affidabile, ben descritta nelle varianti e pronta per essere inserita in un progetto di illuminazione domestico o professionale.","Lampada a sospensione Ideal Lux Waves per interni: ideale per soggiorno, cucina, living, sala da pranzo, camera e ambienti contract."
IL-CONFIG-313,"Ideal Lux Yoko sp Lampade a Sospensione per Interni è una lampada a sospensione Ideal Lux pensata per l’illuminazione di interni residenziali e professionali, con una presenza scenografica coerente con il modello Yoko sp. Il prodotto configurabile riunisce le varianti realmente associate nel catalogo: finiture/colori Bianco e Nero; dimensioni L146cm x H min 270 / max 2120 x P2cm; attacco LED; potenza massima 17W; materiali Alluminio, Metallo, PS; lampadina inclusa: Sì. Le configurazioni disponibili comprendono: Yoko sp -Bianco e Yoko sp -Nero. Secondo la descrizione ufficiale Ideal Lux, rosone, montatura e supporto per il cavo in metallo verniciato opaco. Diffusore in policarbonato OPALE. Cavo in pvc trasparente. Colori: bianco o nero. La sospensione è indicata per soggiorno, zona living, sala da pranzo, cucina con isola o penisola, camera da letto, corridoi ampi e ambienti contract come reception, showroom, sale riunioni, ristoranti e boutique, scegliendo la configurazione più adatta per dimensione, finitura e numero di luci.","La Ideal Lux Yoko sp Lampade a Sospensione per Interni è una lampada a sospensione Ideal Lux per interni progettata per completare l’arredo con una luce sospesa elegante, riconoscibile e proporzionata agli spazi. Il modello Yoko sp è stato trattato come prodotto configurabile: le informazioni sono state aggregate dalle varianti semplici collegate, dagli attributi tecnici del configurabile, dal listino giacenze e dalle descrizioni ufficiali Ideal Lux quando presenti. In questo modo la scheda prodotto descrive l’intera famiglia disponibile senza creare testi separati per ogni singola variante. Le configurazioni disponibili includono finiture/colori Bianco e Nero; dimensioni L146cm x H min 270 / max 2120 x P2cm; attacco LED; potenza massima 17W; materiali Alluminio, Metallo, PS; lampadina inclusa: Sì. Le configurazioni disponibili comprendono: Yoko sp -Bianco e Yoko sp -Nero. Dal punto di vista tecnico, la scheda riporta materiali dichiarati: Alluminio, Metallo, PS; ingombri disponibili: L146cm x H min 270 / max 2120 x P2cm; potenza massima: 17W; attacco portalampada: LED; lampadina inclusa: Sì; grado di protezione: IP20. Secondo la descrizione ufficiale Ideal Lux, rosone, montatura e supporto per il cavo in metallo verniciato opaco. Diffusore in policarbonato OPALE. Cavo in pvc trasparente. Colori: bianco o nero. Questa sospensione è adatta a diversi ambienti della casa: sopra il tavolo da pranzo crea un punto luce centrale, in soggiorno e nella zona living contribuisce a definire l’atmosfera, in cucina può illuminare isole, penisole e piani snack, mentre in camera da letto o in un corridoio ampio può diventare un elemento decorativo capace di dare personalità allo spazio. Nei contesti professionali può essere utilizzata in reception, sale d’attesa, uffici direzionali, showroom, negozi, ristoranti, bar, hotel e spazi contract, sempre valutando altezza di installazione, dimensioni della stanza e quantità di luce desiderata. La scelta tra le varianti permette di coordinare la lampada con arredi chiari o scuri, superfici metalliche, vetro, legno, pietra o finiture contemporanee. Le versioni con diametri, forme o numero di sorgenti differenti sono utili per adattare la presenza visiva della sospensione a tavoli piccoli, piani allungati, ambienti con soffitto alto o zone living più scenografiche. Il grado di protezione indicato, quando presente nella scheda tecnica, conferma la destinazione ad ambienti interni asciutti: non viene quindi descritta come lampada da esterno o per zone esposte ad acqua e agenti atmosferici. Per ottenere il miglior risultato è consigliabile scegliere la sorgente luminosa compatibile con l’attacco e la potenza previsti, valutando temperatura colore, intensità e resa cromatica in funzione dell’ambiente. Una luce calda valorizza aree relax, sale da pranzo e camere, mentre una luce più neutra può essere utile in cucina, studio o spazi commerciali. La Ideal Lux Yoko sp Lampade a Sospensione per Interni unisce funzione luminosa e valore decorativo, offrendo una soluzione SEO friendly e completa per chi cerca una lampada a sospensione Ideal Lux affidabile, ben descritta nelle varianti e pronta per essere inserita in un progetto di illuminazione domestico o professionale.","Lampada a sospensione Ideal Lux Yoko sp per interni: ideale per soggiorno, cucina, living, sala da pranzo, camera e ambienti contract."
IL-CONFIG-314,"Ideal Lux Yurta sp1 Lampade a Sospensione per Interni è una lampada a sospensione Ideal Lux pensata per l’illuminazione di interni residenziali e professionali, con una presenza scenografica coerente con il modello Yurta sp1. Il prodotto configurabile riunisce le varianti realmente associate nel catalogo: finiture/colori Bianco e Nero; dimensioni Diametro, 21cm, 30cm e 50cm; attacco E27; potenza massima 60W; materiali Metallo. Le configurazioni disponibili comprendono: Yurta sp1 -Bianco-Diametro-21cm, Yurta sp1 -Nero-Diametro-21cm, Yurta sp1 -Bianco-Diametro-30cm, Yurta sp1 -Nero-Diametro-30cm, Yurta sp1 -Bianco-Diametro-50cm e Yurta sp1 -Nero-Diametro-50cm. La sospensione è indicata per soggiorno, zona living, sala da pranzo, cucina con isola o penisola, camera da letto, corridoi ampi e ambienti contract come reception, showroom, sale riunioni, ristoranti e boutique, scegliendo la configurazione più adatta per dimensione, finitura e numero di luci.","La Ideal Lux Yurta sp1 Lampade a Sospensione per Interni è una lampada a sospensione Ideal Lux per interni progettata per completare l’arredo con una luce sospesa elegante, riconoscibile e proporzionata agli spazi. Il modello Yurta sp1 è stato trattato come prodotto configurabile: le informazioni sono state aggregate dalle varianti semplici collegate, dagli attributi tecnici del configurabile, dal listino giacenze e dalle descrizioni ufficiali Ideal Lux quando presenti. In questo modo la scheda prodotto descrive l’intera famiglia disponibile senza creare testi separati per ogni singola variante. Le configurazioni disponibili includono finiture/colori Bianco e Nero; dimensioni Diametro, 21cm, 30cm e 50cm; attacco E27; potenza massima 60W; materiali Metallo. Le configurazioni disponibili comprendono: Yurta sp1 -Bianco-Diametro-21cm, Yurta sp1 -Nero-Diametro-21cm, Yurta sp1 -Bianco-Diametro-30cm, Yurta sp1 -Nero-Diametro-30cm, Yurta sp1 -Bianco-Diametro-50cm e Yurta sp1 -Nero-Diametro-50cm. Dal punto di vista tecnico, la scheda riporta materiali dichiarati: Metallo; ingombri disponibili: Ø21cm x H min 400 / max 2150 - Ø30cm x H min 400 / max 2150 - Ø50cm x H min 420 / max 2170; potenza massima: 60W; attacco portalampada: E27; grado di protezione: IP20. Questa sospensione è adatta a diversi ambienti della casa: sopra il tavolo da pranzo crea un punto luce centrale, in soggiorno e nella zona living contribuisce a definire l’atmosfera, in cucina può illuminare isole, penisole e piani snack, mentre in camera da letto o in un corridoio ampio può diventare un elemento decorativo capace di dare personalità allo spazio. Nei contesti professionali può essere utilizzata in reception, sale d’attesa, uffici direzionali, showroom, negozi, ristoranti, bar, hotel e spazi contract, sempre valutando altezza di installazione, dimensioni della stanza e quantità di luce desiderata. La scelta tra le varianti permette di coordinare la lampada con arredi chiari o scuri, superfici metalliche, vetro, legno, pietra o finiture contemporanee. Le versioni con diametri, forme o numero di sorgenti differenti sono utili per adattare la presenza visiva della sospensione a tavoli piccoli, piani allungati, ambienti con soffitto alto o zone living più scenografiche. Il grado di protezione indicato, quando presente nella scheda tecnica, conferma la destinazione ad ambienti interni asciutti: non viene quindi descritta come lampada da esterno o per zone esposte ad acqua e agenti atmosferici. Per ottenere il miglior risultato è consigliabile scegliere la sorgente luminosa compatibile con l’attacco e la potenza previsti, valutando temperatura colore, intensità e resa cromatica in funzione dell’ambiente. Una luce calda valorizza aree relax, sale da pranzo e camere, mentre una luce più neutra può essere utile in cucina, studio o spazi commerciali. La Ideal Lux Yurta sp1 Lampade a Sospensione per Interni unisce funzione luminosa e valore decorativo, offrendo una soluzione SEO friendly e completa per chi cerca una lampada a sospensione Ideal Lux affidabile, ben descritta nelle varianti e pronta per essere inserita in un progetto di illuminazione domestico o professionale.","Lampada a sospensione Ideal Lux Yurta sp1 per interni: ideale per soggiorno, cucina, living, sala da pranzo, camera e ambienti contract."
