"sku","short_description","description","meta_description"
"IL-CONFIG-140","<p>Ideal Lux A-line sp1 è una lampada a sospensione per interni: una sospensione compatta adatta sia come punto luce singolo sia in composizioni multiple. La struttura è realizzata in metallo. La gamma comprende 4 varianti selezionabili, nelle finiture bianco e nero, con misure Ø 130 × H min 365 / max 2115 mm e Ø 300 × H min 520 / max 2270 mm. La sorgente è definita da: attacco GU10 e attacco E27; numero di luci 1; potenza GU10 max 1 x 28W e E27 max 1 x 60W; non dimmerabile secondo i dati di catalogo; lampadina inclusa in alcune varianti. Tra le combinazioni selezionabili figurano A – line sp1 – Bianco – Diametro – 13cm, A – line sp1 – Nero – Diametro – 13cm, A – line sp1 – Bianco – Diametro – 30cm e A – line sp1 – Nero – Diametro – 30cm. La sospensione è indicata per penisole, comodini a sospensione, corridoi, banconi bar e piccoli tavoli. L’installazione è pensata per ambienti interni e va definita in base all’altezza disponibile e al progetto luce. Dimensioni, altezza regolabile, finitura, sorgente e potenza permettono di scegliere la configurazione più coerente con arredo, volume dell’ambiente e resa luminosa desiderata.</p>","<p>Ideal Lux A-line sp1 è una lampada a sospensione per interni pensata per chi desidera una sospensione compatta adatta sia come punto luce singolo sia in composizioni multiple. Il corpo illuminante scende dal soffitto e trasforma la luce in un elemento d’arredo, utile per definire una zona, sottolineare un piano o dare identità al volume dell’ambiente senza occupare superfici. La composizione in metallo caratterizza la percezione del modello e permette di inserirlo in progetti residenziali e, dove appropriato, in spazi contract o hospitality.</p><p>La scelta della variante deve partire dalle caratteristiche reali del prodotto. La gamma comprende 4 varianti selezionabili, nelle finiture bianco e nero, con misure Ø 130 × H min 365 / max 2115 mm e Ø 300 × H min 520 / max 2270 mm. La sorgente è definita da: attacco GU10 e attacco E27; numero di luci 1; potenza GU10 max 1 x 28W e E27 max 1 x 60W; non dimmerabile secondo i dati di catalogo; lampadina inclusa in alcune varianti. Misura e altezza di sospensione incidono direttamente sull’effetto finale: un modello regolato più vicino al piano concentra l’attenzione su tavolo o bancone, mentre una discesa più ampia valorizza soffitti alti e composizioni scenografiche. La scheda Ideal Lux aggiunge questi dettagli costruttivi: Rosone in metallo verniciato a polveri. Diffusore in metallo verniciato bianco o nero opaco con interno bianco. Cavo rivestito in tessuto. Le configurazioni presenti a catalogo comprendono A – line sp1 – Bianco – Diametro – 13cm, A – line sp1 – Nero – Diametro – 13cm, A – line sp1 – Bianco – Diametro – 30cm e A – line sp1 – Nero – Diametro – 30cm.</p><p>Il formato compatto rende Ideal Lux A-line sp1 particolarmente utile in penisole, comodini a sospensione, corridoi, banconi bar e piccoli tavoli. Una singola sospensione può illuminare un tavolino, un angolo lettura o una zona comodino; più elementi coordinati possono comporre un ritmo sopra penisole, banconi o percorsi. È una soluzione interessante anche per bistrot e negozi che ricercano piccoli punti luce ripetuti. Per l’uso in bagno è necessario verificare protezione, posizione e distanze previste dalle norme.</p><p>Scegliere Ideal Lux A-line sp1 significa confrontare finiture, dimensioni, numero di luci, sorgente o attacco, potenza e possibilità di dimmerazione prima dell’acquisto. Una sospensione ben dimensionata migliora la qualità della luce, valorizza arredi e materiali e contribuisce alla percezione dell’intero progetto. Questa scheda ecommerce riunisce le informazioni tecniche e d’uso utili a individuare la configurazione più adatta, con un testo orientato alla ricerca di lampade a sospensione Ideal Lux per abitazioni, locali commerciali e spazi professionali.</p>","Ideal Lux A-line sp1: lampada a sospensione da interno in metallo, ideale per living e spazi contract. Scopri finiture, misure e varianti e acquista online."
"IL-CONFIG-141","<p>Ideal Lux Abc sp1 triangle è una lampada a sospensione per interni: una sospensione lineare che distribuisce la luce lungo superfici e percorsi visivi. La struttura è realizzata in metallo. La gamma comprende una configurazione disponibile, nelle finiture ottone, con misure L 335 × H min 570 / max 2320 × P 120 mm. La sorgente è definita da: attacco E27; numero di luci 1; potenza E27 max 1 x 70W; non dimmerabile secondo i dati di catalogo; lampadina non indicata come inclusa. La sospensione è indicata per tavoli da pranzo, isole cucina, banconi, reception e tavoli riunione. L’installazione è pensata per ambienti interni e va definita in base all’altezza disponibile e al progetto luce. Dimensioni, altezza regolabile, finitura, sorgente e potenza permettono di scegliere la configurazione più coerente con arredo, volume dell’ambiente e resa luminosa desiderata.</p>","<p>Ideal Lux Abc sp1 triangle è una lampada a sospensione per interni pensata per chi desidera una sospensione lineare che distribuisce la luce lungo superfici e percorsi visivi. Il corpo illuminante scende dal soffitto e trasforma la luce in un elemento d’arredo, utile per definire una zona, sottolineare un piano o dare identità al volume dell’ambiente senza occupare superfici. La composizione in metallo caratterizza la percezione del modello e permette di inserirlo in progetti residenziali e, dove appropriato, in spazi contract o hospitality.</p><p>La scelta della variante deve partire dalle caratteristiche reali del prodotto. La gamma comprende una configurazione disponibile, nelle finiture ottone, con misure L 335 × H min 570 / max 2320 × P 120 mm. La sorgente è definita da: attacco E27; numero di luci 1; potenza E27 max 1 x 70W; non dimmerabile secondo i dati di catalogo; lampadina non indicata come inclusa. Misura e altezza di sospensione incidono direttamente sull’effetto finale: un modello regolato più vicino al piano concentra l’attenzione su tavolo o bancone, mentre una discesa più ampia valorizza soffitti alti e composizioni scenografiche.</p><p>La geometria lineare rende Ideal Lux Abc sp1 triangle adatta a tavoli da pranzo, isole cucina, banconi, reception e tavoli riunione. In cucina può accompagnare isola o penisola, nella zona pranzo segue il tavolo, mentre in un open space aiuta a differenziare le aree funzionali. In ristoranti, bar, reception, sale meeting e showroom una sospensione lineare offre ordine visivo e un’illuminazione riconoscibile. Per corridoi, camere e camerette la scelta va rapportata allo spazio libero; per il bagno vanno sempre osservati i vincoli di installazione.</p><p>Scegliere Ideal Lux Abc sp1 triangle significa confrontare finiture, dimensioni, numero di luci, sorgente o attacco, potenza e possibilità di dimmerazione prima dell’acquisto. Una sospensione ben dimensionata migliora la qualità della luce, valorizza arredi e materiali e contribuisce alla percezione dell’intero progetto. Questa scheda ecommerce riunisce le informazioni tecniche e d’uso utili a individuare la configurazione più adatta, con un testo orientato alla ricerca di lampade a sospensione Ideal Lux per abitazioni, locali commerciali e spazi professionali.</p>","Ideal Lux Abc sp1 triangle: lampada a sospensione per interni in metallo, ideale per tavolo, isola e bancone. Acquista online la configurazione più adatta."
"IL-CONFIG-142","<p>Ideal Lux Amadeus sp6 è una lampada a sospensione per interni: una sospensione decorativa di forte presenza, progettata per diventare protagonista dello spazio. La struttura è realizzata in cristallo e vetro. La gamma comprende 2 varianti selezionabili, nelle finiture trasparente, con misure Ø 670 × H min 790 / max 1500 mm e Ø 800 × H min 1060 / max 1800 mm. La sorgente è definita da: attacco E14; numero di luci 6 e 8; potenza E14 max 6 x 40W e E14 max 8 x 40W; non dimmerabile secondo i dati di catalogo; lampadina non indicata come inclusa. Tra le combinazioni selezionabili figurano Amadeus sp6 – 6 Sorgenti Luminose e Amadeus sp8 – 8 Sorgenti Luminose. La sospensione è indicata per saloni, soggiorni ampi, vani scala, hall, boutique e sale ristorante. L’installazione è pensata per ambienti interni e va definita in base all’altezza disponibile e al progetto luce. Dimensioni, altezza regolabile, finitura, sorgente e potenza permettono di scegliere la configurazione più coerente con arredo, volume dell’ambiente e resa luminosa desiderata.</p>","<p>Ideal Lux Amadeus sp6 è una lampada a sospensione per interni pensata per chi desidera una sospensione decorativa di forte presenza, progettata per diventare protagonista dello spazio. Il corpo illuminante scende dal soffitto e trasforma la luce in un elemento d’arredo, utile per definire una zona, sottolineare un piano o dare identità al volume dell’ambiente senza occupare superfici. La composizione in cristallo e vetro caratterizza la percezione del modello e permette di inserirlo in progetti residenziali e, dove appropriato, in spazi contract o hospitality.</p><p>La scelta della variante deve partire dalle caratteristiche reali del prodotto. La gamma comprende 2 varianti selezionabili, nelle finiture trasparente, con misure Ø 670 × H min 790 / max 1500 mm e Ø 800 × H min 1060 / max 1800 mm. La sorgente è definita da: attacco E14; numero di luci 6 e 8; potenza E14 max 6 x 40W e E14 max 8 x 40W; non dimmerabile secondo i dati di catalogo; lampadina non indicata come inclusa. Misura e altezza di sospensione incidono direttamente sull’effetto finale: un modello regolato più vicino al piano concentra l’attenzione su tavolo o bancone, mentre una discesa più ampia valorizza soffitti alti e composizioni scenografiche. La scheda Ideal Lux aggiunge questi dettagli costruttivi: Montatura in metallo cromato. Elementi decorativi in vetro soffiato e cristallo molato. Copricatena in velluto. Le configurazioni presenti a catalogo comprendono Amadeus sp6 – 6 Sorgenti Luminose e Amadeus sp8 – 8 Sorgenti Luminose.</p><p>Per dimensioni e presenza decorativa, Ideal Lux Amadeus sp6 si presta a saloni, soggiorni ampi, vani scala, hall, boutique e sale ristorante. In casa può diventare il fulcro del soggiorno, della sala da pranzo o di un vano scala ampio; nel contract valorizza hall, lounge, sale ristorante, boutique e aree accoglienza alberghiere. In camere o ambienti contenuti occorre controllare con precisione l’ingombro. In bagno, come per ogni sospensione da interno, l’installazione è valutabile solo in posizioni compatibili con requisiti tecnici e zone elettriche previste.</p><p>Scegliere Ideal Lux Amadeus sp6 significa confrontare finiture, dimensioni, numero di luci, sorgente o attacco, potenza e possibilità di dimmerazione prima dell’acquisto. Una sospensione ben dimensionata migliora la qualità della luce, valorizza arredi e materiali e contribuisce alla percezione dell’intero progetto. Questa scheda ecommerce riunisce le informazioni tecniche e d’uso utili a individuare la configurazione più adatta, con un testo orientato alla ricerca di lampade a sospensione Ideal Lux per abitazioni, locali commerciali e spazi professionali.</p>","Ideal Lux Amadeus sp6: lampada a sospensione per interni in cristallo e vetro, ideale per salone, living e hall. Scopri misure e varianti: acquista online."
"IL-CONFIG-143","<p>Ideal Lux Ampolla-1 sp1 è una lampada a sospensione per interni: una sospensione decorativa versatile, studiata per valorizzare l’arredo con luce dall’alto. La struttura è realizzata in metallo. La gamma comprende una configurazione disponibile, nelle finiture nero, con misure Ø 350 × H min 630 / max 1200 mm. La sorgente è definita da: attacco E27; numero di luci 1; potenza E27 max 1 x 60W; non dimmerabile secondo i dati di catalogo; lampadina non indicata come inclusa. La sospensione è indicata per soggiorni, zone pranzo, camere, ingressi, ristoranti e boutique. L’installazione è pensata per ambienti interni e va definita in base all’altezza disponibile e al progetto luce. Dimensioni, altezza regolabile, finitura, sorgente e potenza permettono di scegliere la configurazione più coerente con arredo, volume dell’ambiente e resa luminosa desiderata.</p>","<p>Ideal Lux Ampolla-1 sp1 è una lampada a sospensione per interni pensata per chi desidera una sospensione decorativa versatile, studiata per valorizzare l’arredo con luce dall’alto. Il corpo illuminante scende dal soffitto e trasforma la luce in un elemento d’arredo, utile per definire una zona, sottolineare un piano o dare identità al volume dell’ambiente senza occupare superfici. La composizione in metallo caratterizza la percezione del modello e permette di inserirlo in progetti residenziali e, dove appropriato, in spazi contract o hospitality.</p><p>La scelta della variante deve partire dalle caratteristiche reali del prodotto. La gamma comprende una configurazione disponibile, nelle finiture nero, con misure Ø 350 × H min 630 / max 1200 mm. La sorgente è definita da: attacco E27; numero di luci 1; potenza E27 max 1 x 60W; non dimmerabile secondo i dati di catalogo; lampadina non indicata come inclusa. Misura e altezza di sospensione incidono direttamente sull’effetto finale: un modello regolato più vicino al piano concentra l’attenzione su tavolo o bancone, mentre una discesa più ampia valorizza soffitti alti e composizioni scenografiche. La scheda Ideal Lux aggiunge questi dettagli costruttivi: Rosone porta lampade e struttura decorativa in metallo con finitura bianco e nero. Cavo elettrico regolabile in lunghezza.</p><p>La versatilità del modello favorisce l’utilizzo in soggiorni, zone pranzo, camere, ingressi, ristoranti e boutique. In soggiorno e zona living la sospensione crea un punto focale; in cucina può illuminare isola o penisola quando dimensioni e quota sono proporzionate; in camera da letto aggiunge una componente decorativa e funzionale. In locali commerciali è adatta a tavoli di ristoranti e bistrot, lounge, vetrine interne o aree accoglienza. Per corridoio, cameretta e bagno è opportuno valutare ingombro, altezza e compatibilità tecnica con lo spazio.</p><p>Scegliere Ideal Lux Ampolla-1 sp1 significa confrontare finiture, dimensioni, numero di luci, sorgente o attacco, potenza e possibilità di dimmerazione prima dell’acquisto. Una sospensione ben dimensionata migliora la qualità della luce, valorizza arredi e materiali e contribuisce alla percezione dell’intero progetto. Questa scheda ecommerce riunisce le informazioni tecniche e d’uso utili a individuare la configurazione più adatta, con un testo orientato alla ricerca di lampade a sospensione Ideal Lux per abitazioni, locali commerciali e spazi professionali.</p>","Ideal Lux Ampolla-1 sp1: sospensione per interni in metallo per illuminare living e spazi contract. Scopri finiture, misure e varianti e acquista online."
"IL-CONFIG-144","<p>Ideal Lux Ampolla-2 sp1 è una lampada a sospensione per interni: una sospensione compatta adatta sia come punto luce singolo sia in composizioni multiple. La struttura è realizzata in metallo. La gamma comprende una configurazione disponibile, nelle finiture nero, con misure Ø 205 × H min 570 / max 1140 mm. La sorgente è definita da: attacco E27; numero di luci 1; potenza E27 max 1 x 60W; non dimmerabile secondo i dati di catalogo; lampadina non indicata come inclusa. La sospensione è indicata per penisole, comodini a sospensione, corridoi, banconi bar e piccoli tavoli. L’installazione è pensata per ambienti interni e va definita in base all’altezza disponibile e al progetto luce. Dimensioni, altezza regolabile, finitura, sorgente e potenza permettono di scegliere la configurazione più coerente con arredo, volume dell’ambiente e resa luminosa desiderata.</p>","<p>Ideal Lux Ampolla-2 sp1 è una lampada a sospensione per interni pensata per chi desidera una sospensione compatta adatta sia come punto luce singolo sia in composizioni multiple. Il corpo illuminante scende dal soffitto e trasforma la luce in un elemento d’arredo, utile per definire una zona, sottolineare un piano o dare identità al volume dell’ambiente senza occupare superfici. La composizione in metallo caratterizza la percezione del modello e permette di inserirlo in progetti residenziali e, dove appropriato, in spazi contract o hospitality.</p><p>La scelta della variante deve partire dalle caratteristiche reali del prodotto. La gamma comprende una configurazione disponibile, nelle finiture nero, con misure Ø 205 × H min 570 / max 1140 mm. La sorgente è definita da: attacco E27; numero di luci 1; potenza E27 max 1 x 60W; non dimmerabile secondo i dati di catalogo; lampadina non indicata come inclusa. Misura e altezza di sospensione incidono direttamente sull’effetto finale: un modello regolato più vicino al piano concentra l’attenzione su tavolo o bancone, mentre una discesa più ampia valorizza soffitti alti e composizioni scenografiche. La scheda Ideal Lux aggiunge questi dettagli costruttivi: Rosone porta lampade e struttura decorativa in metallo con finitura bianco e nero. Cavo elettrico regolabile in lunghezza.</p><p>Il formato compatto rende Ideal Lux Ampolla-2 sp1 particolarmente utile in penisole, comodini a sospensione, corridoi, banconi bar e piccoli tavoli. Una singola sospensione può illuminare un tavolino, un angolo lettura o una zona comodino; più elementi coordinati possono comporre un ritmo sopra penisole, banconi o percorsi. È una soluzione interessante anche per bistrot e negozi che ricercano piccoli punti luce ripetuti. Per l’uso in bagno è necessario verificare protezione, posizione e distanze previste dalle norme.</p><p>Scegliere Ideal Lux Ampolla-2 sp1 significa confrontare finiture, dimensioni, numero di luci, sorgente o attacco, potenza e possibilità di dimmerazione prima dell’acquisto. Una sospensione ben dimensionata migliora la qualità della luce, valorizza arredi e materiali e contribuisce alla percezione dell’intero progetto. Questa scheda ecommerce riunisce le informazioni tecniche e d’uso utili a individuare la configurazione più adatta, con un testo orientato alla ricerca di lampade a sospensione Ideal Lux per abitazioni, locali commerciali e spazi professionali.</p>","Ideal Lux Ampolla-2 sp1: sospensione per interni in metallo per illuminare living e spazi contract. Scopri finiture, misure e varianti e acquista online."
"IL-CONFIG-145","<p>Ideal Lux Ampolla-3 sp1 è una lampada a sospensione per interni: una sospensione decorativa versatile, studiata per valorizzare l’arredo con luce dall’alto. La struttura è realizzata in metallo. La gamma comprende una configurazione disponibile, nelle finiture nero, con misure Ø 300 × H min 670 / max 1200 mm. La sorgente è definita da: attacco E27; numero di luci 1; potenza E27 max 1 x 60W; non dimmerabile secondo i dati di catalogo; lampadina non indicata come inclusa. La sospensione è indicata per soggiorni, zone pranzo, camere, ingressi, ristoranti e boutique. L’installazione è pensata per ambienti interni e va definita in base all’altezza disponibile e al progetto luce. Dimensioni, altezza regolabile, finitura, sorgente e potenza permettono di scegliere la configurazione più coerente con arredo, volume dell’ambiente e resa luminosa desiderata.</p>","<p>Ideal Lux Ampolla-3 sp1 è una lampada a sospensione per interni pensata per chi desidera una sospensione decorativa versatile, studiata per valorizzare l’arredo con luce dall’alto. Il corpo illuminante scende dal soffitto e trasforma la luce in un elemento d’arredo, utile per definire una zona, sottolineare un piano o dare identità al volume dell’ambiente senza occupare superfici. La composizione in metallo caratterizza la percezione del modello e permette di inserirlo in progetti residenziali e, dove appropriato, in spazi contract o hospitality.</p><p>La scelta della variante deve partire dalle caratteristiche reali del prodotto. La gamma comprende una configurazione disponibile, nelle finiture nero, con misure Ø 300 × H min 670 / max 1200 mm. La sorgente è definita da: attacco E27; numero di luci 1; potenza E27 max 1 x 60W; non dimmerabile secondo i dati di catalogo; lampadina non indicata come inclusa. Misura e altezza di sospensione incidono direttamente sull’effetto finale: un modello regolato più vicino al piano concentra l’attenzione su tavolo o bancone, mentre una discesa più ampia valorizza soffitti alti e composizioni scenografiche. La scheda Ideal Lux aggiunge questi dettagli costruttivi: Rosone porta lampade e struttura decorativa in metallo con finitura bianco e nero. Cavo elettrico regolabile in lunghezza.</p><p>La versatilità del modello favorisce l’utilizzo in soggiorni, zone pranzo, camere, ingressi, ristoranti e boutique. In soggiorno e zona living la sospensione crea un punto focale; in cucina può illuminare isola o penisola quando dimensioni e quota sono proporzionate; in camera da letto aggiunge una componente decorativa e funzionale. In locali commerciali è adatta a tavoli di ristoranti e bistrot, lounge, vetrine interne o aree accoglienza. Per corridoio, cameretta e bagno è opportuno valutare ingombro, altezza e compatibilità tecnica con lo spazio.</p><p>Scegliere Ideal Lux Ampolla-3 sp1 significa confrontare finiture, dimensioni, numero di luci, sorgente o attacco, potenza e possibilità di dimmerazione prima dell’acquisto. Una sospensione ben dimensionata migliora la qualità della luce, valorizza arredi e materiali e contribuisce alla percezione dell’intero progetto. Questa scheda ecommerce riunisce le informazioni tecniche e d’uso utili a individuare la configurazione più adatta, con un testo orientato alla ricerca di lampade a sospensione Ideal Lux per abitazioni, locali commerciali e spazi professionali.</p>","Ideal Lux Ampolla-3 sp1: sospensione per interni in metallo per illuminare living e spazi contract. Scopri finiture, misure e varianti e acquista online."
"IL-CONFIG-146","<p>Ideal Lux Ampolla-4 sp1 è una lampada a sospensione per interni: una sospensione decorativa versatile, studiata per valorizzare l’arredo con luce dall’alto. La struttura è realizzata in metallo. La gamma comprende una configurazione disponibile, nelle finiture nero, con misure Ø 395 × H min 620 / max 1430 mm. La sorgente è definita da: attacco E27; numero di luci 1; potenza E27 max 1 x 60W; non dimmerabile secondo i dati di catalogo; lampadina non indicata come inclusa. La sospensione è indicata per soggiorni, zone pranzo, camere, ingressi, ristoranti e boutique. L’installazione è pensata per ambienti interni e va definita in base all’altezza disponibile e al progetto luce. Dimensioni, altezza regolabile, finitura, sorgente e potenza permettono di scegliere la configurazione più coerente con arredo, volume dell’ambiente e resa luminosa desiderata.</p>","<p>Ideal Lux Ampolla-4 sp1 è una lampada a sospensione per interni pensata per chi desidera una sospensione decorativa versatile, studiata per valorizzare l’arredo con luce dall’alto. Il corpo illuminante scende dal soffitto e trasforma la luce in un elemento d’arredo, utile per definire una zona, sottolineare un piano o dare identità al volume dell’ambiente senza occupare superfici. La composizione in metallo caratterizza la percezione del modello e permette di inserirlo in progetti residenziali e, dove appropriato, in spazi contract o hospitality.</p><p>La scelta della variante deve partire dalle caratteristiche reali del prodotto. La gamma comprende una configurazione disponibile, nelle finiture nero, con misure Ø 395 × H min 620 / max 1430 mm. La sorgente è definita da: attacco E27; numero di luci 1; potenza E27 max 1 x 60W; non dimmerabile secondo i dati di catalogo; lampadina non indicata come inclusa. Misura e altezza di sospensione incidono direttamente sull’effetto finale: un modello regolato più vicino al piano concentra l’attenzione su tavolo o bancone, mentre una discesa più ampia valorizza soffitti alti e composizioni scenografiche. La scheda Ideal Lux aggiunge questi dettagli costruttivi: Rosone porta lampade e struttura decorativa in metallo con finitura bianco e nero. Cavo elettrico regolabile in lunghezza.</p><p>La versatilità del modello favorisce l’utilizzo in soggiorni, zone pranzo, camere, ingressi, ristoranti e boutique. In soggiorno e zona living la sospensione crea un punto focale; in cucina può illuminare isola o penisola quando dimensioni e quota sono proporzionate; in camera da letto aggiunge una componente decorativa e funzionale. In locali commerciali è adatta a tavoli di ristoranti e bistrot, lounge, vetrine interne o aree accoglienza. Per corridoio, cameretta e bagno è opportuno valutare ingombro, altezza e compatibilità tecnica con lo spazio.</p><p>Scegliere Ideal Lux Ampolla-4 sp1 significa confrontare finiture, dimensioni, numero di luci, sorgente o attacco, potenza e possibilità di dimmerazione prima dell’acquisto. Una sospensione ben dimensionata migliora la qualità della luce, valorizza arredi e materiali e contribuisce alla percezione dell’intero progetto. Questa scheda ecommerce riunisce le informazioni tecniche e d’uso utili a individuare la configurazione più adatta, con un testo orientato alla ricerca di lampade a sospensione Ideal Lux per abitazioni, locali commerciali e spazi professionali.</p>","Ideal Lux Ampolla-4 sp1: sospensione per interni in metallo per illuminare living e spazi contract. Scopri finiture, misure e varianti e acquista online."
"IL-CONFIG-147","<p>Ideal Lux Archimede sp cilindro è una lampada a sospensione per interni: una sospensione compatta adatta sia come punto luce singolo sia in composizioni multiple. La struttura è realizzata in metallo e materiale plastico. La gamma comprende 6 varianti selezionabili, nelle finiture bianco e nero, con misure Ø 90 × H min 375 / max 6150 mm. La sorgente è definita da: sorgente LED; numero di luci 1; potenza LED 4W; non dimmerabile secondo i dati di catalogo; sorgente o lampadina inclusa. Tra le combinazioni selezionabili figurano Archimede sp cilindro – Cilindro – Bianco, Archimede sp cilindro – Cilindro – Nero, Archimede sp cono – Cono – Bianco, Archimede sp cono – Cono – Nero, Archimede sp sfera – Sfera – Bianco e altre 1 configurazioni. La sospensione è indicata per penisole, comodini a sospensione, corridoi, banconi bar e piccoli tavoli. L’installazione è pensata per ambienti interni e va definita in base all’altezza disponibile e al progetto luce. Dimensioni, altezza regolabile, finitura, sorgente e potenza permettono di scegliere la configurazione più coerente con arredo, volume dell’ambiente e resa luminosa desiderata.</p>","<p>Ideal Lux Archimede sp cilindro è una lampada a sospensione per interni pensata per chi desidera una sospensione compatta adatta sia come punto luce singolo sia in composizioni multiple. Il corpo illuminante scende dal soffitto e trasforma la luce in un elemento d’arredo, utile per definire una zona, sottolineare un piano o dare identità al volume dell’ambiente senza occupare superfici. La composizione in metallo e materiale plastico caratterizza la percezione del modello e permette di inserirlo in progetti residenziali e, dove appropriato, in spazi contract o hospitality.</p><p>La scelta della variante deve partire dalle caratteristiche reali del prodotto. La gamma comprende 6 varianti selezionabili, nelle finiture bianco e nero, con misure Ø 90 × H min 375 / max 6150 mm. La sorgente è definita da: sorgente LED; numero di luci 1; potenza LED 4W; non dimmerabile secondo i dati di catalogo; sorgente o lampadina inclusa. Misura e altezza di sospensione incidono direttamente sull’effetto finale: un modello regolato più vicino al piano concentra l’attenzione su tavolo o bancone, mentre una discesa più ampia valorizza soffitti alti e composizioni scenografiche. Le configurazioni presenti a catalogo comprendono Archimede sp cilindro – Cilindro – Bianco, Archimede sp cilindro – Cilindro – Nero, Archimede sp cono – Cono – Bianco, Archimede sp cono – Cono – Nero, Archimede sp sfera – Sfera – Bianco e Archimede sp sfera – Sfera – Nero.</p><p>Il formato compatto rende Ideal Lux Archimede sp cilindro particolarmente utile in penisole, comodini a sospensione, corridoi, banconi bar e piccoli tavoli. Una singola sospensione può illuminare un tavolino, un angolo lettura o una zona comodino; più elementi coordinati possono comporre un ritmo sopra penisole, banconi o percorsi. È una soluzione interessante anche per bistrot e negozi che ricercano piccoli punti luce ripetuti. Per l’uso in bagno è necessario verificare protezione, posizione e distanze previste dalle norme.</p><p>Scegliere Ideal Lux Archimede sp cilindro significa confrontare finiture, dimensioni, numero di luci, sorgente o attacco, potenza e possibilità di dimmerazione prima dell’acquisto. Una sospensione ben dimensionata migliora la qualità della luce, valorizza arredi e materiali e contribuisce alla percezione dell’intero progetto. Questa scheda ecommerce riunisce le informazioni tecniche e d’uso utili a individuare la configurazione più adatta, con un testo orientato alla ricerca di lampade a sospensione Ideal Lux per abitazioni, locali commerciali e spazi professionali.</p>","Ideal Lux Archimede sp cilindro: lampada a sospensione per interni in metallo, ideale per living e spazi contract. Scopri la collezione e acquista online."
"IL-CONFIG-148","<p>Ideal Lux Aria sp1 è una lampada a sospensione per interni: una sospensione compatta adatta sia come punto luce singolo sia in composizioni multiple. La struttura è realizzata in vetro. La gamma comprende una configurazione disponibile, nelle finiture bianco, con misure Ø 495 × H min 420 / max 2170 mm. La sorgente è definita da: attacco E27; numero di luci 1; potenza E27 max 1 x 60W; non dimmerabile secondo i dati di catalogo; lampadina non indicata come inclusa. La sospensione è indicata per penisole, comodini a sospensione, corridoi, banconi bar e piccoli tavoli. L’installazione è pensata per ambienti interni e va definita in base all’altezza disponibile e al progetto luce. Dimensioni, altezza regolabile, finitura, sorgente e potenza permettono di scegliere la configurazione più coerente con arredo, volume dell’ambiente e resa luminosa desiderata.</p>","<p>Ideal Lux Aria sp1 è una lampada a sospensione per interni pensata per chi desidera una sospensione compatta adatta sia come punto luce singolo sia in composizioni multiple. Il corpo illuminante scende dal soffitto e trasforma la luce in un elemento d’arredo, utile per definire una zona, sottolineare un piano o dare identità al volume dell’ambiente senza occupare superfici. La composizione in vetro caratterizza la percezione del modello e permette di inserirlo in progetti residenziali e, dove appropriato, in spazi contract o hospitality.</p><p>La scelta della variante deve partire dalle caratteristiche reali del prodotto. La gamma comprende una configurazione disponibile, nelle finiture bianco, con misure Ø 495 × H min 420 / max 2170 mm. La sorgente è definita da: attacco E27; numero di luci 1; potenza E27 max 1 x 60W; non dimmerabile secondo i dati di catalogo; lampadina non indicata come inclusa. Misura e altezza di sospensione incidono direttamente sull’effetto finale: un modello regolato più vicino al piano concentra l’attenzione su tavolo o bancone, mentre una discesa più ampia valorizza soffitti alti e composizioni scenografiche. La scheda Ideal Lux aggiunge questi dettagli costruttivi: Diffusore in vetro bianco soffiato e acidato. Cavi in acciaio a lunghezza regolabile con dispositivi ferma cavo automatici.</p><p>Il formato compatto rende Ideal Lux Aria sp1 particolarmente utile in penisole, comodini a sospensione, corridoi, banconi bar e piccoli tavoli. Una singola sospensione può illuminare un tavolino, un angolo lettura o una zona comodino; più elementi coordinati possono comporre un ritmo sopra penisole, banconi o percorsi. È una soluzione interessante anche per bistrot e negozi che ricercano piccoli punti luce ripetuti. Per l’uso in bagno è necessario verificare protezione, posizione e distanze previste dalle norme.</p><p>Scegliere Ideal Lux Aria sp1 significa confrontare finiture, dimensioni, numero di luci, sorgente o attacco, potenza e possibilità di dimmerazione prima dell’acquisto. Una sospensione ben dimensionata migliora la qualità della luce, valorizza arredi e materiali e contribuisce alla percezione dell’intero progetto. Questa scheda ecommerce riunisce le informazioni tecniche e d’uso utili a individuare la configurazione più adatta, con un testo orientato alla ricerca di lampade a sospensione Ideal Lux per abitazioni, locali commerciali e spazi professionali.</p>","Ideal Lux Aria sp1: lampada a sospensione per interni in vetro, ideale per living e spazi contract. Scopri finiture, misure e varianti e acquista online."
"IL-CONFIG-149","<p>Ideal Lux Arizona sp3 è una lampada a sospensione per interni: una sospensione decorativa versatile, studiata per valorizzare l’arredo con luce dall’alto. La struttura è realizzata in vetro. La gamma comprende 2 varianti selezionabili, nelle finiture bianco, con misure Ø 400 × H min 425 / max 2175 mm e Ø 520 × H min 475 / max 2225 mm. La sorgente è definita da: attacco GX53; numero di luci 3 e 5; potenza GX53 max 3 x 9W e GX53 max 5 x 9W; non dimmerabile secondo i dati di catalogo; sorgente o lampadina inclusa. Tra le combinazioni selezionabili figurano Arizona sp3 – Diametro – 40cm e Arizona sp5 – Diametro – 52cm. La sospensione è indicata per soggiorni, zone pranzo, camere, ingressi, ristoranti e boutique. L’installazione è pensata per ambienti interni e va definita in base all’altezza disponibile e al progetto luce. Dimensioni, altezza regolabile, finitura, sorgente e potenza permettono di scegliere la configurazione più coerente con arredo, volume dell’ambiente e resa luminosa desiderata.</p>","<p>Ideal Lux Arizona sp3 è una lampada a sospensione per interni pensata per chi desidera una sospensione decorativa versatile, studiata per valorizzare l’arredo con luce dall’alto. Il corpo illuminante scende dal soffitto e trasforma la luce in un elemento d’arredo, utile per definire una zona, sottolineare un piano o dare identità al volume dell’ambiente senza occupare superfici. La composizione in vetro caratterizza la percezione del modello e permette di inserirlo in progetti residenziali e, dove appropriato, in spazi contract o hospitality.</p><p>La scelta della variante deve partire dalle caratteristiche reali del prodotto. La gamma comprende 2 varianti selezionabili, nelle finiture bianco, con misure Ø 400 × H min 425 / max 2175 mm e Ø 520 × H min 475 / max 2225 mm. La sorgente è definita da: attacco GX53; numero di luci 3 e 5; potenza GX53 max 3 x 9W e GX53 max 5 x 9W; non dimmerabile secondo i dati di catalogo; sorgente o lampadina inclusa. Misura e altezza di sospensione incidono direttamente sull’effetto finale: un modello regolato più vicino al piano concentra l’attenzione su tavolo o bancone, mentre una discesa più ampia valorizza soffitti alti e composizioni scenografiche. La scheda Ideal Lux aggiunge questi dettagli costruttivi: Montatura in metallo rifinito in ottone satinato. Diffusore in vetro bianco soffiato, acidato e con rigature decorative in rilievo. Le configurazioni presenti a catalogo comprendono Arizona sp3 – Diametro – 40cm e Arizona sp5 – Diametro – 52cm.</p><p>La versatilità del modello favorisce l’utilizzo in soggiorni, zone pranzo, camere, ingressi, ristoranti e boutique. In soggiorno e zona living la sospensione crea un punto focale; in cucina può illuminare isola o penisola quando dimensioni e quota sono proporzionate; in camera da letto aggiunge una componente decorativa e funzionale. In locali commerciali è adatta a tavoli di ristoranti e bistrot, lounge, vetrine interne o aree accoglienza. Per corridoio, cameretta e bagno è opportuno valutare ingombro, altezza e compatibilità tecnica con lo spazio.</p><p>Scegliere Ideal Lux Arizona sp3 significa confrontare finiture, dimensioni, numero di luci, sorgente o attacco, potenza e possibilità di dimmerazione prima dell’acquisto. Una sospensione ben dimensionata migliora la qualità della luce, valorizza arredi e materiali e contribuisce alla percezione dell’intero progetto. Questa scheda ecommerce riunisce le informazioni tecniche e d’uso utili a individuare la configurazione più adatta, con un testo orientato alla ricerca di lampade a sospensione Ideal Lux per abitazioni, locali commerciali e spazi professionali.</p>","Ideal Lux Arizona sp3: lampada a sospensione da interno in vetro, ideale per living e spazi contract. Scopri finiture, misure e varianti e acquista online."
"IL-CONFIG-150","<p>Ideal Lux Atlas sp4 è una lampada a sospensione per interni: una sospensione decorativa versatile, studiata per valorizzare l’arredo con luce dall’alto. La struttura è realizzata in metallo e vetro. La gamma comprende 6 varianti selezionabili, nelle finiture bianco, nero e oro, con misure Ø 620 × H min 450 / max 2255 mm e Ø 800 × H min 460 / max 2265 mm. La sorgente è definita da: attacco G9; numero di luci 4 e 6; potenza G9 max 4 x 4W e G9 max 6 x 4W; non dimmerabile secondo i dati di catalogo; sorgente o lampadina inclusa. Tra le combinazioni selezionabili figurano Atlas sp4 – 4 Sorgenti Luminose – Bianco, Atlas sp4 – 4 Sorgenti Luminose – Nero, Atlas sp4 – 4 Sorgenti Luminose – Oro, Atlas sp6 – 6 Sorgenti Luminose – Bianco, Atlas sp6 – 6 Sorgenti Luminose – Nero e altre 1 configurazioni. La sospensione è indicata per soggiorni, zone pranzo, camere, ingressi, ristoranti e boutique. L’installazione è pensata per ambienti interni e va definita in base all’altezza disponibile e al progetto luce. Dimensioni, altezza regolabile, finitura, sorgente e potenza permettono di scegliere la configurazione più coerente con arredo, volume dell’ambiente e resa luminosa desiderata.</p>","<p>Ideal Lux Atlas sp4 è una lampada a sospensione per interni pensata per chi desidera una sospensione decorativa versatile, studiata per valorizzare l’arredo con luce dall’alto. Il corpo illuminante scende dal soffitto e trasforma la luce in un elemento d’arredo, utile per definire una zona, sottolineare un piano o dare identità al volume dell’ambiente senza occupare superfici. La composizione in metallo e vetro caratterizza la percezione del modello e permette di inserirlo in progetti residenziali e, dove appropriato, in spazi contract o hospitality.</p><p>La scelta della variante deve partire dalle caratteristiche reali del prodotto. La gamma comprende 6 varianti selezionabili, nelle finiture bianco, nero e oro, con misure Ø 620 × H min 450 / max 2255 mm e Ø 800 × H min 460 / max 2265 mm. La sorgente è definita da: attacco G9; numero di luci 4 e 6; potenza G9 max 4 x 4W e G9 max 6 x 4W; non dimmerabile secondo i dati di catalogo; sorgente o lampadina inclusa. Misura e altezza di sospensione incidono direttamente sull’effetto finale: un modello regolato più vicino al piano concentra l’attenzione su tavolo o bancone, mentre una discesa più ampia valorizza soffitti alti e composizioni scenografiche. Le configurazioni presenti a catalogo comprendono Atlas sp4 – 4 Sorgenti Luminose – Bianco, Atlas sp4 – 4 Sorgenti Luminose – Nero, Atlas sp4 – 4 Sorgenti Luminose – Oro, Atlas sp6 – 6 Sorgenti Luminose – Bianco, Atlas sp6 – 6 Sorgenti Luminose – Nero e Atlas sp6 – 6 Sorgenti Luminose – Oro.</p><p>La versatilità del modello favorisce l’utilizzo in soggiorni, zone pranzo, camere, ingressi, ristoranti e boutique. In soggiorno e zona living la sospensione crea un punto focale; in cucina può illuminare isola o penisola quando dimensioni e quota sono proporzionate; in camera da letto aggiunge una componente decorativa e funzionale. In locali commerciali è adatta a tavoli di ristoranti e bistrot, lounge, vetrine interne o aree accoglienza. Per corridoio, cameretta e bagno è opportuno valutare ingombro, altezza e compatibilità tecnica con lo spazio.</p><p>Scegliere Ideal Lux Atlas sp4 significa confrontare finiture, dimensioni, numero di luci, sorgente o attacco, potenza e possibilità di dimmerazione prima dell’acquisto. Una sospensione ben dimensionata migliora la qualità della luce, valorizza arredi e materiali e contribuisce alla percezione dell’intero progetto. Questa scheda ecommerce riunisce le informazioni tecniche e d’uso utili a individuare la configurazione più adatta, con un testo orientato alla ricerca di lampade a sospensione Ideal Lux per abitazioni, locali commerciali e spazi professionali.</p>","Ideal Lux Atlas sp4: lampada a sospensione per interni in metallo e vetro, ideale per living e spazi contract. Scegli la variante ideale e acquista online."
"IL-CONFIG-151","<p>Ideal Lux Audi-10 sp5 è una lampada a sospensione per interni: una sospensione decorativa versatile, studiata per valorizzare l’arredo con luce dall’alto. La struttura è realizzata in metallo e vetro. La gamma comprende 2 varianti selezionabili, nelle finiture fumè e trasparente, con misure Ø 485 × H min 470 / max 1000 mm. La sorgente è definita da: attacco E27; numero di luci 5; potenza E27 max 5 x 60W; non dimmerabile secondo i dati di catalogo; sorgente o lampadina inclusa. Tra le combinazioni selezionabili figurano Audi – 10 sp5 – Fumé e Audi – 10 sp5 – Trasparente. La sospensione è indicata per soggiorni, zone pranzo, camere, ingressi, ristoranti e boutique. L’installazione è pensata per ambienti interni e va definita in base all’altezza disponibile e al progetto luce. Dimensioni, altezza regolabile, finitura, sorgente e potenza permettono di scegliere la configurazione più coerente con arredo, volume dell’ambiente e resa luminosa desiderata.</p>","<p>Ideal Lux Audi-10 sp5 è una lampada a sospensione per interni pensata per chi desidera una sospensione decorativa versatile, studiata per valorizzare l’arredo con luce dall’alto. Il corpo illuminante scende dal soffitto e trasforma la luce in un elemento d’arredo, utile per definire una zona, sottolineare un piano o dare identità al volume dell’ambiente senza occupare superfici. La composizione in metallo e vetro caratterizza la percezione del modello e permette di inserirlo in progetti residenziali e, dove appropriato, in spazi contract o hospitality.</p><p>La scelta della variante deve partire dalle caratteristiche reali del prodotto. La gamma comprende 2 varianti selezionabili, nelle finiture fumè e trasparente, con misure Ø 485 × H min 470 / max 1000 mm. La sorgente è definita da: attacco E27; numero di luci 5; potenza E27 max 5 x 60W; non dimmerabile secondo i dati di catalogo; sorgente o lampadina inclusa. Misura e altezza di sospensione incidono direttamente sull’effetto finale: un modello regolato più vicino al piano concentra l’attenzione su tavolo o bancone, mentre una discesa più ampia valorizza soffitti alti e composizioni scenografiche. La scheda Ideal Lux aggiunge questi dettagli costruttivi: Montatura in metallo cromato. Diffusore in vetro soffiato trasparente o fumè. Cavi in acciaio a lunghezza regolabile con dispositivi ferma cavo automatici. Le configurazioni presenti a catalogo comprendono Audi – 10 sp5 – Fumé e Audi – 10 sp5 – Trasparente.</p><p>La versatilità del modello favorisce l’utilizzo in soggiorni, zone pranzo, camere, ingressi, ristoranti e boutique. In soggiorno e zona living la sospensione crea un punto focale; in cucina può illuminare isola o penisola quando dimensioni e quota sono proporzionate; in camera da letto aggiunge una componente decorativa e funzionale. In locali commerciali è adatta a tavoli di ristoranti e bistrot, lounge, vetrine interne o aree accoglienza. Per corridoio, cameretta e bagno è opportuno valutare ingombro, altezza e compatibilità tecnica con lo spazio.</p><p>Scegliere Ideal Lux Audi-10 sp5 significa confrontare finiture, dimensioni, numero di luci, sorgente o attacco, potenza e possibilità di dimmerazione prima dell’acquisto. Una sospensione ben dimensionata migliora la qualità della luce, valorizza arredi e materiali e contribuisce alla percezione dell’intero progetto. Questa scheda ecommerce riunisce le informazioni tecniche e d’uso utili a individuare la configurazione più adatta, con un testo orientato alla ricerca di lampade a sospensione Ideal Lux per abitazioni, locali commerciali e spazi professionali.</p>","Ideal Lux Audi-10 sp5: lampada a sospensione per interni in metallo e vetro, ideale per living e spazi contract. Scopri misure e varianti: acquista online."
"IL-CONFIG-152","<p>Ideal Lux Audi-80 sp5 è una lampada a sospensione per interni: una sospensione decorativa di forte presenza, progettata per diventare protagonista dello spazio. La struttura è realizzata in metallo e vetro. La gamma comprende 4 varianti selezionabili, nelle finiture fumè e trasparente, con misure Ø 400 × H min 450 / max 2200 mm e Ø 500 × H min 450 / max 2200 mm. La sorgente è definita da: attacco G9; numero di luci 5 e 8; potenza G9 max 5 x 40W e G9 max 8 x 40W; non dimmerabile secondo i dati di catalogo; sorgente o lampadina inclusa. Tra le combinazioni selezionabili figurano Audi – 80 sp5 – 5 Sorgenti Luminose – Fumé, Audi – 80 sp5 – 5 Sorgenti Luminose – Trasparente, Audi – 80 sp8 – 8 Sorgenti Luminose – Fumé e Audi – 80 sp8 – 8 Sorgenti Luminose – Trasparente. La sospensione è indicata per saloni, soggiorni ampi, vani scala, hall, boutique e sale ristorante. L’installazione è pensata per ambienti interni e va definita in base all’altezza disponibile e al progetto luce. Dimensioni, altezza regolabile, finitura, sorgente e potenza permettono di scegliere la configurazione più coerente con arredo, volume dell’ambiente e resa luminosa desiderata.</p>","<p>Ideal Lux Audi-80 sp5 è una lampada a sospensione per interni pensata per chi desidera una sospensione decorativa di forte presenza, progettata per diventare protagonista dello spazio. Il corpo illuminante scende dal soffitto e trasforma la luce in un elemento d’arredo, utile per definire una zona, sottolineare un piano o dare identità al volume dell’ambiente senza occupare superfici. La composizione in metallo e vetro caratterizza la percezione del modello e permette di inserirlo in progetti residenziali e, dove appropriato, in spazi contract o hospitality.</p><p>La scelta della variante deve partire dalle caratteristiche reali del prodotto. La gamma comprende 4 varianti selezionabili, nelle finiture fumè e trasparente, con misure Ø 400 × H min 450 / max 2200 mm e Ø 500 × H min 450 / max 2200 mm. La sorgente è definita da: attacco G9; numero di luci 5 e 8; potenza G9 max 5 x 40W e G9 max 8 x 40W; non dimmerabile secondo i dati di catalogo; sorgente o lampadina inclusa. Misura e altezza di sospensione incidono direttamente sull’effetto finale: un modello regolato più vicino al piano concentra l’attenzione su tavolo o bancone, mentre una discesa più ampia valorizza soffitti alti e composizioni scenografiche. La scheda Ideal Lux aggiunge questi dettagli costruttivi: Montatura in metallo cromato. Elementi decorativi con sfere di vetro su fili di metallo. Diffusore in vetro soffiato trasparente o fumè. Cavi in acciaio a lunghezza regolabile con ferma cavo automatici. Le configurazioni presenti a catalogo comprendono Audi – 80 sp5 – 5 Sorgenti Luminose – Fumé, Audi – 80 sp5 – 5 Sorgenti Luminose – Trasparente, Audi – 80 sp8 – 8 Sorgenti Luminose – Fumé e Audi – 80 sp8 – 8 Sorgenti Luminose – Trasparente.</p><p>Per dimensioni e presenza decorativa, Ideal Lux Audi-80 sp5 si presta a saloni, soggiorni ampi, vani scala, hall, boutique e sale ristorante. In casa può diventare il fulcro del soggiorno, della sala da pranzo o di un vano scala ampio; nel contract valorizza hall, lounge, sale ristorante, boutique e aree accoglienza alberghiere. In camere o ambienti contenuti occorre controllare con precisione l’ingombro. In bagno, come per ogni sospensione da interno, l’installazione è valutabile solo in posizioni compatibili con requisiti tecnici e zone elettriche previste.</p><p>Scegliere Ideal Lux Audi-80 sp5 significa confrontare finiture, dimensioni, numero di luci, sorgente o attacco, potenza e possibilità di dimmerazione prima dell’acquisto. Una sospensione ben dimensionata migliora la qualità della luce, valorizza arredi e materiali e contribuisce alla percezione dell’intero progetto. Questa scheda ecommerce riunisce le informazioni tecniche e d’uso utili a individuare la configurazione più adatta, con un testo orientato alla ricerca di lampade a sospensione Ideal Lux per abitazioni, locali commerciali e spazi professionali.</p>","Ideal Lux Audi-80 sp5: lampada a sospensione per interni in metallo e vetro, ideale per salone, living e hall. Scegli la variante ideale e acquista online."
"IL-CONFIG-153","<p>Ideal Lux Birds sp5 è una lampada a sospensione per interni: una sospensione lineare che distribuisce la luce lungo superfici e percorsi visivi. La struttura è realizzata in metallo e vetro. La gamma comprende una configurazione disponibile, nelle finiture nero, con misure L 1355 × H min 705 / max 1600 × P 200 mm. La sorgente è definita da: attacco G9; numero di luci 5; potenza G9 max 5 x 15W; non dimmerabile secondo i dati di catalogo; sorgente o lampadina inclusa. La sospensione è indicata per tavoli da pranzo, isole cucina, banconi, reception e tavoli riunione. L’installazione è pensata per ambienti interni e va definita in base all’altezza disponibile e al progetto luce. Dimensioni, altezza regolabile, finitura, sorgente e potenza permettono di scegliere la configurazione più coerente con arredo, volume dell’ambiente e resa luminosa desiderata.</p>","<p>Ideal Lux Birds sp5 è una lampada a sospensione per interni pensata per chi desidera una sospensione lineare che distribuisce la luce lungo superfici e percorsi visivi. Il corpo illuminante scende dal soffitto e trasforma la luce in un elemento d’arredo, utile per definire una zona, sottolineare un piano o dare identità al volume dell’ambiente senza occupare superfici. La composizione in metallo e vetro caratterizza la percezione del modello e permette di inserirlo in progetti residenziali e, dove appropriato, in spazi contract o hospitality.</p><p>La scelta della variante deve partire dalle caratteristiche reali del prodotto. La gamma comprende una configurazione disponibile, nelle finiture nero, con misure L 1355 × H min 705 / max 1600 × P 200 mm. La sorgente è definita da: attacco G9; numero di luci 5; potenza G9 max 5 x 15W; non dimmerabile secondo i dati di catalogo; sorgente o lampadina inclusa. Misura e altezza di sospensione incidono direttamente sull’effetto finale: un modello regolato più vicino al piano concentra l’attenzione su tavolo o bancone, mentre una discesa più ampia valorizza soffitti alti e composizioni scenografiche.</p><p>La geometria lineare rende Ideal Lux Birds sp5 adatta a tavoli da pranzo, isole cucina, banconi, reception e tavoli riunione. In cucina può accompagnare isola o penisola, nella zona pranzo segue il tavolo, mentre in un open space aiuta a differenziare le aree funzionali. In ristoranti, bar, reception, sale meeting e showroom una sospensione lineare offre ordine visivo e un’illuminazione riconoscibile. Per corridoi, camere e camerette la scelta va rapportata allo spazio libero; per il bagno vanno sempre osservati i vincoli di installazione.</p><p>Scegliere Ideal Lux Birds sp5 significa confrontare finiture, dimensioni, numero di luci, sorgente o attacco, potenza e possibilità di dimmerazione prima dell’acquisto. Una sospensione ben dimensionata migliora la qualità della luce, valorizza arredi e materiali e contribuisce alla percezione dell’intero progetto. Questa scheda ecommerce riunisce le informazioni tecniche e d’uso utili a individuare la configurazione più adatta, con un testo orientato alla ricerca di lampade a sospensione Ideal Lux per abitazioni, locali commerciali e spazi professionali.</p>","Ideal Lux Birds sp5: lampada a sospensione per interni in metallo e vetro, ideale per tavolo, isola e bancone. Scegli la variante ideale e acquista online."
"IL-CONFIG-154","<p>Ideal Lux Bistro' sp1 plate è una lampada a sospensione per interni: una sospensione compatta adatta sia come punto luce singolo sia in composizioni multiple. La struttura è realizzata in metallo e vetro. La gamma comprende 6 varianti selezionabili, nelle finiture fumè e trasparente, con misure Ø 280 × H min 400 / max 2150 mm, Ø 400 × H min 545 / max 2295 mm e Ø 240 × H min 590 / max 2340 mm. La sorgente è definita da: attacco E27; numero di luci 1; potenza E27 max 1 x 60W; non dimmerabile secondo i dati di catalogo; lampadina non indicata come inclusa. Tra le combinazioni selezionabili figurano Bistro' sp1 plate – Plate – Fumé, Bistro' sp1 plate – Plate – Trasparente, Bistro' sp1 round – Round – Fumé, Bistro' sp1 round – Round – Trasparente, Bistro' sp1 square – Square – Fumé e altre 1 configurazioni. La sospensione è indicata per penisole, comodini a sospensione, corridoi, banconi bar e piccoli tavoli. L’installazione è pensata per ambienti interni e va definita in base all’altezza disponibile e al progetto luce. Dimensioni, altezza regolabile, finitura, sorgente e potenza permettono di scegliere la configurazione più coerente con arredo, volume dell’ambiente e resa luminosa desiderata.</p>","<p>Ideal Lux Bistro' sp1 plate è una lampada a sospensione per interni pensata per chi desidera una sospensione compatta adatta sia come punto luce singolo sia in composizioni multiple. Il corpo illuminante scende dal soffitto e trasforma la luce in un elemento d’arredo, utile per definire una zona, sottolineare un piano o dare identità al volume dell’ambiente senza occupare superfici. La composizione in metallo e vetro caratterizza la percezione del modello e permette di inserirlo in progetti residenziali e, dove appropriato, in spazi contract o hospitality.</p><p>La scelta della variante deve partire dalle caratteristiche reali del prodotto. La gamma comprende 6 varianti selezionabili, nelle finiture fumè e trasparente, con misure Ø 280 × H min 400 / max 2150 mm, Ø 400 × H min 545 / max 2295 mm e Ø 240 × H min 590 / max 2340 mm. La sorgente è definita da: attacco E27; numero di luci 1; potenza E27 max 1 x 60W; non dimmerabile secondo i dati di catalogo; lampadina non indicata come inclusa. Misura e altezza di sospensione incidono direttamente sull’effetto finale: un modello regolato più vicino al piano concentra l’attenzione su tavolo o bancone, mentre una discesa più ampia valorizza soffitti alti e composizioni scenografiche. La scheda Ideal Lux aggiunge questi dettagli costruttivi: Montatura in metallo verniciato nero. Diffusore in vetro trasparente o fumè, soffiato e modellato artigianalmente. Le configurazioni presenti a catalogo comprendono Bistro' sp1 plate – Plate – Fumé, Bistro' sp1 plate – Plate – Trasparente, Bistro' sp1 round – Round – Fumé, Bistro' sp1 round – Round – Trasparente, Bistro' sp1 square – Square – Fumé e Bistro' sp1 square – Square – Trasparente.</p><p>Il formato compatto rende Ideal Lux Bistro' sp1 plate particolarmente utile in penisole, comodini a sospensione, corridoi, banconi bar e piccoli tavoli. Una singola sospensione può illuminare un tavolino, un angolo lettura o una zona comodino; più elementi coordinati possono comporre un ritmo sopra penisole, banconi o percorsi. È una soluzione interessante anche per bistrot e negozi che ricercano piccoli punti luce ripetuti. Per l’uso in bagno è necessario verificare protezione, posizione e distanze previste dalle norme.</p><p>Scegliere Ideal Lux Bistro' sp1 plate significa confrontare finiture, dimensioni, numero di luci, sorgente o attacco, potenza e possibilità di dimmerazione prima dell’acquisto. Una sospensione ben dimensionata migliora la qualità della luce, valorizza arredi e materiali e contribuisce alla percezione dell’intero progetto. Questa scheda ecommerce riunisce le informazioni tecniche e d’uso utili a individuare la configurazione più adatta, con un testo orientato alla ricerca di lampade a sospensione Ideal Lux per abitazioni, locali commerciali e spazi professionali.</p>","Ideal Lux Bistro' sp1 plate: lampada a sospensione per interni in metallo, ideale per living e spazi contract. Scegli la variante ideale e acquista online."
"IL-CONFIG-155","<p>Ideal Lux Blanche sp6 è una lampada a sospensione per interni: una sospensione decorativa di forte presenza, progettata per diventare protagonista dello spazio. La struttura è realizzata in metallo, tessuto e vetro. La gamma comprende 4 varianti selezionabili, nelle finiture bianco e nero, con misure Ø 780 × H min 960 / max 1860 mm e Ø 920 × H min 990 / max 1800 mm. La sorgente è definita da: attacco E14; numero di luci 6 e 8; potenza E14 max 6 x 40W e E14 max 8 x 40W; non dimmerabile secondo i dati di catalogo; lampadina non indicata come inclusa. Tra le combinazioni selezionabili figurano Blanche sp6 – 6 Sorgenti Luminose – Bianco, Blanche sp6 – 6 Sorgenti Luminose – Nero, Blanche sp8 – 8 Sorgenti Luminose – Bianco e Blanche sp8 – 8 Sorgenti Luminose – Nero. La sospensione è indicata per saloni, soggiorni ampi, vani scala, hall, boutique e sale ristorante. L’installazione è pensata per ambienti interni e va definita in base all’altezza disponibile e al progetto luce. Dimensioni, altezza regolabile, finitura, sorgente e potenza permettono di scegliere la configurazione più coerente con arredo, volume dell’ambiente e resa luminosa desiderata.</p>","<p>Ideal Lux Blanche sp6 è una lampada a sospensione per interni pensata per chi desidera una sospensione decorativa di forte presenza, progettata per diventare protagonista dello spazio. Il corpo illuminante scende dal soffitto e trasforma la luce in un elemento d’arredo, utile per definire una zona, sottolineare un piano o dare identità al volume dell’ambiente senza occupare superfici. La composizione in metallo, tessuto e vetro caratterizza la percezione del modello e permette di inserirlo in progetti residenziali e, dove appropriato, in spazi contract o hospitality.</p><p>La scelta della variante deve partire dalle caratteristiche reali del prodotto. La gamma comprende 4 varianti selezionabili, nelle finiture bianco e nero, con misure Ø 780 × H min 960 / max 1860 mm e Ø 920 × H min 990 / max 1800 mm. La sorgente è definita da: attacco E14; numero di luci 6 e 8; potenza E14 max 6 x 40W e E14 max 8 x 40W; non dimmerabile secondo i dati di catalogo; lampadina non indicata come inclusa. Misura e altezza di sospensione incidono direttamente sull’effetto finale: un modello regolato più vicino al piano concentra l’attenzione su tavolo o bancone, mentre una discesa più ampia valorizza soffitti alti e composizioni scenografiche. La scheda Ideal Lux aggiunge questi dettagli costruttivi: Montatura in metallo rifinito con smalto satinato bianco o nero. Paralumi in lamina di PVC rivestita di tessuto bianco o nero. Copricatena in velluto. Le configurazioni presenti a catalogo comprendono Blanche sp6 – 6 Sorgenti Luminose – Bianco, Blanche sp6 – 6 Sorgenti Luminose – Nero, Blanche sp8 – 8 Sorgenti Luminose – Bianco e Blanche sp8 – 8 Sorgenti Luminose – Nero.</p><p>Per dimensioni e presenza decorativa, Ideal Lux Blanche sp6 si presta a saloni, soggiorni ampi, vani scala, hall, boutique e sale ristorante. In casa può diventare il fulcro del soggiorno, della sala da pranzo o di un vano scala ampio; nel contract valorizza hall, lounge, sale ristorante, boutique e aree accoglienza alberghiere. In camere o ambienti contenuti occorre controllare con precisione l’ingombro. In bagno, come per ogni sospensione da interno, l’installazione è valutabile solo in posizioni compatibili con requisiti tecnici e zone elettriche previste.</p><p>Scegliere Ideal Lux Blanche sp6 significa confrontare finiture, dimensioni, numero di luci, sorgente o attacco, potenza e possibilità di dimmerazione prima dell’acquisto. Una sospensione ben dimensionata migliora la qualità della luce, valorizza arredi e materiali e contribuisce alla percezione dell’intero progetto. Questa scheda ecommerce riunisce le informazioni tecniche e d’uso utili a individuare la configurazione più adatta, con un testo orientato alla ricerca di lampade a sospensione Ideal Lux per abitazioni, locali commerciali e spazi professionali.</p>","Ideal Lux Blanche sp6: lampada a sospensione per interni in metallo e tessuto, ideale per salone, living e hall. Scopri misure e varianti: acquista online."
"IL-CONFIG-156","<p>Ideal Lux Bloom sp1 è una lampada a sospensione per interni: una sospensione compatta adatta sia come punto luce singolo sia in composizioni multiple. La struttura è realizzata in alluminio, metallo e vetro. La gamma comprende 8 varianti selezionabili, nelle finiture nero e ottone, con misure Ø 115 × H min 570 / max 2735 mm, Ø 170 × H min 700 / max 2483 mm, Ø 220 × H min 1000 / max 2756 mm e Ø 300 × H min 1220 / max 3000 mm. La sorgente è definita da: attacco G9 e attacco E27; numero di luci 1; potenza G9 max 1 x 4W e E27 max 1 x 42W; non dimmerabile secondo i dati di catalogo; lampadina inclusa in alcune varianti. Tra le combinazioni selezionabili figurano Bloom sp1 – Nero – Diametro – 11.5cm, Bloom sp1 – Ottone – Diametro – 11.5cm, Bloom sp1 – Nero – Diametro – 17cm, Bloom sp1 – Ottone – Diametro – 17cm, Bloom sp1 – Nero – Diametro – 22cm e altre 3 configurazioni. La sospensione è indicata per penisole, comodini a sospensione, corridoi, banconi bar e piccoli tavoli. L’installazione è pensata per ambienti interni e va definita in base all’altezza disponibile e al progetto luce. Dimensioni, altezza regolabile, finitura, sorgente e potenza permettono di scegliere la configurazione più coerente con arredo, volume dell’ambiente e resa luminosa desiderata.</p>","<p>Ideal Lux Bloom sp1 è una lampada a sospensione per interni pensata per chi desidera una sospensione compatta adatta sia come punto luce singolo sia in composizioni multiple. Il corpo illuminante scende dal soffitto e trasforma la luce in un elemento d’arredo, utile per definire una zona, sottolineare un piano o dare identità al volume dell’ambiente senza occupare superfici. La composizione in alluminio, metallo e vetro caratterizza la percezione del modello e permette di inserirlo in progetti residenziali e, dove appropriato, in spazi contract o hospitality.</p><p>La scelta della variante deve partire dalle caratteristiche reali del prodotto. La gamma comprende 8 varianti selezionabili, nelle finiture nero e ottone, con misure Ø 115 × H min 570 / max 2735 mm, Ø 170 × H min 700 / max 2483 mm, Ø 220 × H min 1000 / max 2756 mm e Ø 300 × H min 1220 / max 3000 mm. La sorgente è definita da: attacco G9 e attacco E27; numero di luci 1; potenza G9 max 1 x 4W e E27 max 1 x 42W; non dimmerabile secondo i dati di catalogo; lampadina inclusa in alcune varianti. Misura e altezza di sospensione incidono direttamente sull’effetto finale: un modello regolato più vicino al piano concentra l’attenzione su tavolo o bancone, mentre una discesa più ampia valorizza soffitti alti e composizioni scenografiche. Le configurazioni presenti a catalogo comprendono Bloom sp1 – Nero – Diametro – 11.5cm, Bloom sp1 – Ottone – Diametro – 11.5cm, Bloom sp1 – Nero – Diametro – 17cm, Bloom sp1 – Ottone – Diametro – 17cm, Bloom sp1 – Nero – Diametro – 22cm, Bloom sp1 – Ottone – Diametro – 22cm, Bloom sp1 – Nero – Diametro – 30cm e Bloom sp1 – Ottone – Diametro – 30cm.</p><p>Il formato compatto rende Ideal Lux Bloom sp1 particolarmente utile in penisole, comodini a sospensione, corridoi, banconi bar e piccoli tavoli. Una singola sospensione può illuminare un tavolino, un angolo lettura o una zona comodino; più elementi coordinati possono comporre un ritmo sopra penisole, banconi o percorsi. È una soluzione interessante anche per bistrot e negozi che ricercano piccoli punti luce ripetuti. Per l’uso in bagno è necessario verificare protezione, posizione e distanze previste dalle norme.</p><p>Scegliere Ideal Lux Bloom sp1 significa confrontare finiture, dimensioni, numero di luci, sorgente o attacco, potenza e possibilità di dimmerazione prima dell’acquisto. Una sospensione ben dimensionata migliora la qualità della luce, valorizza arredi e materiali e contribuisce alla percezione dell’intero progetto. Questa scheda ecommerce riunisce le informazioni tecniche e d’uso utili a individuare la configurazione più adatta, con un testo orientato alla ricerca di lampade a sospensione Ideal Lux per abitazioni, locali commerciali e spazi professionali.</p>","Ideal Lux Bloom sp1: lampada a sospensione per interni in alluminio e metallo, ideale per living e spazi contract. Scopri la collezione e acquista online."
"IL-CONFIG-157","<p>Ideal Lux Bon bon sp6 è una lampada a sospensione per interni: una sospensione decorativa di forte presenza, progettata per diventare protagonista dello spazio. La struttura è realizzata in metallo e vetro. La gamma comprende 2 varianti selezionabili, nelle finiture bianco, con misure Ø 800 × H min 720 / max 1320 mm e Ø 955 × H min 745 / max 1400 mm. La sorgente è definita da: attacco E14; numero di luci 6 e 8; potenza E14 max 6 x 28W e E14 max 8 x 28W; non dimmerabile secondo i dati di catalogo; lampadina non indicata come inclusa. Tra le combinazioni selezionabili figurano Bon bon sp6 – 6 Sorgenti Luminose e Bon bon sp8 – 8 Sorgenti Luminose. La sospensione è indicata per saloni, soggiorni ampi, vani scala, hall, boutique e sale ristorante. L’installazione è pensata per ambienti interni e va definita in base all’altezza disponibile e al progetto luce. Dimensioni, altezza regolabile, finitura, sorgente e potenza permettono di scegliere la configurazione più coerente con arredo, volume dell’ambiente e resa luminosa desiderata.</p>","<p>Ideal Lux Bon bon sp6 è una lampada a sospensione per interni pensata per chi desidera una sospensione decorativa di forte presenza, progettata per diventare protagonista dello spazio. Il corpo illuminante scende dal soffitto e trasforma la luce in un elemento d’arredo, utile per definire una zona, sottolineare un piano o dare identità al volume dell’ambiente senza occupare superfici. La composizione in metallo e vetro caratterizza la percezione del modello e permette di inserirlo in progetti residenziali e, dove appropriato, in spazi contract o hospitality.</p><p>La scelta della variante deve partire dalle caratteristiche reali del prodotto. La gamma comprende 2 varianti selezionabili, nelle finiture bianco, con misure Ø 800 × H min 720 / max 1320 mm e Ø 955 × H min 745 / max 1400 mm. La sorgente è definita da: attacco E14; numero di luci 6 e 8; potenza E14 max 6 x 28W e E14 max 8 x 28W; non dimmerabile secondo i dati di catalogo; lampadina non indicata come inclusa. Misura e altezza di sospensione incidono direttamente sull’effetto finale: un modello regolato più vicino al piano concentra l’attenzione su tavolo o bancone, mentre una discesa più ampia valorizza soffitti alti e composizioni scenografiche. La scheda Ideal Lux aggiunge questi dettagli costruttivi: Montatura con bracci in fusione di metallo rifinito con vernice opaca bianca o nera. Bobeche in vetro soffiato nella versione bianca, in metallo in quella nera. Copricatena in velluto. Le configurazioni presenti a catalogo comprendono Bon bon sp6 – 6 Sorgenti Luminose e Bon bon sp8 – 8 Sorgenti Luminose.</p><p>Per dimensioni e presenza decorativa, Ideal Lux Bon bon sp6 si presta a saloni, soggiorni ampi, vani scala, hall, boutique e sale ristorante. In casa può diventare il fulcro del soggiorno, della sala da pranzo o di un vano scala ampio; nel contract valorizza hall, lounge, sale ristorante, boutique e aree accoglienza alberghiere. In camere o ambienti contenuti occorre controllare con precisione l’ingombro. In bagno, come per ogni sospensione da interno, l’installazione è valutabile solo in posizioni compatibili con requisiti tecnici e zone elettriche previste.</p><p>Scegliere Ideal Lux Bon bon sp6 significa confrontare finiture, dimensioni, numero di luci, sorgente o attacco, potenza e possibilità di dimmerazione prima dell’acquisto. Una sospensione ben dimensionata migliora la qualità della luce, valorizza arredi e materiali e contribuisce alla percezione dell’intero progetto. Questa scheda ecommerce riunisce le informazioni tecniche e d’uso utili a individuare la configurazione più adatta, con un testo orientato alla ricerca di lampade a sospensione Ideal Lux per abitazioni, locali commerciali e spazi professionali.</p>","Ideal Lux Bon bon sp6: lampada a sospensione per interni in metallo e vetro, ideale per salone, living e hall. Scegli la variante ideale e acquista online."
"IL-CONFIG-158","<p>Ideal Lux Breeze sp1 big è una lampada a sospensione per interni: una sospensione compatta adatta sia come punto luce singolo sia in composizioni multiple. La struttura è realizzata in metallo. La gamma comprende 2 varianti selezionabili, nelle finiture grigio, con misure Ø 465 × H min 735 / max 2485 mm e Ø 235 × H min 520 / max 2270 mm. La sorgente è definita da: attacco E27; numero di luci 1; potenza E27 max 1 x 60W; non dimmerabile secondo i dati di catalogo; lampadina non indicata come inclusa. Tra le combinazioni selezionabili figurano Breeze sp1 big – Diametro – 46.5cm e Breeze sp1 small – Diametro – 23.5cm. La sospensione è indicata per penisole, comodini a sospensione, corridoi, banconi bar e piccoli tavoli. L’installazione è pensata per ambienti interni e va definita in base all’altezza disponibile e al progetto luce. Dimensioni, altezza regolabile, finitura, sorgente e potenza permettono di scegliere la configurazione più coerente con arredo, volume dell’ambiente e resa luminosa desiderata.</p>","<p>Ideal Lux Breeze sp1 big è una lampada a sospensione per interni pensata per chi desidera una sospensione compatta adatta sia come punto luce singolo sia in composizioni multiple. Il corpo illuminante scende dal soffitto e trasforma la luce in un elemento d’arredo, utile per definire una zona, sottolineare un piano o dare identità al volume dell’ambiente senza occupare superfici. La composizione in metallo caratterizza la percezione del modello e permette di inserirlo in progetti residenziali e, dove appropriato, in spazi contract o hospitality.</p><p>La scelta della variante deve partire dalle caratteristiche reali del prodotto. La gamma comprende 2 varianti selezionabili, nelle finiture grigio, con misure Ø 465 × H min 735 / max 2485 mm e Ø 235 × H min 520 / max 2270 mm. La sorgente è definita da: attacco E27; numero di luci 1; potenza E27 max 1 x 60W; non dimmerabile secondo i dati di catalogo; lampadina non indicata come inclusa. Misura e altezza di sospensione incidono direttamente sull’effetto finale: un modello regolato più vicino al piano concentra l’attenzione su tavolo o bancone, mentre una discesa più ampia valorizza soffitti alti e composizioni scenografiche. La scheda Ideal Lux aggiunge questi dettagli costruttivi: Montatura e diffusore in metallo. Interno smaltato in bianco. Cavo elettrico regolabile in lunghezza. Le configurazioni presenti a catalogo comprendono Breeze sp1 big – Diametro – 46.5cm e Breeze sp1 small – Diametro – 23.5cm.</p><p>Il formato compatto rende Ideal Lux Breeze sp1 big particolarmente utile in penisole, comodini a sospensione, corridoi, banconi bar e piccoli tavoli. Una singola sospensione può illuminare un tavolino, un angolo lettura o una zona comodino; più elementi coordinati possono comporre un ritmo sopra penisole, banconi o percorsi. È una soluzione interessante anche per bistrot e negozi che ricercano piccoli punti luce ripetuti. Per l’uso in bagno è necessario verificare protezione, posizione e distanze previste dalle norme.</p><p>Scegliere Ideal Lux Breeze sp1 big significa confrontare finiture, dimensioni, numero di luci, sorgente o attacco, potenza e possibilità di dimmerazione prima dell’acquisto. Una sospensione ben dimensionata migliora la qualità della luce, valorizza arredi e materiali e contribuisce alla percezione dell’intero progetto. Questa scheda ecommerce riunisce le informazioni tecniche e d’uso utili a individuare la configurazione più adatta, con un testo orientato alla ricerca di lampade a sospensione Ideal Lux per abitazioni, locali commerciali e spazi professionali.</p>","Ideal Lux Breeze sp1 big: sospensione per interni in metallo per illuminare living e spazi contract. Scopri finiture, misure e varianti e acquista online."
"IL-CONFIG-159","<p>Ideal Lux Brigitta sp12 è una lampada a sospensione per interni: una sospensione decorativa di forte presenza, progettata per diventare protagonista dello spazio. La struttura è realizzata in vetro. La gamma comprende 4 varianti selezionabili, nelle finiture ambra e trasparente, con misure Ø 1200 × H min 1095 / max 1840 mm e Ø 890 × H min 1000 / max 1840 mm. La sorgente è definita da: attacco E14; numero di luci 12 e 8; potenza E14 max 12 x 40W e E14 max 8 x 40W; non dimmerabile secondo i dati di catalogo; lampadina non indicata come inclusa. Tra le combinazioni selezionabili figurano Brigitta sp12 – 12 Sorgenti Luminose – Ambra, Brigitta sp12 – 12 Sorgenti Luminose – Trasparente, Brigitta sp8 – 8 Sorgenti Luminose – Ambra e Brigitta sp8 – 8 Sorgenti Luminose – Trasparente. La sospensione è indicata per saloni, soggiorni ampi, vani scala, hall, boutique e sale ristorante. L’installazione è pensata per ambienti interni e va definita in base all’altezza disponibile e al progetto luce. Dimensioni, altezza regolabile, finitura, sorgente e potenza permettono di scegliere la configurazione più coerente con arredo, volume dell’ambiente e resa luminosa desiderata.</p>","<p>Ideal Lux Brigitta sp12 è una lampada a sospensione per interni pensata per chi desidera una sospensione decorativa di forte presenza, progettata per diventare protagonista dello spazio. Il corpo illuminante scende dal soffitto e trasforma la luce in un elemento d’arredo, utile per definire una zona, sottolineare un piano o dare identità al volume dell’ambiente senza occupare superfici. La composizione in vetro caratterizza la percezione del modello e permette di inserirlo in progetti residenziali e, dove appropriato, in spazi contract o hospitality.</p><p>La scelta della variante deve partire dalle caratteristiche reali del prodotto. La gamma comprende 4 varianti selezionabili, nelle finiture ambra e trasparente, con misure Ø 1200 × H min 1095 / max 1840 mm e Ø 890 × H min 1000 / max 1840 mm. La sorgente è definita da: attacco E14; numero di luci 12 e 8; potenza E14 max 12 x 40W e E14 max 8 x 40W; non dimmerabile secondo i dati di catalogo; lampadina non indicata come inclusa. Misura e altezza di sospensione incidono direttamente sull’effetto finale: un modello regolato più vicino al piano concentra l’attenzione su tavolo o bancone, mentre una discesa più ampia valorizza soffitti alti e composizioni scenografiche. La scheda Ideal Lux aggiunge questi dettagli costruttivi: Lampadario in vetro soffiato trasparente o ambrato, lavorato artigianalmente con montatura in metallo e copricatena in velluto. Le configurazioni presenti a catalogo comprendono Brigitta sp12 – 12 Sorgenti Luminose – Ambra, Brigitta sp12 – 12 Sorgenti Luminose – Trasparente, Brigitta sp8 – 8 Sorgenti Luminose – Ambra e Brigitta sp8 – 8 Sorgenti Luminose – Trasparente.</p><p>Per dimensioni e presenza decorativa, Ideal Lux Brigitta sp12 si presta a saloni, soggiorni ampi, vani scala, hall, boutique e sale ristorante. In casa può diventare il fulcro del soggiorno, della sala da pranzo o di un vano scala ampio; nel contract valorizza hall, lounge, sale ristorante, boutique e aree accoglienza alberghiere. In camere o ambienti contenuti occorre controllare con precisione l’ingombro. In bagno, come per ogni sospensione da interno, l’installazione è valutabile solo in posizioni compatibili con requisiti tecnici e zone elettriche previste.</p><p>Scegliere Ideal Lux Brigitta sp12 significa confrontare finiture, dimensioni, numero di luci, sorgente o attacco, potenza e possibilità di dimmerazione prima dell’acquisto. Una sospensione ben dimensionata migliora la qualità della luce, valorizza arredi e materiali e contribuisce alla percezione dell’intero progetto. Questa scheda ecommerce riunisce le informazioni tecniche e d’uso utili a individuare la configurazione più adatta, con un testo orientato alla ricerca di lampade a sospensione Ideal Lux per abitazioni, locali commerciali e spazi professionali.</p>","Ideal Lux Brigitta sp12: lampada a sospensione da interno in vetro, ideale per salone, living e hall. Scopri finiture, misure e varianti e acquista online."
"IL-CONFIG-160","<p>Ideal Lux Caesar sp12 è una lampada a sospensione per interni: una sospensione decorativa di forte presenza, progettata per diventare protagonista dello spazio. La struttura è realizzata in cristallo, metallo e vetro. La gamma comprende 5 varianti selezionabili, nelle finiture oro e cromo, con misure Ø 550 × H min 1050 / max 2100 mm, Ø 380 × H min 790 / max 1700 mm e Ø 450 × H min 960 / max 1850 mm. La sorgente è definita da: attacco G9; numero di luci 12, 6 e 9; potenza G9 max 12 x 4W, G9 max 6 x 4W e G9 max 9 x 4W; non dimmerabile secondo i dati di catalogo; sorgente o lampadina inclusa. Tra le combinazioni selezionabili figurano Caesar sp12 – 12 Sorgenti Luminose – Oro, Caesar sp12 – 12 Sorgenti Luminose – Cromo, Caesar sp6 – 6 Sorgenti Luminose – Oro, Caesar sp6 – 6 Sorgenti Luminose – Cromo e Caesar sp9 – 9 Sorgenti Luminose – Oro. La sospensione è indicata per saloni, soggiorni ampi, vani scala, hall, boutique e sale ristorante. L’installazione è pensata per ambienti interni e va definita in base all’altezza disponibile e al progetto luce. Dimensioni, altezza regolabile, finitura, sorgente e potenza permettono di scegliere la configurazione più coerente con arredo, volume dell’ambiente e resa luminosa desiderata.</p>","<p>Ideal Lux Caesar sp12 è una lampada a sospensione per interni pensata per chi desidera una sospensione decorativa di forte presenza, progettata per diventare protagonista dello spazio. Il corpo illuminante scende dal soffitto e trasforma la luce in un elemento d’arredo, utile per definire una zona, sottolineare un piano o dare identità al volume dell’ambiente senza occupare superfici. La composizione in cristallo, metallo e vetro caratterizza la percezione del modello e permette di inserirlo in progetti residenziali e, dove appropriato, in spazi contract o hospitality.</p><p>La scelta della variante deve partire dalle caratteristiche reali del prodotto. La gamma comprende 5 varianti selezionabili, nelle finiture oro e cromo, con misure Ø 550 × H min 1050 / max 2100 mm, Ø 380 × H min 790 / max 1700 mm e Ø 450 × H min 960 / max 1850 mm. La sorgente è definita da: attacco G9; numero di luci 12, 6 e 9; potenza G9 max 12 x 4W, G9 max 6 x 4W e G9 max 9 x 4W; non dimmerabile secondo i dati di catalogo; sorgente o lampadina inclusa. Misura e altezza di sospensione incidono direttamente sull’effetto finale: un modello regolato più vicino al piano concentra l’attenzione su tavolo o bancone, mentre una discesa più ampia valorizza soffitti alti e composizioni scenografiche. La scheda Ideal Lux aggiunge questi dettagli costruttivi: Montatura in metallo con finitura in oro o cromo. Elementi decorativi in cristallo molato ottagonali con finali a puntale. Le configurazioni presenti a catalogo comprendono Caesar sp12 – 12 Sorgenti Luminose – Oro, Caesar sp12 – 12 Sorgenti Luminose – Cromo, Caesar sp6 – 6 Sorgenti Luminose – Oro, Caesar sp6 – 6 Sorgenti Luminose – Cromo e Caesar sp9 – 9 Sorgenti Luminose – Oro.</p><p>Per dimensioni e presenza decorativa, Ideal Lux Caesar sp12 si presta a saloni, soggiorni ampi, vani scala, hall, boutique e sale ristorante. In casa può diventare il fulcro del soggiorno, della sala da pranzo o di un vano scala ampio; nel contract valorizza hall, lounge, sale ristorante, boutique e aree accoglienza alberghiere. In camere o ambienti contenuti occorre controllare con precisione l’ingombro. In bagno, come per ogni sospensione da interno, l’installazione è valutabile solo in posizioni compatibili con requisiti tecnici e zone elettriche previste.</p><p>Scegliere Ideal Lux Caesar sp12 significa confrontare finiture, dimensioni, numero di luci, sorgente o attacco, potenza e possibilità di dimmerazione prima dell’acquisto. Una sospensione ben dimensionata migliora la qualità della luce, valorizza arredi e materiali e contribuisce alla percezione dell’intero progetto. Questa scheda ecommerce riunisce le informazioni tecniche e d’uso utili a individuare la configurazione più adatta, con un testo orientato alla ricerca di lampade a sospensione Ideal Lux per abitazioni, locali commerciali e spazi professionali.</p>","Ideal Lux Caesar sp12: lampada a sospensione per interni in cristallo e metallo, ideale per salone, living e hall. Scopri la collezione e acquista online."
"IL-CONFIG-161","<p>Ideal Lux Candy sp1 è una lampada a sospensione per interni: una sospensione compatta adatta sia come punto luce singolo sia in composizioni multiple. La struttura è realizzata in vetro. La gamma comprende 2 varianti selezionabili, nelle finiture bianco, con misure Ø 400 × H min 480 / max 2230 mm e Ø 500 × H min 530 / max 2280 mm. La sorgente è definita da: attacco E27; numero di luci 1; potenza E27 max 1 x 42W; non dimmerabile secondo i dati di catalogo; lampadina non indicata come inclusa. Tra le combinazioni selezionabili figurano Candy sp1 – Diametro – 40cm e Candy sp1 – Diametro – 50cm. La sospensione è indicata per penisole, comodini a sospensione, corridoi, banconi bar e piccoli tavoli. L’installazione è pensata per ambienti interni e va definita in base all’altezza disponibile e al progetto luce. Dimensioni, altezza regolabile, finitura, sorgente e potenza permettono di scegliere la configurazione più coerente con arredo, volume dell’ambiente e resa luminosa desiderata.</p>","<p>Ideal Lux Candy sp1 è una lampada a sospensione per interni pensata per chi desidera una sospensione compatta adatta sia come punto luce singolo sia in composizioni multiple. Il corpo illuminante scende dal soffitto e trasforma la luce in un elemento d’arredo, utile per definire una zona, sottolineare un piano o dare identità al volume dell’ambiente senza occupare superfici. La composizione in vetro caratterizza la percezione del modello e permette di inserirlo in progetti residenziali e, dove appropriato, in spazi contract o hospitality.</p><p>La scelta della variante deve partire dalle caratteristiche reali del prodotto. La gamma comprende 2 varianti selezionabili, nelle finiture bianco, con misure Ø 400 × H min 480 / max 2230 mm e Ø 500 × H min 530 / max 2280 mm. La sorgente è definita da: attacco E27; numero di luci 1; potenza E27 max 1 x 42W; non dimmerabile secondo i dati di catalogo; lampadina non indicata come inclusa. Misura e altezza di sospensione incidono direttamente sull’effetto finale: un modello regolato più vicino al piano concentra l’attenzione su tavolo o bancone, mentre una discesa più ampia valorizza soffitti alti e composizioni scenografiche. La scheda Ideal Lux aggiunge questi dettagli costruttivi: Montatura in metallo bianco. Diffusore in vetro bianco soffiato e acidato. Cavi in acciaio a lunghezza regolabile con dispositivi ferma cavo automatici. Le configurazioni presenti a catalogo comprendono Candy sp1 – Diametro – 40cm e Candy sp1 – Diametro – 50cm.</p><p>Il formato compatto rende Ideal Lux Candy sp1 particolarmente utile in penisole, comodini a sospensione, corridoi, banconi bar e piccoli tavoli. Una singola sospensione può illuminare un tavolino, un angolo lettura o una zona comodino; più elementi coordinati possono comporre un ritmo sopra penisole, banconi o percorsi. È una soluzione interessante anche per bistrot e negozi che ricercano piccoli punti luce ripetuti. Per l’uso in bagno è necessario verificare protezione, posizione e distanze previste dalle norme.</p><p>Scegliere Ideal Lux Candy sp1 significa confrontare finiture, dimensioni, numero di luci, sorgente o attacco, potenza e possibilità di dimmerazione prima dell’acquisto. Una sospensione ben dimensionata migliora la qualità della luce, valorizza arredi e materiali e contribuisce alla percezione dell’intero progetto. Questa scheda ecommerce riunisce le informazioni tecniche e d’uso utili a individuare la configurazione più adatta, con un testo orientato alla ricerca di lampade a sospensione Ideal Lux per abitazioni, locali commerciali e spazi professionali.</p>","Ideal Lux Candy sp1: lampada a sospensione per interni in vetro, ideale per living e spazi contract. Scopri finiture, misure e varianti e acquista online."
"IL-CONFIG-162","<p>Ideal Lux Cantina sp1 è una lampada a sospensione per interni: una sospensione decorativa versatile, studiata per valorizzare l’arredo con luce dall’alto. La struttura è realizzata in metallo. La gamma comprende 2 varianti selezionabili, nelle finiture brunito e rame, con misure Ø 350 × H min 340 / max 1050 mm. La sorgente è definita da: attacco E27; numero di luci 1; potenza E27 max 1 x 42W; non dimmerabile secondo i dati di catalogo; lampadina non indicata come inclusa. Tra le combinazioni selezionabili figurano Cantina sp1 – Brunito e Cantina sp1 – Rame. La sospensione è indicata per soggiorni, zone pranzo, camere, ingressi, ristoranti e boutique. L’installazione è pensata per ambienti interni e va definita in base all’altezza disponibile e al progetto luce. Dimensioni, altezza regolabile, finitura, sorgente e potenza permettono di scegliere la configurazione più coerente con arredo, volume dell’ambiente e resa luminosa desiderata.</p>","<p>Ideal Lux Cantina sp1 è una lampada a sospensione per interni pensata per chi desidera una sospensione decorativa versatile, studiata per valorizzare l’arredo con luce dall’alto. Il corpo illuminante scende dal soffitto e trasforma la luce in un elemento d’arredo, utile per definire una zona, sottolineare un piano o dare identità al volume dell’ambiente senza occupare superfici. La composizione in metallo caratterizza la percezione del modello e permette di inserirlo in progetti residenziali e, dove appropriato, in spazi contract o hospitality.</p><p>La scelta della variante deve partire dalle caratteristiche reali del prodotto. La gamma comprende 2 varianti selezionabili, nelle finiture brunito e rame, con misure Ø 350 × H min 340 / max 1050 mm. La sorgente è definita da: attacco E27; numero di luci 1; potenza E27 max 1 x 42W; non dimmerabile secondo i dati di catalogo; lampadina non indicata come inclusa. Misura e altezza di sospensione incidono direttamente sull’effetto finale: un modello regolato più vicino al piano concentra l’attenzione su tavolo o bancone, mentre una discesa più ampia valorizza soffitti alti e composizioni scenografiche. La scheda Ideal Lux aggiunge questi dettagli costruttivi: Montatura, diffusore e copriportalampada in metallo disponibile con finitura brunito o rame. Cavo elettrico rivestito in tessuto e intrecciato. Le configurazioni presenti a catalogo comprendono Cantina sp1 – Brunito e Cantina sp1 – Rame.</p><p>La versatilità del modello favorisce l’utilizzo in soggiorni, zone pranzo, camere, ingressi, ristoranti e boutique. In soggiorno e zona living la sospensione crea un punto focale; in cucina può illuminare isola o penisola quando dimensioni e quota sono proporzionate; in camera da letto aggiunge una componente decorativa e funzionale. In locali commerciali è adatta a tavoli di ristoranti e bistrot, lounge, vetrine interne o aree accoglienza. Per corridoio, cameretta e bagno è opportuno valutare ingombro, altezza e compatibilità tecnica con lo spazio.</p><p>Scegliere Ideal Lux Cantina sp1 significa confrontare finiture, dimensioni, numero di luci, sorgente o attacco, potenza e possibilità di dimmerazione prima dell’acquisto. Una sospensione ben dimensionata migliora la qualità della luce, valorizza arredi e materiali e contribuisce alla percezione dell’intero progetto. Questa scheda ecommerce riunisce le informazioni tecniche e d’uso utili a individuare la configurazione più adatta, con un testo orientato alla ricerca di lampade a sospensione Ideal Lux per abitazioni, locali commerciali e spazi professionali.</p>","Ideal Lux Cantina sp1: lampada a sospensione per interni in metallo, ideale per living e spazi contract. Scopri tutte le configurazioni disponibili online."
"IL-CONFIG-163","<p>Ideal Lux Carlton sp12 è una lampada a sospensione per interni: una sospensione decorativa di forte presenza, progettata per diventare protagonista dello spazio. La struttura è realizzata in cristallo, metallo e vetro. La gamma comprende 3 varianti selezionabili, nelle finiture cromo e oro, con misure Ø 500 × H min 940 / max 2690 mm e Ø 400 × H min 870 / max 2620 mm. La sorgente è definita da: attacco E14; numero di luci 12 e 8; potenza E14 max 12 x 40W e E14 max 8 x 40W; non dimmerabile secondo i dati di catalogo; lampadina non indicata come inclusa. Tra le combinazioni selezionabili figurano Carlton sp12 – 12 Sorgenti Luminose – Cromo, Carlton sp12 – 12 Sorgenti Luminose – Oro e Carlton sp8 – 8 Sorgenti Luminose – Cromo. La sospensione è indicata per saloni, soggiorni ampi, vani scala, hall, boutique e sale ristorante. L’installazione è pensata per ambienti interni e va definita in base all’altezza disponibile e al progetto luce. Dimensioni, altezza regolabile, finitura, sorgente e potenza permettono di scegliere la configurazione più coerente con arredo, volume dell’ambiente e resa luminosa desiderata.</p>","<p>Ideal Lux Carlton sp12 è una lampada a sospensione per interni pensata per chi desidera una sospensione decorativa di forte presenza, progettata per diventare protagonista dello spazio. Il corpo illuminante scende dal soffitto e trasforma la luce in un elemento d’arredo, utile per definire una zona, sottolineare un piano o dare identità al volume dell’ambiente senza occupare superfici. La composizione in cristallo, metallo e vetro caratterizza la percezione del modello e permette di inserirlo in progetti residenziali e, dove appropriato, in spazi contract o hospitality.</p><p>La scelta della variante deve partire dalle caratteristiche reali del prodotto. La gamma comprende 3 varianti selezionabili, nelle finiture cromo e oro, con misure Ø 500 × H min 940 / max 2690 mm e Ø 400 × H min 870 / max 2620 mm. La sorgente è definita da: attacco E14; numero di luci 12 e 8; potenza E14 max 12 x 40W e E14 max 8 x 40W; non dimmerabile secondo i dati di catalogo; lampadina non indicata come inclusa. Misura e altezza di sospensione incidono direttamente sull’effetto finale: un modello regolato più vicino al piano concentra l’attenzione su tavolo o bancone, mentre una discesa più ampia valorizza soffitti alti e composizioni scenografiche. La scheda Ideal Lux aggiunge questi dettagli costruttivi: Montatura in metallo cromato o dorato. Elementi decorativi con catene di ottagoni e barre in cristallo molato trasparente. Le configurazioni presenti a catalogo comprendono Carlton sp12 – 12 Sorgenti Luminose – Cromo, Carlton sp12 – 12 Sorgenti Luminose – Oro e Carlton sp8 – 8 Sorgenti Luminose – Cromo.</p><p>Per dimensioni e presenza decorativa, Ideal Lux Carlton sp12 si presta a saloni, soggiorni ampi, vani scala, hall, boutique e sale ristorante. In casa può diventare il fulcro del soggiorno, della sala da pranzo o di un vano scala ampio; nel contract valorizza hall, lounge, sale ristorante, boutique e aree accoglienza alberghiere. In camere o ambienti contenuti occorre controllare con precisione l’ingombro. In bagno, come per ogni sospensione da interno, l’installazione è valutabile solo in posizioni compatibili con requisiti tecnici e zone elettriche previste.</p><p>Scegliere Ideal Lux Carlton sp12 significa confrontare finiture, dimensioni, numero di luci, sorgente o attacco, potenza e possibilità di dimmerazione prima dell’acquisto. Una sospensione ben dimensionata migliora la qualità della luce, valorizza arredi e materiali e contribuisce alla percezione dell’intero progetto. Questa scheda ecommerce riunisce le informazioni tecniche e d’uso utili a individuare la configurazione più adatta, con un testo orientato alla ricerca di lampade a sospensione Ideal Lux per abitazioni, locali commerciali e spazi professionali.</p>","Ideal Lux Carlton sp12: lampada a sospensione per interni in cristallo e metallo, ideale per salone, living e hall. Scopri la collezione e acquista online."
"IL-CONFIG-164","<p>Ideal Lux Carta sp1 è una lampada a sospensione per interni: una sospensione compatta adatta sia come punto luce singolo sia in composizioni multiple. La struttura è realizzata in metallo, materiale plastico e vetro. La gamma comprende 4 varianti selezionabili, nelle finiture bianco, con misure Ø 300 × H min 520 / max 2270 mm, Ø 400 × H min 630 / max 2380 mm, Ø 500 × H min 720 / max 2470 mm e Ø 600 × H min 850 / max 2600 mm. La sorgente è definita da: attacco E27; numero di luci 1; potenza E27 max 1 x 25W e E27 max 1 x 60W; non dimmerabile secondo i dati di catalogo; lampadina non indicata come inclusa. Tra le combinazioni selezionabili figurano Carta sp1 – Diametro – 30cm, Carta sp1 – Diametro – 40cm, Carta sp1 – Diametro – 50cm e Carta sp1 – Diametro – 60cm. La sospensione è indicata per penisole, comodini a sospensione, corridoi, banconi bar e piccoli tavoli. L’installazione è pensata per ambienti interni e va definita in base all’altezza disponibile e al progetto luce. Dimensioni, altezza regolabile, finitura, sorgente e potenza permettono di scegliere la configurazione più coerente con arredo, volume dell’ambiente e resa luminosa desiderata.</p>","<p>Ideal Lux Carta sp1 è una lampada a sospensione per interni pensata per chi desidera una sospensione compatta adatta sia come punto luce singolo sia in composizioni multiple. Il corpo illuminante scende dal soffitto e trasforma la luce in un elemento d’arredo, utile per definire una zona, sottolineare un piano o dare identità al volume dell’ambiente senza occupare superfici. La composizione in metallo, materiale plastico e vetro caratterizza la percezione del modello e permette di inserirlo in progetti residenziali e, dove appropriato, in spazi contract o hospitality.</p><p>La scelta della variante deve partire dalle caratteristiche reali del prodotto. La gamma comprende 4 varianti selezionabili, nelle finiture bianco, con misure Ø 300 × H min 520 / max 2270 mm, Ø 400 × H min 630 / max 2380 mm, Ø 500 × H min 720 / max 2470 mm e Ø 600 × H min 850 / max 2600 mm. La sorgente è definita da: attacco E27; numero di luci 1; potenza E27 max 1 x 25W e E27 max 1 x 60W; non dimmerabile secondo i dati di catalogo; lampadina non indicata come inclusa. Misura e altezza di sospensione incidono direttamente sull’effetto finale: un modello regolato più vicino al piano concentra l’attenzione su tavolo o bancone, mentre una discesa più ampia valorizza soffitti alti e composizioni scenografiche. La scheda Ideal Lux aggiunge questi dettagli costruttivi: Montatura in metallo verniciato bianco opaco. Diffusore in policarbonato con rivestimento ad effetto carta. Cavo rivestito in tessuto. Le configurazioni presenti a catalogo comprendono Carta sp1 – Diametro – 30cm, Carta sp1 – Diametro – 40cm, Carta sp1 – Diametro – 50cm e Carta sp1 – Diametro – 60cm.</p><p>Il formato compatto rende Ideal Lux Carta sp1 particolarmente utile in penisole, comodini a sospensione, corridoi, banconi bar e piccoli tavoli. Una singola sospensione può illuminare un tavolino, un angolo lettura o una zona comodino; più elementi coordinati possono comporre un ritmo sopra penisole, banconi o percorsi. È una soluzione interessante anche per bistrot e negozi che ricercano piccoli punti luce ripetuti. Per l’uso in bagno è necessario verificare protezione, posizione e distanze previste dalle norme.</p><p>Scegliere Ideal Lux Carta sp1 significa confrontare finiture, dimensioni, numero di luci, sorgente o attacco, potenza e possibilità di dimmerazione prima dell’acquisto. Una sospensione ben dimensionata migliora la qualità della luce, valorizza arredi e materiali e contribuisce alla percezione dell’intero progetto. Questa scheda ecommerce riunisce le informazioni tecniche e d’uso utili a individuare la configurazione più adatta, con un testo orientato alla ricerca di lampade a sospensione Ideal Lux per abitazioni, locali commerciali e spazi professionali.</p>","Ideal Lux Carta sp1: lampada a sospensione da interno in metallo, ideale per living e spazi contract. Scopri finiture, misure e varianti e acquista online."
"IL-CONFIG-165","<p>Ideal Lux Casanova sp8 è una lampada a sospensione per interni: una sospensione decorativa di forte presenza, progettata per diventare protagonista dello spazio. La struttura è realizzata in metallo e vetro. La gamma comprende una configurazione disponibile, nelle finiture trasparent, con misure Ø 880 × H min 760 / max 1560 mm. La sorgente è definita da: attacco E14; numero di luci 8; potenza E14 max 8 x 40W; non dimmerabile secondo i dati di catalogo; lampadina non indicata come inclusa. La sospensione è indicata per saloni, soggiorni ampi, vani scala, hall, boutique e sale ristorante. L’installazione è pensata per ambienti interni e va definita in base all’altezza disponibile e al progetto luce. Dimensioni, altezza regolabile, finitura, sorgente e potenza permettono di scegliere la configurazione più coerente con arredo, volume dell’ambiente e resa luminosa desiderata.</p>","<p>Ideal Lux Casanova sp8 è una lampada a sospensione per interni pensata per chi desidera una sospensione decorativa di forte presenza, progettata per diventare protagonista dello spazio. Il corpo illuminante scende dal soffitto e trasforma la luce in un elemento d’arredo, utile per definire una zona, sottolineare un piano o dare identità al volume dell’ambiente senza occupare superfici. La composizione in metallo e vetro caratterizza la percezione del modello e permette di inserirlo in progetti residenziali e, dove appropriato, in spazi contract o hospitality.</p><p>La scelta della variante deve partire dalle caratteristiche reali del prodotto. La gamma comprende una configurazione disponibile, nelle finiture trasparent, con misure Ø 880 × H min 760 / max 1560 mm. La sorgente è definita da: attacco E14; numero di luci 8; potenza E14 max 8 x 40W; non dimmerabile secondo i dati di catalogo; lampadina non indicata come inclusa. Misura e altezza di sospensione incidono direttamente sull’effetto finale: un modello regolato più vicino al piano concentra l’attenzione su tavolo o bancone, mentre una discesa più ampia valorizza soffitti alti e composizioni scenografiche. La scheda Ideal Lux aggiunge questi dettagli costruttivi: Lampadario in vetro soffiato e lavorato a mano con copri portalampade e dettagli in metallo cromato. Disponibile trasparente o fumè. Copricatena in velluto.</p><p>Per dimensioni e presenza decorativa, Ideal Lux Casanova sp8 si presta a saloni, soggiorni ampi, vani scala, hall, boutique e sale ristorante. In casa può diventare il fulcro del soggiorno, della sala da pranzo o di un vano scala ampio; nel contract valorizza hall, lounge, sale ristorante, boutique e aree accoglienza alberghiere. In camere o ambienti contenuti occorre controllare con precisione l’ingombro. In bagno, come per ogni sospensione da interno, l’installazione è valutabile solo in posizioni compatibili con requisiti tecnici e zone elettriche previste.</p><p>Scegliere Ideal Lux Casanova sp8 significa confrontare finiture, dimensioni, numero di luci, sorgente o attacco, potenza e possibilità di dimmerazione prima dell’acquisto. Una sospensione ben dimensionata migliora la qualità della luce, valorizza arredi e materiali e contribuisce alla percezione dell’intero progetto. Questa scheda ecommerce riunisce le informazioni tecniche e d’uso utili a individuare la configurazione più adatta, con un testo orientato alla ricerca di lampade a sospensione Ideal Lux per abitazioni, locali commerciali e spazi professionali.</p>","Ideal Lux Casanova sp8: lampada a sospensione per interni in metallo e vetro, ideale per salone, living e hall. Scopri finiture e misure e acquista online."
"IL-CONFIG-166","<p>Ideal Lux Chalet sp12 è una lampada a sospensione per interni: una sospensione decorativa di forte presenza, progettata per diventare protagonista dello spazio. La struttura è realizzata in resina. La gamma comprende 3 varianti selezionabili, nelle finiture beige, con misure Ø 1000 × H min 990 / max 1700 mm, Ø 670 × H min 750 / max 1300 mm e Ø 910 × H min 750 / max 1400 mm. La sorgente è definita da: attacco E14; numero di luci 12, 6 e 8; potenza E14 max 12 x 40W, E14 max 6 x 40W e E14 max 8 x 40W; non dimmerabile secondo i dati di catalogo; lampadina non indicata come inclusa. Tra le combinazioni selezionabili figurano Chalet sp12 – 12 Sorgenti Luminose, Chalet sp6 – 6 Sorgenti Luminose e Chalet sp8 – 8 Sorgenti Luminose. La sospensione è indicata per saloni, soggiorni ampi, vani scala, hall, boutique e sale ristorante. L’installazione è pensata per ambienti interni e va definita in base all’altezza disponibile e al progetto luce. Dimensioni, altezza regolabile, finitura, sorgente e potenza permettono di scegliere la configurazione più coerente con arredo, volume dell’ambiente e resa luminosa desiderata.</p>","<p>Ideal Lux Chalet sp12 è una lampada a sospensione per interni pensata per chi desidera una sospensione decorativa di forte presenza, progettata per diventare protagonista dello spazio. Il corpo illuminante scende dal soffitto e trasforma la luce in un elemento d’arredo, utile per definire una zona, sottolineare un piano o dare identità al volume dell’ambiente senza occupare superfici. La composizione in resina caratterizza la percezione del modello e permette di inserirlo in progetti residenziali e, dove appropriato, in spazi contract o hospitality.</p><p>La scelta della variante deve partire dalle caratteristiche reali del prodotto. La gamma comprende 3 varianti selezionabili, nelle finiture beige, con misure Ø 1000 × H min 990 / max 1700 mm, Ø 670 × H min 750 / max 1300 mm e Ø 910 × H min 750 / max 1400 mm. La sorgente è definita da: attacco E14; numero di luci 12, 6 e 8; potenza E14 max 12 x 40W, E14 max 6 x 40W e E14 max 8 x 40W; non dimmerabile secondo i dati di catalogo; lampadina non indicata come inclusa. Misura e altezza di sospensione incidono direttamente sull’effetto finale: un modello regolato più vicino al piano concentra l’attenzione su tavolo o bancone, mentre una discesa più ampia valorizza soffitti alti e composizioni scenografiche. La scheda Ideal Lux aggiunge questi dettagli costruttivi: Montatura con struttura portante in metallo. Elementi decorativi in resina lavorata artigianalmente e dipinta a mano come fedele riproduzione di corna e legno intagliato. Le configurazioni presenti a catalogo comprendono Chalet sp12 – 12 Sorgenti Luminose, Chalet sp6 – 6 Sorgenti Luminose e Chalet sp8 – 8 Sorgenti Luminose.</p><p>Per dimensioni e presenza decorativa, Ideal Lux Chalet sp12 si presta a saloni, soggiorni ampi, vani scala, hall, boutique e sale ristorante. In casa può diventare il fulcro del soggiorno, della sala da pranzo o di un vano scala ampio; nel contract valorizza hall, lounge, sale ristorante, boutique e aree accoglienza alberghiere. In camere o ambienti contenuti occorre controllare con precisione l’ingombro. In bagno, come per ogni sospensione da interno, l’installazione è valutabile solo in posizioni compatibili con requisiti tecnici e zone elettriche previste.</p><p>Scegliere Ideal Lux Chalet sp12 significa confrontare finiture, dimensioni, numero di luci, sorgente o attacco, potenza e possibilità di dimmerazione prima dell’acquisto. Una sospensione ben dimensionata migliora la qualità della luce, valorizza arredi e materiali e contribuisce alla percezione dell’intero progetto. Questa scheda ecommerce riunisce le informazioni tecniche e d’uso utili a individuare la configurazione più adatta, con un testo orientato alla ricerca di lampade a sospensione Ideal Lux per abitazioni, locali commerciali e spazi professionali.</p>","Ideal Lux Chalet sp12: lampada a sospensione per interni in resina, ideale per salone, living e hall. Scopri finiture, misure e varianti e acquista online."
"IL-CONFIG-167","<p>Ideal Lux Circus sp è una lampada a sospensione per interni: una sospensione lineare che distribuisce la luce lungo superfici e percorsi visivi. La struttura è realizzata in metallo e materiale plastico. La gamma comprende 3 varianti selezionabili, nelle finiture nero, con misure L 445 × H min 770 / max 2520 × P 160 mm, L 600 × H min 910 / max 2660 × P 160 mm e L 745 × H min 1070 / max 2820 × P 160 mm. La sorgente è definita da: sorgente LED; numero di luci 1; potenza LED 29W, LED 33W e LED 36W; non dimmerabile secondo i dati di catalogo; sorgente o lampadina inclusa. Tra le combinazioni selezionabili figurano Circus sp – Lunghezza – 44.5cm, Circus sp – Lunghezza – 60cm e Circus sp – Lunghezza – 74.5cm. La sospensione è indicata per tavoli da pranzo, isole cucina, banconi, reception e tavoli riunione. L’installazione è pensata per ambienti interni e va definita in base all’altezza disponibile e al progetto luce. Dimensioni, altezza regolabile, finitura, sorgente e potenza permettono di scegliere la configurazione più coerente con arredo, volume dell’ambiente e resa luminosa desiderata.</p>","<p>Ideal Lux Circus sp è una lampada a sospensione per interni pensata per chi desidera una sospensione lineare che distribuisce la luce lungo superfici e percorsi visivi. Il corpo illuminante scende dal soffitto e trasforma la luce in un elemento d’arredo, utile per definire una zona, sottolineare un piano o dare identità al volume dell’ambiente senza occupare superfici. La composizione in metallo e materiale plastico caratterizza la percezione del modello e permette di inserirlo in progetti residenziali e, dove appropriato, in spazi contract o hospitality.</p><p>La scelta della variante deve partire dalle caratteristiche reali del prodotto. La gamma comprende 3 varianti selezionabili, nelle finiture nero, con misure L 445 × H min 770 / max 2520 × P 160 mm, L 600 × H min 910 / max 2660 × P 160 mm e L 745 × H min 1070 / max 2820 × P 160 mm. La sorgente è definita da: sorgente LED; numero di luci 1; potenza LED 29W, LED 33W e LED 36W; non dimmerabile secondo i dati di catalogo; sorgente o lampadina inclusa. Misura e altezza di sospensione incidono direttamente sull’effetto finale: un modello regolato più vicino al piano concentra l’attenzione su tavolo o bancone, mentre una discesa più ampia valorizza soffitti alti e composizioni scenografiche. Le configurazioni presenti a catalogo comprendono Circus sp – Lunghezza – 44.5cm, Circus sp – Lunghezza – 60cm e Circus sp – Lunghezza – 74.5cm.</p><p>La geometria lineare rende Ideal Lux Circus sp adatta a tavoli da pranzo, isole cucina, banconi, reception e tavoli riunione. In cucina può accompagnare isola o penisola, nella zona pranzo segue il tavolo, mentre in un open space aiuta a differenziare le aree funzionali. In ristoranti, bar, reception, sale meeting e showroom una sospensione lineare offre ordine visivo e un’illuminazione riconoscibile. Per corridoi, camere e camerette la scelta va rapportata allo spazio libero; per il bagno vanno sempre osservati i vincoli di installazione.</p><p>Scegliere Ideal Lux Circus sp significa confrontare finiture, dimensioni, numero di luci, sorgente o attacco, potenza e possibilità di dimmerazione prima dell’acquisto. Una sospensione ben dimensionata migliora la qualità della luce, valorizza arredi e materiali e contribuisce alla percezione dell’intero progetto. Questa scheda ecommerce riunisce le informazioni tecniche e d’uso utili a individuare la configurazione più adatta, con un testo orientato alla ricerca di lampade a sospensione Ideal Lux per abitazioni, locali commerciali e spazi professionali.</p>","Ideal Lux Circus sp: lampada a sospensione da interno in metallo, ideale per tavolo, isola e bancone. Scopri finiture, misure e varianti e acquista online."
"IL-CONFIG-168","<p>Ideal Lux Citrus-1 sp1 è una lampada a sospensione per interni: una sospensione materica che aggiunge texture e calore all’arredo. La struttura è realizzata in legno. La gamma comprende una configurazione disponibile, nelle finiture legno, con misure Ø 200 × H min 570 / max 2320 mm. La sorgente è definita da: attacco E27; numero di luci 1; potenza E27 max 1 x 60W; non dimmerabile secondo i dati di catalogo; lampadina non indicata come inclusa. La sospensione è indicata per zona living, sala da pranzo, camera da letto, bistrot e spazi hospitality. L’installazione è pensata per ambienti interni e va definita in base all’altezza disponibile e al progetto luce. Dimensioni, altezza regolabile, finitura, sorgente e potenza permettono di scegliere la configurazione più coerente con arredo, volume dell’ambiente e resa luminosa desiderata.</p>","<p>Ideal Lux Citrus-1 sp1 è una lampada a sospensione per interni pensata per chi desidera una sospensione materica che aggiunge texture e calore all’arredo. Il corpo illuminante scende dal soffitto e trasforma la luce in un elemento d’arredo, utile per definire una zona, sottolineare un piano o dare identità al volume dell’ambiente senza occupare superfici. La composizione in legno caratterizza la percezione del modello e permette di inserirlo in progetti residenziali e, dove appropriato, in spazi contract o hospitality.</p><p>La scelta della variante deve partire dalle caratteristiche reali del prodotto. La gamma comprende una configurazione disponibile, nelle finiture legno, con misure Ø 200 × H min 570 / max 2320 mm. La sorgente è definita da: attacco E27; numero di luci 1; potenza E27 max 1 x 60W; non dimmerabile secondo i dati di catalogo; lampadina non indicata come inclusa. Misura e altezza di sospensione incidono direttamente sull’effetto finale: un modello regolato più vicino al piano concentra l’attenzione su tavolo o bancone, mentre una discesa più ampia valorizza soffitti alti e composizioni scenografiche. La scheda Ideal Lux aggiunge questi dettagli costruttivi: Corpo luce con elementi in multistrato di legno verniciato. Cavo in tessuto nero.</p><p>Il carattere materico rende Ideal Lux Citrus-1 sp1 coerente con zona living, sala da pranzo, camera da letto, bistrot e spazi hospitality, soprattutto quando si desiderano texture e un’atmosfera accogliente. In una casa completa living, zona pranzo o camera da letto; in ristoranti, bistrot, lounge e strutture ricettive può rafforzare un progetto caldo e riconoscibile. In presenza di tessuto, legno, cemento o resina, il bagno e gli ambienti umidi richiedono particolare attenzione: l’impiego deve essere valutato rispetto alle specifiche del prodotto e alla corretta posa.</p><p>Scegliere Ideal Lux Citrus-1 sp1 significa confrontare finiture, dimensioni, numero di luci, sorgente o attacco, potenza e possibilità di dimmerazione prima dell’acquisto. Una sospensione ben dimensionata migliora la qualità della luce, valorizza arredi e materiali e contribuisce alla percezione dell’intero progetto. Questa scheda ecommerce riunisce le informazioni tecniche e d’uso utili a individuare la configurazione più adatta, con un testo orientato alla ricerca di lampade a sospensione Ideal Lux per abitazioni, locali commerciali e spazi professionali.</p>","Ideal Lux Citrus-1 sp1: lampada a sospensione da interno in legno, ideale per living e spazi contract. Scopri finiture, misure e varianti e acquista online."
"IL-CONFIG-169","<p>Ideal Lux Citrus-2 sp1 è una lampada a sospensione per interni: una sospensione materica che aggiunge texture e calore all’arredo. La struttura è realizzata in legno. La gamma comprende una configurazione disponibile, nelle finiture legno, con misure Ø 260 × H min 510 / max 2260 mm. La sorgente è definita da: attacco E27; numero di luci 1; potenza E27 max 1 x 60W; non dimmerabile secondo i dati di catalogo; lampadina non indicata come inclusa. La sospensione è indicata per zona living, sala da pranzo, camera da letto, bistrot e spazi hospitality. L’installazione è pensata per ambienti interni e va definita in base all’altezza disponibile e al progetto luce. Dimensioni, altezza regolabile, finitura, sorgente e potenza permettono di scegliere la configurazione più coerente con arredo, volume dell’ambiente e resa luminosa desiderata.</p>","<p>Ideal Lux Citrus-2 sp1 è una lampada a sospensione per interni pensata per chi desidera una sospensione materica che aggiunge texture e calore all’arredo. Il corpo illuminante scende dal soffitto e trasforma la luce in un elemento d’arredo, utile per definire una zona, sottolineare un piano o dare identità al volume dell’ambiente senza occupare superfici. La composizione in legno caratterizza la percezione del modello e permette di inserirlo in progetti residenziali e, dove appropriato, in spazi contract o hospitality.</p><p>La scelta della variante deve partire dalle caratteristiche reali del prodotto. La gamma comprende una configurazione disponibile, nelle finiture legno, con misure Ø 260 × H min 510 / max 2260 mm. La sorgente è definita da: attacco E27; numero di luci 1; potenza E27 max 1 x 60W; non dimmerabile secondo i dati di catalogo; lampadina non indicata come inclusa. Misura e altezza di sospensione incidono direttamente sull’effetto finale: un modello regolato più vicino al piano concentra l’attenzione su tavolo o bancone, mentre una discesa più ampia valorizza soffitti alti e composizioni scenografiche. La scheda Ideal Lux aggiunge questi dettagli costruttivi: Corpo luce con elementi in multistrato di legno verniciato. Cavo in tessuto nero.</p><p>Il carattere materico rende Ideal Lux Citrus-2 sp1 coerente con zona living, sala da pranzo, camera da letto, bistrot e spazi hospitality, soprattutto quando si desiderano texture e un’atmosfera accogliente. In una casa completa living, zona pranzo o camera da letto; in ristoranti, bistrot, lounge e strutture ricettive può rafforzare un progetto caldo e riconoscibile. In presenza di tessuto, legno, cemento o resina, il bagno e gli ambienti umidi richiedono particolare attenzione: l’impiego deve essere valutato rispetto alle specifiche del prodotto e alla corretta posa.</p><p>Scegliere Ideal Lux Citrus-2 sp1 significa confrontare finiture, dimensioni, numero di luci, sorgente o attacco, potenza e possibilità di dimmerazione prima dell’acquisto. Una sospensione ben dimensionata migliora la qualità della luce, valorizza arredi e materiali e contribuisce alla percezione dell’intero progetto. Questa scheda ecommerce riunisce le informazioni tecniche e d’uso utili a individuare la configurazione più adatta, con un testo orientato alla ricerca di lampade a sospensione Ideal Lux per abitazioni, locali commerciali e spazi professionali.</p>","Ideal Lux Citrus-2 sp1: lampada a sospensione da interno in legno, ideale per living e spazi contract. Scopri finiture, misure e varianti e acquista online."
"IL-CONFIG-170","<p>Ideal Lux Citrus-3 sp1 è una lampada a sospensione per interni: una sospensione materica che aggiunge texture e calore all’arredo. La struttura è realizzata in legno. La gamma comprende una configurazione disponibile, nelle finiture legno, con misure Ø 200 × H min 525 / max 2275 mm. La sorgente è definita da: attacco E27; numero di luci 1; potenza E27 max 1 x 60W; non dimmerabile secondo i dati di catalogo; lampadina non indicata come inclusa. La sospensione è indicata per zona living, sala da pranzo, camera da letto, bistrot e spazi hospitality. L’installazione è pensata per ambienti interni e va definita in base all’altezza disponibile e al progetto luce. Dimensioni, altezza regolabile, finitura, sorgente e potenza permettono di scegliere la configurazione più coerente con arredo, volume dell’ambiente e resa luminosa desiderata.</p>","<p>Ideal Lux Citrus-3 sp1 è una lampada a sospensione per interni pensata per chi desidera una sospensione materica che aggiunge texture e calore all’arredo. Il corpo illuminante scende dal soffitto e trasforma la luce in un elemento d’arredo, utile per definire una zona, sottolineare un piano o dare identità al volume dell’ambiente senza occupare superfici. La composizione in legno caratterizza la percezione del modello e permette di inserirlo in progetti residenziali e, dove appropriato, in spazi contract o hospitality.</p><p>La scelta della variante deve partire dalle caratteristiche reali del prodotto. La gamma comprende una configurazione disponibile, nelle finiture legno, con misure Ø 200 × H min 525 / max 2275 mm. La sorgente è definita da: attacco E27; numero di luci 1; potenza E27 max 1 x 60W; non dimmerabile secondo i dati di catalogo; lampadina non indicata come inclusa. Misura e altezza di sospensione incidono direttamente sull’effetto finale: un modello regolato più vicino al piano concentra l’attenzione su tavolo o bancone, mentre una discesa più ampia valorizza soffitti alti e composizioni scenografiche. La scheda Ideal Lux aggiunge questi dettagli costruttivi: Corpo luce con elementi in multistrato di legno verniciato. Cavo in tessuto nero.</p><p>Il carattere materico rende Ideal Lux Citrus-3 sp1 coerente con zona living, sala da pranzo, camera da letto, bistrot e spazi hospitality, soprattutto quando si desiderano texture e un’atmosfera accogliente. In una casa completa living, zona pranzo o camera da letto; in ristoranti, bistrot, lounge e strutture ricettive può rafforzare un progetto caldo e riconoscibile. In presenza di tessuto, legno, cemento o resina, il bagno e gli ambienti umidi richiedono particolare attenzione: l’impiego deve essere valutato rispetto alle specifiche del prodotto e alla corretta posa.</p><p>Scegliere Ideal Lux Citrus-3 sp1 significa confrontare finiture, dimensioni, numero di luci, sorgente o attacco, potenza e possibilità di dimmerazione prima dell’acquisto. Una sospensione ben dimensionata migliora la qualità della luce, valorizza arredi e materiali e contribuisce alla percezione dell’intero progetto. Questa scheda ecommerce riunisce le informazioni tecniche e d’uso utili a individuare la configurazione più adatta, con un testo orientato alla ricerca di lampade a sospensione Ideal Lux per abitazioni, locali commerciali e spazi professionali.</p>","Ideal Lux Citrus-3 sp1: lampada a sospensione da interno in legno, ideale per living e spazi contract. Scopri finiture, misure e varianti e acquista online."
"IL-CONFIG-171","<p>Ideal Lux Clio msp1 è una lampada a sospensione per esterni: una sospensione per esterno dal segno essenziale, adatta a punti luce protetti. La struttura è realizzata in alluminio e metallo. La gamma comprende 4 varianti selezionabili, nelle finiture antracite, bianco, grigio e nero, con misure Ø 90 × H min 295 / max 1005 mm. La sorgente è definita da: attacco E27; numero di luci 1; potenza E27 max1 x 42W; non dimmerabile secondo i dati di catalogo; lampadina non indicata come inclusa. Tra le combinazioni selezionabili figurano Clio msp1 – Antracite, Clio msp1 – Bianco, Clio msp1 – Grigio e Clio msp1 – Nero. La protezione indicata per le varianti è IP44; la sospensione è indicata per porticati, pergole, ingressi coperti e dehors. Dimensioni, altezza regolabile, finitura, sorgente e potenza permettono di scegliere la configurazione più coerente con arredo, volume dell’ambiente e resa luminosa desiderata.</p>","<p>Ideal Lux Clio msp1 è una lampada a sospensione per esterni pensata per chi desidera una sospensione per esterno dal segno essenziale, adatta a punti luce protetti. Il corpo illuminante scende dal soffitto e trasforma la luce in un elemento d’arredo, utile per definire una zona, sottolineare un piano o dare identità al volume dell’ambiente senza occupare superfici. La composizione in alluminio e metallo caratterizza la percezione del modello e permette di inserirlo in progetti residenziali e, dove appropriato, in spazi contract o hospitality.</p><p>La scelta della variante deve partire dalle caratteristiche reali del prodotto. La gamma comprende 4 varianti selezionabili, nelle finiture antracite, bianco, grigio e nero, con misure Ø 90 × H min 295 / max 1005 mm. La sorgente è definita da: attacco E27; numero di luci 1; potenza E27 max1 x 42W; non dimmerabile secondo i dati di catalogo; lampadina non indicata come inclusa. Misura e altezza di sospensione incidono direttamente sull’effetto finale: un modello regolato più vicino al piano concentra l’attenzione su tavolo o bancone, mentre una discesa più ampia valorizza soffitti alti e composizioni scenografiche. La scheda Ideal Lux aggiunge questi dettagli costruttivi: Articolo componibile con montatura in alluminio estruso e tornito, rifinito con vernici a polveri di colore antracite, bianco, nero e coffee. Diffusore in materiale plastico bianco opaco. Le configurazioni presenti a catalogo comprendono Clio msp1 – Antracite, Clio msp1 – Bianco, Clio msp1 – Grigio e Clio msp1 – Nero.</p><p>Come sospensione per esterni, Ideal Lux Clio msp1 trova impiego coerente in porticati, pergole, ingressi coperti e dehors, dove sia presente un punto luce sospeso e protetto. Le varianti riportano protezione IP44; il dato è utile per il progetto esterno, ma l’installazione deve rispettare scheda tecnica, condizioni di esposizione e prescrizioni elettriche applicabili. Per aree vicino a piscine, vialetti o parcheggi una sospensione non sostituisce apparecchi da immersione, calpestabili o segnapasso: può invece illuminare pergolati, coperture o zone ristoro adiacenti quando prevista e posata correttamente.</p><p>Scegliere Ideal Lux Clio msp1 significa confrontare finiture, dimensioni, numero di luci, sorgente o attacco, potenza e possibilità di dimmerazione prima dell’acquisto. Una sospensione ben dimensionata migliora la qualità della luce, valorizza arredi e materiali e contribuisce alla percezione dell’intero progetto. Questa scheda ecommerce riunisce le informazioni tecniche e d’uso utili a individuare la configurazione più adatta, con un testo orientato alla ricerca di lampade a sospensione Ideal Lux per abitazioni, locali commerciali e spazi professionali.</p>","Ideal Lux Clio msp1: lampada a sospensione per esterni in alluminio, ideale per terrazze, porticati e dehors. Acquista online la configurazione più adatta."
"IL-CONFIG-172","<p>Ideal Lux Clown sp8 è una lampada a sospensione per interni: una sospensione decorativa di forte presenza, progettata per diventare protagonista dello spazio. La struttura è realizzata in metallo e vetro. La gamma comprende una configurazione disponibile, nelle finiture color, con misure Ø 500 × H min 490 / max 1030 mm. La sorgente è definita da: attacco G9; numero di luci 8; potenza G9 max 8 x 28W; non dimmerabile secondo i dati di catalogo; sorgente o lampadina inclusa. La sospensione è indicata per saloni, soggiorni ampi, vani scala, hall, boutique e sale ristorante. L’installazione è pensata per ambienti interni e va definita in base all’altezza disponibile e al progetto luce. Dimensioni, altezza regolabile, finitura, sorgente e potenza permettono di scegliere la configurazione più coerente con arredo, volume dell’ambiente e resa luminosa desiderata.</p>","<p>Ideal Lux Clown sp8 è una lampada a sospensione per interni pensata per chi desidera una sospensione decorativa di forte presenza, progettata per diventare protagonista dello spazio. Il corpo illuminante scende dal soffitto e trasforma la luce in un elemento d’arredo, utile per definire una zona, sottolineare un piano o dare identità al volume dell’ambiente senza occupare superfici. La composizione in metallo e vetro caratterizza la percezione del modello e permette di inserirlo in progetti residenziali e, dove appropriato, in spazi contract o hospitality.</p><p>La scelta della variante deve partire dalle caratteristiche reali del prodotto. La gamma comprende una configurazione disponibile, nelle finiture color, con misure Ø 500 × H min 490 / max 1030 mm. La sorgente è definita da: attacco G9; numero di luci 8; potenza G9 max 8 x 28W; non dimmerabile secondo i dati di catalogo; sorgente o lampadina inclusa. Misura e altezza di sospensione incidono direttamente sull’effetto finale: un modello regolato più vicino al piano concentra l’attenzione su tavolo o bancone, mentre una discesa più ampia valorizza soffitti alti e composizioni scenografiche.</p><p>Per dimensioni e presenza decorativa, Ideal Lux Clown sp8 si presta a saloni, soggiorni ampi, vani scala, hall, boutique e sale ristorante. In casa può diventare il fulcro del soggiorno, della sala da pranzo o di un vano scala ampio; nel contract valorizza hall, lounge, sale ristorante, boutique e aree accoglienza alberghiere. In camere o ambienti contenuti occorre controllare con precisione l’ingombro. In bagno, come per ogni sospensione da interno, l’installazione è valutabile solo in posizioni compatibili con requisiti tecnici e zone elettriche previste.</p><p>Scegliere Ideal Lux Clown sp8 significa confrontare finiture, dimensioni, numero di luci, sorgente o attacco, potenza e possibilità di dimmerazione prima dell’acquisto. Una sospensione ben dimensionata migliora la qualità della luce, valorizza arredi e materiali e contribuisce alla percezione dell’intero progetto. Questa scheda ecommerce riunisce le informazioni tecniche e d’uso utili a individuare la configurazione più adatta, con un testo orientato alla ricerca di lampade a sospensione Ideal Lux per abitazioni, locali commerciali e spazi professionali.</p>","Ideal Lux Clown sp8: sospensione per interni in metallo e vetro per illuminare salone, living e hall. Scopri finiture, misure e varianti e acquista online."
"IL-CONFIG-173","<p>Ideal Lux Cocktail led sp è una lampada a sospensione per interni: una sospensione contemporanea dalla lettura pulita e luminosa. La struttura è realizzata in metallo e vetro. La gamma comprende 3 varianti selezionabili, nelle finiture ambra, fumè e trasparente, con misure Ø 150 × H min 560 / max 2510 mm e Ø 150 × H min 5630 / max 2510 mm. La sorgente è definita da: sorgente LED; numero di luci 1; potenza LED 7W; non dimmerabile secondo i dati di catalogo; sorgente o lampadina inclusa. Tra le combinazioni selezionabili figurano Cocktail led sp – Ambra, Cocktail led sp – Fumé e Cocktail led sp – Trasparente. La sospensione è indicata per living moderni, cucine, sale riunione, showroom e ambienti contract. L’installazione è pensata per ambienti interni e va definita in base all’altezza disponibile e al progetto luce. Dimensioni, altezza regolabile, finitura, sorgente e potenza permettono di scegliere la configurazione più coerente con arredo, volume dell’ambiente e resa luminosa desiderata.</p>","<p>Ideal Lux Cocktail led sp è una lampada a sospensione per interni pensata per chi desidera una sospensione contemporanea dalla lettura pulita e luminosa. Il corpo illuminante scende dal soffitto e trasforma la luce in un elemento d’arredo, utile per definire una zona, sottolineare un piano o dare identità al volume dell’ambiente senza occupare superfici. La composizione in metallo e vetro caratterizza la percezione del modello e permette di inserirlo in progetti residenziali e, dove appropriato, in spazi contract o hospitality.</p><p>La scelta della variante deve partire dalle caratteristiche reali del prodotto. La gamma comprende 3 varianti selezionabili, nelle finiture ambra, fumè e trasparente, con misure Ø 150 × H min 560 / max 2510 mm e Ø 150 × H min 5630 / max 2510 mm. La sorgente è definita da: sorgente LED; numero di luci 1; potenza LED 7W; non dimmerabile secondo i dati di catalogo; sorgente o lampadina inclusa. Misura e altezza di sospensione incidono direttamente sull’effetto finale: un modello regolato più vicino al piano concentra l’attenzione su tavolo o bancone, mentre una discesa più ampia valorizza soffitti alti e composizioni scenografiche. Le configurazioni presenti a catalogo comprendono Cocktail led sp – Ambra, Cocktail led sp – Fumé e Cocktail led sp – Trasparente.</p><p>La versatilità del modello favorisce l’utilizzo in living moderni, cucine, sale riunione, showroom e ambienti contract. In soggiorno e zona living la sospensione crea un punto focale; in cucina può illuminare isola o penisola quando dimensioni e quota sono proporzionate; in camera da letto aggiunge una componente decorativa e funzionale. In locali commerciali è adatta a tavoli di ristoranti e bistrot, lounge, vetrine interne o aree accoglienza. Per corridoio, cameretta e bagno è opportuno valutare ingombro, altezza e compatibilità tecnica con lo spazio.</p><p>Scegliere Ideal Lux Cocktail led sp significa confrontare finiture, dimensioni, numero di luci, sorgente o attacco, potenza e possibilità di dimmerazione prima dell’acquisto. Una sospensione ben dimensionata migliora la qualità della luce, valorizza arredi e materiali e contribuisce alla percezione dell’intero progetto. Questa scheda ecommerce riunisce le informazioni tecniche e d’uso utili a individuare la configurazione più adatta, con un testo orientato alla ricerca di lampade a sospensione Ideal Lux per abitazioni, locali commerciali e spazi professionali.</p>","Ideal Lux Cocktail led sp: sospensione per interni in metallo per illuminare living e spazi contract. Scopri finiture, misure e varianti e acquista online."
"IL-CONFIG-174","<p>Ideal Lux Cocktail sp1 big è una lampada a sospensione per interni: una sospensione compatta adatta sia come punto luce singolo sia in composizioni multiple. La struttura è realizzata in vetro. La gamma comprende 2 varianti selezionabili, nelle finiture bianco, con misure Ø 350 × H min 685 / max 2480 mm e Ø 200 × H min 510 / max 2260 mm. La sorgente è definita da: attacco E27 e attacco E14; numero di luci 1; potenza E27 max 1 x 60W e E14 max 1 x 40W; non dimmerabile secondo i dati di catalogo; lampadina non indicata come inclusa. Tra le combinazioni selezionabili figurano Cocktail sp1 big – Diametro – 35cm e Cocktail sp1 small – Diametro – 20cm. La sospensione è indicata per penisole, comodini a sospensione, corridoi, banconi bar e piccoli tavoli. L’installazione è pensata per ambienti interni e va definita in base all’altezza disponibile e al progetto luce. Dimensioni, altezza regolabile, finitura, sorgente e potenza permettono di scegliere la configurazione più coerente con arredo, volume dell’ambiente e resa luminosa desiderata.</p>","<p>Ideal Lux Cocktail sp1 big è una lampada a sospensione per interni pensata per chi desidera una sospensione compatta adatta sia come punto luce singolo sia in composizioni multiple. Il corpo illuminante scende dal soffitto e trasforma la luce in un elemento d’arredo, utile per definire una zona, sottolineare un piano o dare identità al volume dell’ambiente senza occupare superfici. La composizione in vetro caratterizza la percezione del modello e permette di inserirlo in progetti residenziali e, dove appropriato, in spazi contract o hospitality.</p><p>La scelta della variante deve partire dalle caratteristiche reali del prodotto. La gamma comprende 2 varianti selezionabili, nelle finiture bianco, con misure Ø 350 × H min 685 / max 2480 mm e Ø 200 × H min 510 / max 2260 mm. La sorgente è definita da: attacco E27 e attacco E14; numero di luci 1; potenza E27 max 1 x 60W e E14 max 1 x 40W; non dimmerabile secondo i dati di catalogo; lampadina non indicata come inclusa. Misura e altezza di sospensione incidono direttamente sull’effetto finale: un modello regolato più vicino al piano concentra l’attenzione su tavolo o bancone, mentre una discesa più ampia valorizza soffitti alti e composizioni scenografiche. La scheda Ideal Lux aggiunge questi dettagli costruttivi: Rosone in metallo verniciato a polveri. Diffusore in vetro soffiato: bianco acidato per versione a lampadina, trasparente con parte superiore in metallo per versione a led integrato. Cavo in pvc. Le configurazioni presenti a catalogo comprendono Cocktail sp1 big – Diametro – 35cm e Cocktail sp1 small – Diametro – 20cm.</p><p>Il formato compatto rende Ideal Lux Cocktail sp1 big particolarmente utile in penisole, comodini a sospensione, corridoi, banconi bar e piccoli tavoli. Una singola sospensione può illuminare un tavolino, un angolo lettura o una zona comodino; più elementi coordinati possono comporre un ritmo sopra penisole, banconi o percorsi. È una soluzione interessante anche per bistrot e negozi che ricercano piccoli punti luce ripetuti. Per l’uso in bagno è necessario verificare protezione, posizione e distanze previste dalle norme.</p><p>Scegliere Ideal Lux Cocktail sp1 big significa confrontare finiture, dimensioni, numero di luci, sorgente o attacco, potenza e possibilità di dimmerazione prima dell’acquisto. Una sospensione ben dimensionata migliora la qualità della luce, valorizza arredi e materiali e contribuisce alla percezione dell’intero progetto. Questa scheda ecommerce riunisce le informazioni tecniche e d’uso utili a individuare la configurazione più adatta, con un testo orientato alla ricerca di lampade a sospensione Ideal Lux per abitazioni, locali commerciali e spazi professionali.</p>","Ideal Lux Cocktail sp1 big: sospensione per interni in vetro per illuminare living e spazi contract. Scopri finiture, misure e varianti e acquista online."
"IL-CONFIG-175","<p>Ideal Lux Coco-1 sp è una lampada a sospensione per interni: una sospensione compatta adatta sia come punto luce singolo sia in composizioni multiple. La struttura è realizzata in metallo e vetro. La gamma comprende una configurazione disponibile, nelle finiture fumè, con misure Ø 150 × H min 480 / max 2250 mm. La sorgente è definita da: sorgente LED; numero di luci 1; potenza LED 7W; non dimmerabile secondo i dati di catalogo; sorgente o lampadina inclusa. La sospensione è indicata per penisole, comodini a sospensione, corridoi, banconi bar e piccoli tavoli. L’installazione è pensata per ambienti interni e va definita in base all’altezza disponibile e al progetto luce. Dimensioni, altezza regolabile, finitura, sorgente e potenza permettono di scegliere la configurazione più coerente con arredo, volume dell’ambiente e resa luminosa desiderata.</p>","<p>Ideal Lux Coco-1 sp è una lampada a sospensione per interni pensata per chi desidera una sospensione compatta adatta sia come punto luce singolo sia in composizioni multiple. Il corpo illuminante scende dal soffitto e trasforma la luce in un elemento d’arredo, utile per definire una zona, sottolineare un piano o dare identità al volume dell’ambiente senza occupare superfici. La composizione in metallo e vetro caratterizza la percezione del modello e permette di inserirlo in progetti residenziali e, dove appropriato, in spazi contract o hospitality.</p><p>La scelta della variante deve partire dalle caratteristiche reali del prodotto. La gamma comprende una configurazione disponibile, nelle finiture fumè, con misure Ø 150 × H min 480 / max 2250 mm. La sorgente è definita da: sorgente LED; numero di luci 1; potenza LED 7W; non dimmerabile secondo i dati di catalogo; sorgente o lampadina inclusa. Misura e altezza di sospensione incidono direttamente sull’effetto finale: un modello regolato più vicino al piano concentra l’attenzione su tavolo o bancone, mentre una discesa più ampia valorizza soffitti alti e composizioni scenografiche.</p><p>Il formato compatto rende Ideal Lux Coco-1 sp particolarmente utile in penisole, comodini a sospensione, corridoi, banconi bar e piccoli tavoli. Una singola sospensione può illuminare un tavolino, un angolo lettura o una zona comodino; più elementi coordinati possono comporre un ritmo sopra penisole, banconi o percorsi. È una soluzione interessante anche per bistrot e negozi che ricercano piccoli punti luce ripetuti. Per l’uso in bagno è necessario verificare protezione, posizione e distanze previste dalle norme.</p><p>Scegliere Ideal Lux Coco-1 sp significa confrontare finiture, dimensioni, numero di luci, sorgente o attacco, potenza e possibilità di dimmerazione prima dell’acquisto. Una sospensione ben dimensionata migliora la qualità della luce, valorizza arredi e materiali e contribuisce alla percezione dell’intero progetto. Questa scheda ecommerce riunisce le informazioni tecniche e d’uso utili a individuare la configurazione più adatta, con un testo orientato alla ricerca di lampade a sospensione Ideal Lux per abitazioni, locali commerciali e spazi professionali.</p>","Ideal Lux Coco-1 sp: lampada a sospensione per interni in metallo e vetro, ideale per living e spazi contract. Scegli la variante ideale e acquista online."
"IL-CONFIG-176","<p>Ideal Lux Coco-2 sp è una lampada a sospensione per interni: una sospensione compatta adatta sia come punto luce singolo sia in composizioni multiple. La struttura è realizzata in metallo e vetro. La gamma comprende una configurazione disponibile, nelle finiture fumè, con misure Ø 140 × H min 585 / max 2350 mm. La sorgente è definita da: sorgente LED; numero di luci 1; potenza LED 7W; non dimmerabile secondo i dati di catalogo; sorgente o lampadina inclusa. La sospensione è indicata per penisole, comodini a sospensione, corridoi, banconi bar e piccoli tavoli. L’installazione è pensata per ambienti interni e va definita in base all’altezza disponibile e al progetto luce. Dimensioni, altezza regolabile, finitura, sorgente e potenza permettono di scegliere la configurazione più coerente con arredo, volume dell’ambiente e resa luminosa desiderata.</p>","<p>Ideal Lux Coco-2 sp è una lampada a sospensione per interni pensata per chi desidera una sospensione compatta adatta sia come punto luce singolo sia in composizioni multiple. Il corpo illuminante scende dal soffitto e trasforma la luce in un elemento d’arredo, utile per definire una zona, sottolineare un piano o dare identità al volume dell’ambiente senza occupare superfici. La composizione in metallo e vetro caratterizza la percezione del modello e permette di inserirlo in progetti residenziali e, dove appropriato, in spazi contract o hospitality.</p><p>La scelta della variante deve partire dalle caratteristiche reali del prodotto. La gamma comprende una configurazione disponibile, nelle finiture fumè, con misure Ø 140 × H min 585 / max 2350 mm. La sorgente è definita da: sorgente LED; numero di luci 1; potenza LED 7W; non dimmerabile secondo i dati di catalogo; sorgente o lampadina inclusa. Misura e altezza di sospensione incidono direttamente sull’effetto finale: un modello regolato più vicino al piano concentra l’attenzione su tavolo o bancone, mentre una discesa più ampia valorizza soffitti alti e composizioni scenografiche.</p><p>Il formato compatto rende Ideal Lux Coco-2 sp particolarmente utile in penisole, comodini a sospensione, corridoi, banconi bar e piccoli tavoli. Una singola sospensione può illuminare un tavolino, un angolo lettura o una zona comodino; più elementi coordinati possono comporre un ritmo sopra penisole, banconi o percorsi. È una soluzione interessante anche per bistrot e negozi che ricercano piccoli punti luce ripetuti. Per l’uso in bagno è necessario verificare protezione, posizione e distanze previste dalle norme.</p><p>Scegliere Ideal Lux Coco-2 sp significa confrontare finiture, dimensioni, numero di luci, sorgente o attacco, potenza e possibilità di dimmerazione prima dell’acquisto. Una sospensione ben dimensionata migliora la qualità della luce, valorizza arredi e materiali e contribuisce alla percezione dell’intero progetto. Questa scheda ecommerce riunisce le informazioni tecniche e d’uso utili a individuare la configurazione più adatta, con un testo orientato alla ricerca di lampade a sospensione Ideal Lux per abitazioni, locali commerciali e spazi professionali.</p>","Ideal Lux Coco-2 sp: lampada a sospensione per interni in metallo e vetro, ideale per living e spazi contract. Scegli la variante ideale e acquista online."
"IL-CONFIG-177","<p>Ideal Lux Coco-3 sp è una lampada a sospensione per interni: una sospensione compatta adatta sia come punto luce singolo sia in composizioni multiple. La struttura è realizzata in metallo e vetro. La gamma comprende una configurazione disponibile, nelle finiture fumè, con misure Ø 150 × H min 500 / max 2270 mm. La sorgente è definita da: sorgente LED; numero di luci 1; potenza LED 7W; non dimmerabile secondo i dati di catalogo; sorgente o lampadina inclusa. La sospensione è indicata per penisole, comodini a sospensione, corridoi, banconi bar e piccoli tavoli. L’installazione è pensata per ambienti interni e va definita in base all’altezza disponibile e al progetto luce. Dimensioni, altezza regolabile, finitura, sorgente e potenza permettono di scegliere la configurazione più coerente con arredo, volume dell’ambiente e resa luminosa desiderata.</p>","<p>Ideal Lux Coco-3 sp è una lampada a sospensione per interni pensata per chi desidera una sospensione compatta adatta sia come punto luce singolo sia in composizioni multiple. Il corpo illuminante scende dal soffitto e trasforma la luce in un elemento d’arredo, utile per definire una zona, sottolineare un piano o dare identità al volume dell’ambiente senza occupare superfici. La composizione in metallo e vetro caratterizza la percezione del modello e permette di inserirlo in progetti residenziali e, dove appropriato, in spazi contract o hospitality.</p><p>La scelta della variante deve partire dalle caratteristiche reali del prodotto. La gamma comprende una configurazione disponibile, nelle finiture fumè, con misure Ø 150 × H min 500 / max 2270 mm. La sorgente è definita da: sorgente LED; numero di luci 1; potenza LED 7W; non dimmerabile secondo i dati di catalogo; sorgente o lampadina inclusa. Misura e altezza di sospensione incidono direttamente sull’effetto finale: un modello regolato più vicino al piano concentra l’attenzione su tavolo o bancone, mentre una discesa più ampia valorizza soffitti alti e composizioni scenografiche.</p><p>Il formato compatto rende Ideal Lux Coco-3 sp particolarmente utile in penisole, comodini a sospensione, corridoi, banconi bar e piccoli tavoli. Una singola sospensione può illuminare un tavolino, un angolo lettura o una zona comodino; più elementi coordinati possono comporre un ritmo sopra penisole, banconi o percorsi. È una soluzione interessante anche per bistrot e negozi che ricercano piccoli punti luce ripetuti. Per l’uso in bagno è necessario verificare protezione, posizione e distanze previste dalle norme.</p><p>Scegliere Ideal Lux Coco-3 sp significa confrontare finiture, dimensioni, numero di luci, sorgente o attacco, potenza e possibilità di dimmerazione prima dell’acquisto. Una sospensione ben dimensionata migliora la qualità della luce, valorizza arredi e materiali e contribuisce alla percezione dell’intero progetto. Questa scheda ecommerce riunisce le informazioni tecniche e d’uso utili a individuare la configurazione più adatta, con un testo orientato alla ricerca di lampade a sospensione Ideal Lux per abitazioni, locali commerciali e spazi professionali.</p>","Ideal Lux Coco-3 sp: lampada a sospensione per interni in metallo e vetro, ideale per living e spazi contract. Scegli la variante ideale e acquista online."
"IL-CONFIG-178","<p>Ideal Lux Colossal sp15 è una lampada a sospensione per interni: una sospensione decorativa di forte presenza, progettata per diventare protagonista dello spazio. La struttura è realizzata in cristallo, metallo e vetro. La gamma comprende 2 varianti selezionabili, nelle finiture grigio e trasparente, con misure Ø 950 × H min 1000 / max 2710 mm. La sorgente è definita da: attacco E14; numero di luci 15; potenza E14 max 15 x 40W; non dimmerabile secondo i dati di catalogo; lampadina non indicata come inclusa. Tra le combinazioni selezionabili figurano Colossal sp15 – Grigio e Colossal sp15 – Trasparente. La sospensione è indicata per saloni, soggiorni ampi, vani scala, hall, boutique e sale ristorante. L’installazione è pensata per ambienti interni e va definita in base all’altezza disponibile e al progetto luce. Dimensioni, altezza regolabile, finitura, sorgente e potenza permettono di scegliere la configurazione più coerente con arredo, volume dell’ambiente e resa luminosa desiderata.</p>","<p>Ideal Lux Colossal sp15 è una lampada a sospensione per interni pensata per chi desidera una sospensione decorativa di forte presenza, progettata per diventare protagonista dello spazio. Il corpo illuminante scende dal soffitto e trasforma la luce in un elemento d’arredo, utile per definire una zona, sottolineare un piano o dare identità al volume dell’ambiente senza occupare superfici. La composizione in cristallo, metallo e vetro caratterizza la percezione del modello e permette di inserirlo in progetti residenziali e, dove appropriato, in spazi contract o hospitality.</p><p>La scelta della variante deve partire dalle caratteristiche reali del prodotto. La gamma comprende 2 varianti selezionabili, nelle finiture grigio e trasparente, con misure Ø 950 × H min 1000 / max 2710 mm. La sorgente è definita da: attacco E14; numero di luci 15; potenza E14 max 15 x 40W; non dimmerabile secondo i dati di catalogo; lampadina non indicata come inclusa. Misura e altezza di sospensione incidono direttamente sull’effetto finale: un modello regolato più vicino al piano concentra l’attenzione su tavolo o bancone, mentre una discesa più ampia valorizza soffitti alti e composizioni scenografiche. La scheda Ideal Lux aggiunge questi dettagli costruttivi: Montatura e dettagli in metallo cromato. Bracci in vetro soffiato trasparente o con interno di colore grigio o bianco avorio. Pendagli ed elementi decorativi in vetro trasparente e cristallo molato. Copricatena in velluto. Le configurazioni presenti a catalogo comprendono Colossal sp15 – Grigio e Colossal sp15 – Trasparente.</p><p>Per dimensioni e presenza decorativa, Ideal Lux Colossal sp15 si presta a saloni, soggiorni ampi, vani scala, hall, boutique e sale ristorante. In casa può diventare il fulcro del soggiorno, della sala da pranzo o di un vano scala ampio; nel contract valorizza hall, lounge, sale ristorante, boutique e aree accoglienza alberghiere. In camere o ambienti contenuti occorre controllare con precisione l’ingombro. In bagno, come per ogni sospensione da interno, l’installazione è valutabile solo in posizioni compatibili con requisiti tecnici e zone elettriche previste.</p><p>Scegliere Ideal Lux Colossal sp15 significa confrontare finiture, dimensioni, numero di luci, sorgente o attacco, potenza e possibilità di dimmerazione prima dell’acquisto. Una sospensione ben dimensionata migliora la qualità della luce, valorizza arredi e materiali e contribuisce alla percezione dell’intero progetto. Questa scheda ecommerce riunisce le informazioni tecniche e d’uso utili a individuare la configurazione più adatta, con un testo orientato alla ricerca di lampade a sospensione Ideal Lux per abitazioni, locali commerciali e spazi professionali.</p>","Ideal Lux Colossal sp15: sospensione per interni in cristallo e metallo per illuminare salone, living e hall. Acquista online la configurazione più adatta."
"IL-CONFIG-179","<p>Ideal Lux Cono sp1 è una lampada a sospensione per interni: una sospensione compatta adatta sia come punto luce singolo sia in composizioni multiple. La struttura è realizzata in metallo e vetro. La gamma comprende 3 varianti selezionabili, nelle finiture cromo, nickel e ottone, con misure Ø 150 × H min 500 / max 2333 mm. La sorgente è definita da: attacco GU10; numero di luci 1; potenza GU10 max 1 x 28W; non dimmerabile secondo i dati di catalogo; sorgente o lampadina inclusa. Tra le combinazioni selezionabili figurano Cono sp1 – Cromo, Cono sp1 – Nichel e Cono sp1 – Ottone. La sospensione è indicata per penisole, comodini a sospensione, corridoi, banconi bar e piccoli tavoli. L’installazione è pensata per ambienti interni e va definita in base all’altezza disponibile e al progetto luce. Dimensioni, altezza regolabile, finitura, sorgente e potenza permettono di scegliere la configurazione più coerente con arredo, volume dell’ambiente e resa luminosa desiderata.</p>","<p>Ideal Lux Cono sp1 è una lampada a sospensione per interni pensata per chi desidera una sospensione compatta adatta sia come punto luce singolo sia in composizioni multiple. Il corpo illuminante scende dal soffitto e trasforma la luce in un elemento d’arredo, utile per definire una zona, sottolineare un piano o dare identità al volume dell’ambiente senza occupare superfici. La composizione in metallo e vetro caratterizza la percezione del modello e permette di inserirlo in progetti residenziali e, dove appropriato, in spazi contract o hospitality.</p><p>La scelta della variante deve partire dalle caratteristiche reali del prodotto. La gamma comprende 3 varianti selezionabili, nelle finiture cromo, nickel e ottone, con misure Ø 150 × H min 500 / max 2333 mm. La sorgente è definita da: attacco GU10; numero di luci 1; potenza GU10 max 1 x 28W; non dimmerabile secondo i dati di catalogo; sorgente o lampadina inclusa. Misura e altezza di sospensione incidono direttamente sull’effetto finale: un modello regolato più vicino al piano concentra l’attenzione su tavolo o bancone, mentre una discesa più ampia valorizza soffitti alti e composizioni scenografiche. La scheda Ideal Lux aggiunge questi dettagli costruttivi: Rosone e montatura in metallo placcato. Diffusore in vetro soffiato trasparente. Cavo in pvc. Colori: Cromo con diffusore smerigliato, nickel o ottone. Le configurazioni presenti a catalogo comprendono Cono sp1 – Cromo, Cono sp1 – Nichel e Cono sp1 – Ottone.</p><p>Il formato compatto rende Ideal Lux Cono sp1 particolarmente utile in penisole, comodini a sospensione, corridoi, banconi bar e piccoli tavoli. Una singola sospensione può illuminare un tavolino, un angolo lettura o una zona comodino; più elementi coordinati possono comporre un ritmo sopra penisole, banconi o percorsi. È una soluzione interessante anche per bistrot e negozi che ricercano piccoli punti luce ripetuti. Per l’uso in bagno è necessario verificare protezione, posizione e distanze previste dalle norme.</p><p>Scegliere Ideal Lux Cono sp1 significa confrontare finiture, dimensioni, numero di luci, sorgente o attacco, potenza e possibilità di dimmerazione prima dell’acquisto. Una sospensione ben dimensionata migliora la qualità della luce, valorizza arredi e materiali e contribuisce alla percezione dell’intero progetto. Questa scheda ecommerce riunisce le informazioni tecniche e d’uso utili a individuare la configurazione più adatta, con un testo orientato alla ricerca di lampade a sospensione Ideal Lux per abitazioni, locali commerciali e spazi professionali.</p>","Ideal Lux Cono sp1: lampada a sospensione per interni in metallo, ideale per living e spazi contract. Scopri finiture, misure e varianti e acquista online."
"IL-CONFIG-180","<p>Ideal Lux Copernico sp12 è una lampada a sospensione per interni: una sospensione decorativa di forte presenza, progettata per diventare protagonista dello spazio. La struttura è realizzata in metallo e vetro. La gamma comprende 2 varianti selezionabili, nelle finiture nero, con misure Ø 710 × H min 840 / max 1725 mm e Ø 860 × H min 1140 / max 2025 mm. La sorgente è definita da: attacco G9; numero di luci 12 e 20; potenza G9 max 12 x 4W e G9 max 20 x 4W; non dimmerabile secondo i dati di catalogo; sorgente o lampadina inclusa. Tra le combinazioni selezionabili figurano Copernico sp12 – 12 Sorgenti Luminose e Copernico sp20 – 20 Sorgenti Luminose. La sospensione è indicata per saloni, soggiorni ampi, vani scala, hall, boutique e sale ristorante. L’installazione è pensata per ambienti interni e va definita in base all’altezza disponibile e al progetto luce. Dimensioni, altezza regolabile, finitura, sorgente e potenza permettono di scegliere la configurazione più coerente con arredo, volume dell’ambiente e resa luminosa desiderata.</p>","<p>Ideal Lux Copernico sp12 è una lampada a sospensione per interni pensata per chi desidera una sospensione decorativa di forte presenza, progettata per diventare protagonista dello spazio. Il corpo illuminante scende dal soffitto e trasforma la luce in un elemento d’arredo, utile per definire una zona, sottolineare un piano o dare identità al volume dell’ambiente senza occupare superfici. La composizione in metallo e vetro caratterizza la percezione del modello e permette di inserirlo in progetti residenziali e, dove appropriato, in spazi contract o hospitality.</p><p>La scelta della variante deve partire dalle caratteristiche reali del prodotto. La gamma comprende 2 varianti selezionabili, nelle finiture nero, con misure Ø 710 × H min 840 / max 1725 mm e Ø 860 × H min 1140 / max 2025 mm. La sorgente è definita da: attacco G9; numero di luci 12 e 20; potenza G9 max 12 x 4W e G9 max 20 x 4W; non dimmerabile secondo i dati di catalogo; sorgente o lampadina inclusa. Misura e altezza di sospensione incidono direttamente sull’effetto finale: un modello regolato più vicino al piano concentra l’attenzione su tavolo o bancone, mentre una discesa più ampia valorizza soffitti alti e composizioni scenografiche. La scheda Ideal Lux aggiunge questi dettagli costruttivi: Montatura in metallo verniciato bianco o nero opaco con dettagli in ottone. Diffusori in vetro incamiciato bianco soffiato e acidato. Le configurazioni presenti a catalogo comprendono Copernico sp12 – 12 Sorgenti Luminose e Copernico sp20 – 20 Sorgenti Luminose.</p><p>Per dimensioni e presenza decorativa, Ideal Lux Copernico sp12 si presta a saloni, soggiorni ampi, vani scala, hall, boutique e sale ristorante. In casa può diventare il fulcro del soggiorno, della sala da pranzo o di un vano scala ampio; nel contract valorizza hall, lounge, sale ristorante, boutique e aree accoglienza alberghiere. In camere o ambienti contenuti occorre controllare con precisione l’ingombro. In bagno, come per ogni sospensione da interno, l’installazione è valutabile solo in posizioni compatibili con requisiti tecnici e zone elettriche previste.</p><p>Scegliere Ideal Lux Copernico sp12 significa confrontare finiture, dimensioni, numero di luci, sorgente o attacco, potenza e possibilità di dimmerazione prima dell’acquisto. Una sospensione ben dimensionata migliora la qualità della luce, valorizza arredi e materiali e contribuisce alla percezione dell’intero progetto. Questa scheda ecommerce riunisce le informazioni tecniche e d’uso utili a individuare la configurazione più adatta, con un testo orientato alla ricerca di lampade a sospensione Ideal Lux per abitazioni, locali commerciali e spazi professionali.</p>","Ideal Lux Copernico sp12: lampada a sospensione da interno in metallo e vetro, ideale per salone, living e hall. Scopri misure e varianti: acquista online."
"IL-CONFIG-181","<p>Ideal Lux Corte sp12 è una lampada a sospensione per interni: una sospensione decorativa di forte presenza, progettata per diventare protagonista dello spazio. La struttura è realizzata in metallo. La gamma comprende 6 varianti selezionabili, nelle finiture bianco e ruggine, con misure Ø 950 × H min 1075 / max 1900 mm, Ø 640 × H min 700 / max 1050 mm e Ø 800 × H min 795 / max 1150 mm. La sorgente è definita da: attacco E14; numero di luci 12, 5 e 8; potenza E14 max 12 x 40W, E14 max 5 x 40W e E14 max 8 x 40W; non dimmerabile secondo i dati di catalogo; lampadina non indicata come inclusa. Tra le combinazioni selezionabili figurano Corte sp12 – 12 Sorgenti Luminose – Bianco, Corte sp12 – 12 Sorgenti Luminose – Ruggine, Corte sp5 – 5 Sorgenti Luminose – Bianco, Corte sp5 – 5 Sorgenti Luminose – Ruggine, Corte sp8 – 8 Sorgenti Luminose – Bianco e altre 1 configurazioni. La sospensione è indicata per saloni, soggiorni ampi, vani scala, hall, boutique e sale ristorante. L’installazione è pensata per ambienti interni e va definita in base all’altezza disponibile e al progetto luce. Dimensioni, altezza regolabile, finitura, sorgente e potenza permettono di scegliere la configurazione più coerente con arredo, volume dell’ambiente e resa luminosa desiderata.</p>","<p>Ideal Lux Corte sp12 è una lampada a sospensione per interni pensata per chi desidera una sospensione decorativa di forte presenza, progettata per diventare protagonista dello spazio. Il corpo illuminante scende dal soffitto e trasforma la luce in un elemento d’arredo, utile per definire una zona, sottolineare un piano o dare identità al volume dell’ambiente senza occupare superfici. La composizione in metallo caratterizza la percezione del modello e permette di inserirlo in progetti residenziali e, dove appropriato, in spazi contract o hospitality.</p><p>La scelta della variante deve partire dalle caratteristiche reali del prodotto. La gamma comprende 6 varianti selezionabili, nelle finiture bianco e ruggine, con misure Ø 950 × H min 1075 / max 1900 mm, Ø 640 × H min 700 / max 1050 mm e Ø 800 × H min 795 / max 1150 mm. La sorgente è definita da: attacco E14; numero di luci 12, 5 e 8; potenza E14 max 12 x 40W, E14 max 5 x 40W e E14 max 8 x 40W; non dimmerabile secondo i dati di catalogo; lampadina non indicata come inclusa. Misura e altezza di sospensione incidono direttamente sull’effetto finale: un modello regolato più vicino al piano concentra l’attenzione su tavolo o bancone, mentre una discesa più ampia valorizza soffitti alti e composizioni scenografiche. La scheda Ideal Lux aggiunge questi dettagli costruttivi: Montatura completamente in metallo modellato con lavorazione artigianale. Finitura dipinta a mano con effetto antichizzato. Disponibile nella versione bianca o ruggine. Le configurazioni presenti a catalogo comprendono Corte sp12 – 12 Sorgenti Luminose – Bianco, Corte sp12 – 12 Sorgenti Luminose – Ruggine, Corte sp5 – 5 Sorgenti Luminose – Bianco, Corte sp5 – 5 Sorgenti Luminose – Ruggine, Corte sp8 – 8 Sorgenti Luminose – Bianco e Corte sp8 – 8 Sorgenti Luminose – Ruggine.</p><p>Per dimensioni e presenza decorativa, Ideal Lux Corte sp12 si presta a saloni, soggiorni ampi, vani scala, hall, boutique e sale ristorante. In casa può diventare il fulcro del soggiorno, della sala da pranzo o di un vano scala ampio; nel contract valorizza hall, lounge, sale ristorante, boutique e aree accoglienza alberghiere. In camere o ambienti contenuti occorre controllare con precisione l’ingombro. In bagno, come per ogni sospensione da interno, l’installazione è valutabile solo in posizioni compatibili con requisiti tecnici e zone elettriche previste.</p><p>Scegliere Ideal Lux Corte sp12 significa confrontare finiture, dimensioni, numero di luci, sorgente o attacco, potenza e possibilità di dimmerazione prima dell’acquisto. Una sospensione ben dimensionata migliora la qualità della luce, valorizza arredi e materiali e contribuisce alla percezione dell’intero progetto. Questa scheda ecommerce riunisce le informazioni tecniche e d’uso utili a individuare la configurazione più adatta, con un testo orientato alla ricerca di lampade a sospensione Ideal Lux per abitazioni, locali commerciali e spazi professionali.</p>","Ideal Lux Corte sp12: lampada a sospensione per interni in metallo, ideale per salone, living e hall. Scopri finiture, misure e varianti e acquista online."
"IL-CONFIG-182","<p>Ideal Lux Cotton sp1 è una lampada a sospensione per interni: una sospensione compatta adatta sia come punto luce singolo sia in composizioni multiple. La struttura è realizzata in alluminio, metallo e vetro. La gamma comprende 4 varianti selezionabili, nelle finiture bianco, con misure Ø 130 × H min 340 / max 2150 mm, Ø 300 × H min 455 / max 2230 mm, Ø 400 × H min 555 / max 2355 mm e Ø 500 × H min 640 / max 2435 mm. La sorgente è definita da: attacco G9 e attacco E27; numero di luci 1; potenza G9 max 1 x 4W e E27 max 1 x 42W; non dimmerabile secondo i dati di catalogo; lampadina inclusa in alcune varianti. Tra le combinazioni selezionabili figurano Cotton sp1 – Diametro – 13cm, Cotton sp1 – Diametro – 30cm, Cotton sp1 – Diametro – 40cm e Cotton sp1 – Diametro – 50cm. La sospensione è indicata per penisole, comodini a sospensione, corridoi, banconi bar e piccoli tavoli. L’installazione è pensata per ambienti interni e va definita in base all’altezza disponibile e al progetto luce. Dimensioni, altezza regolabile, finitura, sorgente e potenza permettono di scegliere la configurazione più coerente con arredo, volume dell’ambiente e resa luminosa desiderata.</p>","<p>Ideal Lux Cotton sp1 è una lampada a sospensione per interni pensata per chi desidera una sospensione compatta adatta sia come punto luce singolo sia in composizioni multiple. Il corpo illuminante scende dal soffitto e trasforma la luce in un elemento d’arredo, utile per definire una zona, sottolineare un piano o dare identità al volume dell’ambiente senza occupare superfici. La composizione in alluminio, metallo e vetro caratterizza la percezione del modello e permette di inserirlo in progetti residenziali e, dove appropriato, in spazi contract o hospitality.</p><p>La scelta della variante deve partire dalle caratteristiche reali del prodotto. La gamma comprende 4 varianti selezionabili, nelle finiture bianco, con misure Ø 130 × H min 340 / max 2150 mm, Ø 300 × H min 455 / max 2230 mm, Ø 400 × H min 555 / max 2355 mm e Ø 500 × H min 640 / max 2435 mm. La sorgente è definita da: attacco G9 e attacco E27; numero di luci 1; potenza G9 max 1 x 4W e E27 max 1 x 42W; non dimmerabile secondo i dati di catalogo; lampadina inclusa in alcune varianti. Misura e altezza di sospensione incidono direttamente sull’effetto finale: un modello regolato più vicino al piano concentra l’attenzione su tavolo o bancone, mentre una discesa più ampia valorizza soffitti alti e composizioni scenografiche. Le configurazioni presenti a catalogo comprendono Cotton sp1 – Diametro – 13cm, Cotton sp1 – Diametro – 30cm, Cotton sp1 – Diametro – 40cm e Cotton sp1 – Diametro – 50cm.</p><p>Il formato compatto rende Ideal Lux Cotton sp1 particolarmente utile in penisole, comodini a sospensione, corridoi, banconi bar e piccoli tavoli. Una singola sospensione può illuminare un tavolino, un angolo lettura o una zona comodino; più elementi coordinati possono comporre un ritmo sopra penisole, banconi o percorsi. È una soluzione interessante anche per bistrot e negozi che ricercano piccoli punti luce ripetuti. Per l’uso in bagno è necessario verificare protezione, posizione e distanze previste dalle norme.</p><p>Scegliere Ideal Lux Cotton sp1 significa confrontare finiture, dimensioni, numero di luci, sorgente o attacco, potenza e possibilità di dimmerazione prima dell’acquisto. Una sospensione ben dimensionata migliora la qualità della luce, valorizza arredi e materiali e contribuisce alla percezione dell’intero progetto. Questa scheda ecommerce riunisce le informazioni tecniche e d’uso utili a individuare la configurazione più adatta, con un testo orientato alla ricerca di lampade a sospensione Ideal Lux per abitazioni, locali commerciali e spazi professionali.</p>","Ideal Lux Cotton sp1: lampada a sospensione per interni in alluminio e metallo, ideale per living e spazi contract. Scopri la collezione e acquista online."
"IL-CONFIG-183","<p>Ideal Lux Craft sp è una lampada a sospensione per interni: una sospensione lineare che distribuisce la luce lungo superfici e percorsi visivi. La struttura è realizzata in legno, metallo e vetro. La gamma comprende una configurazione disponibile, nelle finiture legno, con misure L 1100 × H min 330 / max 2170 × P 80 mm. La sorgente è definita da: sorgente LED; numero di luci 1; potenza LED 32W; non dimmerabile secondo i dati di catalogo; sorgente o lampadina inclusa. La sospensione è indicata per tavoli da pranzo, isole cucina, banconi, reception e tavoli riunione. L’installazione è pensata per ambienti interni e va definita in base all’altezza disponibile e al progetto luce. Dimensioni, altezza regolabile, finitura, sorgente e potenza permettono di scegliere la configurazione più coerente con arredo, volume dell’ambiente e resa luminosa desiderata.</p>","<p>Ideal Lux Craft sp è una lampada a sospensione per interni pensata per chi desidera una sospensione lineare che distribuisce la luce lungo superfici e percorsi visivi. Il corpo illuminante scende dal soffitto e trasforma la luce in un elemento d’arredo, utile per definire una zona, sottolineare un piano o dare identità al volume dell’ambiente senza occupare superfici. La composizione in legno, metallo e vetro caratterizza la percezione del modello e permette di inserirlo in progetti residenziali e, dove appropriato, in spazi contract o hospitality.</p><p>La scelta della variante deve partire dalle caratteristiche reali del prodotto. La gamma comprende una configurazione disponibile, nelle finiture legno, con misure L 1100 × H min 330 / max 2170 × P 80 mm. La sorgente è definita da: sorgente LED; numero di luci 1; potenza LED 32W; non dimmerabile secondo i dati di catalogo; sorgente o lampadina inclusa. Misura e altezza di sospensione incidono direttamente sull’effetto finale: un modello regolato più vicino al piano concentra l’attenzione su tavolo o bancone, mentre una discesa più ampia valorizza soffitti alti e composizioni scenografiche.</p><p>La geometria lineare rende Ideal Lux Craft sp adatta a tavoli da pranzo, isole cucina, banconi, reception e tavoli riunione. In cucina può accompagnare isola o penisola, nella zona pranzo segue il tavolo, mentre in un open space aiuta a differenziare le aree funzionali. In ristoranti, bar, reception, sale meeting e showroom una sospensione lineare offre ordine visivo e un’illuminazione riconoscibile. Per corridoi, camere e camerette la scelta va rapportata allo spazio libero; per il bagno vanno sempre osservati i vincoli di installazione.</p><p>Scegliere Ideal Lux Craft sp significa confrontare finiture, dimensioni, numero di luci, sorgente o attacco, potenza e possibilità di dimmerazione prima dell’acquisto. Una sospensione ben dimensionata migliora la qualità della luce, valorizza arredi e materiali e contribuisce alla percezione dell’intero progetto. Questa scheda ecommerce riunisce le informazioni tecniche e d’uso utili a individuare la configurazione più adatta, con un testo orientato alla ricerca di lampade a sospensione Ideal Lux per abitazioni, locali commerciali e spazi professionali.</p>","Ideal Lux Craft sp: lampada a sospensione per interni in legno e metallo, ideale per tavolo, isola e bancone. Acquista online la configurazione più adatta."
"IL-CONFIG-184","<p>Ideal Lux Crown sp è una lampada a sospensione per interni: una sospensione compatta adatta sia come punto luce singolo sia in composizioni multiple. La struttura è realizzata in metallo e vetro. La gamma comprende 9 varianti selezionabili, nelle finiture bianco, nero e ottone, con misure Ø 400 × H min 300 / max 2050 mm, Ø 600 × H min 300 / max 2050 mm e Ø 800 × H min 300 / max 2050 mm. La sorgente è definita da: sorgente LED; numero di luci 1; potenza LED 21W, LED 31W e LED 43W; non dimmerabile secondo i dati di catalogo; sorgente o lampadina inclusa. Tra le combinazioni selezionabili figurano Crown sp – Bianco – Diametro – 40cm, Crown sp – Nero – Diametro – 40cm, Crown sp – Ottone – Diametro – 40cm, Crown sp – Bianco – Diametro – 60cm, Crown sp – Nero – Diametro – 60cm e altre 4 configurazioni. La sospensione è indicata per penisole, comodini a sospensione, corridoi, banconi bar e piccoli tavoli. L’installazione è pensata per ambienti interni e va definita in base all’altezza disponibile e al progetto luce. Dimensioni, altezza regolabile, finitura, sorgente e potenza permettono di scegliere la configurazione più coerente con arredo, volume dell’ambiente e resa luminosa desiderata.</p>","<p>Ideal Lux Crown sp è una lampada a sospensione per interni pensata per chi desidera una sospensione compatta adatta sia come punto luce singolo sia in composizioni multiple. Il corpo illuminante scende dal soffitto e trasforma la luce in un elemento d’arredo, utile per definire una zona, sottolineare un piano o dare identità al volume dell’ambiente senza occupare superfici. La composizione in metallo e vetro caratterizza la percezione del modello e permette di inserirlo in progetti residenziali e, dove appropriato, in spazi contract o hospitality.</p><p>La scelta della variante deve partire dalle caratteristiche reali del prodotto. La gamma comprende 9 varianti selezionabili, nelle finiture bianco, nero e ottone, con misure Ø 400 × H min 300 / max 2050 mm, Ø 600 × H min 300 / max 2050 mm e Ø 800 × H min 300 / max 2050 mm. La sorgente è definita da: sorgente LED; numero di luci 1; potenza LED 21W, LED 31W e LED 43W; non dimmerabile secondo i dati di catalogo; sorgente o lampadina inclusa. Misura e altezza di sospensione incidono direttamente sull’effetto finale: un modello regolato più vicino al piano concentra l’attenzione su tavolo o bancone, mentre una discesa più ampia valorizza soffitti alti e composizioni scenografiche. Le configurazioni presenti a catalogo comprendono Crown sp – Bianco – Diametro – 40cm, Crown sp – Nero – Diametro – 40cm, Crown sp – Ottone – Diametro – 40cm, Crown sp – Bianco – Diametro – 60cm, Crown sp – Nero – Diametro – 60cm, Crown sp – Ottone – Diametro – 60cm, Crown sp – Bianco – Diametro – 80cm, Crown sp – Nero – Diametro – 80cm e Crown sp – Ottone – Diametro – 80cm.</p><p>Il formato compatto rende Ideal Lux Crown sp particolarmente utile in penisole, comodini a sospensione, corridoi, banconi bar e piccoli tavoli. Una singola sospensione può illuminare un tavolino, un angolo lettura o una zona comodino; più elementi coordinati possono comporre un ritmo sopra penisole, banconi o percorsi. È una soluzione interessante anche per bistrot e negozi che ricercano piccoli punti luce ripetuti. Per l’uso in bagno è necessario verificare protezione, posizione e distanze previste dalle norme.</p><p>Scegliere Ideal Lux Crown sp significa confrontare finiture, dimensioni, numero di luci, sorgente o attacco, potenza e possibilità di dimmerazione prima dell’acquisto. Una sospensione ben dimensionata migliora la qualità della luce, valorizza arredi e materiali e contribuisce alla percezione dell’intero progetto. Questa scheda ecommerce riunisce le informazioni tecniche e d’uso utili a individuare la configurazione più adatta, con un testo orientato alla ricerca di lampade a sospensione Ideal Lux per abitazioni, locali commerciali e spazi professionali.</p>","Ideal Lux Crown sp: lampada a sospensione per interni in metallo, ideale per living e spazi contract. Scopri finiture, misure e varianti e acquista online."
"IL-CONFIG-185","<p>Ideal Lux Cylinder sp1 è una lampada a sospensione per interni: una sospensione materica che aggiunge texture e calore all’arredo. La struttura è realizzata in resina e vetro. La gamma comprende una configurazione disponibile, nelle finiture bianco, con misure Ø 405 × H min 570 / max 2340 mm. La sorgente è definita da: attacco E27; numero di luci 1; potenza E27 max 1 x 60W; non dimmerabile secondo i dati di catalogo; lampadina non indicata come inclusa. La sospensione è indicata per zona living, sala da pranzo, camera da letto, bistrot e spazi hospitality. L’installazione è pensata per ambienti interni e va definita in base all’altezza disponibile e al progetto luce. Dimensioni, altezza regolabile, finitura, sorgente e potenza permettono di scegliere la configurazione più coerente con arredo, volume dell’ambiente e resa luminosa desiderata.</p>","<p>Ideal Lux Cylinder sp1 è una lampada a sospensione per interni pensata per chi desidera una sospensione materica che aggiunge texture e calore all’arredo. Il corpo illuminante scende dal soffitto e trasforma la luce in un elemento d’arredo, utile per definire una zona, sottolineare un piano o dare identità al volume dell’ambiente senza occupare superfici. La composizione in resina e vetro caratterizza la percezione del modello e permette di inserirlo in progetti residenziali e, dove appropriato, in spazi contract o hospitality.</p><p>La scelta della variante deve partire dalle caratteristiche reali del prodotto. La gamma comprende una configurazione disponibile, nelle finiture bianco, con misure Ø 405 × H min 570 / max 2340 mm. La sorgente è definita da: attacco E27; numero di luci 1; potenza E27 max 1 x 60W; non dimmerabile secondo i dati di catalogo; lampadina non indicata come inclusa. Misura e altezza di sospensione incidono direttamente sull’effetto finale: un modello regolato più vicino al piano concentra l’attenzione su tavolo o bancone, mentre una discesa più ampia valorizza soffitti alti e composizioni scenografiche.</p><p>Il carattere materico rende Ideal Lux Cylinder sp1 coerente con zona living, sala da pranzo, camera da letto, bistrot e spazi hospitality, soprattutto quando si desiderano texture e un’atmosfera accogliente. In una casa completa living, zona pranzo o camera da letto; in ristoranti, bistrot, lounge e strutture ricettive può rafforzare un progetto caldo e riconoscibile. In presenza di tessuto, legno, cemento o resina, il bagno e gli ambienti umidi richiedono particolare attenzione: l’impiego deve essere valutato rispetto alle specifiche del prodotto e alla corretta posa.</p><p>Scegliere Ideal Lux Cylinder sp1 significa confrontare finiture, dimensioni, numero di luci, sorgente o attacco, potenza e possibilità di dimmerazione prima dell’acquisto. Una sospensione ben dimensionata migliora la qualità della luce, valorizza arredi e materiali e contribuisce alla percezione dell’intero progetto. Questa scheda ecommerce riunisce le informazioni tecniche e d’uso utili a individuare la configurazione più adatta, con un testo orientato alla ricerca di lampade a sospensione Ideal Lux per abitazioni, locali commerciali e spazi professionali.</p>","Ideal Lux Cylinder sp1: lampada a sospensione per interni in resina e vetro, ideale per living e spazi contract. Scopri misure e varianti: acquista online."
"IL-CONFIG-186","<p>Ideal Lux Danieli sp6 è una lampada a sospensione per interni: una sospensione decorativa di forte presenza, progettata per diventare protagonista dello spazio. La struttura è realizzata in vetro. La gamma comprende 2 varianti selezionabili, nelle finiture ambra, con misure Ø 850 × H min 800 / max 1700 mm. La sorgente è definita da: attacco E14; numero di luci 6 e 8; potenza E14 max 6 x 40W e E14 max 8 x 40W; non dimmerabile secondo i dati di catalogo; lampadina non indicata come inclusa. Tra le combinazioni selezionabili figurano Danieli sp6 – 6 Sorgenti Luminose e Danieli sp8 – 8 Sorgenti Luminose. La sospensione è indicata per saloni, soggiorni ampi, vani scala, hall, boutique e sale ristorante. L’installazione è pensata per ambienti interni e va definita in base all’altezza disponibile e al progetto luce. Dimensioni, altezza regolabile, finitura, sorgente e potenza permettono di scegliere la configurazione più coerente con arredo, volume dell’ambiente e resa luminosa desiderata.</p>","<p>Ideal Lux Danieli sp6 è una lampada a sospensione per interni pensata per chi desidera una sospensione decorativa di forte presenza, progettata per diventare protagonista dello spazio. Il corpo illuminante scende dal soffitto e trasforma la luce in un elemento d’arredo, utile per definire una zona, sottolineare un piano o dare identità al volume dell’ambiente senza occupare superfici. La composizione in vetro caratterizza la percezione del modello e permette di inserirlo in progetti residenziali e, dove appropriato, in spazi contract o hospitality.</p><p>La scelta della variante deve partire dalle caratteristiche reali del prodotto. La gamma comprende 2 varianti selezionabili, nelle finiture ambra, con misure Ø 850 × H min 800 / max 1700 mm. La sorgente è definita da: attacco E14; numero di luci 6 e 8; potenza E14 max 6 x 40W e E14 max 8 x 40W; non dimmerabile secondo i dati di catalogo; lampadina non indicata come inclusa. Misura e altezza di sospensione incidono direttamente sull’effetto finale: un modello regolato più vicino al piano concentra l’attenzione su tavolo o bancone, mentre una discesa più ampia valorizza soffitti alti e composizioni scenografiche. La scheda Ideal Lux aggiunge questi dettagli costruttivi: Montatura in metallo cromato o dorato. Elementi decorativi in vetro soffiato trasparente o ambrato. Copricatena in velluto. Le configurazioni presenti a catalogo comprendono Danieli sp6 – 6 Sorgenti Luminose e Danieli sp8 – 8 Sorgenti Luminose.</p><p>Per dimensioni e presenza decorativa, Ideal Lux Danieli sp6 si presta a saloni, soggiorni ampi, vani scala, hall, boutique e sale ristorante. In casa può diventare il fulcro del soggiorno, della sala da pranzo o di un vano scala ampio; nel contract valorizza hall, lounge, sale ristorante, boutique e aree accoglienza alberghiere. In camere o ambienti contenuti occorre controllare con precisione l’ingombro. In bagno, come per ogni sospensione da interno, l’installazione è valutabile solo in posizioni compatibili con requisiti tecnici e zone elettriche previste.</p><p>Scegliere Ideal Lux Danieli sp6 significa confrontare finiture, dimensioni, numero di luci, sorgente o attacco, potenza e possibilità di dimmerazione prima dell’acquisto. Una sospensione ben dimensionata migliora la qualità della luce, valorizza arredi e materiali e contribuisce alla percezione dell’intero progetto. Questa scheda ecommerce riunisce le informazioni tecniche e d’uso utili a individuare la configurazione più adatta, con un testo orientato alla ricerca di lampade a sospensione Ideal Lux per abitazioni, locali commerciali e spazi professionali.</p>","Ideal Lux Danieli sp6: lampada a sospensione per interni in vetro, ideale per salone, living e hall. Scopri finiture, misure e varianti e acquista online."
"IL-CONFIG-187","<p>Ideal Lux Desk sp1 è una lampada a sospensione per interni: una sospensione lineare che distribuisce la luce lungo superfici e percorsi visivi. La struttura è realizzata in metallo. La gamma comprende 2 varianti selezionabili, nelle finiture bianco e nero, con misure L 1025 × H min 330 / max 1200 × P 15 mm. La sorgente è definita da: sorgente LED; numero di luci 1; potenza LED 32W; non dimmerabile secondo i dati di catalogo; sorgente o lampadina inclusa. Tra le combinazioni selezionabili figurano Desk sp1 – Bianco e Desk sp1 – Nero. La sospensione è indicata per tavoli da pranzo, isole cucina, banconi, reception e tavoli riunione. L’installazione è pensata per ambienti interni e va definita in base all’altezza disponibile e al progetto luce. Dimensioni, altezza regolabile, finitura, sorgente e potenza permettono di scegliere la configurazione più coerente con arredo, volume dell’ambiente e resa luminosa desiderata.</p>","<p>Ideal Lux Desk sp1 è una lampada a sospensione per interni pensata per chi desidera una sospensione lineare che distribuisce la luce lungo superfici e percorsi visivi. Il corpo illuminante scende dal soffitto e trasforma la luce in un elemento d’arredo, utile per definire una zona, sottolineare un piano o dare identità al volume dell’ambiente senza occupare superfici. La composizione in metallo caratterizza la percezione del modello e permette di inserirlo in progetti residenziali e, dove appropriato, in spazi contract o hospitality.</p><p>La scelta della variante deve partire dalle caratteristiche reali del prodotto. La gamma comprende 2 varianti selezionabili, nelle finiture bianco e nero, con misure L 1025 × H min 330 / max 1200 × P 15 mm. La sorgente è definita da: sorgente LED; numero di luci 1; potenza LED 32W; non dimmerabile secondo i dati di catalogo; sorgente o lampadina inclusa. Misura e altezza di sospensione incidono direttamente sull’effetto finale: un modello regolato più vicino al piano concentra l’attenzione su tavolo o bancone, mentre una discesa più ampia valorizza soffitti alti e composizioni scenografiche. La scheda Ideal Lux aggiunge questi dettagli costruttivi: Rosone e corpo luce in alluminio verniciato a polveri. Cavo elettrico in pvc. Disponibile con sorgente singola a emissione diffusa, con sorgente doppia a emissione diffusa sopra e sotto. Le configurazioni presenti a catalogo comprendono Desk sp1 – Bianco e Desk sp1 – Nero.</p><p>La geometria lineare rende Ideal Lux Desk sp1 adatta a tavoli da pranzo, isole cucina, banconi, reception e tavoli riunione. In cucina può accompagnare isola o penisola, nella zona pranzo segue il tavolo, mentre in un open space aiuta a differenziare le aree funzionali. In ristoranti, bar, reception, sale meeting e showroom una sospensione lineare offre ordine visivo e un’illuminazione riconoscibile. Per corridoi, camere e camerette la scelta va rapportata allo spazio libero; per il bagno vanno sempre osservati i vincoli di installazione.</p><p>Scegliere Ideal Lux Desk sp1 significa confrontare finiture, dimensioni, numero di luci, sorgente o attacco, potenza e possibilità di dimmerazione prima dell’acquisto. Una sospensione ben dimensionata migliora la qualità della luce, valorizza arredi e materiali e contribuisce alla percezione dell’intero progetto. Questa scheda ecommerce riunisce le informazioni tecniche e d’uso utili a individuare la configurazione più adatta, con un testo orientato alla ricerca di lampade a sospensione Ideal Lux per abitazioni, locali commerciali e spazi professionali.</p>","Ideal Lux Desk sp1: lampada a sospensione per interni in metallo, ideale per tavolo, isola e bancone. Scopri finiture, misure e varianti e acquista online."
"IL-CONFIG-188","<p>Ideal Lux Diamond sp1 è una lampada a sospensione per interni: una sospensione decorativa versatile, studiata per valorizzare l’arredo con luce dall’alto. La struttura è realizzata in alluminio e materiale plastico. La gamma comprende 3 varianti selezionabili, nelle finiture trasparent, con misure Ø 110 × H min 350 / max 2300 mm, Ø 250 × H min 345 / max 2300 mm e L 840 × H min 340 / max 2300 × P 110 mm. La sorgente è definita da: sorgente LED; numero di luci 1, 5 e 3; potenza LED 5,5W, LED 15W e LED 23W; non dimmerabile secondo i dati di catalogo; sorgente o lampadina inclusa. Tra le combinazioni selezionabili figurano Diamond sp1 – 1 Sorgente Luminosa, Diamond sp3 – 5 Sorgenti Luminose e Diamond sp5 – 3 Sorgenti Luminose. La sospensione è indicata per soggiorni, zone pranzo, camere, ingressi, ristoranti e boutique. L’installazione è pensata per ambienti interni e va definita in base all’altezza disponibile e al progetto luce. Dimensioni, altezza regolabile, finitura, sorgente e potenza permettono di scegliere la configurazione più coerente con arredo, volume dell’ambiente e resa luminosa desiderata.</p>","<p>Ideal Lux Diamond sp1 è una lampada a sospensione per interni pensata per chi desidera una sospensione decorativa versatile, studiata per valorizzare l’arredo con luce dall’alto. Il corpo illuminante scende dal soffitto e trasforma la luce in un elemento d’arredo, utile per definire una zona, sottolineare un piano o dare identità al volume dell’ambiente senza occupare superfici. La composizione in alluminio e materiale plastico caratterizza la percezione del modello e permette di inserirlo in progetti residenziali e, dove appropriato, in spazi contract o hospitality.</p><p>La scelta della variante deve partire dalle caratteristiche reali del prodotto. La gamma comprende 3 varianti selezionabili, nelle finiture trasparent, con misure Ø 110 × H min 350 / max 2300 mm, Ø 250 × H min 345 / max 2300 mm e L 840 × H min 340 / max 2300 × P 110 mm. La sorgente è definita da: sorgente LED; numero di luci 1, 5 e 3; potenza LED 5,5W, LED 15W e LED 23W; non dimmerabile secondo i dati di catalogo; sorgente o lampadina inclusa. Misura e altezza di sospensione incidono direttamente sull’effetto finale: un modello regolato più vicino al piano concentra l’attenzione su tavolo o bancone, mentre una discesa più ampia valorizza soffitti alti e composizioni scenografiche. Le configurazioni presenti a catalogo comprendono Diamond sp1 – 1 Sorgente Luminosa, Diamond sp3 – 5 Sorgenti Luminose e Diamond sp5 – 3 Sorgenti Luminose.</p><p>La versatilità del modello favorisce l’utilizzo in soggiorni, zone pranzo, camere, ingressi, ristoranti e boutique. In soggiorno e zona living la sospensione crea un punto focale; in cucina può illuminare isola o penisola quando dimensioni e quota sono proporzionate; in camera da letto aggiunge una componente decorativa e funzionale. In locali commerciali è adatta a tavoli di ristoranti e bistrot, lounge, vetrine interne o aree accoglienza. Per corridoio, cameretta e bagno è opportuno valutare ingombro, altezza e compatibilità tecnica con lo spazio.</p><p>Scegliere Ideal Lux Diamond sp1 significa confrontare finiture, dimensioni, numero di luci, sorgente o attacco, potenza e possibilità di dimmerazione prima dell’acquisto. Una sospensione ben dimensionata migliora la qualità della luce, valorizza arredi e materiali e contribuisce alla percezione dell’intero progetto. Questa scheda ecommerce riunisce le informazioni tecniche e d’uso utili a individuare la configurazione più adatta, con un testo orientato alla ricerca di lampade a sospensione Ideal Lux per abitazioni, locali commerciali e spazi professionali.</p>","Ideal Lux Diamond sp1: sospensione per interni in alluminio per illuminare living e spazi contract. Scopri finiture, misure e varianti e acquista online."
"IL-CONFIG-189","<p>Ideal Lux Diesis sp è una lampada a sospensione per interni: una sospensione compatta adatta sia come punto luce singolo sia in composizioni multiple. La struttura è realizzata in metallo. La gamma comprende 3 varianti selezionabili, nelle finiture nero, nickel e ottone, con misure Ø 60 × H min 505 / max 2430 mm. La sorgente è definita da: sorgente LED; numero di luci 1; potenza LED 7W; non dimmerabile secondo i dati di catalogo; sorgente o lampadina inclusa. Tra le combinazioni selezionabili figurano Diesis sp – Nero, Diesis sp – Nichel e Diesis sp – Ottone. La sospensione è indicata per penisole, comodini a sospensione, corridoi, banconi bar e piccoli tavoli. L’installazione è pensata per ambienti interni e va definita in base all’altezza disponibile e al progetto luce. Dimensioni, altezza regolabile, finitura, sorgente e potenza permettono di scegliere la configurazione più coerente con arredo, volume dell’ambiente e resa luminosa desiderata.</p>","<p>Ideal Lux Diesis sp è una lampada a sospensione per interni pensata per chi desidera una sospensione compatta adatta sia come punto luce singolo sia in composizioni multiple. Il corpo illuminante scende dal soffitto e trasforma la luce in un elemento d’arredo, utile per definire una zona, sottolineare un piano o dare identità al volume dell’ambiente senza occupare superfici. La composizione in metallo caratterizza la percezione del modello e permette di inserirlo in progetti residenziali e, dove appropriato, in spazi contract o hospitality.</p><p>La scelta della variante deve partire dalle caratteristiche reali del prodotto. La gamma comprende 3 varianti selezionabili, nelle finiture nero, nickel e ottone, con misure Ø 60 × H min 505 / max 2430 mm. La sorgente è definita da: sorgente LED; numero di luci 1; potenza LED 7W; non dimmerabile secondo i dati di catalogo; sorgente o lampadina inclusa. Misura e altezza di sospensione incidono direttamente sull’effetto finale: un modello regolato più vicino al piano concentra l’attenzione su tavolo o bancone, mentre una discesa più ampia valorizza soffitti alti e composizioni scenografiche. Le configurazioni presenti a catalogo comprendono Diesis sp – Nero, Diesis sp – Nichel e Diesis sp – Ottone.</p><p>Il formato compatto rende Ideal Lux Diesis sp particolarmente utile in penisole, comodini a sospensione, corridoi, banconi bar e piccoli tavoli. Una singola sospensione può illuminare un tavolino, un angolo lettura o una zona comodino; più elementi coordinati possono comporre un ritmo sopra penisole, banconi o percorsi. È una soluzione interessante anche per bistrot e negozi che ricercano piccoli punti luce ripetuti. Per l’uso in bagno è necessario verificare protezione, posizione e distanze previste dalle norme.</p><p>Scegliere Ideal Lux Diesis sp significa confrontare finiture, dimensioni, numero di luci, sorgente o attacco, potenza e possibilità di dimmerazione prima dell’acquisto. Una sospensione ben dimensionata migliora la qualità della luce, valorizza arredi e materiali e contribuisce alla percezione dell’intero progetto. Questa scheda ecommerce riunisce le informazioni tecniche e d’uso utili a individuare la configurazione più adatta, con un testo orientato alla ricerca di lampade a sospensione Ideal Lux per abitazioni, locali commerciali e spazi professionali.</p>","Ideal Lux Diesis sp: lampada a sospensione da interno in metallo, ideale per living e spazi contract. Scopri finiture, misure e varianti e acquista online."
"IL-CONFIG-190","<p>Ideal Lux Dorica sp1 è una lampada a sospensione per interni: una sospensione lineare che distribuisce la luce lungo superfici e percorsi visivi. La struttura è realizzata in alluminio e metallo. La gamma comprende 9 varianti selezionabili, nelle finiture acciaio, arancione, bianco, blu, bronzo, grigio, nero, ottone e rame, con misure L 1400 × H min 390 / max 2185 × P 45 mm. La sorgente è definita da: sorgente LED; numero di luci 1; potenza LED 35W; dimmerabile; sorgente o lampadina inclusa. Tra le combinazioni selezionabili figurano Dorica sp1 – Acciaio, Dorica sp1 – Arancione, Dorica sp1 – Bianco, Dorica sp1 – Blu, Dorica sp1 – Bronzo e altre 4 configurazioni. La sospensione è indicata per tavoli da pranzo, isole cucina, banconi, reception e tavoli riunione. L’installazione è pensata per ambienti interni e va definita in base all’altezza disponibile e al progetto luce. Dimensioni, altezza regolabile, finitura, sorgente e potenza permettono di scegliere la configurazione più coerente con arredo, volume dell’ambiente e resa luminosa desiderata.</p>","<p>Ideal Lux Dorica sp1 è una lampada a sospensione per interni pensata per chi desidera una sospensione lineare che distribuisce la luce lungo superfici e percorsi visivi. Il corpo illuminante scende dal soffitto e trasforma la luce in un elemento d’arredo, utile per definire una zona, sottolineare un piano o dare identità al volume dell’ambiente senza occupare superfici. La composizione in alluminio e metallo caratterizza la percezione del modello e permette di inserirlo in progetti residenziali e, dove appropriato, in spazi contract o hospitality.</p><p>La scelta della variante deve partire dalle caratteristiche reali del prodotto. La gamma comprende 9 varianti selezionabili, nelle finiture acciaio, arancione, bianco, blu, bronzo, grigio, nero, ottone e rame, con misure L 1400 × H min 390 / max 2185 × P 45 mm. La sorgente è definita da: sorgente LED; numero di luci 1; potenza LED 35W; dimmerabile; sorgente o lampadina inclusa. Misura e altezza di sospensione incidono direttamente sull’effetto finale: un modello regolato più vicino al piano concentra l’attenzione su tavolo o bancone, mentre una discesa più ampia valorizza soffitti alti e composizioni scenografiche. Le configurazioni presenti a catalogo comprendono Dorica sp1 – Acciaio, Dorica sp1 – Arancione, Dorica sp1 – Bianco, Dorica sp1 – Blu, Dorica sp1 – Bronzo, Dorica sp1 – Grigio, Dorica sp1 – Nero, Dorica sp1 – Ottone e Dorica sp1 – Rame.</p><p>La geometria lineare rende Ideal Lux Dorica sp1 adatta a tavoli da pranzo, isole cucina, banconi, reception e tavoli riunione. In cucina può accompagnare isola o penisola, nella zona pranzo segue il tavolo, mentre in un open space aiuta a differenziare le aree funzionali. In ristoranti, bar, reception, sale meeting e showroom una sospensione lineare offre ordine visivo e un’illuminazione riconoscibile. Per corridoi, camere e camerette la scelta va rapportata allo spazio libero; per il bagno vanno sempre osservati i vincoli di installazione.</p><p>Scegliere Ideal Lux Dorica sp1 significa confrontare finiture, dimensioni, numero di luci, sorgente o attacco, potenza e possibilità di dimmerazione prima dell’acquisto. Una sospensione ben dimensionata migliora la qualità della luce, valorizza arredi e materiali e contribuisce alla percezione dell’intero progetto. Questa scheda ecommerce riunisce le informazioni tecniche e d’uso utili a individuare la configurazione più adatta, con un testo orientato alla ricerca di lampade a sospensione Ideal Lux per abitazioni, locali commerciali e spazi professionali.</p>","Ideal Lux Dorica sp1: lampada a sospensione per interni in alluminio e metallo, ideale per tavolo, isola e bancone. Scopri la collezione e acquista online."
"IL-CONFIG-191","<p>Ideal Lux Dorica sp3 è una lampada a sospensione per interni: una sospensione decorativa versatile, studiata per valorizzare l’arredo con luce dall’alto. La struttura è realizzata in alluminio e metallo. La gamma comprende 3 varianti selezionabili, nelle finiture bianco, nero e ottone, con misure Ø 95 × H min 690 / max 2490 mm. La sorgente è definita da: sorgente LED; numero di luci 3; potenza LED 27W; dimmerabile; sorgente o lampadina inclusa. Tra le combinazioni selezionabili figurano Dorica sp3 – Bianco, Dorica sp3 – Nero e Dorica sp3 – Ottone. La sospensione è indicata per soggiorni, zone pranzo, camere, ingressi, ristoranti e boutique. L’installazione è pensata per ambienti interni e va definita in base all’altezza disponibile e al progetto luce. Dimensioni, altezza regolabile, finitura, sorgente e potenza permettono di scegliere la configurazione più coerente con arredo, volume dell’ambiente e resa luminosa desiderata.</p>","<p>Ideal Lux Dorica sp3 è una lampada a sospensione per interni pensata per chi desidera una sospensione decorativa versatile, studiata per valorizzare l’arredo con luce dall’alto. Il corpo illuminante scende dal soffitto e trasforma la luce in un elemento d’arredo, utile per definire una zona, sottolineare un piano o dare identità al volume dell’ambiente senza occupare superfici. La composizione in alluminio e metallo caratterizza la percezione del modello e permette di inserirlo in progetti residenziali e, dove appropriato, in spazi contract o hospitality.</p><p>La scelta della variante deve partire dalle caratteristiche reali del prodotto. La gamma comprende 3 varianti selezionabili, nelle finiture bianco, nero e ottone, con misure Ø 95 × H min 690 / max 2490 mm. La sorgente è definita da: sorgente LED; numero di luci 3; potenza LED 27W; dimmerabile; sorgente o lampadina inclusa. Misura e altezza di sospensione incidono direttamente sull’effetto finale: un modello regolato più vicino al piano concentra l’attenzione su tavolo o bancone, mentre una discesa più ampia valorizza soffitti alti e composizioni scenografiche. Le configurazioni presenti a catalogo comprendono Dorica sp3 – Bianco, Dorica sp3 – Nero e Dorica sp3 – Ottone.</p><p>La versatilità del modello favorisce l’utilizzo in soggiorni, zone pranzo, camere, ingressi, ristoranti e boutique. In soggiorno e zona living la sospensione crea un punto focale; in cucina può illuminare isola o penisola quando dimensioni e quota sono proporzionate; in camera da letto aggiunge una componente decorativa e funzionale. In locali commerciali è adatta a tavoli di ristoranti e bistrot, lounge, vetrine interne o aree accoglienza. Per corridoio, cameretta e bagno è opportuno valutare ingombro, altezza e compatibilità tecnica con lo spazio.</p><p>Scegliere Ideal Lux Dorica sp3 significa confrontare finiture, dimensioni, numero di luci, sorgente o attacco, potenza e possibilità di dimmerazione prima dell’acquisto. Una sospensione ben dimensionata migliora la qualità della luce, valorizza arredi e materiali e contribuisce alla percezione dell’intero progetto. Questa scheda ecommerce riunisce le informazioni tecniche e d’uso utili a individuare la configurazione più adatta, con un testo orientato alla ricerca di lampade a sospensione Ideal Lux per abitazioni, locali commerciali e spazi professionali.</p>","Ideal Lux Dorica sp3: lampada a sospensione per interni in alluminio e metallo, ideale per living e spazi contract. Scopri la collezione e acquista online."
"IL-CONFIG-192","<p>Ideal Lux Dream big sp1 è una lampada a sospensione per interni: una sospensione materica che aggiunge texture e calore all’arredo. La struttura è realizzata in tessuto e vetro. La gamma comprende 2 varianti selezionabili, nelle finiture bianco, con misure Ø 300 × H min 900 / max 2690 mm e Ø 420 × H min 1100 / max 2900 mm. La sorgente è definita da: attacco E27; numero di luci 1; potenza E27 max 1 x 42W; non dimmerabile secondo i dati di catalogo; lampadina non indicata come inclusa. Tra le combinazioni selezionabili figurano Dream big sp1 – Diametro – 30cm e Dream big sp1 – Diametro – 42cm. La sospensione è indicata per zona living, sala da pranzo, camera da letto, bistrot e spazi hospitality. L’installazione è pensata per ambienti interni e va definita in base all’altezza disponibile e al progetto luce. Dimensioni, altezza regolabile, finitura, sorgente e potenza permettono di scegliere la configurazione più coerente con arredo, volume dell’ambiente e resa luminosa desiderata.</p>","<p>Ideal Lux Dream big sp1 è una lampada a sospensione per interni pensata per chi desidera una sospensione materica che aggiunge texture e calore all’arredo. Il corpo illuminante scende dal soffitto e trasforma la luce in un elemento d’arredo, utile per definire una zona, sottolineare un piano o dare identità al volume dell’ambiente senza occupare superfici. La composizione in tessuto e vetro caratterizza la percezione del modello e permette di inserirlo in progetti residenziali e, dove appropriato, in spazi contract o hospitality.</p><p>La scelta della variante deve partire dalle caratteristiche reali del prodotto. La gamma comprende 2 varianti selezionabili, nelle finiture bianco, con misure Ø 300 × H min 900 / max 2690 mm e Ø 420 × H min 1100 / max 2900 mm. La sorgente è definita da: attacco E27; numero di luci 1; potenza E27 max 1 x 42W; non dimmerabile secondo i dati di catalogo; lampadina non indicata come inclusa. Misura e altezza di sospensione incidono direttamente sull’effetto finale: un modello regolato più vicino al piano concentra l’attenzione su tavolo o bancone, mentre una discesa più ampia valorizza soffitti alti e composizioni scenografiche. La scheda Ideal Lux aggiunge questi dettagli costruttivi: Rosone in metallo verniciato bianco opaco. Cavo in tessuto. Diffusore in vetro soffiato bianco acidato. Cesto in corda. Le configurazioni presenti a catalogo comprendono Dream big sp1 – Diametro – 30cm e Dream big sp1 – Diametro – 42cm.</p><p>Il carattere materico rende Ideal Lux Dream big sp1 coerente con zona living, sala da pranzo, camera da letto, bistrot e spazi hospitality, soprattutto quando si desiderano texture e un’atmosfera accogliente. In una casa completa living, zona pranzo o camera da letto; in ristoranti, bistrot, lounge e strutture ricettive può rafforzare un progetto caldo e riconoscibile. In presenza di tessuto, legno, cemento o resina, il bagno e gli ambienti umidi richiedono particolare attenzione: l’impiego deve essere valutato rispetto alle specifiche del prodotto e alla corretta posa.</p><p>Scegliere Ideal Lux Dream big sp1 significa confrontare finiture, dimensioni, numero di luci, sorgente o attacco, potenza e possibilità di dimmerazione prima dell’acquisto. Una sospensione ben dimensionata migliora la qualità della luce, valorizza arredi e materiali e contribuisce alla percezione dell’intero progetto. Questa scheda ecommerce riunisce le informazioni tecniche e d’uso utili a individuare la configurazione più adatta, con un testo orientato alla ricerca di lampade a sospensione Ideal Lux per abitazioni, locali commerciali e spazi professionali.</p>","Ideal Lux Dream big sp1: lampada a sospensione per interni in tessuto e vetro, ideale per living e spazi contract. Scopri la collezione e acquista online."
"IL-CONFIG-193","<p>Ideal Lux Driftwood sp6 è una lampada a sospensione per interni: una sospensione lineare che distribuisce la luce lungo superfici e percorsi visivi. La struttura è realizzata in legno. La gamma comprende una configurazione disponibile, nelle finiture legno, con misure L 1400 × H min 450 / max 1230 × P 300 mm. La sorgente è definita da: attacco E27; numero di luci 6; potenza E27 max 6 x 60W; non dimmerabile secondo i dati di catalogo; lampadina non indicata come inclusa. La sospensione è indicata per tavoli da pranzo, isole cucina, banconi, reception e tavoli riunione. L’installazione è pensata per ambienti interni e va definita in base all’altezza disponibile e al progetto luce. Dimensioni, altezza regolabile, finitura, sorgente e potenza permettono di scegliere la configurazione più coerente con arredo, volume dell’ambiente e resa luminosa desiderata.</p>","<p>Ideal Lux Driftwood sp6 è una lampada a sospensione per interni pensata per chi desidera una sospensione lineare che distribuisce la luce lungo superfici e percorsi visivi. Il corpo illuminante scende dal soffitto e trasforma la luce in un elemento d’arredo, utile per definire una zona, sottolineare un piano o dare identità al volume dell’ambiente senza occupare superfici. La composizione in legno caratterizza la percezione del modello e permette di inserirlo in progetti residenziali e, dove appropriato, in spazi contract o hospitality.</p><p>La scelta della variante deve partire dalle caratteristiche reali del prodotto. La gamma comprende una configurazione disponibile, nelle finiture legno, con misure L 1400 × H min 450 / max 1230 × P 300 mm. La sorgente è definita da: attacco E27; numero di luci 6; potenza E27 max 6 x 60W; non dimmerabile secondo i dati di catalogo; lampadina non indicata come inclusa. Misura e altezza di sospensione incidono direttamente sull’effetto finale: un modello regolato più vicino al piano concentra l’attenzione su tavolo o bancone, mentre una discesa più ampia valorizza soffitti alti e composizioni scenografiche. La scheda Ideal Lux aggiunge questi dettagli costruttivi: Rosone in metallo. Struttura sospesa di rami naturali. Copri portalampade in metallo spazzolato.</p><p>La geometria lineare rende Ideal Lux Driftwood sp6 adatta a tavoli da pranzo, isole cucina, banconi, reception e tavoli riunione. In cucina può accompagnare isola o penisola, nella zona pranzo segue il tavolo, mentre in un open space aiuta a differenziare le aree funzionali. In ristoranti, bar, reception, sale meeting e showroom una sospensione lineare offre ordine visivo e un’illuminazione riconoscibile. Per corridoi, camere e camerette la scelta va rapportata allo spazio libero; per il bagno vanno sempre osservati i vincoli di installazione.</p><p>Scegliere Ideal Lux Driftwood sp6 significa confrontare finiture, dimensioni, numero di luci, sorgente o attacco, potenza e possibilità di dimmerazione prima dell’acquisto. Una sospensione ben dimensionata migliora la qualità della luce, valorizza arredi e materiali e contribuisce alla percezione dell’intero progetto. Questa scheda ecommerce riunisce le informazioni tecniche e d’uso utili a individuare la configurazione più adatta, con un testo orientato alla ricerca di lampade a sospensione Ideal Lux per abitazioni, locali commerciali e spazi professionali.</p>","Ideal Lux Driftwood sp6: lampada a sospensione per interni in legno, ideale per tavolo, isola e bancone. Scopri tutte le configurazioni disponibili online."
"IL-CONFIG-194","<p>Ideal Lux Dubai sp10 è una lampada a sospensione per interni: una sospensione decorativa di forte presenza, progettata per diventare protagonista dello spazio. La struttura è realizzata in cristallo, metallo e vetro. La gamma comprende 4 varianti selezionabili, nelle finiture cromo e ottone, con misure Ø 520 × H min 1080 / max 1900 mm e Ø 800 × H min 1300 / max 2250 mm. La sorgente è definita da: attacco E14; numero di luci 10 e 24; potenza E14 max 10 x 28W e E14 max 24 x 28W; non dimmerabile secondo i dati di catalogo; lampadina non indicata come inclusa. Tra le combinazioni selezionabili figurano Dubai sp10 – 10 Sorgenti Luminose – Cromo, Dubai sp10 – 10 Sorgenti Luminose – Ottone, Dubai sp24 – 24 Sorgenti Luminose – Cromo e Dubai sp24 – 24 Sorgenti Luminose – Ottone. La sospensione è indicata per saloni, soggiorni ampi, vani scala, hall, boutique e sale ristorante. L’installazione è pensata per ambienti interni e va definita in base all’altezza disponibile e al progetto luce. Dimensioni, altezza regolabile, finitura, sorgente e potenza permettono di scegliere la configurazione più coerente con arredo, volume dell’ambiente e resa luminosa desiderata.</p>","<p>Ideal Lux Dubai sp10 è una lampada a sospensione per interni pensata per chi desidera una sospensione decorativa di forte presenza, progettata per diventare protagonista dello spazio. Il corpo illuminante scende dal soffitto e trasforma la luce in un elemento d’arredo, utile per definire una zona, sottolineare un piano o dare identità al volume dell’ambiente senza occupare superfici. La composizione in cristallo, metallo e vetro caratterizza la percezione del modello e permette di inserirlo in progetti residenziali e, dove appropriato, in spazi contract o hospitality.</p><p>La scelta della variante deve partire dalle caratteristiche reali del prodotto. La gamma comprende 4 varianti selezionabili, nelle finiture cromo e ottone, con misure Ø 520 × H min 1080 / max 1900 mm e Ø 800 × H min 1300 / max 2250 mm. La sorgente è definita da: attacco E14; numero di luci 10 e 24; potenza E14 max 10 x 28W e E14 max 24 x 28W; non dimmerabile secondo i dati di catalogo; lampadina non indicata come inclusa. Misura e altezza di sospensione incidono direttamente sull’effetto finale: un modello regolato più vicino al piano concentra l’attenzione su tavolo o bancone, mentre una discesa più ampia valorizza soffitti alti e composizioni scenografiche. La scheda Ideal Lux aggiunge questi dettagli costruttivi: Montatura in metallo con finitura cromo o ottone. Elementi decorativi con perle, ottagoni e prismi in cristallo molato trasparente. Le configurazioni presenti a catalogo comprendono Dubai sp10 – 10 Sorgenti Luminose – Cromo, Dubai sp10 – 10 Sorgenti Luminose – Ottone, Dubai sp24 – 24 Sorgenti Luminose – Cromo e Dubai sp24 – 24 Sorgenti Luminose – Ottone.</p><p>Per dimensioni e presenza decorativa, Ideal Lux Dubai sp10 si presta a saloni, soggiorni ampi, vani scala, hall, boutique e sale ristorante. In casa può diventare il fulcro del soggiorno, della sala da pranzo o di un vano scala ampio; nel contract valorizza hall, lounge, sale ristorante, boutique e aree accoglienza alberghiere. In camere o ambienti contenuti occorre controllare con precisione l’ingombro. In bagno, come per ogni sospensione da interno, l’installazione è valutabile solo in posizioni compatibili con requisiti tecnici e zone elettriche previste.</p><p>Scegliere Ideal Lux Dubai sp10 significa confrontare finiture, dimensioni, numero di luci, sorgente o attacco, potenza e possibilità di dimmerazione prima dell’acquisto. Una sospensione ben dimensionata migliora la qualità della luce, valorizza arredi e materiali e contribuisce alla percezione dell’intero progetto. Questa scheda ecommerce riunisce le informazioni tecniche e d’uso utili a individuare la configurazione più adatta, con un testo orientato alla ricerca di lampade a sospensione Ideal Lux per abitazioni, locali commerciali e spazi professionali.</p>","Ideal Lux Dubai sp10: lampada a sospensione da interno in cristallo e metallo, ideale per salone, living e hall. Scopri misure e varianti: acquista online."
"IL-CONFIG-195","<p>Ideal Lux Dynamite sp4 round è una lampada a sospensione per interni: una sospensione lineare che distribuisce la luce lungo superfici e percorsi visivi. La struttura è realizzata in metallo. La gamma comprende 6 varianti selezionabili, nelle finiture bianco, nero e ottone, con misure L 760 × H min 400 / max 2105 × P 57 mm e L 1155 × H min 400 / max 2105 × P 57 mm. La sorgente è definita da: attacco GU10; numero di luci 4 e 6; potenza GU10 max4 x 28W e GU10 max6 x 28W; non dimmerabile secondo i dati di catalogo; sorgente o lampadina inclusa. Tra le combinazioni selezionabili figurano Dynamite sp4 round – 4 Sorgenti Luminose – Bianco, Dynamite sp4 round – 4 Sorgenti Luminose – Nero, Dynamite sp4 round – 4 Sorgenti Luminose – Ottone, Dynamite sp6 round – 6 Sorgenti Luminose – Bianco, Dynamite sp6 round – 6 Sorgenti Luminose – Nero e altre 1 configurazioni. La sospensione è indicata per tavoli da pranzo, isole cucina, banconi, reception e tavoli riunione. L’installazione è pensata per ambienti interni e va definita in base all’altezza disponibile e al progetto luce. Dimensioni, altezza regolabile, finitura, sorgente e potenza permettono di scegliere la configurazione più coerente con arredo, volume dell’ambiente e resa luminosa desiderata.</p>","<p>Ideal Lux Dynamite sp4 round è una lampada a sospensione per interni pensata per chi desidera una sospensione lineare che distribuisce la luce lungo superfici e percorsi visivi. Il corpo illuminante scende dal soffitto e trasforma la luce in un elemento d’arredo, utile per definire una zona, sottolineare un piano o dare identità al volume dell’ambiente senza occupare superfici. La composizione in metallo caratterizza la percezione del modello e permette di inserirlo in progetti residenziali e, dove appropriato, in spazi contract o hospitality.</p><p>La scelta della variante deve partire dalle caratteristiche reali del prodotto. La gamma comprende 6 varianti selezionabili, nelle finiture bianco, nero e ottone, con misure L 760 × H min 400 / max 2105 × P 57 mm e L 1155 × H min 400 / max 2105 × P 57 mm. La sorgente è definita da: attacco GU10; numero di luci 4 e 6; potenza GU10 max4 x 28W e GU10 max6 x 28W; non dimmerabile secondo i dati di catalogo; sorgente o lampadina inclusa. Misura e altezza di sospensione incidono direttamente sull’effetto finale: un modello regolato più vicino al piano concentra l’attenzione su tavolo o bancone, mentre una discesa più ampia valorizza soffitti alti e composizioni scenografiche. La scheda Ideal Lux aggiunge questi dettagli costruttivi: Montatura in metallo rifinito con vernice a polveri o placcato e spazzolato. Diffusori orientabili. Cavo elettrico in tessuto. Sospensioni con incluso kit per installazione anche a plafone. Le configurazioni presenti a catalogo comprendono Dynamite sp4 round – 4 Sorgenti Luminose – Bianco, Dynamite sp4 round – 4 Sorgenti Luminose – Nero, Dynamite sp4 round – 4 Sorgenti Luminose – Ottone, Dynamite sp6 round – 6 Sorgenti Luminose – Bianco, Dynamite sp6 round – 6 Sorgenti Luminose – Nero e Dynamite sp6 round – 6 Sorgenti Luminose – Ottone.</p><p>La geometria lineare rende Ideal Lux Dynamite sp4 round adatta a tavoli da pranzo, isole cucina, banconi, reception e tavoli riunione. In cucina può accompagnare isola o penisola, nella zona pranzo segue il tavolo, mentre in un open space aiuta a differenziare le aree funzionali. In ristoranti, bar, reception, sale meeting e showroom una sospensione lineare offre ordine visivo e un’illuminazione riconoscibile. Per corridoi, camere e camerette la scelta va rapportata allo spazio libero; per il bagno vanno sempre osservati i vincoli di installazione.</p><p>Scegliere Ideal Lux Dynamite sp4 round significa confrontare finiture, dimensioni, numero di luci, sorgente o attacco, potenza e possibilità di dimmerazione prima dell’acquisto. Una sospensione ben dimensionata migliora la qualità della luce, valorizza arredi e materiali e contribuisce alla percezione dell’intero progetto. Questa scheda ecommerce riunisce le informazioni tecniche e d’uso utili a individuare la configurazione più adatta, con un testo orientato alla ricerca di lampade a sospensione Ideal Lux per abitazioni, locali commerciali e spazi professionali.</p>","Ideal Lux Dynamite sp4 round: lampada a sospensione per interni in metallo, ideale per tavolo, isola e bancone. Scopri finiture e misure e acquista online."
"IL-CONFIG-196","<p>Ideal Lux Dynamite sp4 square è una lampada a sospensione per interni: una sospensione lineare che distribuisce la luce lungo superfici e percorsi visivi. La struttura è realizzata in alluminio e metallo. La gamma comprende 6 varianti selezionabili, nelle finiture bianco, nero e ottone, con misure L 760 × H min 400 / max 2200 mm e L 1155 × H min 400 / max 2200 mm. La sorgente è definita da: attacco GU10; numero di luci 4 e 6; potenza GU10 max4 x 28W e GU10 max6 x 28W; non dimmerabile secondo i dati di catalogo; sorgente o lampadina inclusa. Tra le combinazioni selezionabili figurano Dynamite sp4 square – 4 Sorgenti Luminose – Bianco, Dynamite sp4 square – 4 Sorgenti Luminose – Nero, Dynamite sp4 square – 4 Sorgenti Luminose – Ottone, Dynamite sp6 square – 6 Sorgenti Luminose – Bianco, Dynamite sp6 square – 6 Sorgenti Luminose – Nero e altre 1 configurazioni. La sospensione è indicata per tavoli da pranzo, isole cucina, banconi, reception e tavoli riunione. L’installazione è pensata per ambienti interni e va definita in base all’altezza disponibile e al progetto luce. Dimensioni, altezza regolabile, finitura, sorgente e potenza permettono di scegliere la configurazione più coerente con arredo, volume dell’ambiente e resa luminosa desiderata.</p>","<p>Ideal Lux Dynamite sp4 square è una lampada a sospensione per interni pensata per chi desidera una sospensione lineare che distribuisce la luce lungo superfici e percorsi visivi. Il corpo illuminante scende dal soffitto e trasforma la luce in un elemento d’arredo, utile per definire una zona, sottolineare un piano o dare identità al volume dell’ambiente senza occupare superfici. La composizione in alluminio e metallo caratterizza la percezione del modello e permette di inserirlo in progetti residenziali e, dove appropriato, in spazi contract o hospitality.</p><p>La scelta della variante deve partire dalle caratteristiche reali del prodotto. La gamma comprende 6 varianti selezionabili, nelle finiture bianco, nero e ottone, con misure L 760 × H min 400 / max 2200 mm e L 1155 × H min 400 / max 2200 mm. La sorgente è definita da: attacco GU10; numero di luci 4 e 6; potenza GU10 max4 x 28W e GU10 max6 x 28W; non dimmerabile secondo i dati di catalogo; sorgente o lampadina inclusa. Misura e altezza di sospensione incidono direttamente sull’effetto finale: un modello regolato più vicino al piano concentra l’attenzione su tavolo o bancone, mentre una discesa più ampia valorizza soffitti alti e composizioni scenografiche. Le configurazioni presenti a catalogo comprendono Dynamite sp4 square – 4 Sorgenti Luminose – Bianco, Dynamite sp4 square – 4 Sorgenti Luminose – Nero, Dynamite sp4 square – 4 Sorgenti Luminose – Ottone, Dynamite sp6 square – 6 Sorgenti Luminose – Bianco, Dynamite sp6 square – 6 Sorgenti Luminose – Nero e Dynamite sp6 square – 6 Sorgenti Luminose – Ottone.</p><p>La geometria lineare rende Ideal Lux Dynamite sp4 square adatta a tavoli da pranzo, isole cucina, banconi, reception e tavoli riunione. In cucina può accompagnare isola o penisola, nella zona pranzo segue il tavolo, mentre in un open space aiuta a differenziare le aree funzionali. In ristoranti, bar, reception, sale meeting e showroom una sospensione lineare offre ordine visivo e un’illuminazione riconoscibile. Per corridoi, camere e camerette la scelta va rapportata allo spazio libero; per il bagno vanno sempre osservati i vincoli di installazione.</p><p>Scegliere Ideal Lux Dynamite sp4 square significa confrontare finiture, dimensioni, numero di luci, sorgente o attacco, potenza e possibilità di dimmerazione prima dell’acquisto. Una sospensione ben dimensionata migliora la qualità della luce, valorizza arredi e materiali e contribuisce alla percezione dell’intero progetto. Questa scheda ecommerce riunisce le informazioni tecniche e d’uso utili a individuare la configurazione più adatta, con un testo orientato alla ricerca di lampade a sospensione Ideal Lux per abitazioni, locali commerciali e spazi professionali.</p>","Ideal Lux Dynamite sp4 square: sospensione per interni in alluminio e metallo, pensata per tavolo, isola e bancone. Scopri la collezione e acquista online."
"IL-CONFIG-197","<p>Ideal Lux Eclipse sp1 è una lampada a sospensione per interni: una sospensione compatta adatta sia come punto luce singolo sia in composizioni multiple. La struttura è realizzata in metallo e vetro. La gamma comprende 2 varianti selezionabili, nelle finiture bianco e nero, con misure Ø 600 × H min 320 / max 2300 mm. La sorgente è definita da: attacco GX53; numero di luci 1; potenza GX53 max 1 x 9W; non dimmerabile secondo i dati di catalogo; sorgente o lampadina inclusa. Tra le combinazioni selezionabili figurano Eclipse sp1 – Bianco e Eclipse sp1 – Nero. La sospensione è indicata per penisole, comodini a sospensione, corridoi, banconi bar e piccoli tavoli. L’installazione è pensata per ambienti interni e va definita in base all’altezza disponibile e al progetto luce. Dimensioni, altezza regolabile, finitura, sorgente e potenza permettono di scegliere la configurazione più coerente con arredo, volume dell’ambiente e resa luminosa desiderata.</p>","<p>Ideal Lux Eclipse sp1 è una lampada a sospensione per interni pensata per chi desidera una sospensione compatta adatta sia come punto luce singolo sia in composizioni multiple. Il corpo illuminante scende dal soffitto e trasforma la luce in un elemento d’arredo, utile per definire una zona, sottolineare un piano o dare identità al volume dell’ambiente senza occupare superfici. La composizione in metallo e vetro caratterizza la percezione del modello e permette di inserirlo in progetti residenziali e, dove appropriato, in spazi contract o hospitality.</p><p>La scelta della variante deve partire dalle caratteristiche reali del prodotto. La gamma comprende 2 varianti selezionabili, nelle finiture bianco e nero, con misure Ø 600 × H min 320 / max 2300 mm. La sorgente è definita da: attacco GX53; numero di luci 1; potenza GX53 max 1 x 9W; non dimmerabile secondo i dati di catalogo; sorgente o lampadina inclusa. Misura e altezza di sospensione incidono direttamente sull’effetto finale: un modello regolato più vicino al piano concentra l’attenzione su tavolo o bancone, mentre una discesa più ampia valorizza soffitti alti e composizioni scenografiche. Le configurazioni presenti a catalogo comprendono Eclipse sp1 – Bianco e Eclipse sp1 – Nero.</p><p>Il formato compatto rende Ideal Lux Eclipse sp1 particolarmente utile in penisole, comodini a sospensione, corridoi, banconi bar e piccoli tavoli. Una singola sospensione può illuminare un tavolino, un angolo lettura o una zona comodino; più elementi coordinati possono comporre un ritmo sopra penisole, banconi o percorsi. È una soluzione interessante anche per bistrot e negozi che ricercano piccoli punti luce ripetuti. Per l’uso in bagno è necessario verificare protezione, posizione e distanze previste dalle norme.</p><p>Scegliere Ideal Lux Eclipse sp1 significa confrontare finiture, dimensioni, numero di luci, sorgente o attacco, potenza e possibilità di dimmerazione prima dell’acquisto. Una sospensione ben dimensionata migliora la qualità della luce, valorizza arredi e materiali e contribuisce alla percezione dell’intero progetto. Questa scheda ecommerce riunisce le informazioni tecniche e d’uso utili a individuare la configurazione più adatta, con un testo orientato alla ricerca di lampade a sospensione Ideal Lux per abitazioni, locali commerciali e spazi professionali.</p>","Ideal Lux Eclipse sp1: lampada a sospensione per interni in metallo e vetro, ideale per living e spazi contract. Scopri misure e varianti: acquista online."
"IL-CONFIG-198","<p>Ideal Lux Edison sp1 è una lampada a sospensione per interni: una sospensione materica che aggiunge texture e calore all’arredo. La struttura è realizzata in metallo e tessuto. La gamma comprende 2 varianti selezionabili, nelle finiture bianco e nero, con misure Ø 125 × H min 480 / max 2230 mm. La sorgente è definita da: attacco E27; numero di luci 1; potenza E27 max 1 x 42W; non dimmerabile secondo i dati di catalogo; sorgente o lampadina inclusa. Tra le combinazioni selezionabili figurano Edison sp1 – Bianco e Edison sp1 – Nero. La sospensione è indicata per zona living, sala da pranzo, camera da letto, bistrot e spazi hospitality. L’installazione è pensata per ambienti interni e va definita in base all’altezza disponibile e al progetto luce. Dimensioni, altezza regolabile, finitura, sorgente e potenza permettono di scegliere la configurazione più coerente con arredo, volume dell’ambiente e resa luminosa desiderata.</p>","<p>Ideal Lux Edison sp1 è una lampada a sospensione per interni pensata per chi desidera una sospensione materica che aggiunge texture e calore all’arredo. Il corpo illuminante scende dal soffitto e trasforma la luce in un elemento d’arredo, utile per definire una zona, sottolineare un piano o dare identità al volume dell’ambiente senza occupare superfici. La composizione in metallo e tessuto caratterizza la percezione del modello e permette di inserirlo in progetti residenziali e, dove appropriato, in spazi contract o hospitality.</p><p>La scelta della variante deve partire dalle caratteristiche reali del prodotto. La gamma comprende 2 varianti selezionabili, nelle finiture bianco e nero, con misure Ø 125 × H min 480 / max 2230 mm. La sorgente è definita da: attacco E27; numero di luci 1; potenza E27 max 1 x 42W; non dimmerabile secondo i dati di catalogo; sorgente o lampadina inclusa. Misura e altezza di sospensione incidono direttamente sull’effetto finale: un modello regolato più vicino al piano concentra l’attenzione su tavolo o bancone, mentre una discesa più ampia valorizza soffitti alti e composizioni scenografiche. La scheda Ideal Lux aggiunge questi dettagli costruttivi: Rosone e copri porta lampada in metallo rifinito con vernice opaca bianca o nera. Cavo elettrico in tessuto. Le configurazioni presenti a catalogo comprendono Edison sp1 – Bianco e Edison sp1 – Nero.</p><p>Il carattere materico rende Ideal Lux Edison sp1 coerente con zona living, sala da pranzo, camera da letto, bistrot e spazi hospitality, soprattutto quando si desiderano texture e un’atmosfera accogliente. In una casa completa living, zona pranzo o camera da letto; in ristoranti, bistrot, lounge e strutture ricettive può rafforzare un progetto caldo e riconoscibile. In presenza di tessuto, legno, cemento o resina, il bagno e gli ambienti umidi richiedono particolare attenzione: l’impiego deve essere valutato rispetto alle specifiche del prodotto e alla corretta posa.</p><p>Scegliere Ideal Lux Edison sp1 significa confrontare finiture, dimensioni, numero di luci, sorgente o attacco, potenza e possibilità di dimmerazione prima dell’acquisto. Una sospensione ben dimensionata migliora la qualità della luce, valorizza arredi e materiali e contribuisce alla percezione dell’intero progetto. Questa scheda ecommerce riunisce le informazioni tecniche e d’uso utili a individuare la configurazione più adatta, con un testo orientato alla ricerca di lampade a sospensione Ideal Lux per abitazioni, locali commerciali e spazi professionali.</p>","Ideal Lux Edison sp1: lampada a sospensione da interno in metallo e tessuto, ideale per living e spazi contract. Scopri misure e varianti: acquista online."
"IL-CONFIG-199","<p>Ideal Lux Empire sp1 cilindro è una lampada a sospensione per interni: una sospensione compatta adatta sia come punto luce singolo sia in composizioni multiple. La struttura è realizzata in metallo e vetro. La gamma comprende 3 varianti selezionabili, nelle finiture cromo sfumato, con misure Ø 120 × H min 475 / max 2405 mm, Ø 200 × H min 500 / max 2295 mm e Ø 180 × H min 515 / max 2315 mm. La sorgente è definita da: attacco G9; numero di luci 1; potenza G9 max 1 x 28W; non dimmerabile secondo i dati di catalogo; sorgente o lampadina inclusa. Tra le combinazioni selezionabili figurano Empire sp1 cilindro – Cilindro, Empire sp1 cono – Cono e Empire sp1 sfera – Sfera. La sospensione è indicata per penisole, comodini a sospensione, corridoi, banconi bar e piccoli tavoli. L’installazione è pensata per ambienti interni e va definita in base all’altezza disponibile e al progetto luce. Dimensioni, altezza regolabile, finitura, sorgente e potenza permettono di scegliere la configurazione più coerente con arredo, volume dell’ambiente e resa luminosa desiderata.</p>","<p>Ideal Lux Empire sp1 cilindro è una lampada a sospensione per interni pensata per chi desidera una sospensione compatta adatta sia come punto luce singolo sia in composizioni multiple. Il corpo illuminante scende dal soffitto e trasforma la luce in un elemento d’arredo, utile per definire una zona, sottolineare un piano o dare identità al volume dell’ambiente senza occupare superfici. La composizione in metallo e vetro caratterizza la percezione del modello e permette di inserirlo in progetti residenziali e, dove appropriato, in spazi contract o hospitality.</p><p>La scelta della variante deve partire dalle caratteristiche reali del prodotto. La gamma comprende 3 varianti selezionabili, nelle finiture cromo sfumato, con misure Ø 120 × H min 475 / max 2405 mm, Ø 200 × H min 500 / max 2295 mm e Ø 180 × H min 515 / max 2315 mm. La sorgente è definita da: attacco G9; numero di luci 1; potenza G9 max 1 x 28W; non dimmerabile secondo i dati di catalogo; sorgente o lampadina inclusa. Misura e altezza di sospensione incidono direttamente sull’effetto finale: un modello regolato più vicino al piano concentra l’attenzione su tavolo o bancone, mentre una discesa più ampia valorizza soffitti alti e composizioni scenografiche. Le configurazioni presenti a catalogo comprendono Empire sp1 cilindro – Cilindro, Empire sp1 cono – Cono e Empire sp1 sfera – Sfera.</p><p>Il formato compatto rende Ideal Lux Empire sp1 cilindro particolarmente utile in penisole, comodini a sospensione, corridoi, banconi bar e piccoli tavoli. Una singola sospensione può illuminare un tavolino, un angolo lettura o una zona comodino; più elementi coordinati possono comporre un ritmo sopra penisole, banconi o percorsi. È una soluzione interessante anche per bistrot e negozi che ricercano piccoli punti luce ripetuti. Per l’uso in bagno è necessario verificare protezione, posizione e distanze previste dalle norme.</p><p>Scegliere Ideal Lux Empire sp1 cilindro significa confrontare finiture, dimensioni, numero di luci, sorgente o attacco, potenza e possibilità di dimmerazione prima dell’acquisto. Una sospensione ben dimensionata migliora la qualità della luce, valorizza arredi e materiali e contribuisce alla percezione dell’intero progetto. Questa scheda ecommerce riunisce le informazioni tecniche e d’uso utili a individuare la configurazione più adatta, con un testo orientato alla ricerca di lampade a sospensione Ideal Lux per abitazioni, locali commerciali e spazi professionali.</p>","Ideal Lux Empire sp1 cilindro: lampada a sospensione per interni in metallo, ideale per living e spazi contract. Scopri misure e varianti: acquista online."
"IL-CONFIG-200","<p>Ideal Lux Equinoxe sp1 sfumato è una lampada a sospensione per interni: una sospensione compatta adatta sia come punto luce singolo sia in composizioni multiple. La struttura è realizzata in metallo e vetro. La gamma comprende 12 varianti selezionabili, nelle finiture ambra, cromo, fumè e ottone, con misure Ø 150 × H min 530 / max 2280 mm, Ø 200 × H min 640 / max 2390 mm e Ø 250 × H min 740 / max 2490 mm. La sorgente è definita da: attacco G4; numero di luci 1; potenza G4 max 1 x 2W; non dimmerabile secondo i dati di catalogo; sorgente o lampadina inclusa. Tra le combinazioni selezionabili figurano Equinoxe sp1 sfumato – Ambra – Diametro – 15cm, Equinoxe sp1 – Cromo – Diametro – 15cm, Equinoxe sp1 sfumato – Fumé – Diametro – 15cm, Equinoxe sp1 – Ottone – Diametro – 15cm, Equinoxe sp1 sfumato – Ambra – Diametro – 20cm e altre 7 configurazioni. La sospensione è indicata per penisole, comodini a sospensione, corridoi, banconi bar e piccoli tavoli. L’installazione è pensata per ambienti interni e va definita in base all’altezza disponibile e al progetto luce. Dimensioni, altezza regolabile, finitura, sorgente e potenza permettono di scegliere la configurazione più coerente con arredo, volume dell’ambiente e resa luminosa desiderata.</p>","<p>Ideal Lux Equinoxe sp1 sfumato è una lampada a sospensione per interni pensata per chi desidera una sospensione compatta adatta sia come punto luce singolo sia in composizioni multiple. Il corpo illuminante scende dal soffitto e trasforma la luce in un elemento d’arredo, utile per definire una zona, sottolineare un piano o dare identità al volume dell’ambiente senza occupare superfici. La composizione in metallo e vetro caratterizza la percezione del modello e permette di inserirlo in progetti residenziali e, dove appropriato, in spazi contract o hospitality.</p><p>La scelta della variante deve partire dalle caratteristiche reali del prodotto. La gamma comprende 12 varianti selezionabili, nelle finiture ambra, cromo, fumè e ottone, con misure Ø 150 × H min 530 / max 2280 mm, Ø 200 × H min 640 / max 2390 mm e Ø 250 × H min 740 / max 2490 mm. La sorgente è definita da: attacco G4; numero di luci 1; potenza G4 max 1 x 2W; non dimmerabile secondo i dati di catalogo; sorgente o lampadina inclusa. Misura e altezza di sospensione incidono direttamente sull’effetto finale: un modello regolato più vicino al piano concentra l’attenzione su tavolo o bancone, mentre una discesa più ampia valorizza soffitti alti e composizioni scenografiche. Le configurazioni presenti a catalogo comprendono Equinoxe sp1 sfumato – Ambra – Diametro – 15cm, Equinoxe sp1 – Cromo – Diametro – 15cm, Equinoxe sp1 sfumato – Fumé – Diametro – 15cm, Equinoxe sp1 – Ottone – Diametro – 15cm, Equinoxe sp1 sfumato – Ambra – Diametro – 20cm, Equinoxe sp1 – Cromo – Diametro – 20cm, Equinoxe sp1 sfumato – Fumé – Diametro – 20cm, Equinoxe sp1 – Ottone – Diametro – 20cm, Equinoxe sp1 sfumato – Ambra – Diametro – 25cm, Equinoxe sp1 – Cromo – Diametro – 25cm e altre 2 configurazioni.</p><p>Il formato compatto rende Ideal Lux Equinoxe sp1 sfumato particolarmente utile in penisole, comodini a sospensione, corridoi, banconi bar e piccoli tavoli. Una singola sospensione può illuminare un tavolino, un angolo lettura o una zona comodino; più elementi coordinati possono comporre un ritmo sopra penisole, banconi o percorsi. È una soluzione interessante anche per bistrot e negozi che ricercano piccoli punti luce ripetuti. Per l’uso in bagno è necessario verificare protezione, posizione e distanze previste dalle norme.</p><p>Scegliere Ideal Lux Equinoxe sp1 sfumato significa confrontare finiture, dimensioni, numero di luci, sorgente o attacco, potenza e possibilità di dimmerazione prima dell’acquisto. Una sospensione ben dimensionata migliora la qualità della luce, valorizza arredi e materiali e contribuisce alla percezione dell’intero progetto. Questa scheda ecommerce riunisce le informazioni tecniche e d’uso utili a individuare la configurazione più adatta, con un testo orientato alla ricerca di lampade a sospensione Ideal Lux per abitazioni, locali commerciali e spazi professionali.</p>","Ideal Lux Equinoxe sp1 sfumato: sospensione per interni in metallo e vetro, pensata per living e spazi contract. Scopri misure e varianti: acquista online."
"IL-CONFIG-201","<p>Ideal Lux Equinoxe sp3 sfumato è una lampada a sospensione per interni: una sospensione decorativa versatile, studiata per valorizzare l’arredo con luce dall’alto. La struttura è realizzata in metallo e vetro. La gamma comprende 8 varianti selezionabili, nelle finiture ambra, cromo, fumè e ottone, con misure Ø 420 × H min 725 / max 2000 mm e Ø 650 × H min 500 / max 2250 mm. La sorgente è definita da: attacco G4; numero di luci 3 e 6; potenza G4 max 3 x 2W e G4 max 6 x 2W; non dimmerabile secondo i dati di catalogo; sorgente o lampadina inclusa. Tra le combinazioni selezionabili figurano Equinoxe sp3 sfumato – 3 Sorgenti Luminose – Ambra, Equinoxe sp3 – 3 Sorgenti Luminose – Cromo, Equinoxe sp3 sfumato – 3 Sorgenti Luminose – Fumé, Equinoxe sp3 – 3 Sorgenti Luminose – Ottone, Equinoxe sp6 sfumato – 6 Sorgenti Luminose – Ambra e altre 3 configurazioni. La sospensione è indicata per soggiorni, zone pranzo, camere, ingressi, ristoranti e boutique. L’installazione è pensata per ambienti interni e va definita in base all’altezza disponibile e al progetto luce. Dimensioni, altezza regolabile, finitura, sorgente e potenza permettono di scegliere la configurazione più coerente con arredo, volume dell’ambiente e resa luminosa desiderata.</p>","<p>Ideal Lux Equinoxe sp3 sfumato è una lampada a sospensione per interni pensata per chi desidera una sospensione decorativa versatile, studiata per valorizzare l’arredo con luce dall’alto. Il corpo illuminante scende dal soffitto e trasforma la luce in un elemento d’arredo, utile per definire una zona, sottolineare un piano o dare identità al volume dell’ambiente senza occupare superfici. La composizione in metallo e vetro caratterizza la percezione del modello e permette di inserirlo in progetti residenziali e, dove appropriato, in spazi contract o hospitality.</p><p>La scelta della variante deve partire dalle caratteristiche reali del prodotto. La gamma comprende 8 varianti selezionabili, nelle finiture ambra, cromo, fumè e ottone, con misure Ø 420 × H min 725 / max 2000 mm e Ø 650 × H min 500 / max 2250 mm. La sorgente è definita da: attacco G4; numero di luci 3 e 6; potenza G4 max 3 x 2W e G4 max 6 x 2W; non dimmerabile secondo i dati di catalogo; sorgente o lampadina inclusa. Misura e altezza di sospensione incidono direttamente sull’effetto finale: un modello regolato più vicino al piano concentra l’attenzione su tavolo o bancone, mentre una discesa più ampia valorizza soffitti alti e composizioni scenografiche. Le configurazioni presenti a catalogo comprendono Equinoxe sp3 sfumato – 3 Sorgenti Luminose – Ambra, Equinoxe sp3 – 3 Sorgenti Luminose – Cromo, Equinoxe sp3 sfumato – 3 Sorgenti Luminose – Fumé, Equinoxe sp3 – 3 Sorgenti Luminose – Ottone, Equinoxe sp6 sfumato – 6 Sorgenti Luminose – Ambra, Equinoxe sp6 – 6 Sorgenti Luminose – Cromo, Equinoxe sp6 sfumato – 6 Sorgenti Luminose – Fumé e Equinoxe sp6 – 6 Sorgenti Luminose – Ottone.</p><p>La versatilità del modello favorisce l’utilizzo in soggiorni, zone pranzo, camere, ingressi, ristoranti e boutique. In soggiorno e zona living la sospensione crea un punto focale; in cucina può illuminare isola o penisola quando dimensioni e quota sono proporzionate; in camera da letto aggiunge una componente decorativa e funzionale. In locali commerciali è adatta a tavoli di ristoranti e bistrot, lounge, vetrine interne o aree accoglienza. Per corridoio, cameretta e bagno è opportuno valutare ingombro, altezza e compatibilità tecnica con lo spazio.</p><p>Scegliere Ideal Lux Equinoxe sp3 sfumato significa confrontare finiture, dimensioni, numero di luci, sorgente o attacco, potenza e possibilità di dimmerazione prima dell’acquisto. Una sospensione ben dimensionata migliora la qualità della luce, valorizza arredi e materiali e contribuisce alla percezione dell’intero progetto. Questa scheda ecommerce riunisce le informazioni tecniche e d’uso utili a individuare la configurazione più adatta, con un testo orientato alla ricerca di lampade a sospensione Ideal Lux per abitazioni, locali commerciali e spazi professionali.</p>","Ideal Lux Equinoxe sp3 sfumato: sospensione per interni in metallo e vetro, pensata per living e spazi contract. Scopri misure e varianti: acquista online."
"IL-CONFIG-202","<p>Ideal Lux Equinoxe sp12 sfumato è una lampada a sospensione per interni: una sospensione decorativa di forte presenza, progettata per diventare protagonista dello spazio. La struttura è realizzata in metallo e vetro. La gamma comprende 8 varianti selezionabili, nelle finiture ambra, cromo, fumè e ottone, con misure Ø 1281 × H min 840 / max 914 mm e Ø 1280 × H min 690 / max 720 mm. La sorgente è definita da: attacco G4; numero di luci 12 e 8; potenza G4 max 12 x 2W e G4 max 8 x 2W; non dimmerabile secondo i dati di catalogo; sorgente o lampadina inclusa. Tra le combinazioni selezionabili figurano Equinoxe sp12 sfumato – 12 Sorgenti Luminose – Ambra, Equinoxe sp12 – 12 Sorgenti Luminose – Cromo, Equinoxe sp12 sfumato – 12 Sorgenti Luminose – Fumé, Equinoxe sp12 – 12 Sorgenti Luminose – Ottone, Equinoxe sp8 sfumato – 8 Sorgenti Luminose – Ambra e altre 3 configurazioni. La sospensione è indicata per saloni, soggiorni ampi, vani scala, hall, boutique e sale ristorante. L’installazione è pensata per ambienti interni e va definita in base all’altezza disponibile e al progetto luce. Dimensioni, altezza regolabile, finitura, sorgente e potenza permettono di scegliere la configurazione più coerente con arredo, volume dell’ambiente e resa luminosa desiderata.</p>","<p>Ideal Lux Equinoxe sp12 sfumato è una lampada a sospensione per interni pensata per chi desidera una sospensione decorativa di forte presenza, progettata per diventare protagonista dello spazio. Il corpo illuminante scende dal soffitto e trasforma la luce in un elemento d’arredo, utile per definire una zona, sottolineare un piano o dare identità al volume dell’ambiente senza occupare superfici. La composizione in metallo e vetro caratterizza la percezione del modello e permette di inserirlo in progetti residenziali e, dove appropriato, in spazi contract o hospitality.</p><p>La scelta della variante deve partire dalle caratteristiche reali del prodotto. La gamma comprende 8 varianti selezionabili, nelle finiture ambra, cromo, fumè e ottone, con misure Ø 1281 × H min 840 / max 914 mm e Ø 1280 × H min 690 / max 720 mm. La sorgente è definita da: attacco G4; numero di luci 12 e 8; potenza G4 max 12 x 2W e G4 max 8 x 2W; non dimmerabile secondo i dati di catalogo; sorgente o lampadina inclusa. Misura e altezza di sospensione incidono direttamente sull’effetto finale: un modello regolato più vicino al piano concentra l’attenzione su tavolo o bancone, mentre una discesa più ampia valorizza soffitti alti e composizioni scenografiche. La scheda Ideal Lux aggiunge questi dettagli costruttivi: Montatura in metallo placcato. Diffusori in vetro borosilicato trasparente. Cavo in pvc nero. Colori: montatura cromo con vetro trasparente o fumè sfumato, montatura ottone antico con vetro trasparente o ambra sfumato. Le configurazioni presenti a catalogo comprendono Equinoxe sp12 sfumato – 12 Sorgenti Luminose – Ambra, Equinoxe sp12 – 12 Sorgenti Luminose – Cromo, Equinoxe sp12 sfumato – 12 Sorgenti Luminose – Fumé, Equinoxe sp12 – 12 Sorgenti Luminose – Ottone, Equinoxe sp8 sfumato – 8 Sorgenti Luminose – Ambra, Equinoxe sp8 – 8 Sorgenti Luminose – Cromo, Equinoxe sp8 sfumato – 8 Sorgenti Luminose – Fumé e Equinoxe sp8 – 8 Sorgenti Luminose – Ottone.</p><p>Per dimensioni e presenza decorativa, Ideal Lux Equinoxe sp12 sfumato si presta a saloni, soggiorni ampi, vani scala, hall, boutique e sale ristorante. In casa può diventare il fulcro del soggiorno, della sala da pranzo o di un vano scala ampio; nel contract valorizza hall, lounge, sale ristorante, boutique e aree accoglienza alberghiere. In camere o ambienti contenuti occorre controllare con precisione l’ingombro. In bagno, come per ogni sospensione da interno, l’installazione è valutabile solo in posizioni compatibili con requisiti tecnici e zone elettriche previste.</p><p>Scegliere Ideal Lux Equinoxe sp12 sfumato significa confrontare finiture, dimensioni, numero di luci, sorgente o attacco, potenza e possibilità di dimmerazione prima dell’acquisto. Una sospensione ben dimensionata migliora la qualità della luce, valorizza arredi e materiali e contribuisce alla percezione dell’intero progetto. Questa scheda ecommerce riunisce le informazioni tecniche e d’uso utili a individuare la configurazione più adatta, con un testo orientato alla ricerca di lampade a sospensione Ideal Lux per abitazioni, locali commerciali e spazi professionali.</p>","Ideal Lux Equinoxe sp12 sfumato: lampada a sospensione per interni in metallo, ideale per salone, living e hall. Scopri misure e varianti: acquista online."
"IL-CONFIG-203","<p>Ideal Lux Eris-1 sp1 è una lampada a sospensione per interni: una sospensione compatta adatta sia come punto luce singolo sia in composizioni multiple. La struttura è realizzata in metallo. La gamma comprende 2 varianti selezionabili, nelle finiture bianco e nero, con misure Ø 210 × H min 460 / max 2100 mm. La sorgente è definita da: attacco E27; numero di luci 1; potenza E27 max 1 x 42W; non dimmerabile secondo i dati di catalogo; lampadina non indicata come inclusa. Tra le combinazioni selezionabili figurano Eris – 1 sp1 – Bianco e Eris – 1 sp1 – Nero. La sospensione è indicata per penisole, comodini a sospensione, corridoi, banconi bar e piccoli tavoli. L’installazione è pensata per ambienti interni e va definita in base all’altezza disponibile e al progetto luce. Dimensioni, altezza regolabile, finitura, sorgente e potenza permettono di scegliere la configurazione più coerente con arredo, volume dell’ambiente e resa luminosa desiderata.</p>","<p>Ideal Lux Eris-1 sp1 è una lampada a sospensione per interni pensata per chi desidera una sospensione compatta adatta sia come punto luce singolo sia in composizioni multiple. Il corpo illuminante scende dal soffitto e trasforma la luce in un elemento d’arredo, utile per definire una zona, sottolineare un piano o dare identità al volume dell’ambiente senza occupare superfici. La composizione in metallo caratterizza la percezione del modello e permette di inserirlo in progetti residenziali e, dove appropriato, in spazi contract o hospitality.</p><p>La scelta della variante deve partire dalle caratteristiche reali del prodotto. La gamma comprende 2 varianti selezionabili, nelle finiture bianco e nero, con misure Ø 210 × H min 460 / max 2100 mm. La sorgente è definita da: attacco E27; numero di luci 1; potenza E27 max 1 x 42W; non dimmerabile secondo i dati di catalogo; lampadina non indicata come inclusa. Misura e altezza di sospensione incidono direttamente sull’effetto finale: un modello regolato più vicino al piano concentra l’attenzione su tavolo o bancone, mentre una discesa più ampia valorizza soffitti alti e composizioni scenografiche. La scheda Ideal Lux aggiunge questi dettagli costruttivi: Montatura in metallo con rosone e diffusore verniciati bianco o nero opaco, dettagli in finitura oro satinato. Cavo elettrico intrecciato con rivestimento in tessuto. Le configurazioni presenti a catalogo comprendono Eris – 1 sp1 – Bianco e Eris – 1 sp1 – Nero.</p><p>Il formato compatto rende Ideal Lux Eris-1 sp1 particolarmente utile in penisole, comodini a sospensione, corridoi, banconi bar e piccoli tavoli. Una singola sospensione può illuminare un tavolino, un angolo lettura o una zona comodino; più elementi coordinati possono comporre un ritmo sopra penisole, banconi o percorsi. È una soluzione interessante anche per bistrot e negozi che ricercano piccoli punti luce ripetuti. Per l’uso in bagno è necessario verificare protezione, posizione e distanze previste dalle norme.</p><p>Scegliere Ideal Lux Eris-1 sp1 significa confrontare finiture, dimensioni, numero di luci, sorgente o attacco, potenza e possibilità di dimmerazione prima dell’acquisto. Una sospensione ben dimensionata migliora la qualità della luce, valorizza arredi e materiali e contribuisce alla percezione dell’intero progetto. Questa scheda ecommerce riunisce le informazioni tecniche e d’uso utili a individuare la configurazione più adatta, con un testo orientato alla ricerca di lampade a sospensione Ideal Lux per abitazioni, locali commerciali e spazi professionali.</p>","Ideal Lux Eris-1 sp1: lampada a sospensione da interno in metallo, ideale per living e spazi contract. Scopri finiture, misure e varianti e acquista online."
"IL-CONFIG-204","<p>Ideal Lux Eris-2 sp1 è una lampada a sospensione per interni: una sospensione decorativa versatile, studiata per valorizzare l’arredo con luce dall’alto. La struttura è realizzata in metallo. La gamma comprende 2 varianti selezionabili, nelle finiture bianco e nero, con misure Ø 330 × H min 520 / max 2150 mm. La sorgente è definita da: attacco E27; numero di luci 1; potenza E27 max 1 x 42W; non dimmerabile secondo i dati di catalogo; lampadina non indicata come inclusa. Tra le combinazioni selezionabili figurano Eris – 2 sp1 – Bianco e Eris – 2 sp1 – Nero. La sospensione è indicata per soggiorni, zone pranzo, camere, ingressi, ristoranti e boutique. L’installazione è pensata per ambienti interni e va definita in base all’altezza disponibile e al progetto luce. Dimensioni, altezza regolabile, finitura, sorgente e potenza permettono di scegliere la configurazione più coerente con arredo, volume dell’ambiente e resa luminosa desiderata.</p>","<p>Ideal Lux Eris-2 sp1 è una lampada a sospensione per interni pensata per chi desidera una sospensione decorativa versatile, studiata per valorizzare l’arredo con luce dall’alto. Il corpo illuminante scende dal soffitto e trasforma la luce in un elemento d’arredo, utile per definire una zona, sottolineare un piano o dare identità al volume dell’ambiente senza occupare superfici. La composizione in metallo caratterizza la percezione del modello e permette di inserirlo in progetti residenziali e, dove appropriato, in spazi contract o hospitality.</p><p>La scelta della variante deve partire dalle caratteristiche reali del prodotto. La gamma comprende 2 varianti selezionabili, nelle finiture bianco e nero, con misure Ø 330 × H min 520 / max 2150 mm. La sorgente è definita da: attacco E27; numero di luci 1; potenza E27 max 1 x 42W; non dimmerabile secondo i dati di catalogo; lampadina non indicata come inclusa. Misura e altezza di sospensione incidono direttamente sull’effetto finale: un modello regolato più vicino al piano concentra l’attenzione su tavolo o bancone, mentre una discesa più ampia valorizza soffitti alti e composizioni scenografiche. La scheda Ideal Lux aggiunge questi dettagli costruttivi: Montatura in metallo con rosone e diffusore verniciati bianco o nero opaco, dettagli in finitura oro satinato. Cavo elettrico intrecciato con rivestimento in tessuto. Le configurazioni presenti a catalogo comprendono Eris – 2 sp1 – Bianco e Eris – 2 sp1 – Nero.</p><p>La versatilità del modello favorisce l’utilizzo in soggiorni, zone pranzo, camere, ingressi, ristoranti e boutique. In soggiorno e zona living la sospensione crea un punto focale; in cucina può illuminare isola o penisola quando dimensioni e quota sono proporzionate; in camera da letto aggiunge una componente decorativa e funzionale. In locali commerciali è adatta a tavoli di ristoranti e bistrot, lounge, vetrine interne o aree accoglienza. Per corridoio, cameretta e bagno è opportuno valutare ingombro, altezza e compatibilità tecnica con lo spazio.</p><p>Scegliere Ideal Lux Eris-2 sp1 significa confrontare finiture, dimensioni, numero di luci, sorgente o attacco, potenza e possibilità di dimmerazione prima dell’acquisto. Una sospensione ben dimensionata migliora la qualità della luce, valorizza arredi e materiali e contribuisce alla percezione dell’intero progetto. Questa scheda ecommerce riunisce le informazioni tecniche e d’uso utili a individuare la configurazione più adatta, con un testo orientato alla ricerca di lampade a sospensione Ideal Lux per abitazioni, locali commerciali e spazi professionali.</p>","Ideal Lux Eris-2 sp1: lampada a sospensione da interno in metallo, ideale per living e spazi contract. Scopri finiture, misure e varianti e acquista online."
"IL-CONFIG-205","<p>Ideal Lux Eris-3 sp1 è una lampada a sospensione per interni: una sospensione decorativa versatile, studiata per valorizzare l’arredo con luce dall’alto. La struttura è realizzata in metallo. La gamma comprende 2 varianti selezionabili, nelle finiture bianco e nero, con misure Ø 290 × H min 440 / max 2080 mm. La sorgente è definita da: attacco E27; numero di luci 1; potenza E27 max 1 x 42W; non dimmerabile secondo i dati di catalogo; lampadina non indicata come inclusa. Tra le combinazioni selezionabili figurano Eris – 3 sp1 – Bianco e Eris – 3 sp1 – Nero. La sospensione è indicata per soggiorni, zone pranzo, camere, ingressi, ristoranti e boutique. L’installazione è pensata per ambienti interni e va definita in base all’altezza disponibile e al progetto luce. Dimensioni, altezza regolabile, finitura, sorgente e potenza permettono di scegliere la configurazione più coerente con arredo, volume dell’ambiente e resa luminosa desiderata.</p>","<p>Ideal Lux Eris-3 sp1 è una lampada a sospensione per interni pensata per chi desidera una sospensione decorativa versatile, studiata per valorizzare l’arredo con luce dall’alto. Il corpo illuminante scende dal soffitto e trasforma la luce in un elemento d’arredo, utile per definire una zona, sottolineare un piano o dare identità al volume dell’ambiente senza occupare superfici. La composizione in metallo caratterizza la percezione del modello e permette di inserirlo in progetti residenziali e, dove appropriato, in spazi contract o hospitality.</p><p>La scelta della variante deve partire dalle caratteristiche reali del prodotto. La gamma comprende 2 varianti selezionabili, nelle finiture bianco e nero, con misure Ø 290 × H min 440 / max 2080 mm. La sorgente è definita da: attacco E27; numero di luci 1; potenza E27 max 1 x 42W; non dimmerabile secondo i dati di catalogo; lampadina non indicata come inclusa. Misura e altezza di sospensione incidono direttamente sull’effetto finale: un modello regolato più vicino al piano concentra l’attenzione su tavolo o bancone, mentre una discesa più ampia valorizza soffitti alti e composizioni scenografiche. La scheda Ideal Lux aggiunge questi dettagli costruttivi: Montatura in metallo con rosone e diffusore verniciati bianco o nero opaco, dettagli in finitura oro satinato. Cavo elettrico intrecciato con rivestimento in tessuto. Le configurazioni presenti a catalogo comprendono Eris – 3 sp1 – Bianco e Eris – 3 sp1 – Nero.</p><p>La versatilità del modello favorisce l’utilizzo in soggiorni, zone pranzo, camere, ingressi, ristoranti e boutique. In soggiorno e zona living la sospensione crea un punto focale; in cucina può illuminare isola o penisola quando dimensioni e quota sono proporzionate; in camera da letto aggiunge una componente decorativa e funzionale. In locali commerciali è adatta a tavoli di ristoranti e bistrot, lounge, vetrine interne o aree accoglienza. Per corridoio, cameretta e bagno è opportuno valutare ingombro, altezza e compatibilità tecnica con lo spazio.</p><p>Scegliere Ideal Lux Eris-3 sp1 significa confrontare finiture, dimensioni, numero di luci, sorgente o attacco, potenza e possibilità di dimmerazione prima dell’acquisto. Una sospensione ben dimensionata migliora la qualità della luce, valorizza arredi e materiali e contribuisce alla percezione dell’intero progetto. Questa scheda ecommerce riunisce le informazioni tecniche e d’uso utili a individuare la configurazione più adatta, con un testo orientato alla ricerca di lampade a sospensione Ideal Lux per abitazioni, locali commerciali e spazi professionali.</p>","Ideal Lux Eris-3 sp1: lampada a sospensione da interno in metallo, ideale per living e spazi contract. Scopri finiture, misure e varianti e acquista online."
"IL-CONFIG-206","<p>Ideal Lux Eris-4 sp1 è una lampada a sospensione per interni: una sospensione decorativa versatile, studiata per valorizzare l’arredo con luce dall’alto. La struttura è realizzata in metallo. La gamma comprende 2 varianti selezionabili, nelle finiture bianco e nero, con misure Ø 360 × H min 450 / max 2080 mm. La sorgente è definita da: attacco E27; numero di luci 1; potenza E27 max 1 x 42W; non dimmerabile secondo i dati di catalogo; lampadina non indicata come inclusa. Tra le combinazioni selezionabili figurano Eris – 4 sp1 – Bianco e Eris – 4 sp1 – Nero. La sospensione è indicata per soggiorni, zone pranzo, camere, ingressi, ristoranti e boutique. L’installazione è pensata per ambienti interni e va definita in base all’altezza disponibile e al progetto luce. Dimensioni, altezza regolabile, finitura, sorgente e potenza permettono di scegliere la configurazione più coerente con arredo, volume dell’ambiente e resa luminosa desiderata.</p>","<p>Ideal Lux Eris-4 sp1 è una lampada a sospensione per interni pensata per chi desidera una sospensione decorativa versatile, studiata per valorizzare l’arredo con luce dall’alto. Il corpo illuminante scende dal soffitto e trasforma la luce in un elemento d’arredo, utile per definire una zona, sottolineare un piano o dare identità al volume dell’ambiente senza occupare superfici. La composizione in metallo caratterizza la percezione del modello e permette di inserirlo in progetti residenziali e, dove appropriato, in spazi contract o hospitality.</p><p>La scelta della variante deve partire dalle caratteristiche reali del prodotto. La gamma comprende 2 varianti selezionabili, nelle finiture bianco e nero, con misure Ø 360 × H min 450 / max 2080 mm. La sorgente è definita da: attacco E27; numero di luci 1; potenza E27 max 1 x 42W; non dimmerabile secondo i dati di catalogo; lampadina non indicata come inclusa. Misura e altezza di sospensione incidono direttamente sull’effetto finale: un modello regolato più vicino al piano concentra l’attenzione su tavolo o bancone, mentre una discesa più ampia valorizza soffitti alti e composizioni scenografiche. La scheda Ideal Lux aggiunge questi dettagli costruttivi: Montatura in metallo con rosone e diffusore verniciati bianco o nero opaco, dettagli in finitura oro satinato. Cavo elettrico intrecciato con rivestimento in tessuto. Le configurazioni presenti a catalogo comprendono Eris – 4 sp1 – Bianco e Eris – 4 sp1 – Nero.</p><p>La versatilità del modello favorisce l’utilizzo in soggiorni, zone pranzo, camere, ingressi, ristoranti e boutique. In soggiorno e zona living la sospensione crea un punto focale; in cucina può illuminare isola o penisola quando dimensioni e quota sono proporzionate; in camera da letto aggiunge una componente decorativa e funzionale. In locali commerciali è adatta a tavoli di ristoranti e bistrot, lounge, vetrine interne o aree accoglienza. Per corridoio, cameretta e bagno è opportuno valutare ingombro, altezza e compatibilità tecnica con lo spazio.</p><p>Scegliere Ideal Lux Eris-4 sp1 significa confrontare finiture, dimensioni, numero di luci, sorgente o attacco, potenza e possibilità di dimmerazione prima dell’acquisto. Una sospensione ben dimensionata migliora la qualità della luce, valorizza arredi e materiali e contribuisce alla percezione dell’intero progetto. Questa scheda ecommerce riunisce le informazioni tecniche e d’uso utili a individuare la configurazione più adatta, con un testo orientato alla ricerca di lampade a sospensione Ideal Lux per abitazioni, locali commerciali e spazi professionali.</p>","Ideal Lux Eris-4 sp1: lampada a sospensione da interno in metallo, ideale per living e spazi contract. Scopri finiture, misure e varianti e acquista online."
"IL-CONFIG-207","<p>Ideal Lux Essence sp round è una lampada a sospensione per interni: una sospensione lineare che distribuisce la luce lungo superfici e percorsi visivi. La struttura è realizzata in alluminio e metallo. La gamma comprende 5 varianti selezionabili, nelle finiture bianco, nero e ottone, con misure L 1150 × H min 335 / max 2135 × P 60 mm. La sorgente è definita da: sorgente LED; numero di luci 1; potenza LED 19W; temperatura colore 3000K, 2700K e 4000K; non dimmerabile secondo i dati di catalogo; sorgente o lampadina inclusa. Tra le combinazioni selezionabili figurano Essence sp round – Bianco – 3000K, Essence sp round – Nero – 2700K, Essence sp round – Nero – 3000K, Essence sp round – Nero – 4000K e Essence sp round – Ottone – 3000K. La sospensione è indicata per tavoli da pranzo, isole cucina, banconi, reception e tavoli riunione. L’installazione è pensata per ambienti interni e va definita in base all’altezza disponibile e al progetto luce. Dimensioni, altezza regolabile, finitura, sorgente e potenza permettono di scegliere la configurazione più coerente con arredo, volume dell’ambiente e resa luminosa desiderata.</p>","<p>Ideal Lux Essence sp round è una lampada a sospensione per interni pensata per chi desidera una sospensione lineare che distribuisce la luce lungo superfici e percorsi visivi. Il corpo illuminante scende dal soffitto e trasforma la luce in un elemento d’arredo, utile per definire una zona, sottolineare un piano o dare identità al volume dell’ambiente senza occupare superfici. La composizione in alluminio e metallo caratterizza la percezione del modello e permette di inserirlo in progetti residenziali e, dove appropriato, in spazi contract o hospitality.</p><p>La scelta della variante deve partire dalle caratteristiche reali del prodotto. La gamma comprende 5 varianti selezionabili, nelle finiture bianco, nero e ottone, con misure L 1150 × H min 335 / max 2135 × P 60 mm. La sorgente è definita da: sorgente LED; numero di luci 1; potenza LED 19W; temperatura colore 3000K, 2700K e 4000K; non dimmerabile secondo i dati di catalogo; sorgente o lampadina inclusa. Misura e altezza di sospensione incidono direttamente sull’effetto finale: un modello regolato più vicino al piano concentra l’attenzione su tavolo o bancone, mentre una discesa più ampia valorizza soffitti alti e composizioni scenografiche. Le configurazioni presenti a catalogo comprendono Essence sp round – Bianco – 3000K, Essence sp round – Nero – 2700K, Essence sp round – Nero – 3000K, Essence sp round – Nero – 4000K e Essence sp round – Ottone – 3000K.</p><p>La geometria lineare rende Ideal Lux Essence sp round adatta a tavoli da pranzo, isole cucina, banconi, reception e tavoli riunione. In cucina può accompagnare isola o penisola, nella zona pranzo segue il tavolo, mentre in un open space aiuta a differenziare le aree funzionali. In ristoranti, bar, reception, sale meeting e showroom una sospensione lineare offre ordine visivo e un’illuminazione riconoscibile. Per corridoi, camere e camerette la scelta va rapportata allo spazio libero; per il bagno vanno sempre osservati i vincoli di installazione.</p><p>Scegliere Ideal Lux Essence sp round significa confrontare finiture, dimensioni, numero di luci, sorgente o attacco, potenza e possibilità di dimmerazione prima dell’acquisto. Una sospensione ben dimensionata migliora la qualità della luce, valorizza arredi e materiali e contribuisce alla percezione dell’intero progetto. Questa scheda ecommerce riunisce le informazioni tecniche e d’uso utili a individuare la configurazione più adatta, con un testo orientato alla ricerca di lampade a sospensione Ideal Lux per abitazioni, locali commerciali e spazi professionali.</p>","Ideal Lux Essence sp round: lampada a sospensione per interni in alluminio, ideale per tavolo, isola e bancone. Scopri finiture e misure e acquista online."
"IL-CONFIG-208","<p>Ideal Lux Essence sp square è una lampada a sospensione per interni: una sospensione lineare che distribuisce la luce lungo superfici e percorsi visivi. La struttura è realizzata in alluminio e metallo. La gamma comprende 3 varianti selezionabili, nelle finiture bianco, nero e ottone, con misure L 1150 × H min 330 / max 2135 × P 60 mm. La sorgente è definita da: sorgente LED; numero di luci 1; potenza LED 19W; temperatura colore 3000K; non dimmerabile secondo i dati di catalogo; sorgente o lampadina inclusa. Tra le combinazioni selezionabili figurano Essence sp square – Bianco, Essence sp square – Nero e Essence sp square – Ottone. La sospensione è indicata per tavoli da pranzo, isole cucina, banconi, reception e tavoli riunione. L’installazione è pensata per ambienti interni e va definita in base all’altezza disponibile e al progetto luce. Dimensioni, altezza regolabile, finitura, sorgente e potenza permettono di scegliere la configurazione più coerente con arredo, volume dell’ambiente e resa luminosa desiderata.</p>","<p>Ideal Lux Essence sp square è una lampada a sospensione per interni pensata per chi desidera una sospensione lineare che distribuisce la luce lungo superfici e percorsi visivi. Il corpo illuminante scende dal soffitto e trasforma la luce in un elemento d’arredo, utile per definire una zona, sottolineare un piano o dare identità al volume dell’ambiente senza occupare superfici. La composizione in alluminio e metallo caratterizza la percezione del modello e permette di inserirlo in progetti residenziali e, dove appropriato, in spazi contract o hospitality.</p><p>La scelta della variante deve partire dalle caratteristiche reali del prodotto. La gamma comprende 3 varianti selezionabili, nelle finiture bianco, nero e ottone, con misure L 1150 × H min 330 / max 2135 × P 60 mm. La sorgente è definita da: sorgente LED; numero di luci 1; potenza LED 19W; temperatura colore 3000K; non dimmerabile secondo i dati di catalogo; sorgente o lampadina inclusa. Misura e altezza di sospensione incidono direttamente sull’effetto finale: un modello regolato più vicino al piano concentra l’attenzione su tavolo o bancone, mentre una discesa più ampia valorizza soffitti alti e composizioni scenografiche. Le configurazioni presenti a catalogo comprendono Essence sp square – Bianco, Essence sp square – Nero e Essence sp square – Ottone.</p><p>La geometria lineare rende Ideal Lux Essence sp square adatta a tavoli da pranzo, isole cucina, banconi, reception e tavoli riunione. In cucina può accompagnare isola o penisola, nella zona pranzo segue il tavolo, mentre in un open space aiuta a differenziare le aree funzionali. In ristoranti, bar, reception, sale meeting e showroom una sospensione lineare offre ordine visivo e un’illuminazione riconoscibile. Per corridoi, camere e camerette la scelta va rapportata allo spazio libero; per il bagno vanno sempre osservati i vincoli di installazione.</p><p>Scegliere Ideal Lux Essence sp square significa confrontare finiture, dimensioni, numero di luci, sorgente o attacco, potenza e possibilità di dimmerazione prima dell’acquisto. Una sospensione ben dimensionata migliora la qualità della luce, valorizza arredi e materiali e contribuisce alla percezione dell’intero progetto. Questa scheda ecommerce riunisce le informazioni tecniche e d’uso utili a individuare la configurazione più adatta, con un testo orientato alla ricerca di lampade a sospensione Ideal Lux per abitazioni, locali commerciali e spazi professionali.</p>","Ideal Lux Essence sp square: lampada a sospensione per interni in alluminio, ideale per tavolo, isola e bancone. Scopri misure e varianti: acquista online."
"IL-CONFIG-209","<p>Ideal Lux Fade sp1 è una lampada a sospensione per interni: una sospensione decorativa versatile, studiata per valorizzare l’arredo con luce dall’alto. La struttura è realizzata in metallo e vetro. La gamma comprende 2 varianti selezionabili, nelle finiture ambra e cromo, con misure Ø 270 × H min 460 / max 2110 mm. La sorgente è definita da: attacco G9; numero di luci 1; potenza G9 max 1 x 15W; non dimmerabile secondo i dati di catalogo; sorgente o lampadina inclusa. Tra le combinazioni selezionabili figurano Fade sp1 – Ambra e Fade sp1 – Cromo. La sospensione è indicata per soggiorni, zone pranzo, camere, ingressi, ristoranti e boutique. L’installazione è pensata per ambienti interni e va definita in base all’altezza disponibile e al progetto luce. Dimensioni, altezza regolabile, finitura, sorgente e potenza permettono di scegliere la configurazione più coerente con arredo, volume dell’ambiente e resa luminosa desiderata.</p>","<p>Ideal Lux Fade sp1 è una lampada a sospensione per interni pensata per chi desidera una sospensione decorativa versatile, studiata per valorizzare l’arredo con luce dall’alto. Il corpo illuminante scende dal soffitto e trasforma la luce in un elemento d’arredo, utile per definire una zona, sottolineare un piano o dare identità al volume dell’ambiente senza occupare superfici. La composizione in metallo e vetro caratterizza la percezione del modello e permette di inserirlo in progetti residenziali e, dove appropriato, in spazi contract o hospitality.</p><p>La scelta della variante deve partire dalle caratteristiche reali del prodotto. La gamma comprende 2 varianti selezionabili, nelle finiture ambra e cromo, con misure Ø 270 × H min 460 / max 2110 mm. La sorgente è definita da: attacco G9; numero di luci 1; potenza G9 max 1 x 15W; non dimmerabile secondo i dati di catalogo; sorgente o lampadina inclusa. Misura e altezza di sospensione incidono direttamente sull’effetto finale: un modello regolato più vicino al piano concentra l’attenzione su tavolo o bancone, mentre una discesa più ampia valorizza soffitti alti e composizioni scenografiche. Le configurazioni presenti a catalogo comprendono Fade sp1 – Ambra e Fade sp1 – Cromo.</p><p>La versatilità del modello favorisce l’utilizzo in soggiorni, zone pranzo, camere, ingressi, ristoranti e boutique. In soggiorno e zona living la sospensione crea un punto focale; in cucina può illuminare isola o penisola quando dimensioni e quota sono proporzionate; in camera da letto aggiunge una componente decorativa e funzionale. In locali commerciali è adatta a tavoli di ristoranti e bistrot, lounge, vetrine interne o aree accoglienza. Per corridoio, cameretta e bagno è opportuno valutare ingombro, altezza e compatibilità tecnica con lo spazio.</p><p>Scegliere Ideal Lux Fade sp1 significa confrontare finiture, dimensioni, numero di luci, sorgente o attacco, potenza e possibilità di dimmerazione prima dell’acquisto. Una sospensione ben dimensionata migliora la qualità della luce, valorizza arredi e materiali e contribuisce alla percezione dell’intero progetto. Questa scheda ecommerce riunisce le informazioni tecniche e d’uso utili a individuare la configurazione più adatta, con un testo orientato alla ricerca di lampade a sospensione Ideal Lux per abitazioni, locali commerciali e spazi professionali.</p>","Ideal Lux Fade sp1: lampada a sospensione per interni in metallo, ideale per living e spazi contract. Scopri finiture, misure e varianti e acquista online."
"IL-CONFIG-210","<p>Ideal Lux Fiesta sp10 è una lampada a sospensione per esterni: una sospensione multipunto pensata per accompagnare spazi conviviali all’aperto. La struttura è realizzata in materiale plastico. La gamma comprende 2 varianti selezionabili, nelle finiture nero, con misure L 6050 × H 140 × P 40 mm e L 4040 × H 140 × P 40 mm. La sorgente è definita da: attacco E27; numero di luci 10 e 5; potenza E27 max 10 x 15W e E27 max 5 x 15W; non dimmerabile secondo i dati di catalogo; lampadina non indicata come inclusa. Tra le combinazioni selezionabili figurano Fiesta sp10 – 10 Sorgenti Luminose e Fiesta sp5 – 5 Sorgenti Luminose. La protezione indicata per le varianti è IP44; la sospensione è indicata per pergole, gazebo, dehors coperti e terrazze arredate. Dimensioni, altezza regolabile, finitura, sorgente e potenza permettono di scegliere la configurazione più coerente con arredo, volume dell’ambiente e resa luminosa desiderata.</p>","<p>Ideal Lux Fiesta sp10 è una lampada a sospensione per esterni pensata per chi desidera una sospensione multipunto pensata per accompagnare spazi conviviali all’aperto. Il corpo illuminante scende dal soffitto e trasforma la luce in un elemento d’arredo, utile per definire una zona, sottolineare un piano o dare identità al volume dell’ambiente senza occupare superfici. La composizione in materiale plastico caratterizza la percezione del modello e permette di inserirlo in progetti residenziali e, dove appropriato, in spazi contract o hospitality.</p><p>La scelta della variante deve partire dalle caratteristiche reali del prodotto. La gamma comprende 2 varianti selezionabili, nelle finiture nero, con misure L 6050 × H 140 × P 40 mm e L 4040 × H 140 × P 40 mm. La sorgente è definita da: attacco E27; numero di luci 10 e 5; potenza E27 max 10 x 15W e E27 max 5 x 15W; non dimmerabile secondo i dati di catalogo; lampadina non indicata come inclusa. Misura e altezza di sospensione incidono direttamente sull’effetto finale: un modello regolato più vicino al piano concentra l’attenzione su tavolo o bancone, mentre una discesa più ampia valorizza soffitti alti e composizioni scenografiche. Le configurazioni presenti a catalogo comprendono Fiesta sp10 – 10 Sorgenti Luminose e Fiesta sp5 – 5 Sorgenti Luminose.</p><p>Come sospensione per esterni, Ideal Lux Fiesta sp10 trova impiego coerente in pergole, gazebo, dehors coperti e terrazze arredate, dove sia presente un punto luce sospeso e protetto. Le varianti riportano protezione IP44; il dato è utile per il progetto esterno, ma l’installazione deve rispettare scheda tecnica, condizioni di esposizione e prescrizioni elettriche applicabili. Per aree vicino a piscine, vialetti o parcheggi una sospensione non sostituisce apparecchi da immersione, calpestabili o segnapasso: può invece illuminare pergolati, coperture o zone ristoro adiacenti quando prevista e posata correttamente.</p><p>Scegliere Ideal Lux Fiesta sp10 significa confrontare finiture, dimensioni, numero di luci, sorgente o attacco, potenza e possibilità di dimmerazione prima dell’acquisto. Una sospensione ben dimensionata migliora la qualità della luce, valorizza arredi e materiali e contribuisce alla percezione dell’intero progetto. Questa scheda ecommerce riunisce le informazioni tecniche e d’uso utili a individuare la configurazione più adatta, con un testo orientato alla ricerca di lampade a sospensione Ideal Lux per abitazioni, locali commerciali e spazi professionali.</p>","Ideal Lux Fiesta sp10: sospensione per esterni in materiale plastico, pensata per terrazze, porticati e dehors. Scopri finiture e misure e acquista online."
"IL-CONFIG-211","<p>Ideal Lux Filo sp1 long wire è una lampada a sospensione per interni: una sospensione lineare che distribuisce la luce lungo superfici e percorsi visivi. La struttura è realizzata in alluminio e metallo. La gamma comprende 3 varianti selezionabili, nelle finiture bianco, nero e ottone, con misure Ø 88 × H min 940 / max 7700 mm. La sorgente è definita da: sorgente LED; numero di luci 1; potenza LED 3,5W; temperatura colore 3000K; non dimmerabile secondo i dati di catalogo; sorgente o lampadina inclusa. Tra le combinazioni selezionabili figurano Filo sp1 long wire – Bianco, Filo sp1 long wire – Nero e Filo sp1 long wire – Ottone. La sospensione è indicata per tavoli da pranzo, isole cucina, banconi, reception e tavoli riunione. L’installazione è pensata per ambienti interni e va definita in base all’altezza disponibile e al progetto luce. Dimensioni, altezza regolabile, finitura, sorgente e potenza permettono di scegliere la configurazione più coerente con arredo, volume dell’ambiente e resa luminosa desiderata.</p>","<p>Ideal Lux Filo sp1 long wire è una lampada a sospensione per interni pensata per chi desidera una sospensione lineare che distribuisce la luce lungo superfici e percorsi visivi. Il corpo illuminante scende dal soffitto e trasforma la luce in un elemento d’arredo, utile per definire una zona, sottolineare un piano o dare identità al volume dell’ambiente senza occupare superfici. La composizione in alluminio e metallo caratterizza la percezione del modello e permette di inserirlo in progetti residenziali e, dove appropriato, in spazi contract o hospitality.</p><p>La scelta della variante deve partire dalle caratteristiche reali del prodotto. La gamma comprende 3 varianti selezionabili, nelle finiture bianco, nero e ottone, con misure Ø 88 × H min 940 / max 7700 mm. La sorgente è definita da: sorgente LED; numero di luci 1; potenza LED 3,5W; temperatura colore 3000K; non dimmerabile secondo i dati di catalogo; sorgente o lampadina inclusa. Misura e altezza di sospensione incidono direttamente sull’effetto finale: un modello regolato più vicino al piano concentra l’attenzione su tavolo o bancone, mentre una discesa più ampia valorizza soffitti alti e composizioni scenografiche. Le configurazioni presenti a catalogo comprendono Filo sp1 long wire – Bianco, Filo sp1 long wire – Nero e Filo sp1 long wire – Ottone.</p><p>La geometria lineare rende Ideal Lux Filo sp1 long wire adatta a tavoli da pranzo, isole cucina, banconi, reception e tavoli riunione. In cucina può accompagnare isola o penisola, nella zona pranzo segue il tavolo, mentre in un open space aiuta a differenziare le aree funzionali. In ristoranti, bar, reception, sale meeting e showroom una sospensione lineare offre ordine visivo e un’illuminazione riconoscibile. Per corridoi, camere e camerette la scelta va rapportata allo spazio libero; per il bagno vanno sempre osservati i vincoli di installazione.</p><p>Scegliere Ideal Lux Filo sp1 long wire significa confrontare finiture, dimensioni, numero di luci, sorgente o attacco, potenza e possibilità di dimmerazione prima dell’acquisto. Una sospensione ben dimensionata migliora la qualità della luce, valorizza arredi e materiali e contribuisce alla percezione dell’intero progetto. Questa scheda ecommerce riunisce le informazioni tecniche e d’uso utili a individuare la configurazione più adatta, con un testo orientato alla ricerca di lampade a sospensione Ideal Lux per abitazioni, locali commerciali e spazi professionali.</p>","Ideal Lux Filo sp1 long wire: lampada a sospensione da interno in alluminio, ideale per tavolo, isola e bancone. Scopri misure e varianti: acquista online."
"IL-CONFIG-212","<p>Ideal Lux Filo sp1 è una lampada a sospensione per interni: una sospensione decorativa di forte presenza, progettata per diventare protagonista dello spazio. La struttura è realizzata in alluminio e metallo. La gamma comprende 3 varianti selezionabili, nelle finiture bianco, con misure Ø 80 × H min 955 / max 1500 mm e Ø 600 × H min 1050 / max 1500 mm. La sorgente è definita da: sorgente LED; numero di luci 1 e 12; potenza LED 3,5W e LED 19W; temperatura colore 2700K e 3000K; non dimmerabile secondo i dati di catalogo; sorgente o lampadina inclusa. Tra le combinazioni selezionabili figurano Filo sp1 – 2700K, Filo sp12 – 2700K e Filo sp12 – 3000K. La sospensione è indicata per saloni, soggiorni ampi, vani scala, hall, boutique e sale ristorante. L’installazione è pensata per ambienti interni e va definita in base all’altezza disponibile e al progetto luce. Dimensioni, altezza regolabile, finitura, sorgente e potenza permettono di scegliere la configurazione più coerente con arredo, volume dell’ambiente e resa luminosa desiderata.</p>","<p>Ideal Lux Filo sp1 è una lampada a sospensione per interni pensata per chi desidera una sospensione decorativa di forte presenza, progettata per diventare protagonista dello spazio. Il corpo illuminante scende dal soffitto e trasforma la luce in un elemento d’arredo, utile per definire una zona, sottolineare un piano o dare identità al volume dell’ambiente senza occupare superfici. La composizione in alluminio e metallo caratterizza la percezione del modello e permette di inserirlo in progetti residenziali e, dove appropriato, in spazi contract o hospitality.</p><p>La scelta della variante deve partire dalle caratteristiche reali del prodotto. La gamma comprende 3 varianti selezionabili, nelle finiture bianco, con misure Ø 80 × H min 955 / max 1500 mm e Ø 600 × H min 1050 / max 1500 mm. La sorgente è definita da: sorgente LED; numero di luci 1 e 12; potenza LED 3,5W e LED 19W; temperatura colore 2700K e 3000K; non dimmerabile secondo i dati di catalogo; sorgente o lampadina inclusa. Misura e altezza di sospensione incidono direttamente sull’effetto finale: un modello regolato più vicino al piano concentra l’attenzione su tavolo o bancone, mentre una discesa più ampia valorizza soffitti alti e composizioni scenografiche. Le configurazioni presenti a catalogo comprendono Filo sp1 – 2700K, Filo sp12 – 2700K e Filo sp12 – 3000K.</p><p>Per dimensioni e presenza decorativa, Ideal Lux Filo sp1 si presta a saloni, soggiorni ampi, vani scala, hall, boutique e sale ristorante. In casa può diventare il fulcro del soggiorno, della sala da pranzo o di un vano scala ampio; nel contract valorizza hall, lounge, sale ristorante, boutique e aree accoglienza alberghiere. In camere o ambienti contenuti occorre controllare con precisione l’ingombro. In bagno, come per ogni sospensione da interno, l’installazione è valutabile solo in posizioni compatibili con requisiti tecnici e zone elettriche previste.</p><p>Scegliere Ideal Lux Filo sp1 significa confrontare finiture, dimensioni, numero di luci, sorgente o attacco, potenza e possibilità di dimmerazione prima dell’acquisto. Una sospensione ben dimensionata migliora la qualità della luce, valorizza arredi e materiali e contribuisce alla percezione dell’intero progetto. Questa scheda ecommerce riunisce le informazioni tecniche e d’uso utili a individuare la configurazione più adatta, con un testo orientato alla ricerca di lampade a sospensione Ideal Lux per abitazioni, locali commerciali e spazi professionali.</p>","Ideal Lux Filo sp1: lampada a sospensione per interni in alluminio, ideale per salone, living e hall. Scopri finiture, misure e varianti e acquista online."
"IL-CONFIG-213","<p>Ideal Lux Firenze sp5 è una lampada a sospensione per interni: una sospensione decorativa di forte presenza, progettata per diventare protagonista dello spazio. La struttura è realizzata in metallo e resina. La gamma comprende 4 varianti selezionabili, nelle finiture bianco e oro, con misure Ø 550 × H min 660 / max 1050 mm e Ø 640 × H min 670 / max 1050 mm. La sorgente è definita da: attacco E14; numero di luci 5 e 8; potenza E14 max 5 x 40W e E14 max 8 x 40W; non dimmerabile secondo i dati di catalogo; lampadina non indicata come inclusa. Tra le combinazioni selezionabili figurano Firenze sp5 – 5 Sorgenti Luminose – Bianco, Firenze sp5 – 5 Sorgenti Luminose – Oro, Firenze sp8 – 8 Sorgenti Luminose – Bianco e Firenze sp8 – 8 Sorgenti Luminose – Oro. La sospensione è indicata per saloni, soggiorni ampi, vani scala, hall, boutique e sale ristorante. L’installazione è pensata per ambienti interni e va definita in base all’altezza disponibile e al progetto luce. Dimensioni, altezza regolabile, finitura, sorgente e potenza permettono di scegliere la configurazione più coerente con arredo, volume dell’ambiente e resa luminosa desiderata.</p>","<p>Ideal Lux Firenze sp5 è una lampada a sospensione per interni pensata per chi desidera una sospensione decorativa di forte presenza, progettata per diventare protagonista dello spazio. Il corpo illuminante scende dal soffitto e trasforma la luce in un elemento d’arredo, utile per definire una zona, sottolineare un piano o dare identità al volume dell’ambiente senza occupare superfici. La composizione in metallo e resina caratterizza la percezione del modello e permette di inserirlo in progetti residenziali e, dove appropriato, in spazi contract o hospitality.</p><p>La scelta della variante deve partire dalle caratteristiche reali del prodotto. La gamma comprende 4 varianti selezionabili, nelle finiture bianco e oro, con misure Ø 550 × H min 660 / max 1050 mm e Ø 640 × H min 670 / max 1050 mm. La sorgente è definita da: attacco E14; numero di luci 5 e 8; potenza E14 max 5 x 40W e E14 max 8 x 40W; non dimmerabile secondo i dati di catalogo; lampadina non indicata come inclusa. Misura e altezza di sospensione incidono direttamente sull’effetto finale: un modello regolato più vicino al piano concentra l’attenzione su tavolo o bancone, mentre una discesa più ampia valorizza soffitti alti e composizioni scenografiche. Le configurazioni presenti a catalogo comprendono Firenze sp5 – 5 Sorgenti Luminose – Bianco, Firenze sp5 – 5 Sorgenti Luminose – Oro, Firenze sp8 – 8 Sorgenti Luminose – Bianco e Firenze sp8 – 8 Sorgenti Luminose – Oro.</p><p>Per dimensioni e presenza decorativa, Ideal Lux Firenze sp5 si presta a saloni, soggiorni ampi, vani scala, hall, boutique e sale ristorante. In casa può diventare il fulcro del soggiorno, della sala da pranzo o di un vano scala ampio; nel contract valorizza hall, lounge, sale ristorante, boutique e aree accoglienza alberghiere. In camere o ambienti contenuti occorre controllare con precisione l’ingombro. In bagno, come per ogni sospensione da interno, l’installazione è valutabile solo in posizioni compatibili con requisiti tecnici e zone elettriche previste.</p><p>Scegliere Ideal Lux Firenze sp5 significa confrontare finiture, dimensioni, numero di luci, sorgente o attacco, potenza e possibilità di dimmerazione prima dell’acquisto. Una sospensione ben dimensionata migliora la qualità della luce, valorizza arredi e materiali e contribuisce alla percezione dell’intero progetto. Questa scheda ecommerce riunisce le informazioni tecniche e d’uso utili a individuare la configurazione più adatta, con un testo orientato alla ricerca di lampade a sospensione Ideal Lux per abitazioni, locali commerciali e spazi professionali.</p>","Ideal Lux Firenze sp5: lampada a sospensione per interni in metallo e resina, ideale per salone, living e hall. Scopri finiture e misure e acquista online."
"IL-CONFIG-214","<p>Ideal Lux Flam sp è una lampada a sospensione per interni: una sospensione compatta adatta sia come punto luce singolo sia in composizioni multiple. La struttura è realizzata in metallo e vetro. La gamma comprende 4 varianti selezionabili, nelle finiture ambra, fumè e trasparente, con misure Ø 60 × H min 750 / max 2700 mm, Ø 66 × H min 750 / max 2700 mm e Ø 60 × H 2700 mm. La sorgente è definita da: sorgente LED; numero di luci 1; potenza LED 10W; non dimmerabile secondo i dati di catalogo; sorgente o lampadina inclusa. Tra le combinazioni selezionabili figurano Flam sp – Ambra, Flam sp rigato – Ambra, Flam sp – Fumé e Flam sp – Trasparente. La sospensione è indicata per penisole, comodini a sospensione, corridoi, banconi bar e piccoli tavoli. L’installazione è pensata per ambienti interni e va definita in base all’altezza disponibile e al progetto luce. Dimensioni, altezza regolabile, finitura, sorgente e potenza permettono di scegliere la configurazione più coerente con arredo, volume dell’ambiente e resa luminosa desiderata.</p>","<p>Ideal Lux Flam sp è una lampada a sospensione per interni pensata per chi desidera una sospensione compatta adatta sia come punto luce singolo sia in composizioni multiple. Il corpo illuminante scende dal soffitto e trasforma la luce in un elemento d’arredo, utile per definire una zona, sottolineare un piano o dare identità al volume dell’ambiente senza occupare superfici. La composizione in metallo e vetro caratterizza la percezione del modello e permette di inserirlo in progetti residenziali e, dove appropriato, in spazi contract o hospitality.</p><p>La scelta della variante deve partire dalle caratteristiche reali del prodotto. La gamma comprende 4 varianti selezionabili, nelle finiture ambra, fumè e trasparente, con misure Ø 60 × H min 750 / max 2700 mm, Ø 66 × H min 750 / max 2700 mm e Ø 60 × H 2700 mm. La sorgente è definita da: sorgente LED; numero di luci 1; potenza LED 10W; non dimmerabile secondo i dati di catalogo; sorgente o lampadina inclusa. Misura e altezza di sospensione incidono direttamente sull’effetto finale: un modello regolato più vicino al piano concentra l’attenzione su tavolo o bancone, mentre una discesa più ampia valorizza soffitti alti e composizioni scenografiche. Le configurazioni presenti a catalogo comprendono Flam sp – Ambra, Flam sp rigato – Ambra, Flam sp – Fumé e Flam sp – Trasparente.</p><p>Il formato compatto rende Ideal Lux Flam sp particolarmente utile in penisole, comodini a sospensione, corridoi, banconi bar e piccoli tavoli. Una singola sospensione può illuminare un tavolino, un angolo lettura o una zona comodino; più elementi coordinati possono comporre un ritmo sopra penisole, banconi o percorsi. È una soluzione interessante anche per bistrot e negozi che ricercano piccoli punti luce ripetuti. Per l’uso in bagno è necessario verificare protezione, posizione e distanze previste dalle norme.</p><p>Scegliere Ideal Lux Flam sp significa confrontare finiture, dimensioni, numero di luci, sorgente o attacco, potenza e possibilità di dimmerazione prima dell’acquisto. Una sospensione ben dimensionata migliora la qualità della luce, valorizza arredi e materiali e contribuisce alla percezione dell’intero progetto. Questa scheda ecommerce riunisce le informazioni tecniche e d’uso utili a individuare la configurazione più adatta, con un testo orientato alla ricerca di lampade a sospensione Ideal Lux per abitazioni, locali commerciali e spazi professionali.</p>","Ideal Lux Flam sp: sospensione per interni in metallo e vetro per illuminare living e spazi contract. Scopri finiture, misure e varianti e acquista online."
"IL-CONFIG-215","<p>Ideal Lux Florian sp12 è una lampada a sospensione per interni: una sospensione decorativa di forte presenza, progettata per diventare protagonista dello spazio. La struttura è realizzata in cristallo e vetro. La gamma comprende 6 varianti selezionabili, nelle finiture cromo e oro, con misure Ø 720 × H min 900 / max 1200 mm, Ø 860 × H min 870 / max 1230 mm e Ø 600 × H min 820 / max 1200 mm. La sorgente è definita da: attacco E14; numero di luci 12, 18 e 6; potenza E14 max 12 x 40W, E14 max 18 x 40W e E14 max 6 x 40W; non dimmerabile secondo i dati di catalogo; lampadina non indicata come inclusa. Tra le combinazioni selezionabili figurano Florian sp12 – 12 Sorgenti Luminose – Cromo, Florian sp12 – 12 Sorgenti Luminose – Oro, Florian sp18 – 18 Sorgenti Luminose – Cromo, Florian sp18 – 18 Sorgenti Luminose – Oro, Florian sp6 – 6 Sorgenti Luminose – Cromo e altre 1 configurazioni. La sospensione è indicata per saloni, soggiorni ampi, vani scala, hall, boutique e sale ristorante. L’installazione è pensata per ambienti interni e va definita in base all’altezza disponibile e al progetto luce. Dimensioni, altezza regolabile, finitura, sorgente e potenza permettono di scegliere la configurazione più coerente con arredo, volume dell’ambiente e resa luminosa desiderata.</p>","<p>Ideal Lux Florian sp12 è una lampada a sospensione per interni pensata per chi desidera una sospensione decorativa di forte presenza, progettata per diventare protagonista dello spazio. Il corpo illuminante scende dal soffitto e trasforma la luce in un elemento d’arredo, utile per definire una zona, sottolineare un piano o dare identità al volume dell’ambiente senza occupare superfici. La composizione in cristallo e vetro caratterizza la percezione del modello e permette di inserirlo in progetti residenziali e, dove appropriato, in spazi contract o hospitality.</p><p>La scelta della variante deve partire dalle caratteristiche reali del prodotto. La gamma comprende 6 varianti selezionabili, nelle finiture cromo e oro, con misure Ø 720 × H min 900 / max 1200 mm, Ø 860 × H min 870 / max 1230 mm e Ø 600 × H min 820 / max 1200 mm. La sorgente è definita da: attacco E14; numero di luci 12, 18 e 6; potenza E14 max 12 x 40W, E14 max 18 x 40W e E14 max 6 x 40W; non dimmerabile secondo i dati di catalogo; lampadina non indicata come inclusa. Misura e altezza di sospensione incidono direttamente sull’effetto finale: un modello regolato più vicino al piano concentra l’attenzione su tavolo o bancone, mentre una discesa più ampia valorizza soffitti alti e composizioni scenografiche. La scheda Ideal Lux aggiunge questi dettagli costruttivi: Montatura in metallo con elementi decorativi in vetro. Pendagli con ottagoni e gocce finali in cristallo molato. Disponibile nelle versioni con vetro trasparente e metallo dorato o cromato. Le configurazioni presenti a catalogo comprendono Florian sp12 – 12 Sorgenti Luminose – Cromo, Florian sp12 – 12 Sorgenti Luminose – Oro, Florian sp18 – 18 Sorgenti Luminose – Cromo, Florian sp18 – 18 Sorgenti Luminose – Oro, Florian sp6 – 6 Sorgenti Luminose – Cromo e Florian sp6 – 6 Sorgenti Luminose – Oro.</p><p>Per dimensioni e presenza decorativa, Ideal Lux Florian sp12 si presta a saloni, soggiorni ampi, vani scala, hall, boutique e sale ristorante. In casa può diventare il fulcro del soggiorno, della sala da pranzo o di un vano scala ampio; nel contract valorizza hall, lounge, sale ristorante, boutique e aree accoglienza alberghiere. In camere o ambienti contenuti occorre controllare con precisione l’ingombro. In bagno, come per ogni sospensione da interno, l’installazione è valutabile solo in posizioni compatibili con requisiti tecnici e zone elettriche previste.</p><p>Scegliere Ideal Lux Florian sp12 significa confrontare finiture, dimensioni, numero di luci, sorgente o attacco, potenza e possibilità di dimmerazione prima dell’acquisto. Una sospensione ben dimensionata migliora la qualità della luce, valorizza arredi e materiali e contribuisce alla percezione dell’intero progetto. Questa scheda ecommerce riunisce le informazioni tecniche e d’uso utili a individuare la configurazione più adatta, con un testo orientato alla ricerca di lampade a sospensione Ideal Lux per abitazioni, locali commerciali e spazi professionali.</p>","Ideal Lux Florian sp12: lampada a sospensione da interno in cristallo e vetro, ideale per salone, living e hall. Scopri misure e varianti: acquista online."
"IL-CONFIG-216","<p>Ideal Lux Flut sp1 big è una lampada a sospensione per interni: una sospensione compatta adatta sia come punto luce singolo sia in composizioni multiple. La struttura è realizzata in vetro. La gamma comprende 4 varianti selezionabili, nelle finiture bianco e nero, con misure Ø 145 × H min 890 / max 2640 mm e Ø 105 × H min 670 / max 2420 mm. La sorgente è definita da: attacco E27 e attacco E14; numero di luci 1; potenza E27 max 1 x 60W e E14 max 1 x 40W; non dimmerabile secondo i dati di catalogo; lampadina non indicata come inclusa. Tra le combinazioni selezionabili figurano Flut sp1 big – Bianco – Diametro – 14.5cm, Flut sp1 big – Nero – Diametro – 14.5cm, Flut sp1 small – Bianco – Diametro – 10.5cm e Flut sp1 small – Nero – Diametro – 10.5cm. La sospensione è indicata per penisole, comodini a sospensione, corridoi, banconi bar e piccoli tavoli. L’installazione è pensata per ambienti interni e va definita in base all’altezza disponibile e al progetto luce. Dimensioni, altezza regolabile, finitura, sorgente e potenza permettono di scegliere la configurazione più coerente con arredo, volume dell’ambiente e resa luminosa desiderata.</p>","<p>Ideal Lux Flut sp1 big è una lampada a sospensione per interni pensata per chi desidera una sospensione compatta adatta sia come punto luce singolo sia in composizioni multiple. Il corpo illuminante scende dal soffitto e trasforma la luce in un elemento d’arredo, utile per definire una zona, sottolineare un piano o dare identità al volume dell’ambiente senza occupare superfici. La composizione in vetro caratterizza la percezione del modello e permette di inserirlo in progetti residenziali e, dove appropriato, in spazi contract o hospitality.</p><p>La scelta della variante deve partire dalle caratteristiche reali del prodotto. La gamma comprende 4 varianti selezionabili, nelle finiture bianco e nero, con misure Ø 145 × H min 890 / max 2640 mm e Ø 105 × H min 670 / max 2420 mm. La sorgente è definita da: attacco E27 e attacco E14; numero di luci 1; potenza E27 max 1 x 60W e E14 max 1 x 40W; non dimmerabile secondo i dati di catalogo; lampadina non indicata come inclusa. Misura e altezza di sospensione incidono direttamente sull’effetto finale: un modello regolato più vicino al piano concentra l’attenzione su tavolo o bancone, mentre una discesa più ampia valorizza soffitti alti e composizioni scenografiche. La scheda Ideal Lux aggiunge questi dettagli costruttivi: Diffusore in vetro soffiato incamiciato e acidato, bianco all'interno e colorato all'esterno. Cavo a lunghezza regolabile. Le configurazioni presenti a catalogo comprendono Flut sp1 big – Bianco – Diametro – 14.5cm, Flut sp1 big – Nero – Diametro – 14.5cm, Flut sp1 small – Bianco – Diametro – 10.5cm e Flut sp1 small – Nero – Diametro – 10.5cm.</p><p>Il formato compatto rende Ideal Lux Flut sp1 big particolarmente utile in penisole, comodini a sospensione, corridoi, banconi bar e piccoli tavoli. Una singola sospensione può illuminare un tavolino, un angolo lettura o una zona comodino; più elementi coordinati possono comporre un ritmo sopra penisole, banconi o percorsi. È una soluzione interessante anche per bistrot e negozi che ricercano piccoli punti luce ripetuti. Per l’uso in bagno è necessario verificare protezione, posizione e distanze previste dalle norme.</p><p>Scegliere Ideal Lux Flut sp1 big significa confrontare finiture, dimensioni, numero di luci, sorgente o attacco, potenza e possibilità di dimmerazione prima dell’acquisto. Una sospensione ben dimensionata migliora la qualità della luce, valorizza arredi e materiali e contribuisce alla percezione dell’intero progetto. Questa scheda ecommerce riunisce le informazioni tecniche e d’uso utili a individuare la configurazione più adatta, con un testo orientato alla ricerca di lampade a sospensione Ideal Lux per abitazioni, locali commerciali e spazi professionali.</p>","Ideal Lux Flut sp1 big: lampada a sospensione da interno in vetro, ideale per living e spazi contract. Scopri finiture, misure e varianti e acquista online."
"IL-CONFIG-217","<p>Ideal Lux Frame sp cerchio è una lampada a sospensione per interni: una sospensione lineare che distribuisce la luce lungo superfici e percorsi visivi. La struttura è realizzata in alluminio e metallo. La gamma comprende 6 varianti selezionabili, nelle finiture bianco e nero, con misure L 685 × H min 800 / max 2490 × P 130 mm, L 730 × H min 880 / max 2450 × P 180 mm e L 1025 × H min 825 / max 2440 × P 180 mm. La sorgente è definita da: sorgente LED; numero di luci 1; potenza LED 82W, LED 80W e LED 93W; temperatura colore 3000K; non dimmerabile secondo i dati di catalogo; sorgente o lampadina inclusa. Tra le combinazioni selezionabili figurano Frame sp cerchio – Cerchio – Bianco, Frame sp cerchio – Cerchio – Nero, Frame sp quadrato – Quadrato – Bianco, Frame sp quadrato – Quadrato – Nero, Frame sp rettangolo – Rettangolo – Bianco e altre 1 configurazioni. La sospensione è indicata per tavoli da pranzo, isole cucina, banconi, reception e tavoli riunione. L’installazione è pensata per ambienti interni e va definita in base all’altezza disponibile e al progetto luce. Dimensioni, altezza regolabile, finitura, sorgente e potenza permettono di scegliere la configurazione più coerente con arredo, volume dell’ambiente e resa luminosa desiderata.</p>","<p>Ideal Lux Frame sp cerchio è una lampada a sospensione per interni pensata per chi desidera una sospensione lineare che distribuisce la luce lungo superfici e percorsi visivi. Il corpo illuminante scende dal soffitto e trasforma la luce in un elemento d’arredo, utile per definire una zona, sottolineare un piano o dare identità al volume dell’ambiente senza occupare superfici. La composizione in alluminio e metallo caratterizza la percezione del modello e permette di inserirlo in progetti residenziali e, dove appropriato, in spazi contract o hospitality.</p><p>La scelta della variante deve partire dalle caratteristiche reali del prodotto. La gamma comprende 6 varianti selezionabili, nelle finiture bianco e nero, con misure L 685 × H min 800 / max 2490 × P 130 mm, L 730 × H min 880 / max 2450 × P 180 mm e L 1025 × H min 825 / max 2440 × P 180 mm. La sorgente è definita da: sorgente LED; numero di luci 1; potenza LED 82W, LED 80W e LED 93W; temperatura colore 3000K; non dimmerabile secondo i dati di catalogo; sorgente o lampadina inclusa. Misura e altezza di sospensione incidono direttamente sull’effetto finale: un modello regolato più vicino al piano concentra l’attenzione su tavolo o bancone, mentre una discesa più ampia valorizza soffitti alti e composizioni scenografiche. La scheda Ideal Lux aggiunge questi dettagli costruttivi: Base e montatura in metallo verniciato bianco opaco o nero opaco. Diffusori in materiale plastico colore opale. Cavi regolabili in lunghezza. Emissione luce diretta. Le configurazioni presenti a catalogo comprendono Frame sp cerchio – Cerchio – Bianco, Frame sp cerchio – Cerchio – Nero, Frame sp quadrato – Quadrato – Bianco, Frame sp quadrato – Quadrato – Nero, Frame sp rettangolo – Rettangolo – Bianco e Frame sp rettangolo – Rettangolo – Nero.</p><p>La geometria lineare rende Ideal Lux Frame sp cerchio adatta a tavoli da pranzo, isole cucina, banconi, reception e tavoli riunione. In cucina può accompagnare isola o penisola, nella zona pranzo segue il tavolo, mentre in un open space aiuta a differenziare le aree funzionali. In ristoranti, bar, reception, sale meeting e showroom una sospensione lineare offre ordine visivo e un’illuminazione riconoscibile. Per corridoi, camere e camerette la scelta va rapportata allo spazio libero; per il bagno vanno sempre osservati i vincoli di installazione.</p><p>Scegliere Ideal Lux Frame sp cerchio significa confrontare finiture, dimensioni, numero di luci, sorgente o attacco, potenza e possibilità di dimmerazione prima dell’acquisto. Una sospensione ben dimensionata migliora la qualità della luce, valorizza arredi e materiali e contribuisce alla percezione dell’intero progetto. Questa scheda ecommerce riunisce le informazioni tecniche e d’uso utili a individuare la configurazione più adatta, con un testo orientato alla ricerca di lampade a sospensione Ideal Lux per abitazioni, locali commerciali e spazi professionali.</p>","Ideal Lux Frame sp cerchio: lampada a sospensione per interni in alluminio, ideale per tavolo, isola e bancone. Scopri finiture e misure e acquista online."
"IL-CONFIG-218","<p>Ideal Lux Frida sp1 è una lampada a sospensione per interni: una sospensione compatta adatta sia come punto luce singolo sia in composizioni multiple. La struttura è realizzata in metallo. La gamma comprende 3 varianti selezionabili, nelle finiture brunito, nero e rame, con misure Ø 90 × H min 320 / max 2070 mm. La sorgente è definita da: attacco E27; numero di luci 1; potenza E27 max 1 x 60W; non dimmerabile secondo i dati di catalogo; lampadina non indicata come inclusa. Tra le combinazioni selezionabili figurano Frida sp1 – Brunito, Frida sp1 – Nero e Frida sp1 – Rame. La sospensione è indicata per penisole, comodini a sospensione, corridoi, banconi bar e piccoli tavoli. L’installazione è pensata per ambienti interni e va definita in base all’altezza disponibile e al progetto luce. Dimensioni, altezza regolabile, finitura, sorgente e potenza permettono di scegliere la configurazione più coerente con arredo, volume dell’ambiente e resa luminosa desiderata.</p>","<p>Ideal Lux Frida sp1 è una lampada a sospensione per interni pensata per chi desidera una sospensione compatta adatta sia come punto luce singolo sia in composizioni multiple. Il corpo illuminante scende dal soffitto e trasforma la luce in un elemento d’arredo, utile per definire una zona, sottolineare un piano o dare identità al volume dell’ambiente senza occupare superfici. La composizione in metallo caratterizza la percezione del modello e permette di inserirlo in progetti residenziali e, dove appropriato, in spazi contract o hospitality.</p><p>La scelta della variante deve partire dalle caratteristiche reali del prodotto. La gamma comprende 3 varianti selezionabili, nelle finiture brunito, nero e rame, con misure Ø 90 × H min 320 / max 2070 mm. La sorgente è definita da: attacco E27; numero di luci 1; potenza E27 max 1 x 60W; non dimmerabile secondo i dati di catalogo; lampadina non indicata come inclusa. Misura e altezza di sospensione incidono direttamente sull’effetto finale: un modello regolato più vicino al piano concentra l’attenzione su tavolo o bancone, mentre una discesa più ampia valorizza soffitti alti e composizioni scenografiche. La scheda Ideal Lux aggiunge questi dettagli costruttivi: Rosone e copriportalampada in metallo con finitura placcata o in vernice opaca. Cavo in tessuto nero. Le configurazioni presenti a catalogo comprendono Frida sp1 – Brunito, Frida sp1 – Nero e Frida sp1 – Rame.</p><p>Il formato compatto rende Ideal Lux Frida sp1 particolarmente utile in penisole, comodini a sospensione, corridoi, banconi bar e piccoli tavoli. Una singola sospensione può illuminare un tavolino, un angolo lettura o una zona comodino; più elementi coordinati possono comporre un ritmo sopra penisole, banconi o percorsi. È una soluzione interessante anche per bistrot e negozi che ricercano piccoli punti luce ripetuti. Per l’uso in bagno è necessario verificare protezione, posizione e distanze previste dalle norme.</p><p>Scegliere Ideal Lux Frida sp1 significa confrontare finiture, dimensioni, numero di luci, sorgente o attacco, potenza e possibilità di dimmerazione prima dell’acquisto. Una sospensione ben dimensionata migliora la qualità della luce, valorizza arredi e materiali e contribuisce alla percezione dell’intero progetto. Questa scheda ecommerce riunisce le informazioni tecniche e d’uso utili a individuare la configurazione più adatta, con un testo orientato alla ricerca di lampade a sospensione Ideal Lux per abitazioni, locali commerciali e spazi professionali.</p>","Ideal Lux Frida sp1: lampada a sospensione da interno in metallo, ideale per living e spazi contract. Scopri finiture, misure e varianti e acquista online."
"IL-CONFIG-219","<p>Ideal Lux Galaxy sp3 è una lampada a sospensione per interni: una sospensione decorativa versatile, studiata per valorizzare l’arredo con luce dall’alto. La struttura è realizzata in metallo e materiale plastico. La gamma comprende 2 varianti selezionabili, nelle finiture bianco, con misure Ø 250 × H min 250 / max 2310 mm e Ø 400 × H min 350 / max 2345 mm. La sorgente è definita da: sorgente LED; numero di luci 3 e 6; potenza LED 29W e LED 58W; non dimmerabile secondo i dati di catalogo; sorgente o lampadina inclusa. Tra le combinazioni selezionabili figurano Galaxy sp3 – 3 Sorgenti Luminose e Galaxy sp6 – 6 Sorgenti Luminose. La sospensione è indicata per soggiorni, zone pranzo, camere, ingressi, ristoranti e boutique. L’installazione è pensata per ambienti interni e va definita in base all’altezza disponibile e al progetto luce. Dimensioni, altezza regolabile, finitura, sorgente e potenza permettono di scegliere la configurazione più coerente con arredo, volume dell’ambiente e resa luminosa desiderata.</p>","<p>Ideal Lux Galaxy sp3 è una lampada a sospensione per interni pensata per chi desidera una sospensione decorativa versatile, studiata per valorizzare l’arredo con luce dall’alto. Il corpo illuminante scende dal soffitto e trasforma la luce in un elemento d’arredo, utile per definire una zona, sottolineare un piano o dare identità al volume dell’ambiente senza occupare superfici. La composizione in metallo e materiale plastico caratterizza la percezione del modello e permette di inserirlo in progetti residenziali e, dove appropriato, in spazi contract o hospitality.</p><p>La scelta della variante deve partire dalle caratteristiche reali del prodotto. La gamma comprende 2 varianti selezionabili, nelle finiture bianco, con misure Ø 250 × H min 250 / max 2310 mm e Ø 400 × H min 350 / max 2345 mm. La sorgente è definita da: sorgente LED; numero di luci 3 e 6; potenza LED 29W e LED 58W; non dimmerabile secondo i dati di catalogo; sorgente o lampadina inclusa. Misura e altezza di sospensione incidono direttamente sull’effetto finale: un modello regolato più vicino al piano concentra l’attenzione su tavolo o bancone, mentre una discesa più ampia valorizza soffitti alti e composizioni scenografiche. Le configurazioni presenti a catalogo comprendono Galaxy sp3 – 3 Sorgenti Luminose e Galaxy sp6 – 6 Sorgenti Luminose.</p><p>La versatilità del modello favorisce l’utilizzo in soggiorni, zone pranzo, camere, ingressi, ristoranti e boutique. In soggiorno e zona living la sospensione crea un punto focale; in cucina può illuminare isola o penisola quando dimensioni e quota sono proporzionate; in camera da letto aggiunge una componente decorativa e funzionale. In locali commerciali è adatta a tavoli di ristoranti e bistrot, lounge, vetrine interne o aree accoglienza. Per corridoio, cameretta e bagno è opportuno valutare ingombro, altezza e compatibilità tecnica con lo spazio.</p><p>Scegliere Ideal Lux Galaxy sp3 significa confrontare finiture, dimensioni, numero di luci, sorgente o attacco, potenza e possibilità di dimmerazione prima dell’acquisto. Una sospensione ben dimensionata migliora la qualità della luce, valorizza arredi e materiali e contribuisce alla percezione dell’intero progetto. Questa scheda ecommerce riunisce le informazioni tecniche e d’uso utili a individuare la configurazione più adatta, con un testo orientato alla ricerca di lampade a sospensione Ideal Lux per abitazioni, locali commerciali e spazi professionali.</p>","Ideal Lux Galaxy sp3: sospensione per interni in metallo e materiale plastico, pensata per living e spazi contract. Scopri la collezione e acquista online."
"IL-CONFIG-220","<p>Ideal Lux Gemini sp on-off è una lampada a sospensione per interni: una sospensione lineare che distribuisce la luce lungo superfici e percorsi visivi. La struttura è realizzata in metallo e materiale plastico. La gamma comprende 42 varianti selezionabili, nelle finiture bianco, nero e ottone, con misure L 425 × H min 285 / max 2000 × P 425 mm, L 610 × H min 440 / max 2000 × P 610 mm, L 610 × H min 285 / max 2000 × P 610 mm, L 610 × H min 285 / max 1500 × P 610 mm, L 810 × H min 440 / max 2000 × P 810 mm, L 810 × H min 285 / max 2000 × P 810 mm e altre 1 configurazioni. La sorgente è definita da: sorgente LED; numero di luci 1; potenza 36W, 47W, 55W, 56W e altre 1 configurazioni; temperatura colore 2700K, 3000K e 4000K; dimmerabile; sorgente o lampadina inclusa. Tra le combinazioni selezionabili figurano Gemini sp on – off – Bianco – 2700K, Gemini sp on – off – Bianco – 3000K, Gemini sp on – off – Bianco – 4000K, Gemini sp on – off – Nero – 2700K, Gemini sp on – off – Nero – 3000K e altre 7 configurazioni. La sospensione è indicata per tavoli da pranzo, isole cucina, banconi, reception e tavoli riunione. L’installazione è pensata per ambienti interni e va definita in base all’altezza disponibile e al progetto luce. Dimensioni, altezza regolabile, finitura, sorgente e potenza permettono di scegliere la configurazione più coerente con arredo, volume dell’ambiente e resa luminosa desiderata.</p>","<p>Ideal Lux Gemini sp on-off è una lampada a sospensione per interni pensata per chi desidera una sospensione lineare che distribuisce la luce lungo superfici e percorsi visivi. Il corpo illuminante scende dal soffitto e trasforma la luce in un elemento d’arredo, utile per definire una zona, sottolineare un piano o dare identità al volume dell’ambiente senza occupare superfici. La composizione in metallo e materiale plastico caratterizza la percezione del modello e permette di inserirlo in progetti residenziali e, dove appropriato, in spazi contract o hospitality.</p><p>La scelta della variante deve partire dalle caratteristiche reali del prodotto. La gamma comprende 42 varianti selezionabili, nelle finiture bianco, nero e ottone, con misure L 425 × H min 285 / max 2000 × P 425 mm, L 610 × H min 440 / max 2000 × P 610 mm, L 610 × H min 285 / max 2000 × P 610 mm, L 610 × H min 285 / max 1500 × P 610 mm, L 810 × H min 440 / max 2000 × P 810 mm, L 810 × H min 285 / max 2000 × P 810 mm e altre 1 configurazioni. La sorgente è definita da: sorgente LED; numero di luci 1; potenza 36W, 47W, 55W, 56W e altre 1 configurazioni; temperatura colore 2700K, 3000K e 4000K; dimmerabile; sorgente o lampadina inclusa. Misura e altezza di sospensione incidono direttamente sull’effetto finale: un modello regolato più vicino al piano concentra l’attenzione su tavolo o bancone, mentre una discesa più ampia valorizza soffitti alti e composizioni scenografiche. Le configurazioni presenti a catalogo comprendono Gemini sp on – off – Bianco – 2700K, Gemini sp on – off – Bianco – 3000K, Gemini sp on – off – Bianco – 4000K, Gemini sp on – off – Nero – 2700K, Gemini sp on – off – Nero – 3000K, Gemini sp on – off – Nero – 4000K, Gemini sp on – off – Ottone – 2700K, Gemini sp on – off – Ottone – 3000K, Gemini sp on – off – Ottone – 4000K, Gemini sp dali/push – Bianco – 3000K e altre 2 configurazioni.</p><p>La geometria lineare rende Ideal Lux Gemini sp on-off adatta a tavoli da pranzo, isole cucina, banconi, reception e tavoli riunione. In cucina può accompagnare isola o penisola, nella zona pranzo segue il tavolo, mentre in un open space aiuta a differenziare le aree funzionali. In ristoranti, bar, reception, sale meeting e showroom una sospensione lineare offre ordine visivo e un’illuminazione riconoscibile. Per corridoi, camere e camerette la scelta va rapportata allo spazio libero; per il bagno vanno sempre osservati i vincoli di installazione.</p><p>Scegliere Ideal Lux Gemini sp on-off significa confrontare finiture, dimensioni, numero di luci, sorgente o attacco, potenza e possibilità di dimmerazione prima dell’acquisto. Una sospensione ben dimensionata migliora la qualità della luce, valorizza arredi e materiali e contribuisce alla percezione dell’intero progetto. Questa scheda ecommerce riunisce le informazioni tecniche e d’uso utili a individuare la configurazione più adatta, con un testo orientato alla ricerca di lampade a sospensione Ideal Lux per abitazioni, locali commerciali e spazi professionali.</p>","Ideal Lux Gemini sp on-off: lampada a sospensione per interni in metallo, ideale per tavolo, isola e bancone. Acquista online la configurazione più adatta."
"IL-CONFIG-221","<p>Ideal Lux Gioconda sp12 è una lampada a sospensione per interni: una sospensione decorativa di forte presenza, progettata per diventare protagonista dello spazio. La struttura è realizzata in cristallo, metallo e vetro. La gamma comprende 6 varianti selezionabili, nelle finiture argento e oro, con misure Ø 900 × H min 1000 / max 1640 mm, Ø 620 × H min 790 / max 1180 mm e Ø 730 × H min 930 / max 1200 mm. La sorgente è definita da: attacco E14; numero di luci 12, 6 e 8; potenza E14 max 12 x 40W, E14 max 6 x 40W e E14 max 8 x 40W; non dimmerabile secondo i dati di catalogo; lampadina non indicata come inclusa. Tra le combinazioni selezionabili figurano Gioconda sp12 – 12 Sorgenti Luminose – Argento, Gioconda sp12 – 12 Sorgenti Luminose – Oro, Gioconda sp6 – 6 Sorgenti Luminose – Argento, Gioconda sp6 – 6 Sorgenti Luminose – Oro, Gioconda sp8 – 8 Sorgenti Luminose – Argento e altre 1 configurazioni. La sospensione è indicata per saloni, soggiorni ampi, vani scala, hall, boutique e sale ristorante. L’installazione è pensata per ambienti interni e va definita in base all’altezza disponibile e al progetto luce. Dimensioni, altezza regolabile, finitura, sorgente e potenza permettono di scegliere la configurazione più coerente con arredo, volume dell’ambiente e resa luminosa desiderata.</p>","<p>Ideal Lux Gioconda sp12 è una lampada a sospensione per interni pensata per chi desidera una sospensione decorativa di forte presenza, progettata per diventare protagonista dello spazio. Il corpo illuminante scende dal soffitto e trasforma la luce in un elemento d’arredo, utile per definire una zona, sottolineare un piano o dare identità al volume dell’ambiente senza occupare superfici. La composizione in cristallo, metallo e vetro caratterizza la percezione del modello e permette di inserirlo in progetti residenziali e, dove appropriato, in spazi contract o hospitality.</p><p>La scelta della variante deve partire dalle caratteristiche reali del prodotto. La gamma comprende 6 varianti selezionabili, nelle finiture argento e oro, con misure Ø 900 × H min 1000 / max 1640 mm, Ø 620 × H min 790 / max 1180 mm e Ø 730 × H min 930 / max 1200 mm. La sorgente è definita da: attacco E14; numero di luci 12, 6 e 8; potenza E14 max 12 x 40W, E14 max 6 x 40W e E14 max 8 x 40W; non dimmerabile secondo i dati di catalogo; lampadina non indicata come inclusa. Misura e altezza di sospensione incidono direttamente sull’effetto finale: un modello regolato più vicino al piano concentra l’attenzione su tavolo o bancone, mentre una discesa più ampia valorizza soffitti alti e composizioni scenografiche. La scheda Ideal Lux aggiunge questi dettagli costruttivi: Corpo luce in fusione di metallo con finitura oro o argento antico. Pendagli ottagonali e tondi in cristallo molato. Copricatena in velluto. Le configurazioni presenti a catalogo comprendono Gioconda sp12 – 12 Sorgenti Luminose – Argento, Gioconda sp12 – 12 Sorgenti Luminose – Oro, Gioconda sp6 – 6 Sorgenti Luminose – Argento, Gioconda sp6 – 6 Sorgenti Luminose – Oro, Gioconda sp8 – 8 Sorgenti Luminose – Argento e Gioconda sp8 – 8 Sorgenti Luminose – Oro.</p><p>Per dimensioni e presenza decorativa, Ideal Lux Gioconda sp12 si presta a saloni, soggiorni ampi, vani scala, hall, boutique e sale ristorante. In casa può diventare il fulcro del soggiorno, della sala da pranzo o di un vano scala ampio; nel contract valorizza hall, lounge, sale ristorante, boutique e aree accoglienza alberghiere. In camere o ambienti contenuti occorre controllare con precisione l’ingombro. In bagno, come per ogni sospensione da interno, l’installazione è valutabile solo in posizioni compatibili con requisiti tecnici e zone elettriche previste.</p><p>Scegliere Ideal Lux Gioconda sp12 significa confrontare finiture, dimensioni, numero di luci, sorgente o attacco, potenza e possibilità di dimmerazione prima dell’acquisto. Una sospensione ben dimensionata migliora la qualità della luce, valorizza arredi e materiali e contribuisce alla percezione dell’intero progetto. Questa scheda ecommerce riunisce le informazioni tecniche e d’uso utili a individuare la configurazione più adatta, con un testo orientato alla ricerca di lampade a sospensione Ideal Lux per abitazioni, locali commerciali e spazi professionali.</p>","Ideal Lux Gioconda sp12: sospensione per interni in cristallo e metallo per illuminare salone, living e hall. Acquista online la configurazione più adatta."
"IL-CONFIG-222","<p>Ideal Lux Glory sp3 è una lampada a sospensione per interni: una sospensione decorativa versatile, studiata per valorizzare l’arredo con luce dall’alto. La struttura è realizzata in vetro. La gamma comprende 3 varianti selezionabili, nelle finiture bianco, con misure Ø 400 × H min 450 / max 2200 mm, Ø 500 × H min 450 / max 2200 mm e Ø 600 × H min 450 / max 2200 mm. La sorgente è definita da: attacco E27; numero di luci 3 e 5; potenza E27 max 3 x 60W e E27 max 5 x 60W; non dimmerabile secondo i dati di catalogo; lampadina non indicata come inclusa. Tra le combinazioni selezionabili figurano Glory sp3 – Diametro – 40cm, Glory sp3 – Diametro – 50cm e Glory sp5 – Diametro – 60cm. La sospensione è indicata per soggiorni, zone pranzo, camere, ingressi, ristoranti e boutique. L’installazione è pensata per ambienti interni e va definita in base all’altezza disponibile e al progetto luce. Dimensioni, altezza regolabile, finitura, sorgente e potenza permettono di scegliere la configurazione più coerente con arredo, volume dell’ambiente e resa luminosa desiderata.</p>","<p>Ideal Lux Glory sp3 è una lampada a sospensione per interni pensata per chi desidera una sospensione decorativa versatile, studiata per valorizzare l’arredo con luce dall’alto. Il corpo illuminante scende dal soffitto e trasforma la luce in un elemento d’arredo, utile per definire una zona, sottolineare un piano o dare identità al volume dell’ambiente senza occupare superfici. La composizione in vetro caratterizza la percezione del modello e permette di inserirlo in progetti residenziali e, dove appropriato, in spazi contract o hospitality.</p><p>La scelta della variante deve partire dalle caratteristiche reali del prodotto. La gamma comprende 3 varianti selezionabili, nelle finiture bianco, con misure Ø 400 × H min 450 / max 2200 mm, Ø 500 × H min 450 / max 2200 mm e Ø 600 × H min 450 / max 2200 mm. La sorgente è definita da: attacco E27; numero di luci 3 e 5; potenza E27 max 3 x 60W e E27 max 5 x 60W; non dimmerabile secondo i dati di catalogo; lampadina non indicata come inclusa. Misura e altezza di sospensione incidono direttamente sull’effetto finale: un modello regolato più vicino al piano concentra l’attenzione su tavolo o bancone, mentre una discesa più ampia valorizza soffitti alti e composizioni scenografiche. La scheda Ideal Lux aggiunge questi dettagli costruttivi: Rosone rifinito in nickel satinato. Diffusore in vetro bianco soffiato e acidato. Sospensioni con cavi in acciaio regolabili in lunghezza con dispositivi automatici. Le configurazioni presenti a catalogo comprendono Glory sp3 – Diametro – 40cm, Glory sp3 – Diametro – 50cm e Glory sp5 – Diametro – 60cm.</p><p>La versatilità del modello favorisce l’utilizzo in soggiorni, zone pranzo, camere, ingressi, ristoranti e boutique. In soggiorno e zona living la sospensione crea un punto focale; in cucina può illuminare isola o penisola quando dimensioni e quota sono proporzionate; in camera da letto aggiunge una componente decorativa e funzionale. In locali commerciali è adatta a tavoli di ristoranti e bistrot, lounge, vetrine interne o aree accoglienza. Per corridoio, cameretta e bagno è opportuno valutare ingombro, altezza e compatibilità tecnica con lo spazio.</p><p>Scegliere Ideal Lux Glory sp3 significa confrontare finiture, dimensioni, numero di luci, sorgente o attacco, potenza e possibilità di dimmerazione prima dell’acquisto. Una sospensione ben dimensionata migliora la qualità della luce, valorizza arredi e materiali e contribuisce alla percezione dell’intero progetto. Questa scheda ecommerce riunisce le informazioni tecniche e d’uso utili a individuare la configurazione più adatta, con un testo orientato alla ricerca di lampade a sospensione Ideal Lux per abitazioni, locali commerciali e spazi professionali.</p>","Ideal Lux Glory sp3: lampada a sospensione per interni in vetro, ideale per living e spazi contract. Scopri finiture, misure e varianti e acquista online."
"IL-CONFIG-223","<p>Ideal Lux Harem sp1 è una lampada a sospensione per interni: una sospensione compatta adatta sia come punto luce singolo sia in composizioni multiple. La struttura è realizzata in metallo e vetro. La gamma comprende una configurazione disponibile, nelle finiture brunito, con misure Ø 165 × H min 670 / max 1030 mm. La sorgente è definita da: attacco E27; numero di luci 1; potenza E27 max 1 x 42W; non dimmerabile secondo i dati di catalogo; lampadina non indicata come inclusa. La sospensione è indicata per penisole, comodini a sospensione, corridoi, banconi bar e piccoli tavoli. L’installazione è pensata per ambienti interni e va definita in base all’altezza disponibile e al progetto luce. Dimensioni, altezza regolabile, finitura, sorgente e potenza permettono di scegliere la configurazione più coerente con arredo, volume dell’ambiente e resa luminosa desiderata.</p>","<p>Ideal Lux Harem sp1 è una lampada a sospensione per interni pensata per chi desidera una sospensione compatta adatta sia come punto luce singolo sia in composizioni multiple. Il corpo illuminante scende dal soffitto e trasforma la luce in un elemento d’arredo, utile per definire una zona, sottolineare un piano o dare identità al volume dell’ambiente senza occupare superfici. La composizione in metallo e vetro caratterizza la percezione del modello e permette di inserirlo in progetti residenziali e, dove appropriato, in spazi contract o hospitality.</p><p>La scelta della variante deve partire dalle caratteristiche reali del prodotto. La gamma comprende una configurazione disponibile, nelle finiture brunito, con misure Ø 165 × H min 670 / max 1030 mm. La sorgente è definita da: attacco E27; numero di luci 1; potenza E27 max 1 x 42W; non dimmerabile secondo i dati di catalogo; lampadina non indicata come inclusa. Misura e altezza di sospensione incidono direttamente sull’effetto finale: un modello regolato più vicino al piano concentra l’attenzione su tavolo o bancone, mentre una discesa più ampia valorizza soffitti alti e composizioni scenografiche. La scheda Ideal Lux aggiunge questi dettagli costruttivi: Montatura con decori in rilievo in metallo brunito e ottagoni in cristallo molato incastonati. Diffusori in vetro soffiato trasparente leggermente ambrato con pendaglio a nappa. Copricatena in velluto.</p><p>Il formato compatto rende Ideal Lux Harem sp1 particolarmente utile in penisole, comodini a sospensione, corridoi, banconi bar e piccoli tavoli. Una singola sospensione può illuminare un tavolino, un angolo lettura o una zona comodino; più elementi coordinati possono comporre un ritmo sopra penisole, banconi o percorsi. È una soluzione interessante anche per bistrot e negozi che ricercano piccoli punti luce ripetuti. Per l’uso in bagno è necessario verificare protezione, posizione e distanze previste dalle norme.</p><p>Scegliere Ideal Lux Harem sp1 significa confrontare finiture, dimensioni, numero di luci, sorgente o attacco, potenza e possibilità di dimmerazione prima dell’acquisto. Una sospensione ben dimensionata migliora la qualità della luce, valorizza arredi e materiali e contribuisce alla percezione dell’intero progetto. Questa scheda ecommerce riunisce le informazioni tecniche e d’uso utili a individuare la configurazione più adatta, con un testo orientato alla ricerca di lampade a sospensione Ideal Lux per abitazioni, locali commerciali e spazi professionali.</p>","Ideal Lux Harem sp1: lampada a sospensione per interni in metallo e vetro, ideale per living e spazi contract. Scegli la variante ideale e acquista online."
"IL-CONFIG-224","<p>Ideal Lux Harem sp9 è una lampada a sospensione per interni: una sospensione decorativa di forte presenza, progettata per diventare protagonista dello spazio. La struttura è realizzata in metallo e vetro. La gamma comprende una configurazione disponibile, nelle finiture brunito, con misure Ø 750 × H min 1050 / max 1700 mm. La sorgente è definita da: attacco E27; numero di luci 9; potenza E27 max 9 x 42W; non dimmerabile secondo i dati di catalogo; lampadina non indicata come inclusa. La sospensione è indicata per saloni, soggiorni ampi, vani scala, hall, boutique e sale ristorante. L’installazione è pensata per ambienti interni e va definita in base all’altezza disponibile e al progetto luce. Dimensioni, altezza regolabile, finitura, sorgente e potenza permettono di scegliere la configurazione più coerente con arredo, volume dell’ambiente e resa luminosa desiderata.</p>","<p>Ideal Lux Harem sp9 è una lampada a sospensione per interni pensata per chi desidera una sospensione decorativa di forte presenza, progettata per diventare protagonista dello spazio. Il corpo illuminante scende dal soffitto e trasforma la luce in un elemento d’arredo, utile per definire una zona, sottolineare un piano o dare identità al volume dell’ambiente senza occupare superfici. La composizione in metallo e vetro caratterizza la percezione del modello e permette di inserirlo in progetti residenziali e, dove appropriato, in spazi contract o hospitality.</p><p>La scelta della variante deve partire dalle caratteristiche reali del prodotto. La gamma comprende una configurazione disponibile, nelle finiture brunito, con misure Ø 750 × H min 1050 / max 1700 mm. La sorgente è definita da: attacco E27; numero di luci 9; potenza E27 max 9 x 42W; non dimmerabile secondo i dati di catalogo; lampadina non indicata come inclusa. Misura e altezza di sospensione incidono direttamente sull’effetto finale: un modello regolato più vicino al piano concentra l’attenzione su tavolo o bancone, mentre una discesa più ampia valorizza soffitti alti e composizioni scenografiche. La scheda Ideal Lux aggiunge questi dettagli costruttivi: Montatura con decori in rilievo in metallo brunito e ottagoni in cristallo molato incastonati. Diffusori in vetro soffiato trasparente leggermente ambrato con pendaglio a nappa. Copricatena in velluto.</p><p>Per dimensioni e presenza decorativa, Ideal Lux Harem sp9 si presta a saloni, soggiorni ampi, vani scala, hall, boutique e sale ristorante. In casa può diventare il fulcro del soggiorno, della sala da pranzo o di un vano scala ampio; nel contract valorizza hall, lounge, sale ristorante, boutique e aree accoglienza alberghiere. In camere o ambienti contenuti occorre controllare con precisione l’ingombro. In bagno, come per ogni sospensione da interno, l’installazione è valutabile solo in posizioni compatibili con requisiti tecnici e zone elettriche previste.</p><p>Scegliere Ideal Lux Harem sp9 significa confrontare finiture, dimensioni, numero di luci, sorgente o attacco, potenza e possibilità di dimmerazione prima dell’acquisto. Una sospensione ben dimensionata migliora la qualità della luce, valorizza arredi e materiali e contribuisce alla percezione dell’intero progetto. Questa scheda ecommerce riunisce le informazioni tecniche e d’uso utili a individuare la configurazione più adatta, con un testo orientato alla ricerca di lampade a sospensione Ideal Lux per abitazioni, locali commerciali e spazi professionali.</p>","Ideal Lux Harem sp9: sospensione per interni in metallo e vetro per illuminare salone, living e hall. Scopri finiture, misure e varianti e acquista online."
"IL-CONFIG-225","<p>Ideal Lux Holly sp1 è una lampada a sospensione per interni: una sospensione compatta adatta sia come punto luce singolo sia in composizioni multiple. La struttura è realizzata in metallo. La gamma comprende 3 varianti selezionabili, nelle finiture bianco, nero e ottone, con misure Ø 120 × H min 500 / max 2250 mm. La sorgente è definita da: attacco E27; numero di luci 1; potenza E27 max 1 x 60W; non dimmerabile secondo i dati di catalogo; lampadina non indicata come inclusa. Tra le combinazioni selezionabili figurano Holly sp1 – Bianco, Holly sp1 – Nero e Holly sp1 – Ottone. La sospensione è indicata per penisole, comodini a sospensione, corridoi, banconi bar e piccoli tavoli. L’installazione è pensata per ambienti interni e va definita in base all’altezza disponibile e al progetto luce. Dimensioni, altezza regolabile, finitura, sorgente e potenza permettono di scegliere la configurazione più coerente con arredo, volume dell’ambiente e resa luminosa desiderata.</p>","<p>Ideal Lux Holly sp1 è una lampada a sospensione per interni pensata per chi desidera una sospensione compatta adatta sia come punto luce singolo sia in composizioni multiple. Il corpo illuminante scende dal soffitto e trasforma la luce in un elemento d’arredo, utile per definire una zona, sottolineare un piano o dare identità al volume dell’ambiente senza occupare superfici. La composizione in metallo caratterizza la percezione del modello e permette di inserirlo in progetti residenziali e, dove appropriato, in spazi contract o hospitality.</p><p>La scelta della variante deve partire dalle caratteristiche reali del prodotto. La gamma comprende 3 varianti selezionabili, nelle finiture bianco, nero e ottone, con misure Ø 120 × H min 500 / max 2250 mm. La sorgente è definita da: attacco E27; numero di luci 1; potenza E27 max 1 x 60W; non dimmerabile secondo i dati di catalogo; lampadina non indicata come inclusa. Misura e altezza di sospensione incidono direttamente sull’effetto finale: un modello regolato più vicino al piano concentra l’attenzione su tavolo o bancone, mentre una discesa più ampia valorizza soffitti alti e composizioni scenografiche. La scheda Ideal Lux aggiunge questi dettagli costruttivi: Rosone e diffusori in metallo con finitura ottone spazzolato o verniciato a polveri con finitura bianca o nera. Cavi rivestiti in tessuto. Le configurazioni presenti a catalogo comprendono Holly sp1 – Bianco, Holly sp1 – Nero e Holly sp1 – Ottone.</p><p>Il formato compatto rende Ideal Lux Holly sp1 particolarmente utile in penisole, comodini a sospensione, corridoi, banconi bar e piccoli tavoli. Una singola sospensione può illuminare un tavolino, un angolo lettura o una zona comodino; più elementi coordinati possono comporre un ritmo sopra penisole, banconi o percorsi. È una soluzione interessante anche per bistrot e negozi che ricercano piccoli punti luce ripetuti. Per l’uso in bagno è necessario verificare protezione, posizione e distanze previste dalle norme.</p><p>Scegliere Ideal Lux Holly sp1 significa confrontare finiture, dimensioni, numero di luci, sorgente o attacco, potenza e possibilità di dimmerazione prima dell’acquisto. Una sospensione ben dimensionata migliora la qualità della luce, valorizza arredi e materiali e contribuisce alla percezione dell’intero progetto. Questa scheda ecommerce riunisce le informazioni tecniche e d’uso utili a individuare la configurazione più adatta, con un testo orientato alla ricerca di lampade a sospensione Ideal Lux per abitazioni, locali commerciali e spazi professionali.</p>","Ideal Lux Holly sp1: lampada a sospensione da interno in metallo, ideale per living e spazi contract. Scopri finiture, misure e varianti e acquista online."
"IL-CONFIG-226","<p>Ideal Lux Hulahoop sp è una lampada a sospensione per interni: una sospensione contemporanea dalla lettura pulita e luminosa. La struttura è realizzata in alluminio, metallo e materiale plastico. La gamma comprende 3 varianti selezionabili, nelle finiture bianco, con misure Ø 610 × H min 270 / max 2120 mm, Ø 815 × H min 270 / max 2120 mm e Ø 1005 × H min 270 / max 2120 mm. La sorgente è definita da: sorgente LED; numero di luci 1; potenza LED 28W, LED 39W e LED 46W; non dimmerabile secondo i dati di catalogo; sorgente o lampadina inclusa. Tra le combinazioni selezionabili figurano Hulahoop sp – Diametro – 61cm, Hulahoop sp – Diametro – 81.5cm e Hulahoop sp – Diametro – 100.5cm. La sospensione è indicata per living moderni, cucine, sale riunione, showroom e ambienti contract. L’installazione è pensata per ambienti interni e va definita in base all’altezza disponibile e al progetto luce. Dimensioni, altezza regolabile, finitura, sorgente e potenza permettono di scegliere la configurazione più coerente con arredo, volume dell’ambiente e resa luminosa desiderata.</p>","<p>Ideal Lux Hulahoop sp è una lampada a sospensione per interni pensata per chi desidera una sospensione contemporanea dalla lettura pulita e luminosa. Il corpo illuminante scende dal soffitto e trasforma la luce in un elemento d’arredo, utile per definire una zona, sottolineare un piano o dare identità al volume dell’ambiente senza occupare superfici. La composizione in alluminio, metallo e materiale plastico caratterizza la percezione del modello e permette di inserirlo in progetti residenziali e, dove appropriato, in spazi contract o hospitality.</p><p>La scelta della variante deve partire dalle caratteristiche reali del prodotto. La gamma comprende 3 varianti selezionabili, nelle finiture bianco, con misure Ø 610 × H min 270 / max 2120 mm, Ø 815 × H min 270 / max 2120 mm e Ø 1005 × H min 270 / max 2120 mm. La sorgente è definita da: sorgente LED; numero di luci 1; potenza LED 28W, LED 39W e LED 46W; non dimmerabile secondo i dati di catalogo; sorgente o lampadina inclusa. Misura e altezza di sospensione incidono direttamente sull’effetto finale: un modello regolato più vicino al piano concentra l’attenzione su tavolo o bancone, mentre una discesa più ampia valorizza soffitti alti e composizioni scenografiche. La scheda Ideal Lux aggiunge questi dettagli costruttivi: Rosone e montatura in metallo verniciato a polveri con finitura bianca. Diffusore in gomma opale. Cavi in acciaio con supporti a soffitto. Cavo elettrico in pvc trasparente. Le configurazioni presenti a catalogo comprendono Hulahoop sp – Diametro – 61cm, Hulahoop sp – Diametro – 81.5cm e Hulahoop sp – Diametro – 100.5cm.</p><p>La versatilità del modello favorisce l’utilizzo in living moderni, cucine, sale riunione, showroom e ambienti contract. In soggiorno e zona living la sospensione crea un punto focale; in cucina può illuminare isola o penisola quando dimensioni e quota sono proporzionate; in camera da letto aggiunge una componente decorativa e funzionale. In locali commerciali è adatta a tavoli di ristoranti e bistrot, lounge, vetrine interne o aree accoglienza. Per corridoio, cameretta e bagno è opportuno valutare ingombro, altezza e compatibilità tecnica con lo spazio.</p><p>Scegliere Ideal Lux Hulahoop sp significa confrontare finiture, dimensioni, numero di luci, sorgente o attacco, potenza e possibilità di dimmerazione prima dell’acquisto. Una sospensione ben dimensionata migliora la qualità della luce, valorizza arredi e materiali e contribuisce alla percezione dell’intero progetto. Questa scheda ecommerce riunisce le informazioni tecniche e d’uso utili a individuare la configurazione più adatta, con un testo orientato alla ricerca di lampade a sospensione Ideal Lux per abitazioni, locali commerciali e spazi professionali.</p>","Ideal Lux Hulahoop sp: sospensione per interni in alluminio e metallo per illuminare living e spazi contract. Acquista online la configurazione più adatta."
"IL-CONFIG-227","<p>Ideal Lux Kalique-1 sp1 è una lampada a sospensione per interni: una sospensione compatta adatta sia come punto luce singolo sia in composizioni multiple. La struttura è realizzata in . La gamma comprende 10 varianti selezionabili, nelle finiture fumè, ambra, azzurro, rame e trasparente, con misure Ø 180 × H min 565 / max 2365 mm e Ø 280 × H min 740 / max 2535 mm. La sorgente è definita da: attacco E27; numero di luci 1; potenza E27 max 1 x 42W; non dimmerabile secondo i dati di catalogo; lampadina non indicata come inclusa. Tra le combinazioni selezionabili figurano Kalique – 1 sp1 – Fumé – Diametro – 18cm, Kalique – 1 sp1 – Fumé – Diametro – 28cm, Kalique – 1 sp1 – Ambra – Diametro – 18cm, Kalique – 1 sp1 – Azzurro – Diametro – 18cm, Kalique – 1 sp1 – Rame – Diametro – 18cm e altre 5 configurazioni. La sospensione è indicata per penisole, comodini a sospensione, corridoi, banconi bar e piccoli tavoli. L’installazione è pensata per ambienti interni e va definita in base all’altezza disponibile e al progetto luce. Dimensioni, altezza regolabile, finitura, sorgente e potenza permettono di scegliere la configurazione più coerente con arredo, volume dell’ambiente e resa luminosa desiderata.</p>","<p>Ideal Lux Kalique-1 sp1 è una lampada a sospensione per interni pensata per chi desidera una sospensione compatta adatta sia come punto luce singolo sia in composizioni multiple. Il corpo illuminante scende dal soffitto e trasforma la luce in un elemento d’arredo, utile per definire una zona, sottolineare un piano o dare identità al volume dell’ambiente senza occupare superfici. La composizione in caratterizza la percezione del modello e permette di inserirlo in progetti residenziali e, dove appropriato, in spazi contract o hospitality.</p><p>La scelta della variante deve partire dalle caratteristiche reali del prodotto. La gamma comprende 10 varianti selezionabili, nelle finiture fumè, ambra, azzurro, rame e trasparente, con misure Ø 180 × H min 565 / max 2365 mm e Ø 280 × H min 740 / max 2535 mm. La sorgente è definita da: attacco E27; numero di luci 1; potenza E27 max 1 x 42W; non dimmerabile secondo i dati di catalogo; lampadina non indicata come inclusa. Misura e altezza di sospensione incidono direttamente sull’effetto finale: un modello regolato più vicino al piano concentra l’attenzione su tavolo o bancone, mentre una discesa più ampia valorizza soffitti alti e composizioni scenografiche. Le configurazioni presenti a catalogo comprendono Kalique – 1 sp1 – Fumé – Diametro – 18cm, Kalique – 1 sp1 – Fumé – Diametro – 28cm, Kalique – 1 sp1 – Ambra – Diametro – 18cm, Kalique – 1 sp1 – Azzurro – Diametro – 18cm, Kalique – 1 sp1 – Rame – Diametro – 18cm, Kalique – 1 sp1 – Trasparente – Diametro – 18cm, Kalique – 1 sp1 – Ambra – Diametro – 28cm, Kalique – 1 sp1 – Azzurro – Diametro – 28cm, Kalique – 1 sp1 – Rame – Diametro – 28cm e Kalique – 1 sp1 – Trasparente – Diametro – 28cm.</p><p>Il formato compatto rende Ideal Lux Kalique-1 sp1 particolarmente utile in penisole, comodini a sospensione, corridoi, banconi bar e piccoli tavoli. Una singola sospensione può illuminare un tavolino, un angolo lettura o una zona comodino; più elementi coordinati possono comporre un ritmo sopra penisole, banconi o percorsi. È una soluzione interessante anche per bistrot e negozi che ricercano piccoli punti luce ripetuti. Per l’uso in bagno è necessario verificare protezione, posizione e distanze previste dalle norme.</p><p>Scegliere Ideal Lux Kalique-1 sp1 significa confrontare finiture, dimensioni, numero di luci, sorgente o attacco, potenza e possibilità di dimmerazione prima dell’acquisto. Una sospensione ben dimensionata migliora la qualità della luce, valorizza arredi e materiali e contribuisce alla percezione dell’intero progetto. Questa scheda ecommerce riunisce le informazioni tecniche e d’uso utili a individuare la configurazione più adatta, con un testo orientato alla ricerca di lampade a sospensione Ideal Lux per abitazioni, locali commerciali e spazi professionali.</p>","Ideal Lux Kalique-1 sp1: sospensione per interni in materiali selezionati, pensata per living e spazi contract. Scopri finiture e misure e acquista online."
"IL-CONFIG-228","<p>Ideal Lux Kalique-2 sp1 è una lampada a sospensione per interni: una sospensione compatta adatta sia come punto luce singolo sia in composizioni multiple. La struttura è realizzata in . La gamma comprende 10 varianti selezionabili, nelle finiture fumè, ambra, azzurro, rame e trasparente, con misure Ø 180 × H min 600 / max 2395 mm e Ø 280 × H min 765 / max 2565 mm. La sorgente è definita da: attacco E27; numero di luci 1; potenza E27 max 1 x 42W; non dimmerabile secondo i dati di catalogo; lampadina non indicata come inclusa. Tra le combinazioni selezionabili figurano Kalique – 2 sp1 – Fumé – Diametro – 18cm, Kalique – 2 sp1 – Fumé – Diametro – 28cm, Kalique – 2 sp1 – Ambra – Diametro – 18cm, Kalique – 2 sp1 – Azzurro – Diametro – 18cm, Kalique – 2 sp1 – Rame – Diametro – 18cm e altre 5 configurazioni. La sospensione è indicata per penisole, comodini a sospensione, corridoi, banconi bar e piccoli tavoli. L’installazione è pensata per ambienti interni e va definita in base all’altezza disponibile e al progetto luce. Dimensioni, altezza regolabile, finitura, sorgente e potenza permettono di scegliere la configurazione più coerente con arredo, volume dell’ambiente e resa luminosa desiderata.</p>","<p>Ideal Lux Kalique-2 sp1 è una lampada a sospensione per interni pensata per chi desidera una sospensione compatta adatta sia come punto luce singolo sia in composizioni multiple. Il corpo illuminante scende dal soffitto e trasforma la luce in un elemento d’arredo, utile per definire una zona, sottolineare un piano o dare identità al volume dell’ambiente senza occupare superfici. La composizione in caratterizza la percezione del modello e permette di inserirlo in progetti residenziali e, dove appropriato, in spazi contract o hospitality.</p><p>La scelta della variante deve partire dalle caratteristiche reali del prodotto. La gamma comprende 10 varianti selezionabili, nelle finiture fumè, ambra, azzurro, rame e trasparente, con misure Ø 180 × H min 600 / max 2395 mm e Ø 280 × H min 765 / max 2565 mm. La sorgente è definita da: attacco E27; numero di luci 1; potenza E27 max 1 x 42W; non dimmerabile secondo i dati di catalogo; lampadina non indicata come inclusa. Misura e altezza di sospensione incidono direttamente sull’effetto finale: un modello regolato più vicino al piano concentra l’attenzione su tavolo o bancone, mentre una discesa più ampia valorizza soffitti alti e composizioni scenografiche. Le configurazioni presenti a catalogo comprendono Kalique – 2 sp1 – Fumé – Diametro – 18cm, Kalique – 2 sp1 – Fumé – Diametro – 28cm, Kalique – 2 sp1 – Ambra – Diametro – 18cm, Kalique – 2 sp1 – Azzurro – Diametro – 18cm, Kalique – 2 sp1 – Rame – Diametro – 18cm, Kalique – 2 sp1 – Trasparente – Diametro – 18cm, Kalique – 2 sp1 – Ambra – Diametro – 28cm, Kalique – 2 sp1 – Azzurro – Diametro – 28cm, Kalique – 2 sp1 – Rame – Diametro – 28cm e Kalique – 2 sp1 – Trasparente – Diametro – 28cm.</p><p>Il formato compatto rende Ideal Lux Kalique-2 sp1 particolarmente utile in penisole, comodini a sospensione, corridoi, banconi bar e piccoli tavoli. Una singola sospensione può illuminare un tavolino, un angolo lettura o una zona comodino; più elementi coordinati possono comporre un ritmo sopra penisole, banconi o percorsi. È una soluzione interessante anche per bistrot e negozi che ricercano piccoli punti luce ripetuti. Per l’uso in bagno è necessario verificare protezione, posizione e distanze previste dalle norme.</p><p>Scegliere Ideal Lux Kalique-2 sp1 significa confrontare finiture, dimensioni, numero di luci, sorgente o attacco, potenza e possibilità di dimmerazione prima dell’acquisto. Una sospensione ben dimensionata migliora la qualità della luce, valorizza arredi e materiali e contribuisce alla percezione dell’intero progetto. Questa scheda ecommerce riunisce le informazioni tecniche e d’uso utili a individuare la configurazione più adatta, con un testo orientato alla ricerca di lampade a sospensione Ideal Lux per abitazioni, locali commerciali e spazi professionali.</p>","Ideal Lux Kalique-2 sp1: sospensione per interni in materiali selezionati, pensata per living e spazi contract. Scopri finiture e misure e acquista online."
"IL-CONFIG-229","<p>Ideal Lux Kalique-3 sp1 è una lampada a sospensione per interni: una sospensione compatta adatta sia come punto luce singolo sia in composizioni multiple. La struttura è realizzata in . La gamma comprende 10 varianti selezionabili, nelle finiture fumè, ambra, azzurro, rame e trasparente, con misure Ø 180 × H min 635 / max 2435 mm e Ø 280 × H min 830 / max 2625 mm. La sorgente è definita da: attacco E27; numero di luci 1; potenza E27 max 1 x 42W; non dimmerabile secondo i dati di catalogo; lampadina non indicata come inclusa. Tra le combinazioni selezionabili figurano Kalique – 3 sp1 – Fumé – Diametro – 18cm, Kalique – 3 sp1 – Fumé – Diametro – 28cm, Kalique – 3 sp1 – Ambra – Diametro – 18cm, Kalique – 3 sp1 – Azzurro – Diametro – 18cm, Kalique – 3 sp1 – Rame – Diametro – 18cm e altre 5 configurazioni. La sospensione è indicata per penisole, comodini a sospensione, corridoi, banconi bar e piccoli tavoli. L’installazione è pensata per ambienti interni e va definita in base all’altezza disponibile e al progetto luce. Dimensioni, altezza regolabile, finitura, sorgente e potenza permettono di scegliere la configurazione più coerente con arredo, volume dell’ambiente e resa luminosa desiderata.</p>","<p>Ideal Lux Kalique-3 sp1 è una lampada a sospensione per interni pensata per chi desidera una sospensione compatta adatta sia come punto luce singolo sia in composizioni multiple. Il corpo illuminante scende dal soffitto e trasforma la luce in un elemento d’arredo, utile per definire una zona, sottolineare un piano o dare identità al volume dell’ambiente senza occupare superfici. La composizione in caratterizza la percezione del modello e permette di inserirlo in progetti residenziali e, dove appropriato, in spazi contract o hospitality.</p><p>La scelta della variante deve partire dalle caratteristiche reali del prodotto. La gamma comprende 10 varianti selezionabili, nelle finiture fumè, ambra, azzurro, rame e trasparente, con misure Ø 180 × H min 635 / max 2435 mm e Ø 280 × H min 830 / max 2625 mm. La sorgente è definita da: attacco E27; numero di luci 1; potenza E27 max 1 x 42W; non dimmerabile secondo i dati di catalogo; lampadina non indicata come inclusa. Misura e altezza di sospensione incidono direttamente sull’effetto finale: un modello regolato più vicino al piano concentra l’attenzione su tavolo o bancone, mentre una discesa più ampia valorizza soffitti alti e composizioni scenografiche. Le configurazioni presenti a catalogo comprendono Kalique – 3 sp1 – Fumé – Diametro – 18cm, Kalique – 3 sp1 – Fumé – Diametro – 28cm, Kalique – 3 sp1 – Ambra – Diametro – 18cm, Kalique – 3 sp1 – Azzurro – Diametro – 18cm, Kalique – 3 sp1 – Rame – Diametro – 18cm, Kalique – 3 sp1 – Trasparente – Diametro – 18cm, Kalique – 3 sp1 – Ambra – Diametro – 28cm, Kalique – 3 sp1 – Azzurro – Diametro – 28cm, Kalique – 3 sp1 – Rame – Diametro – 28cm e Kalique – 3 sp1 – Trasparente – Diametro – 28cm.</p><p>Il formato compatto rende Ideal Lux Kalique-3 sp1 particolarmente utile in penisole, comodini a sospensione, corridoi, banconi bar e piccoli tavoli. Una singola sospensione può illuminare un tavolino, un angolo lettura o una zona comodino; più elementi coordinati possono comporre un ritmo sopra penisole, banconi o percorsi. È una soluzione interessante anche per bistrot e negozi che ricercano piccoli punti luce ripetuti. Per l’uso in bagno è necessario verificare protezione, posizione e distanze previste dalle norme.</p><p>Scegliere Ideal Lux Kalique-3 sp1 significa confrontare finiture, dimensioni, numero di luci, sorgente o attacco, potenza e possibilità di dimmerazione prima dell’acquisto. Una sospensione ben dimensionata migliora la qualità della luce, valorizza arredi e materiali e contribuisce alla percezione dell’intero progetto. Questa scheda ecommerce riunisce le informazioni tecniche e d’uso utili a individuare la configurazione più adatta, con un testo orientato alla ricerca di lampade a sospensione Ideal Lux per abitazioni, locali commerciali e spazi professionali.</p>","Ideal Lux Kalique-3 sp1: sospensione per interni in materiali selezionati, pensata per living e spazi contract. Scopri finiture e misure e acquista online."
"IL-CONFIG-230","<p>Ideal Lux Karma sp1 small è una lampada a sospensione per interni: una sospensione decorativa versatile, studiata per valorizzare l’arredo con luce dall’alto. La struttura è realizzata in vetro. La gamma comprende una configurazione disponibile, nelle finiture bianco, con misure Ø 390 × H min 485 / max 2235 mm. La sorgente è definita da: attacco E27; numero di luci 1; potenza E27 max 1 x 60W; non dimmerabile secondo i dati di catalogo; lampadina non indicata come inclusa. La sospensione è indicata per soggiorni, zone pranzo, camere, ingressi, ristoranti e boutique. L’installazione è pensata per ambienti interni e va definita in base all’altezza disponibile e al progetto luce. Dimensioni, altezza regolabile, finitura, sorgente e potenza permettono di scegliere la configurazione più coerente con arredo, volume dell’ambiente e resa luminosa desiderata.</p>","<p>Ideal Lux Karma sp1 small è una lampada a sospensione per interni pensata per chi desidera una sospensione decorativa versatile, studiata per valorizzare l’arredo con luce dall’alto. Il corpo illuminante scende dal soffitto e trasforma la luce in un elemento d’arredo, utile per definire una zona, sottolineare un piano o dare identità al volume dell’ambiente senza occupare superfici. La composizione in vetro caratterizza la percezione del modello e permette di inserirlo in progetti residenziali e, dove appropriato, in spazi contract o hospitality.</p><p>La scelta della variante deve partire dalle caratteristiche reali del prodotto. La gamma comprende una configurazione disponibile, nelle finiture bianco, con misure Ø 390 × H min 485 / max 2235 mm. La sorgente è definita da: attacco E27; numero di luci 1; potenza E27 max 1 x 60W; non dimmerabile secondo i dati di catalogo; lampadina non indicata come inclusa. Misura e altezza di sospensione incidono direttamente sull’effetto finale: un modello regolato più vicino al piano concentra l’attenzione su tavolo o bancone, mentre una discesa più ampia valorizza soffitti alti e composizioni scenografiche.</p><p>La versatilità del modello favorisce l’utilizzo in soggiorni, zone pranzo, camere, ingressi, ristoranti e boutique. In soggiorno e zona living la sospensione crea un punto focale; in cucina può illuminare isola o penisola quando dimensioni e quota sono proporzionate; in camera da letto aggiunge una componente decorativa e funzionale. In locali commerciali è adatta a tavoli di ristoranti e bistrot, lounge, vetrine interne o aree accoglienza. Per corridoio, cameretta e bagno è opportuno valutare ingombro, altezza e compatibilità tecnica con lo spazio.</p><p>Scegliere Ideal Lux Karma sp1 small significa confrontare finiture, dimensioni, numero di luci, sorgente o attacco, potenza e possibilità di dimmerazione prima dell’acquisto. Una sospensione ben dimensionata migliora la qualità della luce, valorizza arredi e materiali e contribuisce alla percezione dell’intero progetto. Questa scheda ecommerce riunisce le informazioni tecniche e d’uso utili a individuare la configurazione più adatta, con un testo orientato alla ricerca di lampade a sospensione Ideal Lux per abitazioni, locali commerciali e spazi professionali.</p>","Ideal Lux Karma sp1 small: sospensione per interni in vetro per illuminare living e spazi contract. Scopri finiture, misure e varianti e acquista online."
"IL-CONFIG-231","<p>Ideal Lux Karousel sp10 è una lampada a sospensione per interni: una sospensione decorativa di forte presenza, progettata per diventare protagonista dello spazio. La struttura è realizzata in metallo e tessuto. La gamma comprende una configurazione disponibile, nelle finiture ottone, con misure Ø 825 × H min 1220 / max 1330 mm. La sorgente è definita da: attacco G9; numero di luci 10; potenza G9 max 10 x 15W; non dimmerabile secondo i dati di catalogo; sorgente o lampadina inclusa. La sospensione è indicata per saloni, soggiorni ampi, vani scala, hall, boutique e sale ristorante. L’installazione è pensata per ambienti interni e va definita in base all’altezza disponibile e al progetto luce. Dimensioni, altezza regolabile, finitura, sorgente e potenza permettono di scegliere la configurazione più coerente con arredo, volume dell’ambiente e resa luminosa desiderata.</p>","<p>Ideal Lux Karousel sp10 è una lampada a sospensione per interni pensata per chi desidera una sospensione decorativa di forte presenza, progettata per diventare protagonista dello spazio. Il corpo illuminante scende dal soffitto e trasforma la luce in un elemento d’arredo, utile per definire una zona, sottolineare un piano o dare identità al volume dell’ambiente senza occupare superfici. La composizione in metallo e tessuto caratterizza la percezione del modello e permette di inserirlo in progetti residenziali e, dove appropriato, in spazi contract o hospitality.</p><p>La scelta della variante deve partire dalle caratteristiche reali del prodotto. La gamma comprende una configurazione disponibile, nelle finiture ottone, con misure Ø 825 × H min 1220 / max 1330 mm. La sorgente è definita da: attacco G9; numero di luci 10; potenza G9 max 10 x 15W; non dimmerabile secondo i dati di catalogo; sorgente o lampadina inclusa. Misura e altezza di sospensione incidono direttamente sull’effetto finale: un modello regolato più vicino al piano concentra l’attenzione su tavolo o bancone, mentre una discesa più ampia valorizza soffitti alti e composizioni scenografiche.</p><p>Per dimensioni e presenza decorativa, Ideal Lux Karousel sp10 si presta a saloni, soggiorni ampi, vani scala, hall, boutique e sale ristorante. In casa può diventare il fulcro del soggiorno, della sala da pranzo o di un vano scala ampio; nel contract valorizza hall, lounge, sale ristorante, boutique e aree accoglienza alberghiere. In camere o ambienti contenuti occorre controllare con precisione l’ingombro. In bagno, come per ogni sospensione da interno, l’installazione è valutabile solo in posizioni compatibili con requisiti tecnici e zone elettriche previste.</p><p>Scegliere Ideal Lux Karousel sp10 significa confrontare finiture, dimensioni, numero di luci, sorgente o attacco, potenza e possibilità di dimmerazione prima dell’acquisto. Una sospensione ben dimensionata migliora la qualità della luce, valorizza arredi e materiali e contribuisce alla percezione dell’intero progetto. Questa scheda ecommerce riunisce le informazioni tecniche e d’uso utili a individuare la configurazione più adatta, con un testo orientato alla ricerca di lampade a sospensione Ideal Lux per abitazioni, locali commerciali e spazi professionali.</p>","Ideal Lux Karousel sp10: lampada a sospensione per interni in metallo e tessuto, ideale per salone, living e hall. Scopri la collezione e acquista online."
"IL-CONFIG-232","<p>Ideal Lux Konse sp1 è una lampada a sospensione per interni: una sospensione decorativa versatile, studiata per valorizzare l’arredo con luce dall’alto. La struttura è realizzata in metallo. La gamma comprende 3 varianti selezionabili, nelle finiture oro, con misure Ø 400 × H min 730 / max 1700 mm, Ø 600 × H min 990 / max 1740 mm e Ø 800 × H min 1230 / max 1980 mm. La sorgente è definita da: attacco E27; numero di luci 1, 6 e 7; potenza E27 max 1 x 60W, E27 max 6 x 60W e E27 max 7 x 60W; non dimmerabile secondo i dati di catalogo; lampadina non indicata come inclusa. Tra le combinazioni selezionabili figurano Konse sp1 – 1 Sorgente Luminosa, Konse sp6 – 6 Sorgenti Luminose e Konse sp7 – 7 Sorgenti Luminose. La sospensione è indicata per soggiorni, zone pranzo, camere, ingressi, ristoranti e boutique. L’installazione è pensata per ambienti interni e va definita in base all’altezza disponibile e al progetto luce. Dimensioni, altezza regolabile, finitura, sorgente e potenza permettono di scegliere la configurazione più coerente con arredo, volume dell’ambiente e resa luminosa desiderata.</p>","<p>Ideal Lux Konse sp1 è una lampada a sospensione per interni pensata per chi desidera una sospensione decorativa versatile, studiata per valorizzare l’arredo con luce dall’alto. Il corpo illuminante scende dal soffitto e trasforma la luce in un elemento d’arredo, utile per definire una zona, sottolineare un piano o dare identità al volume dell’ambiente senza occupare superfici. La composizione in metallo caratterizza la percezione del modello e permette di inserirlo in progetti residenziali e, dove appropriato, in spazi contract o hospitality.</p><p>La scelta della variante deve partire dalle caratteristiche reali del prodotto. La gamma comprende 3 varianti selezionabili, nelle finiture oro, con misure Ø 400 × H min 730 / max 1700 mm, Ø 600 × H min 990 / max 1740 mm e Ø 800 × H min 1230 / max 1980 mm. La sorgente è definita da: attacco E27; numero di luci 1, 6 e 7; potenza E27 max 1 x 60W, E27 max 6 x 60W e E27 max 7 x 60W; non dimmerabile secondo i dati di catalogo; lampadina non indicata come inclusa. Misura e altezza di sospensione incidono direttamente sull’effetto finale: un modello regolato più vicino al piano concentra l’attenzione su tavolo o bancone, mentre una discesa più ampia valorizza soffitti alti e composizioni scenografiche. La scheda Ideal Lux aggiunge questi dettagli costruttivi: Montatura ed elementi decorativi interamente in metallo. Finitura con vernice oro scuro satinato. Le configurazioni presenti a catalogo comprendono Konse sp1 – 1 Sorgente Luminosa, Konse sp6 – 6 Sorgenti Luminose e Konse sp7 – 7 Sorgenti Luminose.</p><p>La versatilità del modello favorisce l’utilizzo in soggiorni, zone pranzo, camere, ingressi, ristoranti e boutique. In soggiorno e zona living la sospensione crea un punto focale; in cucina può illuminare isola o penisola quando dimensioni e quota sono proporzionate; in camera da letto aggiunge una componente decorativa e funzionale. In locali commerciali è adatta a tavoli di ristoranti e bistrot, lounge, vetrine interne o aree accoglienza. Per corridoio, cameretta e bagno è opportuno valutare ingombro, altezza e compatibilità tecnica con lo spazio.</p><p>Scegliere Ideal Lux Konse sp1 significa confrontare finiture, dimensioni, numero di luci, sorgente o attacco, potenza e possibilità di dimmerazione prima dell’acquisto. Una sospensione ben dimensionata migliora la qualità della luce, valorizza arredi e materiali e contribuisce alla percezione dell’intero progetto. Questa scheda ecommerce riunisce le informazioni tecniche e d’uso utili a individuare la configurazione più adatta, con un testo orientato alla ricerca di lampade a sospensione Ideal Lux per abitazioni, locali commerciali e spazi professionali.</p>","Ideal Lux Konse sp1: lampada a sospensione da interno in metallo, ideale per living e spazi contract. Scopri finiture, misure e varianti e acquista online."
"IL-CONFIG-233","<p>Ideal Lux Lana sp1 è una lampada a sospensione per interni: una sospensione decorativa versatile, studiata per valorizzare l’arredo con luce dall’alto. La struttura è realizzata in vetro. La gamma comprende una configurazione disponibile, nelle finiture bianco, con misure Ø 500 × H min 410 / max 2160 mm. La sorgente è definita da: attacco E27; numero di luci 1; potenza E27 max 1 x 60W; non dimmerabile secondo i dati di catalogo; lampadina non indicata come inclusa. La sospensione è indicata per soggiorni, zone pranzo, camere, ingressi, ristoranti e boutique. L’installazione è pensata per ambienti interni e va definita in base all’altezza disponibile e al progetto luce. Dimensioni, altezza regolabile, finitura, sorgente e potenza permettono di scegliere la configurazione più coerente con arredo, volume dell’ambiente e resa luminosa desiderata.</p>","<p>Ideal Lux Lana sp1 è una lampada a sospensione per interni pensata per chi desidera una sospensione decorativa versatile, studiata per valorizzare l’arredo con luce dall’alto. Il corpo illuminante scende dal soffitto e trasforma la luce in un elemento d’arredo, utile per definire una zona, sottolineare un piano o dare identità al volume dell’ambiente senza occupare superfici. La composizione in vetro caratterizza la percezione del modello e permette di inserirlo in progetti residenziali e, dove appropriato, in spazi contract o hospitality.</p><p>La scelta della variante deve partire dalle caratteristiche reali del prodotto. La gamma comprende una configurazione disponibile, nelle finiture bianco, con misure Ø 500 × H min 410 / max 2160 mm. La sorgente è definita da: attacco E27; numero di luci 1; potenza E27 max 1 x 60W; non dimmerabile secondo i dati di catalogo; lampadina non indicata come inclusa. Misura e altezza di sospensione incidono direttamente sull’effetto finale: un modello regolato più vicino al piano concentra l’attenzione su tavolo o bancone, mentre una discesa più ampia valorizza soffitti alti e composizioni scenografiche.</p><p>La versatilità del modello favorisce l’utilizzo in soggiorni, zone pranzo, camere, ingressi, ristoranti e boutique. In soggiorno e zona living la sospensione crea un punto focale; in cucina può illuminare isola o penisola quando dimensioni e quota sono proporzionate; in camera da letto aggiunge una componente decorativa e funzionale. In locali commerciali è adatta a tavoli di ristoranti e bistrot, lounge, vetrine interne o aree accoglienza. Per corridoio, cameretta e bagno è opportuno valutare ingombro, altezza e compatibilità tecnica con lo spazio.</p><p>Scegliere Ideal Lux Lana sp1 significa confrontare finiture, dimensioni, numero di luci, sorgente o attacco, potenza e possibilità di dimmerazione prima dell’acquisto. Una sospensione ben dimensionata migliora la qualità della luce, valorizza arredi e materiali e contribuisce alla percezione dell’intero progetto. Questa scheda ecommerce riunisce le informazioni tecniche e d’uso utili a individuare la configurazione più adatta, con un testo orientato alla ricerca di lampade a sospensione Ideal Lux per abitazioni, locali commerciali e spazi professionali.</p>","Ideal Lux Lana sp1: lampada a sospensione per interni in vetro, ideale per living e spazi contract. Scopri finiture, misure e varianti e acquista online."
"IL-CONFIG-234","<p>Ideal Lux Lena sp3 è una lampada a sospensione per interni: una sospensione decorativa versatile, studiata per valorizzare l’arredo con luce dall’alto. La struttura è realizzata in vetro. La gamma comprende 2 varianti selezionabili, nelle finiture bianco, con misure Ø 640 × H min 440 / max 2190 mm e Ø 740 × H min 440 / max 2190 mm. La sorgente è definita da: attacco E27; numero di luci 3; potenza E27 max 3 x 60W; non dimmerabile secondo i dati di catalogo; lampadina non indicata come inclusa. Tra le combinazioni selezionabili figurano Lena sp3 – Diametro – 64cm e Lena sp3 – Diametro – 74cm. La sospensione è indicata per soggiorni, zone pranzo, camere, ingressi, ristoranti e boutique. L’installazione è pensata per ambienti interni e va definita in base all’altezza disponibile e al progetto luce. Dimensioni, altezza regolabile, finitura, sorgente e potenza permettono di scegliere la configurazione più coerente con arredo, volume dell’ambiente e resa luminosa desiderata.</p>","<p>Ideal Lux Lena sp3 è una lampada a sospensione per interni pensata per chi desidera una sospensione decorativa versatile, studiata per valorizzare l’arredo con luce dall’alto. Il corpo illuminante scende dal soffitto e trasforma la luce in un elemento d’arredo, utile per definire una zona, sottolineare un piano o dare identità al volume dell’ambiente senza occupare superfici. La composizione in vetro caratterizza la percezione del modello e permette di inserirlo in progetti residenziali e, dove appropriato, in spazi contract o hospitality.</p><p>La scelta della variante deve partire dalle caratteristiche reali del prodotto. La gamma comprende 2 varianti selezionabili, nelle finiture bianco, con misure Ø 640 × H min 440 / max 2190 mm e Ø 740 × H min 440 / max 2190 mm. La sorgente è definita da: attacco E27; numero di luci 3; potenza E27 max 3 x 60W; non dimmerabile secondo i dati di catalogo; lampadina non indicata come inclusa. Misura e altezza di sospensione incidono direttamente sull’effetto finale: un modello regolato più vicino al piano concentra l’attenzione su tavolo o bancone, mentre una discesa più ampia valorizza soffitti alti e composizioni scenografiche. La scheda Ideal Lux aggiunge questi dettagli costruttivi: Montatura in metallo cromato. Diffusore con doppio vetro: smerigliato e colorato quello esterno, bianco quello interno. Sospensioni con cavi in acciaio a lunghezza regolabile da dispositivi automatici. Le configurazioni presenti a catalogo comprendono Lena sp3 – Diametro – 64cm e Lena sp3 – Diametro – 74cm.</p><p>La versatilità del modello favorisce l’utilizzo in soggiorni, zone pranzo, camere, ingressi, ristoranti e boutique. In soggiorno e zona living la sospensione crea un punto focale; in cucina può illuminare isola o penisola quando dimensioni e quota sono proporzionate; in camera da letto aggiunge una componente decorativa e funzionale. In locali commerciali è adatta a tavoli di ristoranti e bistrot, lounge, vetrine interne o aree accoglienza. Per corridoio, cameretta e bagno è opportuno valutare ingombro, altezza e compatibilità tecnica con lo spazio.</p><p>Scegliere Ideal Lux Lena sp3 significa confrontare finiture, dimensioni, numero di luci, sorgente o attacco, potenza e possibilità di dimmerazione prima dell’acquisto. Una sospensione ben dimensionata migliora la qualità della luce, valorizza arredi e materiali e contribuisce alla percezione dell’intero progetto. Questa scheda ecommerce riunisce le informazioni tecniche e d’uso utili a individuare la configurazione più adatta, con un testo orientato alla ricerca di lampade a sospensione Ideal Lux per abitazioni, locali commerciali e spazi professionali.</p>","Ideal Lux Lena sp3: lampada a sospensione per interni in vetro, ideale per living e spazi contract. Scopri finiture, misure e varianti e acquista online."
"IL-CONFIG-235","<p>Ideal Lux Lingotto sp1 è una lampada a sospensione per interni: una sospensione lineare che distribuisce la luce lungo superfici e percorsi visivi. La struttura è realizzata in metallo e vetro. La gamma comprende 4 varianti selezionabili, nelle finiture nero e ottone, con misure L 120 × H min 370 / max 2120 × P 120 mm e L 700 × H min 445 / max 1450 × P 185 mm. La sorgente è definita da: attacco G9 e attacco E14; numero di luci 1 e 3; potenza G9 max 1 x 4W e E14 max 3 x 28W; non dimmerabile secondo i dati di catalogo; lampadina inclusa in alcune varianti. Tra le combinazioni selezionabili figurano Lingotto sp1 – 1 Sorgente Luminosa – Nero, Lingotto sp1 – 1 Sorgente Luminosa – Ottone, Lingotto sp3 – 3 Sorgenti Luminose – Nero e Lingotto sp3 – 3 Sorgenti Luminose – Ottone. La sospensione è indicata per tavoli da pranzo, isole cucina, banconi, reception e tavoli riunione. L’installazione è pensata per ambienti interni e va definita in base all’altezza disponibile e al progetto luce. Dimensioni, altezza regolabile, finitura, sorgente e potenza permettono di scegliere la configurazione più coerente con arredo, volume dell’ambiente e resa luminosa desiderata.</p>","<p>Ideal Lux Lingotto sp1 è una lampada a sospensione per interni pensata per chi desidera una sospensione lineare che distribuisce la luce lungo superfici e percorsi visivi. Il corpo illuminante scende dal soffitto e trasforma la luce in un elemento d’arredo, utile per definire una zona, sottolineare un piano o dare identità al volume dell’ambiente senza occupare superfici. La composizione in metallo e vetro caratterizza la percezione del modello e permette di inserirlo in progetti residenziali e, dove appropriato, in spazi contract o hospitality.</p><p>La scelta della variante deve partire dalle caratteristiche reali del prodotto. La gamma comprende 4 varianti selezionabili, nelle finiture nero e ottone, con misure L 120 × H min 370 / max 2120 × P 120 mm e L 700 × H min 445 / max 1450 × P 185 mm. La sorgente è definita da: attacco G9 e attacco E14; numero di luci 1 e 3; potenza G9 max 1 x 4W e E14 max 3 x 28W; non dimmerabile secondo i dati di catalogo; lampadina inclusa in alcune varianti. Misura e altezza di sospensione incidono direttamente sull’effetto finale: un modello regolato più vicino al piano concentra l’attenzione su tavolo o bancone, mentre una discesa più ampia valorizza soffitti alti e composizioni scenografiche. Le configurazioni presenti a catalogo comprendono Lingotto sp1 – 1 Sorgente Luminosa – Nero, Lingotto sp1 – 1 Sorgente Luminosa – Ottone, Lingotto sp3 – 3 Sorgenti Luminose – Nero e Lingotto sp3 – 3 Sorgenti Luminose – Ottone.</p><p>La geometria lineare rende Ideal Lux Lingotto sp1 adatta a tavoli da pranzo, isole cucina, banconi, reception e tavoli riunione. In cucina può accompagnare isola o penisola, nella zona pranzo segue il tavolo, mentre in un open space aiuta a differenziare le aree funzionali. In ristoranti, bar, reception, sale meeting e showroom una sospensione lineare offre ordine visivo e un’illuminazione riconoscibile. Per corridoi, camere e camerette la scelta va rapportata allo spazio libero; per il bagno vanno sempre osservati i vincoli di installazione.</p><p>Scegliere Ideal Lux Lingotto sp1 significa confrontare finiture, dimensioni, numero di luci, sorgente o attacco, potenza e possibilità di dimmerazione prima dell’acquisto. Una sospensione ben dimensionata migliora la qualità della luce, valorizza arredi e materiali e contribuisce alla percezione dell’intero progetto. Questa scheda ecommerce riunisce le informazioni tecniche e d’uso utili a individuare la configurazione più adatta, con un testo orientato alla ricerca di lampade a sospensione Ideal Lux per abitazioni, locali commerciali e spazi professionali.</p>","Ideal Lux Lingotto sp1: lampada a sospensione da interno in metallo e vetro, ideale per tavolo, isola e bancone. Scopri misure e varianti: acquista online."
"IL-CONFIG-236","<p>Ideal Lux Look led sp12 round drop on-off ne è una lampada a sospensione per interni: una sospensione decorativa di forte presenza, progettata per diventare protagonista dello spazio. La struttura è realizzata in alluminio, metallo e vetro. La gamma comprende 8 varianti selezionabili, nelle finiture nero e ottone, con misure Ø 600 × H 2840 mm, Ø 700 × H 2700 mm e Ø 450 × H 2700 mm. La sorgente è definita da: sorgente LED; numero di luci 12, 16 e 8; potenza LED 19W, 31W e 16W; temperatura colore 2700K e 3000K; non dimmerabile secondo i dati di catalogo; sorgente o lampadina inclusa. Tra le combinazioni selezionabili figurano Look led sp12 round drop on – off ne – 12 Sorgenti Luminose – Nero – 2700K, Look led sp12 round drop on – off ne – 12 Sorgenti Luminose – Nero – 3000K, Look led sp12 round drop on – off ot – 12 Sorgenti Luminose – Ottone – 2700K, Look led sp12 round drop on – off ot – 12 Sorgenti Luminose – Ottone – 3000K, Look led sp16 round drop on – off ne – 16 Sorgenti Luminose – Nero – 3000K e altre 3 configurazioni. La sospensione è indicata per saloni, soggiorni ampi, vani scala, hall, boutique e sale ristorante. L’installazione è pensata per ambienti interni e va definita in base all’altezza disponibile e al progetto luce. Dimensioni, altezza regolabile, finitura, sorgente e potenza permettono di scegliere la configurazione più coerente con arredo, volume dell’ambiente e resa luminosa desiderata.</p>","<p>Ideal Lux Look led sp12 round drop on-off ne è una lampada a sospensione per interni pensata per chi desidera una sospensione decorativa di forte presenza, progettata per diventare protagonista dello spazio. Il corpo illuminante scende dal soffitto e trasforma la luce in un elemento d’arredo, utile per definire una zona, sottolineare un piano o dare identità al volume dell’ambiente senza occupare superfici. La composizione in alluminio, metallo e vetro caratterizza la percezione del modello e permette di inserirlo in progetti residenziali e, dove appropriato, in spazi contract o hospitality.</p><p>La scelta della variante deve partire dalle caratteristiche reali del prodotto. La gamma comprende 8 varianti selezionabili, nelle finiture nero e ottone, con misure Ø 600 × H 2840 mm, Ø 700 × H 2700 mm e Ø 450 × H 2700 mm. La sorgente è definita da: sorgente LED; numero di luci 12, 16 e 8; potenza LED 19W, 31W e 16W; temperatura colore 2700K e 3000K; non dimmerabile secondo i dati di catalogo; sorgente o lampadina inclusa. Misura e altezza di sospensione incidono direttamente sull’effetto finale: un modello regolato più vicino al piano concentra l’attenzione su tavolo o bancone, mentre una discesa più ampia valorizza soffitti alti e composizioni scenografiche. Le configurazioni presenti a catalogo comprendono Look led sp12 round drop on – off ne – 12 Sorgenti Luminose – Nero – 2700K, Look led sp12 round drop on – off ne – 12 Sorgenti Luminose – Nero – 3000K, Look led sp12 round drop on – off ot – 12 Sorgenti Luminose – Ottone – 2700K, Look led sp12 round drop on – off ot – 12 Sorgenti Luminose – Ottone – 3000K, Look led sp16 round drop on – off ne – 16 Sorgenti Luminose – Nero – 3000K, Look led sp16 round drop on – off ot – 16 Sorgenti Luminose – Ottone – 3000K, Look led sp8 round drop on – off ne – 8 Sorgenti Luminose – Nero – 3000K e Look led sp8 round drop on – off ot – 8 Sorgenti Luminose – Ottone – 3000K.</p><p>Per dimensioni e presenza decorativa, Ideal Lux Look led sp12 round drop on-off ne si presta a saloni, soggiorni ampi, vani scala, hall, boutique e sale ristorante. In casa può diventare il fulcro del soggiorno, della sala da pranzo o di un vano scala ampio; nel contract valorizza hall, lounge, sale ristorante, boutique e aree accoglienza alberghiere. In camere o ambienti contenuti occorre controllare con precisione l’ingombro. In bagno, come per ogni sospensione da interno, l’installazione è valutabile solo in posizioni compatibili con requisiti tecnici e zone elettriche previste.</p><p>Scegliere Ideal Lux Look led sp12 round drop on-off ne significa confrontare finiture, dimensioni, numero di luci, sorgente o attacco, potenza e possibilità di dimmerazione prima dell’acquisto. Una sospensione ben dimensionata migliora la qualità della luce, valorizza arredi e materiali e contribuisce alla percezione dell’intero progetto. Questa scheda ecommerce riunisce le informazioni tecniche e d’uso utili a individuare la configurazione più adatta, con un testo orientato alla ricerca di lampade a sospensione Ideal Lux per abitazioni, locali commerciali e spazi professionali.</p>","Ideal Lux Look led sp12 round drop: sospensione per interni in alluminio per illuminare salone, living e hall. Scegli la variante ideale e acquista online."
"IL-CONFIG-237","<p>Ideal Lux Look led sp1 round on-off è una lampada a sospensione per interni: una sospensione contemporanea dalla lettura pulita e luminosa. La struttura è realizzata in alluminio, metallo e vetro. La gamma comprende 26 varianti selezionabili, nelle finiture bianco, nero, ottone e ottone satinato, con misure Ø 80 × H min 1250 / max 3040 mm, Ø 80 × H min 500 / max 2290 mm, Ø 80 × H min 650 / max 2440 mm, Ø 80 × H min 1000 / max 2745 mm, Ø 60 × H min 1400 / max 3370 mm, Ø 60 × H min 1400 / max 3350 mm e altre 4 configurazioni. La sorgente è definita da: sorgente LED; numero di luci 1; potenza 3,5W, LED 3,5W, 12W e 11,5W; temperatura colore 3000K; dimmerabile; sorgente o lampadina inclusa. Tra le combinazioni selezionabili figurano Look led sp1 round on – off – Bianco – Diametro – 16cm – – – Altezza – 1000cm, Look led sp1 round on – off – Nero – Diametro – 16cm – – – Altezza – 1000cm, Look led sp1 round on – off – Ottone – Diametro – 16cm – – – Altezza – 1000cm, Look led sp1 round on – off – Bianco – Diametro – 16cm – – – Altezza – 250cm, Look led sp1 round on – off – Nero – Diametro – 16cm – – – Altezza – 250cm e altre 21 configurazioni. La sospensione è indicata per living moderni, cucine, sale riunione, showroom e ambienti contract. L’installazione è pensata per ambienti interni e va definita in base all’altezza disponibile e al progetto luce. Dimensioni, altezza regolabile, finitura, sorgente e potenza permettono di scegliere la configurazione più coerente con arredo, volume dell’ambiente e resa luminosa desiderata.</p>","<p>Ideal Lux Look led sp1 round on-off è una lampada a sospensione per interni pensata per chi desidera una sospensione contemporanea dalla lettura pulita e luminosa. Il corpo illuminante scende dal soffitto e trasforma la luce in un elemento d’arredo, utile per definire una zona, sottolineare un piano o dare identità al volume dell’ambiente senza occupare superfici. La composizione in alluminio, metallo e vetro caratterizza la percezione del modello e permette di inserirlo in progetti residenziali e, dove appropriato, in spazi contract o hospitality.</p><p>La scelta della variante deve partire dalle caratteristiche reali del prodotto. La gamma comprende 26 varianti selezionabili, nelle finiture bianco, nero, ottone e ottone satinato, con misure Ø 80 × H min 1250 / max 3040 mm, Ø 80 × H min 500 / max 2290 mm, Ø 80 × H min 650 / max 2440 mm, Ø 80 × H min 1000 / max 2745 mm, Ø 60 × H min 1400 / max 3370 mm, Ø 60 × H min 1400 / max 3350 mm e altre 4 configurazioni. La sorgente è definita da: sorgente LED; numero di luci 1; potenza 3,5W, LED 3,5W, 12W e 11,5W; temperatura colore 3000K; dimmerabile; sorgente o lampadina inclusa. Misura e altezza di sospensione incidono direttamente sull’effetto finale: un modello regolato più vicino al piano concentra l’attenzione su tavolo o bancone, mentre una discesa più ampia valorizza soffitti alti e composizioni scenografiche. Le configurazioni presenti a catalogo comprendono Look led sp1 round on – off – Bianco – Diametro – 16cm – – – Altezza – 1000cm, Look led sp1 round on – off – Nero – Diametro – 16cm – – – Altezza – 1000cm, Look led sp1 round on – off – Ottone – Diametro – 16cm – – – Altezza – 1000cm, Look led sp1 round on – off – Bianco – Diametro – 16cm – – – Altezza – 250cm, Look led sp1 round on – off – Nero – Diametro – 16cm – – – Altezza – 250cm, Look led sp1 round on – off – Ottone – Diametro – 16cm – – – Altezza – 250cm, Look led sp1 round on – off – Bianco – Diametro – 16cm – – – Altezza – 400cm, Look led sp1 round on – off – Nero – Diametro – 16cm – – – Altezza – 400cm, Look led sp1 round on – off – Ottone – Diametro – 16cm – – – Altezza – 400cm, Look led sp1 round on – off – Bianco – Diametro – 16cm – – – Altezza – 700cm e altre 16 configurazioni.</p><p>La versatilità del modello favorisce l’utilizzo in living moderni, cucine, sale riunione, showroom e ambienti contract. In soggiorno e zona living la sospensione crea un punto focale; in cucina può illuminare isola o penisola quando dimensioni e quota sono proporzionate; in camera da letto aggiunge una componente decorativa e funzionale. In locali commerciali è adatta a tavoli di ristoranti e bistrot, lounge, vetrine interne o aree accoglienza. Per corridoio, cameretta e bagno è opportuno valutare ingombro, altezza e compatibilità tecnica con lo spazio.</p><p>Scegliere Ideal Lux Look led sp1 round on-off significa confrontare finiture, dimensioni, numero di luci, sorgente o attacco, potenza e possibilità di dimmerazione prima dell’acquisto. Una sospensione ben dimensionata migliora la qualità della luce, valorizza arredi e materiali e contribuisce alla percezione dell’intero progetto. Questa scheda ecommerce riunisce le informazioni tecniche e d’uso utili a individuare la configurazione più adatta, con un testo orientato alla ricerca di lampade a sospensione Ideal Lux per abitazioni, locali commerciali e spazi professionali.</p>","Ideal Lux Look led sp1 round on-off: sospensione per interni in alluminio, pensata per living e spazi contract. Scopri finiture e misure e acquista online."
"IL-CONFIG-238","<p>Ideal Lux Look led sp1 square on-off è una lampada a sospensione per interni: una sospensione contemporanea dalla lettura pulita e luminosa. La struttura è realizzata in metallo e vetro. La gamma comprende 6 varianti selezionabili, nelle finiture bianco, nero, ottone e ottone satinato, con misure Ø 80 × H min 650 / max 2440 mm e L 80 × H min 900 / max 2400 × P 80 mm. La sorgente è definita da: sorgente LED; numero di luci 1; potenza 3,5W e 11,5W; temperatura colore 3000K; non dimmerabile secondo i dati di catalogo; sorgente o lampadina inclusa. Tra le combinazioni selezionabili figurano Look led sp1 square on – off – Bianco – Larghezza – 15cm, Look led sp1 square on – off – Nero – Larghezza – 15cm, Look led sp1 square on – off – Ottone – Larghezza – 15cm, Look led sp1 square on – off – Bianco – Larghezza – 30cm, Look led sp1 square on – off – Nero – Larghezza – 30cm e altre 1 configurazioni. La sospensione è indicata per living moderni, cucine, sale riunione, showroom e ambienti contract. L’installazione è pensata per ambienti interni e va definita in base all’altezza disponibile e al progetto luce. Dimensioni, altezza regolabile, finitura, sorgente e potenza permettono di scegliere la configurazione più coerente con arredo, volume dell’ambiente e resa luminosa desiderata.</p>","<p>Ideal Lux Look led sp1 square on-off è una lampada a sospensione per interni pensata per chi desidera una sospensione contemporanea dalla lettura pulita e luminosa. Il corpo illuminante scende dal soffitto e trasforma la luce in un elemento d’arredo, utile per definire una zona, sottolineare un piano o dare identità al volume dell’ambiente senza occupare superfici. La composizione in metallo e vetro caratterizza la percezione del modello e permette di inserirlo in progetti residenziali e, dove appropriato, in spazi contract o hospitality.</p><p>La scelta della variante deve partire dalle caratteristiche reali del prodotto. La gamma comprende 6 varianti selezionabili, nelle finiture bianco, nero, ottone e ottone satinato, con misure Ø 80 × H min 650 / max 2440 mm e L 80 × H min 900 / max 2400 × P 80 mm. La sorgente è definita da: sorgente LED; numero di luci 1; potenza 3,5W e 11,5W; temperatura colore 3000K; non dimmerabile secondo i dati di catalogo; sorgente o lampadina inclusa. Misura e altezza di sospensione incidono direttamente sull’effetto finale: un modello regolato più vicino al piano concentra l’attenzione su tavolo o bancone, mentre una discesa più ampia valorizza soffitti alti e composizioni scenografiche. Le configurazioni presenti a catalogo comprendono Look led sp1 square on – off – Bianco – Larghezza – 15cm, Look led sp1 square on – off – Nero – Larghezza – 15cm, Look led sp1 square on – off – Ottone – Larghezza – 15cm, Look led sp1 square on – off – Bianco – Larghezza – 30cm, Look led sp1 square on – off – Nero – Larghezza – 30cm e Look led sp1 square on – off ottone – Ottone Satinato – Larghezza – 30cm.</p><p>La versatilità del modello favorisce l’utilizzo in living moderni, cucine, sale riunione, showroom e ambienti contract. In soggiorno e zona living la sospensione crea un punto focale; in cucina può illuminare isola o penisola quando dimensioni e quota sono proporzionate; in camera da letto aggiunge una componente decorativa e funzionale. In locali commerciali è adatta a tavoli di ristoranti e bistrot, lounge, vetrine interne o aree accoglienza. Per corridoio, cameretta e bagno è opportuno valutare ingombro, altezza e compatibilità tecnica con lo spazio.</p><p>Scegliere Ideal Lux Look led sp1 square on-off significa confrontare finiture, dimensioni, numero di luci, sorgente o attacco, potenza e possibilità di dimmerazione prima dell’acquisto. Una sospensione ben dimensionata migliora la qualità della luce, valorizza arredi e materiali e contribuisce alla percezione dell’intero progetto. Questa scheda ecommerce riunisce le informazioni tecniche e d’uso utili a individuare la configurazione più adatta, con un testo orientato alla ricerca di lampade a sospensione Ideal Lux per abitazioni, locali commerciali e spazi professionali.</p>","Ideal Lux Look led sp1 square on-off: sospensione per interni in metallo, pensata per living e spazi contract. Scegli la variante ideale e acquista online."
"IL-CONFIG-239","<p>Ideal Lux Look pl1 round è una lampada a sospensione per interni: una sospensione compatta adatta sia come punto luce singolo sia in composizioni multiple. La struttura è realizzata in alluminio e gesso. La gamma comprende una configurazione disponibile, nelle finiture gesso, con misure Ø 70 × H 400 mm. La sorgente è definita da: attacco GU10; numero di luci 1; potenza GU10 max1 x 28W; non dimmerabile secondo i dati di catalogo; sorgente o lampadina inclusa. La sospensione è indicata per penisole, comodini a sospensione, corridoi, banconi bar e piccoli tavoli. L’installazione è pensata per ambienti interni e va definita in base all’altezza disponibile e al progetto luce. Dimensioni, altezza regolabile, finitura, sorgente e potenza permettono di scegliere la configurazione più coerente con arredo, volume dell’ambiente e resa luminosa desiderata.</p>","<p>Ideal Lux Look pl1 round è una lampada a sospensione per interni pensata per chi desidera una sospensione compatta adatta sia come punto luce singolo sia in composizioni multiple. Il corpo illuminante scende dal soffitto e trasforma la luce in un elemento d’arredo, utile per definire una zona, sottolineare un piano o dare identità al volume dell’ambiente senza occupare superfici. La composizione in alluminio e gesso caratterizza la percezione del modello e permette di inserirlo in progetti residenziali e, dove appropriato, in spazi contract o hospitality.</p><p>La scelta della variante deve partire dalle caratteristiche reali del prodotto. La gamma comprende una configurazione disponibile, nelle finiture gesso, con misure Ø 70 × H 400 mm. La sorgente è definita da: attacco GU10; numero di luci 1; potenza GU10 max1 x 28W; non dimmerabile secondo i dati di catalogo; sorgente o lampadina inclusa. Misura e altezza di sospensione incidono direttamente sull’effetto finale: un modello regolato più vicino al piano concentra l’attenzione su tavolo o bancone, mentre una discesa più ampia valorizza soffitti alti e composizioni scenografiche.</p><p>Il formato compatto rende Ideal Lux Look pl1 round particolarmente utile in penisole, comodini a sospensione, corridoi, banconi bar e piccoli tavoli. Una singola sospensione può illuminare un tavolino, un angolo lettura o una zona comodino; più elementi coordinati possono comporre un ritmo sopra penisole, banconi o percorsi. È una soluzione interessante anche per bistrot e negozi che ricercano piccoli punti luce ripetuti. Per l’uso in bagno è necessario verificare protezione, posizione e distanze previste dalle norme.</p><p>Scegliere Ideal Lux Look pl1 round significa confrontare finiture, dimensioni, numero di luci, sorgente o attacco, potenza e possibilità di dimmerazione prima dell’acquisto. Una sospensione ben dimensionata migliora la qualità della luce, valorizza arredi e materiali e contribuisce alla percezione dell’intero progetto. Questa scheda ecommerce riunisce le informazioni tecniche e d’uso utili a individuare la configurazione più adatta, con un testo orientato alla ricerca di lampade a sospensione Ideal Lux per abitazioni, locali commerciali e spazi professionali.</p>","Ideal Lux Look pl1 round: lampada a sospensione per interni in alluminio, ideale per living e spazi contract. Acquista online la configurazione più adatta."
"IL-CONFIG-240","<p>Ideal Lux Look sp1 round è una lampada a sospensione per interni: una sospensione compatta adatta sia come punto luce singolo sia in composizioni multiple. La struttura è realizzata in alluminio, metallo e vetro. La gamma comprende 32 varianti selezionabili, nelle finiture bianco, nero, ottone, alabastro, argento, brunito, coffee, cromo, oro, rame e trasparente, con misure Ø 40 × H min 1260 / max 3060 mm, Ø 40 × H min 510 / max 2310 mm, Ø 40 × H min 660 / max 2600 mm, Ø 40 × H min 1000 / max 2760 mm, Ø 60 × H min 1260 / max 3060 mm, Ø 60 × H min 510 / max 2310 mm e altre 2 configurazioni. La sorgente è definita da: attacco GU10; numero di luci 1; potenza GU10 max1 x 28W; non dimmerabile secondo i dati di catalogo; sorgente o lampadina inclusa. Tra le combinazioni selezionabili figurano Look sp1 round – Bianco – Diametro – 40cm – – – Altezza – 1000cm, Look sp1 round – Nero – Diametro – 40cm – – – Altezza – 1000cm, Look sp1 round – Ottone – Diametro – 40cm – – – Altezza – 1000cm, Look sp1 round – Bianco – Diametro – 40cm – – – Altezza – 250cm, Look sp1 round – Nero – Diametro – 40cm – – – Altezza – 250cm e altre 27 configurazioni. La sospensione è indicata per penisole, comodini a sospensione, corridoi, banconi bar e piccoli tavoli. L’installazione è pensata per ambienti interni e va definita in base all’altezza disponibile e al progetto luce. Dimensioni, altezza regolabile, finitura, sorgente e potenza permettono di scegliere la configurazione più coerente con arredo, volume dell’ambiente e resa luminosa desiderata.</p>","<p>Ideal Lux Look sp1 round è una lampada a sospensione per interni pensata per chi desidera una sospensione compatta adatta sia come punto luce singolo sia in composizioni multiple. Il corpo illuminante scende dal soffitto e trasforma la luce in un elemento d’arredo, utile per definire una zona, sottolineare un piano o dare identità al volume dell’ambiente senza occupare superfici. La composizione in alluminio, metallo e vetro caratterizza la percezione del modello e permette di inserirlo in progetti residenziali e, dove appropriato, in spazi contract o hospitality.</p><p>La scelta della variante deve partire dalle caratteristiche reali del prodotto. La gamma comprende 32 varianti selezionabili, nelle finiture bianco, nero, ottone, alabastro, argento, brunito, coffee, cromo, oro, rame e trasparente, con misure Ø 40 × H min 1260 / max 3060 mm, Ø 40 × H min 510 / max 2310 mm, Ø 40 × H min 660 / max 2600 mm, Ø 40 × H min 1000 / max 2760 mm, Ø 60 × H min 1260 / max 3060 mm, Ø 60 × H min 510 / max 2310 mm e altre 2 configurazioni. La sorgente è definita da: attacco GU10; numero di luci 1; potenza GU10 max1 x 28W; non dimmerabile secondo i dati di catalogo; sorgente o lampadina inclusa. Misura e altezza di sospensione incidono direttamente sull’effetto finale: un modello regolato più vicino al piano concentra l’attenzione su tavolo o bancone, mentre una discesa più ampia valorizza soffitti alti e composizioni scenografiche. La scheda Ideal Lux aggiunge questi dettagli costruttivi: Famiglia di sospensioni per interni dal design sottile e minimale, in grado di adattarsi a ogni esigenza di luce d'accento, disponibile in un'ampia e preziosa gamma di finiture per una perfetta integrazione con gli arredi degli spazi abitati. Le configurazioni presenti a catalogo comprendono Look sp1 round – Bianco – Diametro – 40cm – – – Altezza – 1000cm, Look sp1 round – Nero – Diametro – 40cm – – – Altezza – 1000cm, Look sp1 round – Ottone – Diametro – 40cm – – – Altezza – 1000cm, Look sp1 round – Bianco – Diametro – 40cm – – – Altezza – 250cm, Look sp1 round – Nero – Diametro – 40cm – – – Altezza – 250cm, Look sp1 round – Ottone – Diametro – 40cm – – – Altezza – 250cm, Look sp1 round – Bianco – Diametro – 40cm – – – Altezza – 400cm, Look sp1 round – Nero – Diametro – 40cm – – – Altezza – 400cm, Look sp1 round – Ottone – Diametro – 40cm – – – Altezza – 400cm, Look sp1 round – Bianco – Diametro – 40cm – – – Altezza – 700cm e altre 22 configurazioni.</p><p>Il formato compatto rende Ideal Lux Look sp1 round particolarmente utile in penisole, comodini a sospensione, corridoi, banconi bar e piccoli tavoli. Una singola sospensione può illuminare un tavolino, un angolo lettura o una zona comodino; più elementi coordinati possono comporre un ritmo sopra penisole, banconi o percorsi. È una soluzione interessante anche per bistrot e negozi che ricercano piccoli punti luce ripetuti. Per l’uso in bagno è necessario verificare protezione, posizione e distanze previste dalle norme.</p><p>Scegliere Ideal Lux Look sp1 round significa confrontare finiture, dimensioni, numero di luci, sorgente o attacco, potenza e possibilità di dimmerazione prima dell’acquisto. Una sospensione ben dimensionata migliora la qualità della luce, valorizza arredi e materiali e contribuisce alla percezione dell’intero progetto. Questa scheda ecommerce riunisce le informazioni tecniche e d’uso utili a individuare la configurazione più adatta, con un testo orientato alla ricerca di lampade a sospensione Ideal Lux per abitazioni, locali commerciali e spazi professionali.</p>","Ideal Lux Look sp1 round: lampada a sospensione per interni in alluminio, ideale per living e spazi contract. Acquista online la configurazione più adatta."
"IL-CONFIG-241","<p>Ideal Lux Look sp1 square è una lampada a sospensione per interni: una sospensione lineare che distribuisce la luce lungo superfici e percorsi visivi. La struttura è realizzata in alluminio, metallo e vetro. La gamma comprende 6 varianti selezionabili, nelle finiture bianco, nero e ottone, con misure L 40 × H min 660 / max 2600 × P 40 mm e L 60 × H min 660 / max 2300 × P 60 mm. La sorgente è definita da: attacco GU10; numero di luci 1; potenza GU10 max1 x 28W e GU10 max 1 x 28W; non dimmerabile secondo i dati di catalogo; sorgente o lampadina inclusa. Tra le combinazioni selezionabili figurano Look sp1 square – Bianco – Larghezza – 40cm, Look sp1 square – Nero – Larghezza – 40cm, Look sp1 square – Ottone – Larghezza – 40cm, Look sp1 square – Bianco – Larghezza – 60cm, Look sp1 square – Nero – Larghezza – 60cm e altre 1 configurazioni. La sospensione è indicata per tavoli da pranzo, isole cucina, banconi, reception e tavoli riunione. L’installazione è pensata per ambienti interni e va definita in base all’altezza disponibile e al progetto luce. Dimensioni, altezza regolabile, finitura, sorgente e potenza permettono di scegliere la configurazione più coerente con arredo, volume dell’ambiente e resa luminosa desiderata.</p>","<p>Ideal Lux Look sp1 square è una lampada a sospensione per interni pensata per chi desidera una sospensione lineare che distribuisce la luce lungo superfici e percorsi visivi. Il corpo illuminante scende dal soffitto e trasforma la luce in un elemento d’arredo, utile per definire una zona, sottolineare un piano o dare identità al volume dell’ambiente senza occupare superfici. La composizione in alluminio, metallo e vetro caratterizza la percezione del modello e permette di inserirlo in progetti residenziali e, dove appropriato, in spazi contract o hospitality.</p><p>La scelta della variante deve partire dalle caratteristiche reali del prodotto. La gamma comprende 6 varianti selezionabili, nelle finiture bianco, nero e ottone, con misure L 40 × H min 660 / max 2600 × P 40 mm e L 60 × H min 660 / max 2300 × P 60 mm. La sorgente è definita da: attacco GU10; numero di luci 1; potenza GU10 max1 x 28W e GU10 max 1 x 28W; non dimmerabile secondo i dati di catalogo; sorgente o lampadina inclusa. Misura e altezza di sospensione incidono direttamente sull’effetto finale: un modello regolato più vicino al piano concentra l’attenzione su tavolo o bancone, mentre una discesa più ampia valorizza soffitti alti e composizioni scenografiche. Le configurazioni presenti a catalogo comprendono Look sp1 square – Bianco – Larghezza – 40cm, Look sp1 square – Nero – Larghezza – 40cm, Look sp1 square – Ottone – Larghezza – 40cm, Look sp1 square – Bianco – Larghezza – 60cm, Look sp1 square – Nero – Larghezza – 60cm e Look sp1 square – Ottone – Larghezza – 60cm.</p><p>La geometria lineare rende Ideal Lux Look sp1 square adatta a tavoli da pranzo, isole cucina, banconi, reception e tavoli riunione. In cucina può accompagnare isola o penisola, nella zona pranzo segue il tavolo, mentre in un open space aiuta a differenziare le aree funzionali. In ristoranti, bar, reception, sale meeting e showroom una sospensione lineare offre ordine visivo e un’illuminazione riconoscibile. Per corridoi, camere e camerette la scelta va rapportata allo spazio libero; per il bagno vanno sempre osservati i vincoli di installazione.</p><p>Scegliere Ideal Lux Look sp1 square significa confrontare finiture, dimensioni, numero di luci, sorgente o attacco, potenza e possibilità di dimmerazione prima dell’acquisto. Una sospensione ben dimensionata migliora la qualità della luce, valorizza arredi e materiali e contribuisce alla percezione dell’intero progetto. Questa scheda ecommerce riunisce le informazioni tecniche e d’uso utili a individuare la configurazione più adatta, con un testo orientato alla ricerca di lampade a sospensione Ideal Lux per abitazioni, locali commerciali e spazi professionali.</p>","Ideal Lux Look sp1 square: lampada a sospensione per interni in alluminio, ideale per tavolo, isola e bancone. Scegli la variante ideale e acquista online."
"IL-CONFIG-242","<p>Ideal Lux Lord sp1 è una lampada a sospensione per interni: una sospensione compatta adatta sia come punto luce singolo sia in composizioni multiple. La struttura è realizzata in metallo e vetro. La gamma comprende una configurazione disponibile, nelle finiture fumè, con misure Ø 230 × H min 580 / max 2330 mm. La sorgente è definita da: attacco E27; numero di luci 1; potenza E27 max 1 x 60W; non dimmerabile secondo i dati di catalogo; lampadina non indicata come inclusa. La sospensione è indicata per penisole, comodini a sospensione, corridoi, banconi bar e piccoli tavoli. L’installazione è pensata per ambienti interni e va definita in base all’altezza disponibile e al progetto luce. Dimensioni, altezza regolabile, finitura, sorgente e potenza permettono di scegliere la configurazione più coerente con arredo, volume dell’ambiente e resa luminosa desiderata.</p>","<p>Ideal Lux Lord sp1 è una lampada a sospensione per interni pensata per chi desidera una sospensione compatta adatta sia come punto luce singolo sia in composizioni multiple. Il corpo illuminante scende dal soffitto e trasforma la luce in un elemento d’arredo, utile per definire una zona, sottolineare un piano o dare identità al volume dell’ambiente senza occupare superfici. La composizione in metallo e vetro caratterizza la percezione del modello e permette di inserirlo in progetti residenziali e, dove appropriato, in spazi contract o hospitality.</p><p>La scelta della variante deve partire dalle caratteristiche reali del prodotto. La gamma comprende una configurazione disponibile, nelle finiture fumè, con misure Ø 230 × H min 580 / max 2330 mm. La sorgente è definita da: attacco E27; numero di luci 1; potenza E27 max 1 x 60W; non dimmerabile secondo i dati di catalogo; lampadina non indicata come inclusa. Misura e altezza di sospensione incidono direttamente sull’effetto finale: un modello regolato più vicino al piano concentra l’attenzione su tavolo o bancone, mentre una discesa più ampia valorizza soffitti alti e composizioni scenografiche.</p><p>Il formato compatto rende Ideal Lux Lord sp1 particolarmente utile in penisole, comodini a sospensione, corridoi, banconi bar e piccoli tavoli. Una singola sospensione può illuminare un tavolino, un angolo lettura o una zona comodino; più elementi coordinati possono comporre un ritmo sopra penisole, banconi o percorsi. È una soluzione interessante anche per bistrot e negozi che ricercano piccoli punti luce ripetuti. Per l’uso in bagno è necessario verificare protezione, posizione e distanze previste dalle norme.</p><p>Scegliere Ideal Lux Lord sp1 significa confrontare finiture, dimensioni, numero di luci, sorgente o attacco, potenza e possibilità di dimmerazione prima dell’acquisto. Una sospensione ben dimensionata migliora la qualità della luce, valorizza arredi e materiali e contribuisce alla percezione dell’intero progetto. Questa scheda ecommerce riunisce le informazioni tecniche e d’uso utili a individuare la configurazione più adatta, con un testo orientato alla ricerca di lampade a sospensione Ideal Lux per abitazioni, locali commerciali e spazi professionali.</p>","Ideal Lux Lord sp1: lampada a sospensione per interni in metallo, ideale per living e spazi contract. Scopri finiture, misure e varianti e acquista online."
"IL-CONFIG-243","<p>Ideal Lux Lucciola sp16 è una lampada a sospensione per interni: una sospensione decorativa di forte presenza, progettata per diventare protagonista dello spazio. La struttura è realizzata in metallo e vetro. La gamma comprende 2 varianti selezionabili, nelle finiture nero e ottone, con misure Ø 200 × H min 450 / max 5435 mm. La sorgente è definita da: sorgente LED; numero di luci 16; potenza LED 16W; non dimmerabile secondo i dati di catalogo; sorgente o lampadina inclusa. Tra le combinazioni selezionabili figurano Lucciola sp16 – Nero e Lucciola sp16 – Ottone. La sospensione è indicata per saloni, soggiorni ampi, vani scala, hall, boutique e sale ristorante. L’installazione è pensata per ambienti interni e va definita in base all’altezza disponibile e al progetto luce. Dimensioni, altezza regolabile, finitura, sorgente e potenza permettono di scegliere la configurazione più coerente con arredo, volume dell’ambiente e resa luminosa desiderata.</p>","<p>Ideal Lux Lucciola sp16 è una lampada a sospensione per interni pensata per chi desidera una sospensione decorativa di forte presenza, progettata per diventare protagonista dello spazio. Il corpo illuminante scende dal soffitto e trasforma la luce in un elemento d’arredo, utile per definire una zona, sottolineare un piano o dare identità al volume dell’ambiente senza occupare superfici. La composizione in metallo e vetro caratterizza la percezione del modello e permette di inserirlo in progetti residenziali e, dove appropriato, in spazi contract o hospitality.</p><p>La scelta della variante deve partire dalle caratteristiche reali del prodotto. La gamma comprende 2 varianti selezionabili, nelle finiture nero e ottone, con misure Ø 200 × H min 450 / max 5435 mm. La sorgente è definita da: sorgente LED; numero di luci 16; potenza LED 16W; non dimmerabile secondo i dati di catalogo; sorgente o lampadina inclusa. Misura e altezza di sospensione incidono direttamente sull’effetto finale: un modello regolato più vicino al piano concentra l’attenzione su tavolo o bancone, mentre una discesa più ampia valorizza soffitti alti e composizioni scenografiche. Le configurazioni presenti a catalogo comprendono Lucciola sp16 – Nero e Lucciola sp16 – Ottone.</p><p>Per dimensioni e presenza decorativa, Ideal Lux Lucciola sp16 si presta a saloni, soggiorni ampi, vani scala, hall, boutique e sale ristorante. In casa può diventare il fulcro del soggiorno, della sala da pranzo o di un vano scala ampio; nel contract valorizza hall, lounge, sale ristorante, boutique e aree accoglienza alberghiere. In camere o ambienti contenuti occorre controllare con precisione l’ingombro. In bagno, come per ogni sospensione da interno, l’installazione è valutabile solo in posizioni compatibili con requisiti tecnici e zone elettriche previste.</p><p>Scegliere Ideal Lux Lucciola sp16 significa confrontare finiture, dimensioni, numero di luci, sorgente o attacco, potenza e possibilità di dimmerazione prima dell’acquisto. Una sospensione ben dimensionata migliora la qualità della luce, valorizza arredi e materiali e contribuisce alla percezione dell’intero progetto. Questa scheda ecommerce riunisce le informazioni tecniche e d’uso utili a individuare la configurazione più adatta, con un testo orientato alla ricerca di lampade a sospensione Ideal Lux per abitazioni, locali commerciali e spazi professionali.</p>","Ideal Lux Lucciola sp16: lampada a sospensione per interni in metallo e vetro, ideale per salone, living e hall. Scopri misure e varianti: acquista online."
"IL-CONFIG-244","<p>Ideal Lux Lumiere-1 sp è una lampada a sospensione per interni: una sospensione decorativa versatile, studiata per valorizzare l’arredo con luce dall’alto. La struttura è realizzata in metallo e vetro. La gamma comprende una configurazione disponibile, nelle finiture bianco, con misure Ø 280 × H min 950 / max 2755 mm. La sorgente è definita da: sorgente LED; numero di luci 1; potenza LED 27W; non dimmerabile secondo i dati di catalogo; sorgente o lampadina inclusa. La sospensione è indicata per soggiorni, zone pranzo, camere, ingressi, ristoranti e boutique. L’installazione è pensata per ambienti interni e va definita in base all’altezza disponibile e al progetto luce. Dimensioni, altezza regolabile, finitura, sorgente e potenza permettono di scegliere la configurazione più coerente con arredo, volume dell’ambiente e resa luminosa desiderata.</p>","<p>Ideal Lux Lumiere-1 sp è una lampada a sospensione per interni pensata per chi desidera una sospensione decorativa versatile, studiata per valorizzare l’arredo con luce dall’alto. Il corpo illuminante scende dal soffitto e trasforma la luce in un elemento d’arredo, utile per definire una zona, sottolineare un piano o dare identità al volume dell’ambiente senza occupare superfici. La composizione in metallo e vetro caratterizza la percezione del modello e permette di inserirlo in progetti residenziali e, dove appropriato, in spazi contract o hospitality.</p><p>La scelta della variante deve partire dalle caratteristiche reali del prodotto. La gamma comprende una configurazione disponibile, nelle finiture bianco, con misure Ø 280 × H min 950 / max 2755 mm. La sorgente è definita da: sorgente LED; numero di luci 1; potenza LED 27W; non dimmerabile secondo i dati di catalogo; sorgente o lampadina inclusa. Misura e altezza di sospensione incidono direttamente sull’effetto finale: un modello regolato più vicino al piano concentra l’attenzione su tavolo o bancone, mentre una discesa più ampia valorizza soffitti alti e composizioni scenografiche.</p><p>La versatilità del modello favorisce l’utilizzo in soggiorni, zone pranzo, camere, ingressi, ristoranti e boutique. In soggiorno e zona living la sospensione crea un punto focale; in cucina può illuminare isola o penisola quando dimensioni e quota sono proporzionate; in camera da letto aggiunge una componente decorativa e funzionale. In locali commerciali è adatta a tavoli di ristoranti e bistrot, lounge, vetrine interne o aree accoglienza. Per corridoio, cameretta e bagno è opportuno valutare ingombro, altezza e compatibilità tecnica con lo spazio.</p><p>Scegliere Ideal Lux Lumiere-1 sp significa confrontare finiture, dimensioni, numero di luci, sorgente o attacco, potenza e possibilità di dimmerazione prima dell’acquisto. Una sospensione ben dimensionata migliora la qualità della luce, valorizza arredi e materiali e contribuisce alla percezione dell’intero progetto. Questa scheda ecommerce riunisce le informazioni tecniche e d’uso utili a individuare la configurazione più adatta, con un testo orientato alla ricerca di lampade a sospensione Ideal Lux per abitazioni, locali commerciali e spazi professionali.</p>","Ideal Lux Lumiere-1 sp: lampada a sospensione da interno in metallo e vetro, ideale per living e spazi contract. Scopri misure e varianti: acquista online."
"IL-CONFIG-245","<p>Ideal Lux Lumiere-2 sp è una lampada a sospensione per interni: una sospensione decorativa versatile, studiata per valorizzare l’arredo con luce dall’alto. La struttura è realizzata in metallo e vetro. La gamma comprende una configurazione disponibile, nelle finiture bianco, con misure Ø 280 × H min 930 / max 2730 mm. La sorgente è definita da: sorgente LED; numero di luci 1; potenza LED 34W; non dimmerabile secondo i dati di catalogo; sorgente o lampadina inclusa. La sospensione è indicata per soggiorni, zone pranzo, camere, ingressi, ristoranti e boutique. L’installazione è pensata per ambienti interni e va definita in base all’altezza disponibile e al progetto luce. Dimensioni, altezza regolabile, finitura, sorgente e potenza permettono di scegliere la configurazione più coerente con arredo, volume dell’ambiente e resa luminosa desiderata.</p>","<p>Ideal Lux Lumiere-2 sp è una lampada a sospensione per interni pensata per chi desidera una sospensione decorativa versatile, studiata per valorizzare l’arredo con luce dall’alto. Il corpo illuminante scende dal soffitto e trasforma la luce in un elemento d’arredo, utile per definire una zona, sottolineare un piano o dare identità al volume dell’ambiente senza occupare superfici. La composizione in metallo e vetro caratterizza la percezione del modello e permette di inserirlo in progetti residenziali e, dove appropriato, in spazi contract o hospitality.</p><p>La scelta della variante deve partire dalle caratteristiche reali del prodotto. La gamma comprende una configurazione disponibile, nelle finiture bianco, con misure Ø 280 × H min 930 / max 2730 mm. La sorgente è definita da: sorgente LED; numero di luci 1; potenza LED 34W; non dimmerabile secondo i dati di catalogo; sorgente o lampadina inclusa. Misura e altezza di sospensione incidono direttamente sull’effetto finale: un modello regolato più vicino al piano concentra l’attenzione su tavolo o bancone, mentre una discesa più ampia valorizza soffitti alti e composizioni scenografiche.</p><p>La versatilità del modello favorisce l’utilizzo in soggiorni, zone pranzo, camere, ingressi, ristoranti e boutique. In soggiorno e zona living la sospensione crea un punto focale; in cucina può illuminare isola o penisola quando dimensioni e quota sono proporzionate; in camera da letto aggiunge una componente decorativa e funzionale. In locali commerciali è adatta a tavoli di ristoranti e bistrot, lounge, vetrine interne o aree accoglienza. Per corridoio, cameretta e bagno è opportuno valutare ingombro, altezza e compatibilità tecnica con lo spazio.</p><p>Scegliere Ideal Lux Lumiere-2 sp significa confrontare finiture, dimensioni, numero di luci, sorgente o attacco, potenza e possibilità di dimmerazione prima dell’acquisto. Una sospensione ben dimensionata migliora la qualità della luce, valorizza arredi e materiali e contribuisce alla percezione dell’intero progetto. Questa scheda ecommerce riunisce le informazioni tecniche e d’uso utili a individuare la configurazione più adatta, con un testo orientato alla ricerca di lampade a sospensione Ideal Lux per abitazioni, locali commerciali e spazi professionali.</p>","Ideal Lux Lumiere-2 sp: lampada a sospensione da interno in metallo e vetro, ideale per living e spazi contract. Scopri misure e varianti: acquista online."
"IL-CONFIG-246","<p>Ideal Lux Lumiere-3 sp è una lampada a sospensione per interni: una sospensione compatta adatta sia come punto luce singolo sia in composizioni multiple. La struttura è realizzata in metallo e vetro. La gamma comprende una configurazione disponibile, nelle finiture bianco, con misure Ø 160 × H min 1325 / max 3125 mm. La sorgente è definita da: sorgente LED; numero di luci 1; potenza LED 39W; non dimmerabile secondo i dati di catalogo; sorgente o lampadina inclusa. La sospensione è indicata per penisole, comodini a sospensione, corridoi, banconi bar e piccoli tavoli. L’installazione è pensata per ambienti interni e va definita in base all’altezza disponibile e al progetto luce. Dimensioni, altezza regolabile, finitura, sorgente e potenza permettono di scegliere la configurazione più coerente con arredo, volume dell’ambiente e resa luminosa desiderata.</p>","<p>Ideal Lux Lumiere-3 sp è una lampada a sospensione per interni pensata per chi desidera una sospensione compatta adatta sia come punto luce singolo sia in composizioni multiple. Il corpo illuminante scende dal soffitto e trasforma la luce in un elemento d’arredo, utile per definire una zona, sottolineare un piano o dare identità al volume dell’ambiente senza occupare superfici. La composizione in metallo e vetro caratterizza la percezione del modello e permette di inserirlo in progetti residenziali e, dove appropriato, in spazi contract o hospitality.</p><p>La scelta della variante deve partire dalle caratteristiche reali del prodotto. La gamma comprende una configurazione disponibile, nelle finiture bianco, con misure Ø 160 × H min 1325 / max 3125 mm. La sorgente è definita da: sorgente LED; numero di luci 1; potenza LED 39W; non dimmerabile secondo i dati di catalogo; sorgente o lampadina inclusa. Misura e altezza di sospensione incidono direttamente sull’effetto finale: un modello regolato più vicino al piano concentra l’attenzione su tavolo o bancone, mentre una discesa più ampia valorizza soffitti alti e composizioni scenografiche.</p><p>Il formato compatto rende Ideal Lux Lumiere-3 sp particolarmente utile in penisole, comodini a sospensione, corridoi, banconi bar e piccoli tavoli. Una singola sospensione può illuminare un tavolino, un angolo lettura o una zona comodino; più elementi coordinati possono comporre un ritmo sopra penisole, banconi o percorsi. È una soluzione interessante anche per bistrot e negozi che ricercano piccoli punti luce ripetuti. Per l’uso in bagno è necessario verificare protezione, posizione e distanze previste dalle norme.</p><p>Scegliere Ideal Lux Lumiere-3 sp significa confrontare finiture, dimensioni, numero di luci, sorgente o attacco, potenza e possibilità di dimmerazione prima dell’acquisto. Una sospensione ben dimensionata migliora la qualità della luce, valorizza arredi e materiali e contribuisce alla percezione dell’intero progetto. Questa scheda ecommerce riunisce le informazioni tecniche e d’uso utili a individuare la configurazione più adatta, con un testo orientato alla ricerca di lampade a sospensione Ideal Lux per abitazioni, locali commerciali e spazi professionali.</p>","Ideal Lux Lumiere-3 sp: lampada a sospensione da interno in metallo e vetro, ideale per living e spazi contract. Scopri misure e varianti: acquista online."
"IL-CONFIG-247","<p>Ideal Lux Luxor sp12 è una lampada a sospensione per interni: una sospensione decorativa di forte presenza, progettata per diventare protagonista dello spazio. La struttura è realizzata in cristallo, metallo e vetro. La gamma comprende una configurazione disponibile, nelle finiture cromo, con misure Ø 600 × H min 850 / max 1850 mm. La sorgente è definita da: attacco G9; numero di luci 12; potenza G9 max 12 x 40W; non dimmerabile secondo i dati di catalogo; sorgente o lampadina inclusa. La sospensione è indicata per saloni, soggiorni ampi, vani scala, hall, boutique e sale ristorante. L’installazione è pensata per ambienti interni e va definita in base all’altezza disponibile e al progetto luce. Dimensioni, altezza regolabile, finitura, sorgente e potenza permettono di scegliere la configurazione più coerente con arredo, volume dell’ambiente e resa luminosa desiderata.</p>","<p>Ideal Lux Luxor sp12 è una lampada a sospensione per interni pensata per chi desidera una sospensione decorativa di forte presenza, progettata per diventare protagonista dello spazio. Il corpo illuminante scende dal soffitto e trasforma la luce in un elemento d’arredo, utile per definire una zona, sottolineare un piano o dare identità al volume dell’ambiente senza occupare superfici. La composizione in cristallo, metallo e vetro caratterizza la percezione del modello e permette di inserirlo in progetti residenziali e, dove appropriato, in spazi contract o hospitality.</p><p>La scelta della variante deve partire dalle caratteristiche reali del prodotto. La gamma comprende una configurazione disponibile, nelle finiture cromo, con misure Ø 600 × H min 850 / max 1850 mm. La sorgente è definita da: attacco G9; numero di luci 12; potenza G9 max 12 x 40W; non dimmerabile secondo i dati di catalogo; sorgente o lampadina inclusa. Misura e altezza di sospensione incidono direttamente sull’effetto finale: un modello regolato più vicino al piano concentra l’attenzione su tavolo o bancone, mentre una discesa più ampia valorizza soffitti alti e composizioni scenografiche.</p><p>Per dimensioni e presenza decorativa, Ideal Lux Luxor sp12 si presta a saloni, soggiorni ampi, vani scala, hall, boutique e sale ristorante. In casa può diventare il fulcro del soggiorno, della sala da pranzo o di un vano scala ampio; nel contract valorizza hall, lounge, sale ristorante, boutique e aree accoglienza alberghiere. In camere o ambienti contenuti occorre controllare con precisione l’ingombro. In bagno, come per ogni sospensione da interno, l’installazione è valutabile solo in posizioni compatibili con requisiti tecnici e zone elettriche previste.</p><p>Scegliere Ideal Lux Luxor sp12 significa confrontare finiture, dimensioni, numero di luci, sorgente o attacco, potenza e possibilità di dimmerazione prima dell’acquisto. Una sospensione ben dimensionata migliora la qualità della luce, valorizza arredi e materiali e contribuisce alla percezione dell’intero progetto. Questa scheda ecommerce riunisce le informazioni tecniche e d’uso utili a individuare la configurazione più adatta, con un testo orientato alla ricerca di lampade a sospensione Ideal Lux per abitazioni, locali commerciali e spazi professionali.</p>","Ideal Lux Luxor sp12: lampada a sospensione da interno in cristallo e metallo, ideale per salone, living e hall. Scopri misure e varianti: acquista online."
"IL-CONFIG-248","<p>Ideal Lux Madame sp1 è una lampada a sospensione per interni: una sospensione materica che aggiunge texture e calore all’arredo. La struttura è realizzata in tessuto. La gamma comprende 3 varianti selezionabili, nelle finiture avorio, bianco e nero, con misure Ø 1100 × H min 550 / max 2300 mm. La sorgente è definita da: attacco E27; numero di luci 1; potenza E27 max 1 x 60W; non dimmerabile secondo i dati di catalogo; lampadina non indicata come inclusa. Tra le combinazioni selezionabili figurano Madame sp1 – Avorio, Madame sp1 – Bianco e Madame sp1 – Nero. La sospensione è indicata per zona living, sala da pranzo, camera da letto, bistrot e spazi hospitality. L’installazione è pensata per ambienti interni e va definita in base all’altezza disponibile e al progetto luce. Dimensioni, altezza regolabile, finitura, sorgente e potenza permettono di scegliere la configurazione più coerente con arredo, volume dell’ambiente e resa luminosa desiderata.</p>","<p>Ideal Lux Madame sp1 è una lampada a sospensione per interni pensata per chi desidera una sospensione materica che aggiunge texture e calore all’arredo. Il corpo illuminante scende dal soffitto e trasforma la luce in un elemento d’arredo, utile per definire una zona, sottolineare un piano o dare identità al volume dell’ambiente senza occupare superfici. La composizione in tessuto caratterizza la percezione del modello e permette di inserirlo in progetti residenziali e, dove appropriato, in spazi contract o hospitality.</p><p>La scelta della variante deve partire dalle caratteristiche reali del prodotto. La gamma comprende 3 varianti selezionabili, nelle finiture avorio, bianco e nero, con misure Ø 1100 × H min 550 / max 2300 mm. La sorgente è definita da: attacco E27; numero di luci 1; potenza E27 max 1 x 60W; non dimmerabile secondo i dati di catalogo; lampadina non indicata come inclusa. Misura e altezza di sospensione incidono direttamente sull’effetto finale: un modello regolato più vicino al piano concentra l’attenzione su tavolo o bancone, mentre una discesa più ampia valorizza soffitti alti e composizioni scenografiche. La scheda Ideal Lux aggiunge questi dettagli costruttivi: Rosone in metallo verniciato opaco bianco o nero. Cavo in tessuto. Diffusore con telaio metallico avvolto da nastro in tessuto di raso bianco, canvas o nero. Le configurazioni presenti a catalogo comprendono Madame sp1 – Avorio, Madame sp1 – Bianco e Madame sp1 – Nero.</p><p>Il carattere materico rende Ideal Lux Madame sp1 coerente con zona living, sala da pranzo, camera da letto, bistrot e spazi hospitality, soprattutto quando si desiderano texture e un’atmosfera accogliente. In una casa completa living, zona pranzo o camera da letto; in ristoranti, bistrot, lounge e strutture ricettive può rafforzare un progetto caldo e riconoscibile. In presenza di tessuto, legno, cemento o resina, il bagno e gli ambienti umidi richiedono particolare attenzione: l’impiego deve essere valutato rispetto alle specifiche del prodotto e alla corretta posa.</p><p>Scegliere Ideal Lux Madame sp1 significa confrontare finiture, dimensioni, numero di luci, sorgente o attacco, potenza e possibilità di dimmerazione prima dell’acquisto. Una sospensione ben dimensionata migliora la qualità della luce, valorizza arredi e materiali e contribuisce alla percezione dell’intero progetto. Questa scheda ecommerce riunisce le informazioni tecniche e d’uso utili a individuare la configurazione più adatta, con un testo orientato alla ricerca di lampade a sospensione Ideal Lux per abitazioni, locali commerciali e spazi professionali.</p>","Ideal Lux Madame sp1: lampada a sospensione da interno in tessuto, ideale per living e spazi contract. Scopri finiture, misure e varianti e acquista online."
"IL-CONFIG-249","<p>Ideal Lux Mapa max sp1 è una lampada a sospensione per interni: una sospensione decorativa versatile, studiata per valorizzare l’arredo con luce dall’alto. La struttura è realizzata in metallo e vetro. La gamma comprende una configurazione disponibile, nelle finiture cromo, con misure Ø 300 × H min 550 / max 2300 mm. La sorgente è definita da: attacco E27; numero di luci 1; potenza E27 max 1 x 42W; non dimmerabile secondo i dati di catalogo; lampadina non indicata come inclusa. La sospensione è indicata per soggiorni, zone pranzo, camere, ingressi, ristoranti e boutique. L’installazione è pensata per ambienti interni e va definita in base all’altezza disponibile e al progetto luce. Dimensioni, altezza regolabile, finitura, sorgente e potenza permettono di scegliere la configurazione più coerente con arredo, volume dell’ambiente e resa luminosa desiderata.</p>","<p>Ideal Lux Mapa max sp1 è una lampada a sospensione per interni pensata per chi desidera una sospensione decorativa versatile, studiata per valorizzare l’arredo con luce dall’alto. Il corpo illuminante scende dal soffitto e trasforma la luce in un elemento d’arredo, utile per definire una zona, sottolineare un piano o dare identità al volume dell’ambiente senza occupare superfici. La composizione in metallo e vetro caratterizza la percezione del modello e permette di inserirlo in progetti residenziali e, dove appropriato, in spazi contract o hospitality.</p><p>La scelta della variante deve partire dalle caratteristiche reali del prodotto. La gamma comprende una configurazione disponibile, nelle finiture cromo, con misure Ø 300 × H min 550 / max 2300 mm. La sorgente è definita da: attacco E27; numero di luci 1; potenza E27 max 1 x 42W; non dimmerabile secondo i dati di catalogo; lampadina non indicata come inclusa. Misura e altezza di sospensione incidono direttamente sull’effetto finale: un modello regolato più vicino al piano concentra l’attenzione su tavolo o bancone, mentre una discesa più ampia valorizza soffitti alti e composizioni scenografiche.</p><p>La versatilità del modello favorisce l’utilizzo in soggiorni, zone pranzo, camere, ingressi, ristoranti e boutique. In soggiorno e zona living la sospensione crea un punto focale; in cucina può illuminare isola o penisola quando dimensioni e quota sono proporzionate; in camera da letto aggiunge una componente decorativa e funzionale. In locali commerciali è adatta a tavoli di ristoranti e bistrot, lounge, vetrine interne o aree accoglienza. Per corridoio, cameretta e bagno è opportuno valutare ingombro, altezza e compatibilità tecnica con lo spazio.</p><p>Scegliere Ideal Lux Mapa max sp1 significa confrontare finiture, dimensioni, numero di luci, sorgente o attacco, potenza e possibilità di dimmerazione prima dell’acquisto. Una sospensione ben dimensionata migliora la qualità della luce, valorizza arredi e materiali e contribuisce alla percezione dell’intero progetto. Questa scheda ecommerce riunisce le informazioni tecniche e d’uso utili a individuare la configurazione più adatta, con un testo orientato alla ricerca di lampade a sospensione Ideal Lux per abitazioni, locali commerciali e spazi professionali.</p>","Ideal Lux Mapa max sp1: lampada a sospensione da interno in metallo e vetro, ideale per living e spazi contract. Scopri misure e varianti: acquista online."
"IL-CONFIG-250","<p>Ideal Lux Mapa pendel e14 12m è una lampada a sospensione per interni: una sospensione lineare che distribuisce la luce lungo superfici e percorsi visivi. La struttura è realizzata in alluminio, metallo e vetro. La gamma comprende 7 varianti selezionabili, nelle finiture alluminio, con misure L 50 × H 12200 × P 68 mm, L 50 × H 5200 × P 68 mm, L 100 × H 12200 × P 112 mm, L 100 × H 5200 × P 112 mm, L 170 × H 5200 × P 180 mm, L 29 × H 5100 × P 19 mm e altre 1 configurazioni. La sorgente è definita da: attacco E14, attacco E27, attacco G4 e attacco G9; numero di luci 1; potenza E14 max1 x 28W, E27 max1 x 42W, G4 max1 x 2W e G9 max1 x 4W; non dimmerabile secondo i dati di catalogo; lampadina inclusa in alcune varianti. Tra le combinazioni selezionabili figurano Mapa pendel e14 12m – Altezza – 1220cm, Mapa pendel e14 5m – Altezza – 520cm, Mapa pendel e27 12m 0m 1e – Altezza – 1220cm, Mapa pendel e27 5m 0m 1e – Altezza – 520cm, Mapa pendel e27 5m 1m 1e – Altezza – 520cm e altre 2 configurazioni. La sospensione è indicata per tavoli da pranzo, isole cucina, banconi, reception e tavoli riunione. L’installazione è pensata per ambienti interni e va definita in base all’altezza disponibile e al progetto luce. Dimensioni, altezza regolabile, finitura, sorgente e potenza permettono di scegliere la configurazione più coerente con arredo, volume dell’ambiente e resa luminosa desiderata.</p>","<p>Ideal Lux Mapa pendel e14 12m è una lampada a sospensione per interni pensata per chi desidera una sospensione lineare che distribuisce la luce lungo superfici e percorsi visivi. Il corpo illuminante scende dal soffitto e trasforma la luce in un elemento d’arredo, utile per definire una zona, sottolineare un piano o dare identità al volume dell’ambiente senza occupare superfici. La composizione in alluminio, metallo e vetro caratterizza la percezione del modello e permette di inserirlo in progetti residenziali e, dove appropriato, in spazi contract o hospitality.</p><p>La scelta della variante deve partire dalle caratteristiche reali del prodotto. La gamma comprende 7 varianti selezionabili, nelle finiture alluminio, con misure L 50 × H 12200 × P 68 mm, L 50 × H 5200 × P 68 mm, L 100 × H 12200 × P 112 mm, L 100 × H 5200 × P 112 mm, L 170 × H 5200 × P 180 mm, L 29 × H 5100 × P 19 mm e altre 1 configurazioni. La sorgente è definita da: attacco E14, attacco E27, attacco G4 e attacco G9; numero di luci 1; potenza E14 max1 x 28W, E27 max1 x 42W, G4 max1 x 2W e G9 max1 x 4W; non dimmerabile secondo i dati di catalogo; lampadina inclusa in alcune varianti. Misura e altezza di sospensione incidono direttamente sull’effetto finale: un modello regolato più vicino al piano concentra l’attenzione su tavolo o bancone, mentre una discesa più ampia valorizza soffitti alti e composizioni scenografiche. Le configurazioni presenti a catalogo comprendono Mapa pendel e14 12m – Altezza – 1220cm, Mapa pendel e14 5m – Altezza – 520cm, Mapa pendel e27 12m 0m 1e – Altezza – 1220cm, Mapa pendel e27 5m 0m 1e – Altezza – 520cm, Mapa pendel e27 5m 1m 1e – Altezza – 520cm, Mapa pendel g4 5m – Altezza – 510cm e Mapa pendel g9 5m – Altezza – 510cm.</p><p>La geometria lineare rende Ideal Lux Mapa pendel e14 12m adatta a tavoli da pranzo, isole cucina, banconi, reception e tavoli riunione. In cucina può accompagnare isola o penisola, nella zona pranzo segue il tavolo, mentre in un open space aiuta a differenziare le aree funzionali. In ristoranti, bar, reception, sale meeting e showroom una sospensione lineare offre ordine visivo e un’illuminazione riconoscibile. Per corridoi, camere e camerette la scelta va rapportata allo spazio libero; per il bagno vanno sempre osservati i vincoli di installazione.</p><p>Scegliere Ideal Lux Mapa pendel e14 12m significa confrontare finiture, dimensioni, numero di luci, sorgente o attacco, potenza e possibilità di dimmerazione prima dell’acquisto. Una sospensione ben dimensionata migliora la qualità della luce, valorizza arredi e materiali e contribuisce alla percezione dell’intero progetto. Questa scheda ecommerce riunisce le informazioni tecniche e d’uso utili a individuare la configurazione più adatta, con un testo orientato alla ricerca di lampade a sospensione Ideal Lux per abitazioni, locali commerciali e spazi professionali.</p>","Ideal Lux Mapa pendel e14 12m: sospensione per interni in alluminio e metallo, pensata per tavolo, isola e bancone. Scopri la collezione e acquista online."
"IL-CONFIG-251","<p>Ideal Lux Mapa pendel led big 2m è una lampada a sospensione per interni: una sospensione lineare che distribuisce la luce lungo superfici e percorsi visivi. La struttura è realizzata in alluminio, metallo e vetro. La gamma comprende 2 varianti selezionabili, nelle finiture alluminio, con misure L 68 × H 2200 × P 58 mm e L 68 × H 5200 × P 58 mm. La sorgente è definita da: sorgente LED; numero di luci 1; potenza 3,5W; dimmerabile; sorgente o lampadina inclusa. Tra le combinazioni selezionabili figurano Mapa pendel led big 2m – Altezza – 220cm e Mapa pendel led big 5m – Altezza – 520cm. La sospensione è indicata per tavoli da pranzo, isole cucina, banconi, reception e tavoli riunione. L’installazione è pensata per ambienti interni e va definita in base all’altezza disponibile e al progetto luce. Dimensioni, altezza regolabile, finitura, sorgente e potenza permettono di scegliere la configurazione più coerente con arredo, volume dell’ambiente e resa luminosa desiderata.</p>","<p>Ideal Lux Mapa pendel led big 2m è una lampada a sospensione per interni pensata per chi desidera una sospensione lineare che distribuisce la luce lungo superfici e percorsi visivi. Il corpo illuminante scende dal soffitto e trasforma la luce in un elemento d’arredo, utile per definire una zona, sottolineare un piano o dare identità al volume dell’ambiente senza occupare superfici. La composizione in alluminio, metallo e vetro caratterizza la percezione del modello e permette di inserirlo in progetti residenziali e, dove appropriato, in spazi contract o hospitality.</p><p>La scelta della variante deve partire dalle caratteristiche reali del prodotto. La gamma comprende 2 varianti selezionabili, nelle finiture alluminio, con misure L 68 × H 2200 × P 58 mm e L 68 × H 5200 × P 58 mm. La sorgente è definita da: sorgente LED; numero di luci 1; potenza 3,5W; dimmerabile; sorgente o lampadina inclusa. Misura e altezza di sospensione incidono direttamente sull’effetto finale: un modello regolato più vicino al piano concentra l’attenzione su tavolo o bancone, mentre una discesa più ampia valorizza soffitti alti e composizioni scenografiche. Le configurazioni presenti a catalogo comprendono Mapa pendel led big 2m – Altezza – 220cm e Mapa pendel led big 5m – Altezza – 520cm.</p><p>La geometria lineare rende Ideal Lux Mapa pendel led big 2m adatta a tavoli da pranzo, isole cucina, banconi, reception e tavoli riunione. In cucina può accompagnare isola o penisola, nella zona pranzo segue il tavolo, mentre in un open space aiuta a differenziare le aree funzionali. In ristoranti, bar, reception, sale meeting e showroom una sospensione lineare offre ordine visivo e un’illuminazione riconoscibile. Per corridoi, camere e camerette la scelta va rapportata allo spazio libero; per il bagno vanno sempre osservati i vincoli di installazione.</p><p>Scegliere Ideal Lux Mapa pendel led big 2m significa confrontare finiture, dimensioni, numero di luci, sorgente o attacco, potenza e possibilità di dimmerazione prima dell’acquisto. Una sospensione ben dimensionata migliora la qualità della luce, valorizza arredi e materiali e contribuisce alla percezione dell’intero progetto. Questa scheda ecommerce riunisce le informazioni tecniche e d’uso utili a individuare la configurazione più adatta, con un testo orientato alla ricerca di lampade a sospensione Ideal Lux per abitazioni, locali commerciali e spazi professionali.</p>","Ideal Lux Mapa pendel led big 2m: sospensione per interni in alluminio per illuminare tavolo, isola e bancone. Scegli la variante ideale e acquista online."
"IL-CONFIG-252","<p>Ideal Lux Mapa pendel led small 2m è una lampada a sospensione per interni: una sospensione lineare che distribuisce la luce lungo superfici e percorsi visivi. La struttura è realizzata in alluminio, metallo e vetro. La gamma comprende 2 varianti selezionabili, nelle finiture alluminio, con misure L 32 × H 2200 × P 19 mm e L 32 × H 5200 × P 19 mm. La sorgente è definita da: sorgente LED; numero di luci 1; potenza 1,5W; dimmerabile; sorgente o lampadina inclusa. Tra le combinazioni selezionabili figurano Mapa pendel led small 2m – Altezza – 220cm e Mapa pendel led small 5m – Altezza – 520cm. La sospensione è indicata per tavoli da pranzo, isole cucina, banconi, reception e tavoli riunione. L’installazione è pensata per ambienti interni e va definita in base all’altezza disponibile e al progetto luce. Dimensioni, altezza regolabile, finitura, sorgente e potenza permettono di scegliere la configurazione più coerente con arredo, volume dell’ambiente e resa luminosa desiderata.</p>","<p>Ideal Lux Mapa pendel led small 2m è una lampada a sospensione per interni pensata per chi desidera una sospensione lineare che distribuisce la luce lungo superfici e percorsi visivi. Il corpo illuminante scende dal soffitto e trasforma la luce in un elemento d’arredo, utile per definire una zona, sottolineare un piano o dare identità al volume dell’ambiente senza occupare superfici. La composizione in alluminio, metallo e vetro caratterizza la percezione del modello e permette di inserirlo in progetti residenziali e, dove appropriato, in spazi contract o hospitality.</p><p>La scelta della variante deve partire dalle caratteristiche reali del prodotto. La gamma comprende 2 varianti selezionabili, nelle finiture alluminio, con misure L 32 × H 2200 × P 19 mm e L 32 × H 5200 × P 19 mm. La sorgente è definita da: sorgente LED; numero di luci 1; potenza 1,5W; dimmerabile; sorgente o lampadina inclusa. Misura e altezza di sospensione incidono direttamente sull’effetto finale: un modello regolato più vicino al piano concentra l’attenzione su tavolo o bancone, mentre una discesa più ampia valorizza soffitti alti e composizioni scenografiche. Le configurazioni presenti a catalogo comprendono Mapa pendel led small 2m – Altezza – 220cm e Mapa pendel led small 5m – Altezza – 520cm.</p><p>La geometria lineare rende Ideal Lux Mapa pendel led small 2m adatta a tavoli da pranzo, isole cucina, banconi, reception e tavoli riunione. In cucina può accompagnare isola o penisola, nella zona pranzo segue il tavolo, mentre in un open space aiuta a differenziare le aree funzionali. In ristoranti, bar, reception, sale meeting e showroom una sospensione lineare offre ordine visivo e un’illuminazione riconoscibile. Per corridoi, camere e camerette la scelta va rapportata allo spazio libero; per il bagno vanno sempre osservati i vincoli di installazione.</p><p>Scegliere Ideal Lux Mapa pendel led small 2m significa confrontare finiture, dimensioni, numero di luci, sorgente o attacco, potenza e possibilità di dimmerazione prima dell’acquisto. Una sospensione ben dimensionata migliora la qualità della luce, valorizza arredi e materiali e contribuisce alla percezione dell’intero progetto. Questa scheda ecommerce riunisce le informazioni tecniche e d’uso utili a individuare la configurazione più adatta, con un testo orientato alla ricerca di lampade a sospensione Ideal Lux per abitazioni, locali commerciali e spazi professionali.</p>","Ideal Lux Mapa pendel led small 2m: sospensione per interni in alluminio, pensata per tavolo, isola e bancone. Scegli la variante ideale e acquista online."
"IL-CONFIG-253","<p>Ideal Lux Mapa sp1 è una lampada a sospensione per interni: una sospensione compatta adatta sia come punto luce singolo sia in composizioni multiple. La struttura è realizzata in alluminio, metallo e vetro. La gamma comprende 6 varianti selezionabili, nelle finiture bianco, con misure Ø 100 × H min 350 / max 2100 mm, Ø 150 × H min 385 / max 2200 mm, Ø 200 × H min 450 / max 2200 mm, Ø 300 × H min 550 / max 2300 mm, Ø 400 × H min 650 / max 2400 mm e Ø 500 × H min 750 / max 2500 mm. La sorgente è definita da: attacco G9, attacco E14 e attacco E27; numero di luci 1; potenza G9 max1 x 4W, G9 max 1 x 4W e E27 max1 x 42W; non dimmerabile secondo i dati di catalogo; lampadina inclusa in alcune varianti. Tra le combinazioni selezionabili figurano Mapa sp1 – Diametro – 10cm, Mapa sp1 – Diametro – 15cm, Mapa sp1 – Diametro – 20cm, Mapa sp1 – Diametro – 30cm, Mapa sp1 – Diametro – 40cm e altre 1 configurazioni. La sospensione è indicata per penisole, comodini a sospensione, corridoi, banconi bar e piccoli tavoli. L’installazione è pensata per ambienti interni e va definita in base all’altezza disponibile e al progetto luce. Dimensioni, altezza regolabile, finitura, sorgente e potenza permettono di scegliere la configurazione più coerente con arredo, volume dell’ambiente e resa luminosa desiderata.</p>","<p>Ideal Lux Mapa sp1 è una lampada a sospensione per interni pensata per chi desidera una sospensione compatta adatta sia come punto luce singolo sia in composizioni multiple. Il corpo illuminante scende dal soffitto e trasforma la luce in un elemento d’arredo, utile per definire una zona, sottolineare un piano o dare identità al volume dell’ambiente senza occupare superfici. La composizione in alluminio, metallo e vetro caratterizza la percezione del modello e permette di inserirlo in progetti residenziali e, dove appropriato, in spazi contract o hospitality.</p><p>La scelta della variante deve partire dalle caratteristiche reali del prodotto. La gamma comprende 6 varianti selezionabili, nelle finiture bianco, con misure Ø 100 × H min 350 / max 2100 mm, Ø 150 × H min 385 / max 2200 mm, Ø 200 × H min 450 / max 2200 mm, Ø 300 × H min 550 / max 2300 mm, Ø 400 × H min 650 / max 2400 mm e Ø 500 × H min 750 / max 2500 mm. La sorgente è definita da: attacco G9, attacco E14 e attacco E27; numero di luci 1; potenza G9 max1 x 4W, G9 max 1 x 4W e E27 max1 x 42W; non dimmerabile secondo i dati di catalogo; lampadina inclusa in alcune varianti. Misura e altezza di sospensione incidono direttamente sull’effetto finale: un modello regolato più vicino al piano concentra l’attenzione su tavolo o bancone, mentre una discesa più ampia valorizza soffitti alti e composizioni scenografiche. Le configurazioni presenti a catalogo comprendono Mapa sp1 – Diametro – 10cm, Mapa sp1 – Diametro – 15cm, Mapa sp1 – Diametro – 20cm, Mapa sp1 – Diametro – 30cm, Mapa sp1 – Diametro – 40cm e Mapa sp1 – Diametro – 50cm.</p><p>Il formato compatto rende Ideal Lux Mapa sp1 particolarmente utile in penisole, comodini a sospensione, corridoi, banconi bar e piccoli tavoli. Una singola sospensione può illuminare un tavolino, un angolo lettura o una zona comodino; più elementi coordinati possono comporre un ritmo sopra penisole, banconi o percorsi. È una soluzione interessante anche per bistrot e negozi che ricercano piccoli punti luce ripetuti. Per l’uso in bagno è necessario verificare protezione, posizione e distanze previste dalle norme.</p><p>Scegliere Ideal Lux Mapa sp1 significa confrontare finiture, dimensioni, numero di luci, sorgente o attacco, potenza e possibilità di dimmerazione prima dell’acquisto. Una sospensione ben dimensionata migliora la qualità della luce, valorizza arredi e materiali e contribuisce alla percezione dell’intero progetto. Questa scheda ecommerce riunisce le informazioni tecniche e d’uso utili a individuare la configurazione più adatta, con un testo orientato alla ricerca di lampade a sospensione Ideal Lux per abitazioni, locali commerciali e spazi professionali.</p>","Ideal Lux Mapa sp1: lampada a sospensione da interno in alluminio e metallo, ideale per living e spazi contract. Scopri misure e varianti: acquista online."
"IL-CONFIG-254","<p>Ideal Lux Martinez sp8 è una lampada a sospensione per interni: una sospensione decorativa di forte presenza, progettata per diventare protagonista dello spazio. La struttura è realizzata in cristallo, metallo e vetro. La gamma comprende 2 varianti selezionabili, nelle finiture cromo e oro, con misure L 1030 × H min 650 / max 1320 × P 305 mm. La sorgente è definita da: attacco E14; numero di luci 8; potenza E14 max 8 x 40W; non dimmerabile secondo i dati di catalogo; lampadina non indicata come inclusa. Tra le combinazioni selezionabili figurano Martinez sp8 – Cromo e Martinez sp8 – Oro. La sospensione è indicata per saloni, soggiorni ampi, vani scala, hall, boutique e sale ristorante. L’installazione è pensata per ambienti interni e va definita in base all’altezza disponibile e al progetto luce. Dimensioni, altezza regolabile, finitura, sorgente e potenza permettono di scegliere la configurazione più coerente con arredo, volume dell’ambiente e resa luminosa desiderata.</p>","<p>Ideal Lux Martinez sp8 è una lampada a sospensione per interni pensata per chi desidera una sospensione decorativa di forte presenza, progettata per diventare protagonista dello spazio. Il corpo illuminante scende dal soffitto e trasforma la luce in un elemento d’arredo, utile per definire una zona, sottolineare un piano o dare identità al volume dell’ambiente senza occupare superfici. La composizione in cristallo, metallo e vetro caratterizza la percezione del modello e permette di inserirlo in progetti residenziali e, dove appropriato, in spazi contract o hospitality.</p><p>La scelta della variante deve partire dalle caratteristiche reali del prodotto. La gamma comprende 2 varianti selezionabili, nelle finiture cromo e oro, con misure L 1030 × H min 650 / max 1320 × P 305 mm. La sorgente è definita da: attacco E14; numero di luci 8; potenza E14 max 8 x 40W; non dimmerabile secondo i dati di catalogo; lampadina non indicata come inclusa. Misura e altezza di sospensione incidono direttamente sull’effetto finale: un modello regolato più vicino al piano concentra l’attenzione su tavolo o bancone, mentre una discesa più ampia valorizza soffitti alti e composizioni scenografiche. La scheda Ideal Lux aggiunge questi dettagli costruttivi: Montatura in metallo cromato o dorato. Elementi decorativi con catene di ottagoni e barre in cristallo molato trasparente. Le configurazioni presenti a catalogo comprendono Martinez sp8 – Cromo e Martinez sp8 – Oro.</p><p>Per dimensioni e presenza decorativa, Ideal Lux Martinez sp8 si presta a saloni, soggiorni ampi, vani scala, hall, boutique e sale ristorante. In casa può diventare il fulcro del soggiorno, della sala da pranzo o di un vano scala ampio; nel contract valorizza hall, lounge, sale ristorante, boutique e aree accoglienza alberghiere. In camere o ambienti contenuti occorre controllare con precisione l’ingombro. In bagno, come per ogni sospensione da interno, l’installazione è valutabile solo in posizioni compatibili con requisiti tecnici e zone elettriche previste.</p><p>Scegliere Ideal Lux Martinez sp8 significa confrontare finiture, dimensioni, numero di luci, sorgente o attacco, potenza e possibilità di dimmerazione prima dell’acquisto. Una sospensione ben dimensionata migliora la qualità della luce, valorizza arredi e materiali e contribuisce alla percezione dell’intero progetto. Questa scheda ecommerce riunisce le informazioni tecniche e d’uso utili a individuare la configurazione più adatta, con un testo orientato alla ricerca di lampade a sospensione Ideal Lux per abitazioni, locali commerciali e spazi professionali.</p>","Ideal Lux Martinez sp8: lampada a sospensione per interni in cristallo e metallo, ideale per salone, living e hall. Scopri la collezione e acquista online."
"IL-CONFIG-255","<p>Ideal Lux Milk sp1 è una lampada a sospensione per interni: una sospensione compatta adatta sia come punto luce singolo sia in composizioni multiple. La struttura è realizzata in vetro. La gamma comprende una configurazione disponibile, nelle finiture bianco, con misure Ø 140 × H min 780 / max 2530 mm. La sorgente è definita da: attacco E27; numero di luci 1; potenza E27 max 1 x 42W; non dimmerabile secondo i dati di catalogo; lampadina non indicata come inclusa. La sospensione è indicata per penisole, comodini a sospensione, corridoi, banconi bar e piccoli tavoli. L’installazione è pensata per ambienti interni e va definita in base all’altezza disponibile e al progetto luce. Dimensioni, altezza regolabile, finitura, sorgente e potenza permettono di scegliere la configurazione più coerente con arredo, volume dell’ambiente e resa luminosa desiderata.</p>","<p>Ideal Lux Milk sp1 è una lampada a sospensione per interni pensata per chi desidera una sospensione compatta adatta sia come punto luce singolo sia in composizioni multiple. Il corpo illuminante scende dal soffitto e trasforma la luce in un elemento d’arredo, utile per definire una zona, sottolineare un piano o dare identità al volume dell’ambiente senza occupare superfici. La composizione in vetro caratterizza la percezione del modello e permette di inserirlo in progetti residenziali e, dove appropriato, in spazi contract o hospitality.</p><p>La scelta della variante deve partire dalle caratteristiche reali del prodotto. La gamma comprende una configurazione disponibile, nelle finiture bianco, con misure Ø 140 × H min 780 / max 2530 mm. La sorgente è definita da: attacco E27; numero di luci 1; potenza E27 max 1 x 42W; non dimmerabile secondo i dati di catalogo; lampadina non indicata come inclusa. Misura e altezza di sospensione incidono direttamente sull’effetto finale: un modello regolato più vicino al piano concentra l’attenzione su tavolo o bancone, mentre una discesa più ampia valorizza soffitti alti e composizioni scenografiche. La scheda Ideal Lux aggiunge questi dettagli costruttivi: Base ellittica in metallo smaltato bianco. Diffusore in vetro bianco soffiato e acidato. Cavi elettrici regolabili in lunghezza.</p><p>Il formato compatto rende Ideal Lux Milk sp1 particolarmente utile in penisole, comodini a sospensione, corridoi, banconi bar e piccoli tavoli. Una singola sospensione può illuminare un tavolino, un angolo lettura o una zona comodino; più elementi coordinati possono comporre un ritmo sopra penisole, banconi o percorsi. È una soluzione interessante anche per bistrot e negozi che ricercano piccoli punti luce ripetuti. Per l’uso in bagno è necessario verificare protezione, posizione e distanze previste dalle norme.</p><p>Scegliere Ideal Lux Milk sp1 significa confrontare finiture, dimensioni, numero di luci, sorgente o attacco, potenza e possibilità di dimmerazione prima dell’acquisto. Una sospensione ben dimensionata migliora la qualità della luce, valorizza arredi e materiali e contribuisce alla percezione dell’intero progetto. Questa scheda ecommerce riunisce le informazioni tecniche e d’uso utili a individuare la configurazione più adatta, con un testo orientato alla ricerca di lampade a sospensione Ideal Lux per abitazioni, locali commerciali e spazi professionali.</p>","Ideal Lux Milk sp1: lampada a sospensione per interni in vetro, ideale per living e spazi contract. Scopri finiture, misure e varianti e acquista online."
"IL-CONFIG-256","<p>Ideal Lux Milk sp3 è una lampada a sospensione per interni: una sospensione lineare che distribuisce la luce lungo superfici e percorsi visivi. La struttura è realizzata in vetro. La gamma comprende una configurazione disponibile, nelle finiture bianco, con misure L 620 × H min 780 / max 1150 × P 170 mm. La sorgente è definita da: attacco E27; numero di luci 3; potenza E27 max 3 x 42W; non dimmerabile secondo i dati di catalogo; lampadina non indicata come inclusa. La sospensione è indicata per tavoli da pranzo, isole cucina, banconi, reception e tavoli riunione. L’installazione è pensata per ambienti interni e va definita in base all’altezza disponibile e al progetto luce. Dimensioni, altezza regolabile, finitura, sorgente e potenza permettono di scegliere la configurazione più coerente con arredo, volume dell’ambiente e resa luminosa desiderata.</p>","<p>Ideal Lux Milk sp3 è una lampada a sospensione per interni pensata per chi desidera una sospensione lineare che distribuisce la luce lungo superfici e percorsi visivi. Il corpo illuminante scende dal soffitto e trasforma la luce in un elemento d’arredo, utile per definire una zona, sottolineare un piano o dare identità al volume dell’ambiente senza occupare superfici. La composizione in vetro caratterizza la percezione del modello e permette di inserirlo in progetti residenziali e, dove appropriato, in spazi contract o hospitality.</p><p>La scelta della variante deve partire dalle caratteristiche reali del prodotto. La gamma comprende una configurazione disponibile, nelle finiture bianco, con misure L 620 × H min 780 / max 1150 × P 170 mm. La sorgente è definita da: attacco E27; numero di luci 3; potenza E27 max 3 x 42W; non dimmerabile secondo i dati di catalogo; lampadina non indicata come inclusa. Misura e altezza di sospensione incidono direttamente sull’effetto finale: un modello regolato più vicino al piano concentra l’attenzione su tavolo o bancone, mentre una discesa più ampia valorizza soffitti alti e composizioni scenografiche. La scheda Ideal Lux aggiunge questi dettagli costruttivi: Base ellittica in metallo smaltato bianco. Diffusore in vetro bianco soffiato e acidato. Cavi elettrici regolabili in lunghezza.</p><p>La geometria lineare rende Ideal Lux Milk sp3 adatta a tavoli da pranzo, isole cucina, banconi, reception e tavoli riunione. In cucina può accompagnare isola o penisola, nella zona pranzo segue il tavolo, mentre in un open space aiuta a differenziare le aree funzionali. In ristoranti, bar, reception, sale meeting e showroom una sospensione lineare offre ordine visivo e un’illuminazione riconoscibile. Per corridoi, camere e camerette la scelta va rapportata allo spazio libero; per il bagno vanno sempre osservati i vincoli di installazione.</p><p>Scegliere Ideal Lux Milk sp3 significa confrontare finiture, dimensioni, numero di luci, sorgente o attacco, potenza e possibilità di dimmerazione prima dell’acquisto. Una sospensione ben dimensionata migliora la qualità della luce, valorizza arredi e materiali e contribuisce alla percezione dell’intero progetto. Questa scheda ecommerce riunisce le informazioni tecniche e d’uso utili a individuare la configurazione più adatta, con un testo orientato alla ricerca di lampade a sospensione Ideal Lux per abitazioni, locali commerciali e spazi professionali.</p>","Ideal Lux Milk sp3: lampada a sospensione per interni in vetro, ideale per tavolo, isola e bancone. Scopri finiture, misure e varianti e acquista online."
"IL-CONFIG-257","<p>Ideal Lux Minor linear sp4 è una lampada a sospensione per interni: una sospensione lineare che distribuisce la luce lungo superfici e percorsi visivi. La struttura è realizzata in metallo. La gamma comprende 2 varianti selezionabili, nelle finiture nero, con misure L 755 × H min 290 / max 2040 × P 85 mm e L 1150 × H min 290 / max 2040 × P 85 mm. La sorgente è definita da: attacco GX53; numero di luci 4 e 6; potenza GX53 max 4 x 9W e GX53 max 6 x 9W; non dimmerabile secondo i dati di catalogo; sorgente o lampadina inclusa. Tra le combinazioni selezionabili figurano Minor linear sp4 – 4 Sorgenti Luminose e Minor linear sp6 – 6 Sorgenti Luminose. La sospensione è indicata per tavoli da pranzo, isole cucina, banconi, reception e tavoli riunione. L’installazione è pensata per ambienti interni e va definita in base all’altezza disponibile e al progetto luce. Dimensioni, altezza regolabile, finitura, sorgente e potenza permettono di scegliere la configurazione più coerente con arredo, volume dell’ambiente e resa luminosa desiderata.</p>","<p>Ideal Lux Minor linear sp4 è una lampada a sospensione per interni pensata per chi desidera una sospensione lineare che distribuisce la luce lungo superfici e percorsi visivi. Il corpo illuminante scende dal soffitto e trasforma la luce in un elemento d’arredo, utile per definire una zona, sottolineare un piano o dare identità al volume dell’ambiente senza occupare superfici. La composizione in metallo caratterizza la percezione del modello e permette di inserirlo in progetti residenziali e, dove appropriato, in spazi contract o hospitality.</p><p>La scelta della variante deve partire dalle caratteristiche reali del prodotto. La gamma comprende 2 varianti selezionabili, nelle finiture nero, con misure L 755 × H min 290 / max 2040 × P 85 mm e L 1150 × H min 290 / max 2040 × P 85 mm. La sorgente è definita da: attacco GX53; numero di luci 4 e 6; potenza GX53 max 4 x 9W e GX53 max 6 x 9W; non dimmerabile secondo i dati di catalogo; sorgente o lampadina inclusa. Misura e altezza di sospensione incidono direttamente sull’effetto finale: un modello regolato più vicino al piano concentra l’attenzione su tavolo o bancone, mentre una discesa più ampia valorizza soffitti alti e composizioni scenografiche. La scheda Ideal Lux aggiunge questi dettagli costruttivi: Montatura in metallo verniciato a polveri. Cavo elettrico in pvc. Sorgenti luminose a LED sostituibili. Le configurazioni presenti a catalogo comprendono Minor linear sp4 – 4 Sorgenti Luminose e Minor linear sp6 – 6 Sorgenti Luminose.</p><p>La geometria lineare rende Ideal Lux Minor linear sp4 adatta a tavoli da pranzo, isole cucina, banconi, reception e tavoli riunione. In cucina può accompagnare isola o penisola, nella zona pranzo segue il tavolo, mentre in un open space aiuta a differenziare le aree funzionali. In ristoranti, bar, reception, sale meeting e showroom una sospensione lineare offre ordine visivo e un’illuminazione riconoscibile. Per corridoi, camere e camerette la scelta va rapportata allo spazio libero; per il bagno vanno sempre osservati i vincoli di installazione.</p><p>Scegliere Ideal Lux Minor linear sp4 significa confrontare finiture, dimensioni, numero di luci, sorgente o attacco, potenza e possibilità di dimmerazione prima dell’acquisto. Una sospensione ben dimensionata migliora la qualità della luce, valorizza arredi e materiali e contribuisce alla percezione dell’intero progetto. Questa scheda ecommerce riunisce le informazioni tecniche e d’uso utili a individuare la configurazione più adatta, con un testo orientato alla ricerca di lampade a sospensione Ideal Lux per abitazioni, locali commerciali e spazi professionali.</p>","Ideal Lux Minor linear sp4: lampada a sospensione per interni in metallo, ideale per tavolo, isola e bancone. Acquista online la configurazione più adatta."
"IL-CONFIG-258","<p>Ideal Lux Minor round sp5 è una lampada a sospensione per interni: una sospensione decorativa di forte presenza, progettata per diventare protagonista dello spazio. La struttura è realizzata in metallo. La gamma comprende 2 varianti selezionabili, nelle finiture nero, con misure Ø 500 × H min 290 / max 2040 mm e Ø 765 × H min 290 / max 2040 mm. La sorgente è definita da: attacco GX53; numero di luci 5 e 8; potenza GX53 max 5 x 9W e GX53 max 8 x 9W; non dimmerabile secondo i dati di catalogo; sorgente o lampadina inclusa. Tra le combinazioni selezionabili figurano Minor round sp5 – 5 Sorgenti Luminose e Minor round sp8 – 8 Sorgenti Luminose. La sospensione è indicata per saloni, soggiorni ampi, vani scala, hall, boutique e sale ristorante. L’installazione è pensata per ambienti interni e va definita in base all’altezza disponibile e al progetto luce. Dimensioni, altezza regolabile, finitura, sorgente e potenza permettono di scegliere la configurazione più coerente con arredo, volume dell’ambiente e resa luminosa desiderata.</p>","<p>Ideal Lux Minor round sp5 è una lampada a sospensione per interni pensata per chi desidera una sospensione decorativa di forte presenza, progettata per diventare protagonista dello spazio. Il corpo illuminante scende dal soffitto e trasforma la luce in un elemento d’arredo, utile per definire una zona, sottolineare un piano o dare identità al volume dell’ambiente senza occupare superfici. La composizione in metallo caratterizza la percezione del modello e permette di inserirlo in progetti residenziali e, dove appropriato, in spazi contract o hospitality.</p><p>La scelta della variante deve partire dalle caratteristiche reali del prodotto. La gamma comprende 2 varianti selezionabili, nelle finiture nero, con misure Ø 500 × H min 290 / max 2040 mm e Ø 765 × H min 290 / max 2040 mm. La sorgente è definita da: attacco GX53; numero di luci 5 e 8; potenza GX53 max 5 x 9W e GX53 max 8 x 9W; non dimmerabile secondo i dati di catalogo; sorgente o lampadina inclusa. Misura e altezza di sospensione incidono direttamente sull’effetto finale: un modello regolato più vicino al piano concentra l’attenzione su tavolo o bancone, mentre una discesa più ampia valorizza soffitti alti e composizioni scenografiche. La scheda Ideal Lux aggiunge questi dettagli costruttivi: Montatura in metallo verniciato a polveri. Cavo elettrico in pvc. Sorgenti luminose a LED sostituibili. Le configurazioni presenti a catalogo comprendono Minor round sp5 – 5 Sorgenti Luminose e Minor round sp8 – 8 Sorgenti Luminose.</p><p>Per dimensioni e presenza decorativa, Ideal Lux Minor round sp5 si presta a saloni, soggiorni ampi, vani scala, hall, boutique e sale ristorante. In casa può diventare il fulcro del soggiorno, della sala da pranzo o di un vano scala ampio; nel contract valorizza hall, lounge, sale ristorante, boutique e aree accoglienza alberghiere. In camere o ambienti contenuti occorre controllare con precisione l’ingombro. In bagno, come per ogni sospensione da interno, l’installazione è valutabile solo in posizioni compatibili con requisiti tecnici e zone elettriche previste.</p><p>Scegliere Ideal Lux Minor round sp5 significa confrontare finiture, dimensioni, numero di luci, sorgente o attacco, potenza e possibilità di dimmerazione prima dell’acquisto. Una sospensione ben dimensionata migliora la qualità della luce, valorizza arredi e materiali e contribuisce alla percezione dell’intero progetto. Questa scheda ecommerce riunisce le informazioni tecniche e d’uso utili a individuare la configurazione più adatta, con un testo orientato alla ricerca di lampade a sospensione Ideal Lux per abitazioni, locali commerciali e spazi professionali.</p>","Ideal Lux Minor round sp5: sospensione per interni in metallo per illuminare salone, living e hall. Scopri finiture, misure e varianti e acquista online."
"IL-CONFIG-259","<p>Ideal Lux Mint-1 sp1 è una lampada a sospensione per interni: una sospensione compatta adatta sia come punto luce singolo sia in composizioni multiple. La struttura è realizzata in metallo e vetro. La gamma comprende 2 varianti selezionabili, nelle finiture fumè e verde, con misure Ø 140 × H min 485 / max 2235 mm. La sorgente è definita da: attacco E27; numero di luci 1; potenza E27 max 1 x 60W; non dimmerabile secondo i dati di catalogo; lampadina non indicata come inclusa. Tra le combinazioni selezionabili figurano Mint – 1 sp1 – Fumé e Mint – 1 sp1 – Verde. La sospensione è indicata per penisole, comodini a sospensione, corridoi, banconi bar e piccoli tavoli. L’installazione è pensata per ambienti interni e va definita in base all’altezza disponibile e al progetto luce. Dimensioni, altezza regolabile, finitura, sorgente e potenza permettono di scegliere la configurazione più coerente con arredo, volume dell’ambiente e resa luminosa desiderata.</p>","<p>Ideal Lux Mint-1 sp1 è una lampada a sospensione per interni pensata per chi desidera una sospensione compatta adatta sia come punto luce singolo sia in composizioni multiple. Il corpo illuminante scende dal soffitto e trasforma la luce in un elemento d’arredo, utile per definire una zona, sottolineare un piano o dare identità al volume dell’ambiente senza occupare superfici. La composizione in metallo e vetro caratterizza la percezione del modello e permette di inserirlo in progetti residenziali e, dove appropriato, in spazi contract o hospitality.</p><p>La scelta della variante deve partire dalle caratteristiche reali del prodotto. La gamma comprende 2 varianti selezionabili, nelle finiture fumè e verde, con misure Ø 140 × H min 485 / max 2235 mm. La sorgente è definita da: attacco E27; numero di luci 1; potenza E27 max 1 x 60W; non dimmerabile secondo i dati di catalogo; lampadina non indicata come inclusa. Misura e altezza di sospensione incidono direttamente sull’effetto finale: un modello regolato più vicino al piano concentra l’attenzione su tavolo o bancone, mentre una discesa più ampia valorizza soffitti alti e composizioni scenografiche. La scheda Ideal Lux aggiunge questi dettagli costruttivi: Montatura in metallo con finitura ottone satinato e rosone nero opaco. Cavo rivestito in tessuto. Diffusore in vetro soffiato con rigatura in rilievo. Disponibile nelle finiture fumè o verde. Le configurazioni presenti a catalogo comprendono Mint – 1 sp1 – Fumé e Mint – 1 sp1 – Verde.</p><p>Il formato compatto rende Ideal Lux Mint-1 sp1 particolarmente utile in penisole, comodini a sospensione, corridoi, banconi bar e piccoli tavoli. Una singola sospensione può illuminare un tavolino, un angolo lettura o una zona comodino; più elementi coordinati possono comporre un ritmo sopra penisole, banconi o percorsi. È una soluzione interessante anche per bistrot e negozi che ricercano piccoli punti luce ripetuti. Per l’uso in bagno è necessario verificare protezione, posizione e distanze previste dalle norme.</p><p>Scegliere Ideal Lux Mint-1 sp1 significa confrontare finiture, dimensioni, numero di luci, sorgente o attacco, potenza e possibilità di dimmerazione prima dell’acquisto. Una sospensione ben dimensionata migliora la qualità della luce, valorizza arredi e materiali e contribuisce alla percezione dell’intero progetto. Questa scheda ecommerce riunisce le informazioni tecniche e d’uso utili a individuare la configurazione più adatta, con un testo orientato alla ricerca di lampade a sospensione Ideal Lux per abitazioni, locali commerciali e spazi professionali.</p>","Ideal Lux Mint-1 sp1: lampada a sospensione per interni in metallo e vetro, ideale per living e spazi contract. Scopri finiture e misure e acquista online."
"IL-CONFIG-260","<p>Ideal Lux Mint-2 sp1 è una lampada a sospensione per interni: una sospensione compatta adatta sia come punto luce singolo sia in composizioni multiple. La struttura è realizzata in metallo e vetro. La gamma comprende 2 varianti selezionabili, nelle finiture fumè e verde, con misure Ø 240 × H min 435 / max 2185 mm. La sorgente è definita da: attacco E27; numero di luci 1; potenza E27 max 1 x 60W; non dimmerabile secondo i dati di catalogo; lampadina non indicata come inclusa. Tra le combinazioni selezionabili figurano Mint – 2 sp1 – Fumé e Mint – 2 sp1 – Verde. La sospensione è indicata per penisole, comodini a sospensione, corridoi, banconi bar e piccoli tavoli. L’installazione è pensata per ambienti interni e va definita in base all’altezza disponibile e al progetto luce. Dimensioni, altezza regolabile, finitura, sorgente e potenza permettono di scegliere la configurazione più coerente con arredo, volume dell’ambiente e resa luminosa desiderata.</p>","<p>Ideal Lux Mint-2 sp1 è una lampada a sospensione per interni pensata per chi desidera una sospensione compatta adatta sia come punto luce singolo sia in composizioni multiple. Il corpo illuminante scende dal soffitto e trasforma la luce in un elemento d’arredo, utile per definire una zona, sottolineare un piano o dare identità al volume dell’ambiente senza occupare superfici. La composizione in metallo e vetro caratterizza la percezione del modello e permette di inserirlo in progetti residenziali e, dove appropriato, in spazi contract o hospitality.</p><p>La scelta della variante deve partire dalle caratteristiche reali del prodotto. La gamma comprende 2 varianti selezionabili, nelle finiture fumè e verde, con misure Ø 240 × H min 435 / max 2185 mm. La sorgente è definita da: attacco E27; numero di luci 1; potenza E27 max 1 x 60W; non dimmerabile secondo i dati di catalogo; lampadina non indicata come inclusa. Misura e altezza di sospensione incidono direttamente sull’effetto finale: un modello regolato più vicino al piano concentra l’attenzione su tavolo o bancone, mentre una discesa più ampia valorizza soffitti alti e composizioni scenografiche. La scheda Ideal Lux aggiunge questi dettagli costruttivi: Montatura in metallo con finitura ottone satinato e rosone nero opaco. Cavo rivestito in tessuto. Diffusore in vetro soffiato con rigatura in rilievo. Disponibile nelle finiture fumè o verde. Le configurazioni presenti a catalogo comprendono Mint – 2 sp1 – Fumé e Mint – 2 sp1 – Verde.</p><p>Il formato compatto rende Ideal Lux Mint-2 sp1 particolarmente utile in penisole, comodini a sospensione, corridoi, banconi bar e piccoli tavoli. Una singola sospensione può illuminare un tavolino, un angolo lettura o una zona comodino; più elementi coordinati possono comporre un ritmo sopra penisole, banconi o percorsi. È una soluzione interessante anche per bistrot e negozi che ricercano piccoli punti luce ripetuti. Per l’uso in bagno è necessario verificare protezione, posizione e distanze previste dalle norme.</p><p>Scegliere Ideal Lux Mint-2 sp1 significa confrontare finiture, dimensioni, numero di luci, sorgente o attacco, potenza e possibilità di dimmerazione prima dell’acquisto. Una sospensione ben dimensionata migliora la qualità della luce, valorizza arredi e materiali e contribuisce alla percezione dell’intero progetto. Questa scheda ecommerce riunisce le informazioni tecniche e d’uso utili a individuare la configurazione più adatta, con un testo orientato alla ricerca di lampade a sospensione Ideal Lux per abitazioni, locali commerciali e spazi professionali.</p>","Ideal Lux Mint-2 sp1: lampada a sospensione per interni in metallo e vetro, ideale per living e spazi contract. Scopri finiture e misure e acquista online."
"IL-CONFIG-261","<p>Ideal Lux Mint-3 sp1 è una lampada a sospensione per interni: una sospensione compatta adatta sia come punto luce singolo sia in composizioni multiple. La struttura è realizzata in metallo e vetro. La gamma comprende 2 varianti selezionabili, nelle finiture fumè e verde, con misure Ø 200 × H min 550 / max 2300 mm. La sorgente è definita da: attacco E27; numero di luci 1; potenza E27 max 1 x 60W; non dimmerabile secondo i dati di catalogo; lampadina non indicata come inclusa. Tra le combinazioni selezionabili figurano Mint – 3 sp1 – Fumé e Mint – 3 sp1 – Verde. La sospensione è indicata per penisole, comodini a sospensione, corridoi, banconi bar e piccoli tavoli. L’installazione è pensata per ambienti interni e va definita in base all’altezza disponibile e al progetto luce. Dimensioni, altezza regolabile, finitura, sorgente e potenza permettono di scegliere la configurazione più coerente con arredo, volume dell’ambiente e resa luminosa desiderata.</p>","<p>Ideal Lux Mint-3 sp1 è una lampada a sospensione per interni pensata per chi desidera una sospensione compatta adatta sia come punto luce singolo sia in composizioni multiple. Il corpo illuminante scende dal soffitto e trasforma la luce in un elemento d’arredo, utile per definire una zona, sottolineare un piano o dare identità al volume dell’ambiente senza occupare superfici. La composizione in metallo e vetro caratterizza la percezione del modello e permette di inserirlo in progetti residenziali e, dove appropriato, in spazi contract o hospitality.</p><p>La scelta della variante deve partire dalle caratteristiche reali del prodotto. La gamma comprende 2 varianti selezionabili, nelle finiture fumè e verde, con misure Ø 200 × H min 550 / max 2300 mm. La sorgente è definita da: attacco E27; numero di luci 1; potenza E27 max 1 x 60W; non dimmerabile secondo i dati di catalogo; lampadina non indicata come inclusa. Misura e altezza di sospensione incidono direttamente sull’effetto finale: un modello regolato più vicino al piano concentra l’attenzione su tavolo o bancone, mentre una discesa più ampia valorizza soffitti alti e composizioni scenografiche. La scheda Ideal Lux aggiunge questi dettagli costruttivi: Montatura in metallo con finitura ottone satinato e rosone nero opaco. Cavo rivestito in tessuto. Diffusore in vetro soffiato con rigatura in rilievo. Disponibile nelle finiture fumè o verde. Le configurazioni presenti a catalogo comprendono Mint – 3 sp1 – Fumé e Mint – 3 sp1 – Verde.</p><p>Il formato compatto rende Ideal Lux Mint-3 sp1 particolarmente utile in penisole, comodini a sospensione, corridoi, banconi bar e piccoli tavoli. Una singola sospensione può illuminare un tavolino, un angolo lettura o una zona comodino; più elementi coordinati possono comporre un ritmo sopra penisole, banconi o percorsi. È una soluzione interessante anche per bistrot e negozi che ricercano piccoli punti luce ripetuti. Per l’uso in bagno è necessario verificare protezione, posizione e distanze previste dalle norme.</p><p>Scegliere Ideal Lux Mint-3 sp1 significa confrontare finiture, dimensioni, numero di luci, sorgente o attacco, potenza e possibilità di dimmerazione prima dell’acquisto. Una sospensione ben dimensionata migliora la qualità della luce, valorizza arredi e materiali e contribuisce alla percezione dell’intero progetto. Questa scheda ecommerce riunisce le informazioni tecniche e d’uso utili a individuare la configurazione più adatta, con un testo orientato alla ricerca di lampade a sospensione Ideal Lux per abitazioni, locali commerciali e spazi professionali.</p>","Ideal Lux Mint-3 sp1: lampada a sospensione per interni in metallo e vetro, ideale per living e spazi contract. Scopri finiture e misure e acquista online."
"IL-CONFIG-262","<p>Ideal Lux Miracle sp è una lampada a sospensione per interni: una sospensione compatta adatta sia come punto luce singolo sia in composizioni multiple. La struttura è realizzata in alluminio e materiale plastico. La gamma comprende 3 varianti selezionabili, nelle finiture bianco, con misure Ø 400 × H min 705 / max 2180 mm, Ø 600 × H min 705 / max 2180 mm e Ø 800 × H min 450 / max 2220 mm. La sorgente è definita da: sorgente LED; numero di luci 1; potenza LED 25W, LED 37W e LED 45W; non dimmerabile secondo i dati di catalogo; sorgente o lampadina inclusa. Tra le combinazioni selezionabili figurano Miracle sp – Diametro – 40cm, Miracle sp – Diametro – 60cm e Miracle sp – Diametro – 80cm. La sospensione è indicata per penisole, comodini a sospensione, corridoi, banconi bar e piccoli tavoli. L’installazione è pensata per ambienti interni e va definita in base all’altezza disponibile e al progetto luce. Dimensioni, altezza regolabile, finitura, sorgente e potenza permettono di scegliere la configurazione più coerente con arredo, volume dell’ambiente e resa luminosa desiderata.</p>","<p>Ideal Lux Miracle sp è una lampada a sospensione per interni pensata per chi desidera una sospensione compatta adatta sia come punto luce singolo sia in composizioni multiple. Il corpo illuminante scende dal soffitto e trasforma la luce in un elemento d’arredo, utile per definire una zona, sottolineare un piano o dare identità al volume dell’ambiente senza occupare superfici. La composizione in alluminio e materiale plastico caratterizza la percezione del modello e permette di inserirlo in progetti residenziali e, dove appropriato, in spazi contract o hospitality.</p><p>La scelta della variante deve partire dalle caratteristiche reali del prodotto. La gamma comprende 3 varianti selezionabili, nelle finiture bianco, con misure Ø 400 × H min 705 / max 2180 mm, Ø 600 × H min 705 / max 2180 mm e Ø 800 × H min 450 / max 2220 mm. La sorgente è definita da: sorgente LED; numero di luci 1; potenza LED 25W, LED 37W e LED 45W; non dimmerabile secondo i dati di catalogo; sorgente o lampadina inclusa. Misura e altezza di sospensione incidono direttamente sull’effetto finale: un modello regolato più vicino al piano concentra l’attenzione su tavolo o bancone, mentre una discesa più ampia valorizza soffitti alti e composizioni scenografiche. Le configurazioni presenti a catalogo comprendono Miracle sp – Diametro – 40cm, Miracle sp – Diametro – 60cm e Miracle sp – Diametro – 80cm.</p><p>Il formato compatto rende Ideal Lux Miracle sp particolarmente utile in penisole, comodini a sospensione, corridoi, banconi bar e piccoli tavoli. Una singola sospensione può illuminare un tavolino, un angolo lettura o una zona comodino; più elementi coordinati possono comporre un ritmo sopra penisole, banconi o percorsi. È una soluzione interessante anche per bistrot e negozi che ricercano piccoli punti luce ripetuti. Per l’uso in bagno è necessario verificare protezione, posizione e distanze previste dalle norme.</p><p>Scegliere Ideal Lux Miracle sp significa confrontare finiture, dimensioni, numero di luci, sorgente o attacco, potenza e possibilità di dimmerazione prima dell’acquisto. Una sospensione ben dimensionata migliora la qualità della luce, valorizza arredi e materiali e contribuisce alla percezione dell’intero progetto. Questa scheda ecommerce riunisce le informazioni tecniche e d’uso utili a individuare la configurazione più adatta, con un testo orientato alla ricerca di lampade a sospensione Ideal Lux per abitazioni, locali commerciali e spazi professionali.</p>","Ideal Lux Miracle sp: sospensione da interno in alluminio e materiale plastico, pensata per living e spazi contract. Scopri la collezione e acquista online."
"IL-CONFIG-263","<p>Ideal Lux Mix up msp1 è una lampada a sospensione per interni: una sospensione compatta adatta sia come punto luce singolo sia in composizioni multiple. La struttura è realizzata in metallo e PVC. La gamma comprende 2 varianti selezionabili, nelle finiture bianco e nero, con misure Ø 45 × H min 368 / max 2300 mm. La sorgente è definita da: attacco E27; numero di luci 1; potenza E27 max1 x 60W; non dimmerabile secondo i dati di catalogo; lampadina non indicata come inclusa. Tra le combinazioni selezionabili figurano Mix up msp1 – Bianco e Mix up msp1 – Nero. La sospensione è indicata per penisole, comodini a sospensione, corridoi, banconi bar e piccoli tavoli. L’installazione è pensata per ambienti interni e va definita in base all’altezza disponibile e al progetto luce. Dimensioni, altezza regolabile, finitura, sorgente e potenza permettono di scegliere la configurazione più coerente con arredo, volume dell’ambiente e resa luminosa desiderata.</p>","<p>Ideal Lux Mix up msp1 è una lampada a sospensione per interni pensata per chi desidera una sospensione compatta adatta sia come punto luce singolo sia in composizioni multiple. Il corpo illuminante scende dal soffitto e trasforma la luce in un elemento d’arredo, utile per definire una zona, sottolineare un piano o dare identità al volume dell’ambiente senza occupare superfici. La composizione in metallo e PVC caratterizza la percezione del modello e permette di inserirlo in progetti residenziali e, dove appropriato, in spazi contract o hospitality.</p><p>La scelta della variante deve partire dalle caratteristiche reali del prodotto. La gamma comprende 2 varianti selezionabili, nelle finiture bianco e nero, con misure Ø 45 × H min 368 / max 2300 mm. La sorgente è definita da: attacco E27; numero di luci 1; potenza E27 max1 x 60W; non dimmerabile secondo i dati di catalogo; lampadina non indicata come inclusa. Misura e altezza di sospensione incidono direttamente sull’effetto finale: un modello regolato più vicino al piano concentra l’attenzione su tavolo o bancone, mentre una discesa più ampia valorizza soffitti alti e composizioni scenografiche. Le configurazioni presenti a catalogo comprendono Mix up msp1 – Bianco e Mix up msp1 – Nero.</p><p>Il formato compatto rende Ideal Lux Mix up msp1 particolarmente utile in penisole, comodini a sospensione, corridoi, banconi bar e piccoli tavoli. Una singola sospensione può illuminare un tavolino, un angolo lettura o una zona comodino; più elementi coordinati possono comporre un ritmo sopra penisole, banconi o percorsi. È una soluzione interessante anche per bistrot e negozi che ricercano piccoli punti luce ripetuti. Per l’uso in bagno è necessario verificare protezione, posizione e distanze previste dalle norme.</p><p>Scegliere Ideal Lux Mix up msp1 significa confrontare finiture, dimensioni, numero di luci, sorgente o attacco, potenza e possibilità di dimmerazione prima dell’acquisto. Una sospensione ben dimensionata migliora la qualità della luce, valorizza arredi e materiali e contribuisce alla percezione dell’intero progetto. Questa scheda ecommerce riunisce le informazioni tecniche e d’uso utili a individuare la configurazione più adatta, con un testo orientato alla ricerca di lampade a sospensione Ideal Lux per abitazioni, locali commerciali e spazi professionali.</p>","Ideal Lux Mix up msp1: lampada a sospensione per interni in metallo e PVC, ideale per living e spazi contract. Scegli la variante ideale e acquista online."
"IL-CONFIG-264","<p>Ideal Lux Moby sp1 è una lampada a sospensione per interni: una sospensione decorativa versatile, studiata per valorizzare l’arredo con luce dall’alto. La struttura è realizzata in metallo. La gamma comprende 3 varianti selezionabili, nelle finiture bianco, nero e rame, con misure Ø 350 × H min 475 / max 2225 mm. La sorgente è definita da: attacco E27; numero di luci 1; potenza E27 max 1 x 42W; non dimmerabile secondo i dati di catalogo; lampadina non indicata come inclusa. Tra le combinazioni selezionabili figurano Moby sp1 – Bianco, Moby sp1 – Nero e Moby sp1 – Rame. La sospensione è indicata per soggiorni, zone pranzo, camere, ingressi, ristoranti e boutique. L’installazione è pensata per ambienti interni e va definita in base all’altezza disponibile e al progetto luce. Dimensioni, altezza regolabile, finitura, sorgente e potenza permettono di scegliere la configurazione più coerente con arredo, volume dell’ambiente e resa luminosa desiderata.</p>","<p>Ideal Lux Moby sp1 è una lampada a sospensione per interni pensata per chi desidera una sospensione decorativa versatile, studiata per valorizzare l’arredo con luce dall’alto. Il corpo illuminante scende dal soffitto e trasforma la luce in un elemento d’arredo, utile per definire una zona, sottolineare un piano o dare identità al volume dell’ambiente senza occupare superfici. La composizione in metallo caratterizza la percezione del modello e permette di inserirlo in progetti residenziali e, dove appropriato, in spazi contract o hospitality.</p><p>La scelta della variante deve partire dalle caratteristiche reali del prodotto. La gamma comprende 3 varianti selezionabili, nelle finiture bianco, nero e rame, con misure Ø 350 × H min 475 / max 2225 mm. La sorgente è definita da: attacco E27; numero di luci 1; potenza E27 max 1 x 42W; non dimmerabile secondo i dati di catalogo; lampadina non indicata come inclusa. Misura e altezza di sospensione incidono direttamente sull’effetto finale: un modello regolato più vicino al piano concentra l’attenzione su tavolo o bancone, mentre una discesa più ampia valorizza soffitti alti e composizioni scenografiche. La scheda Ideal Lux aggiunge questi dettagli costruttivi: Montatura e diffusore in metallo con interno bianco. Disponibile nelle finiture bianco, nero o rame. Le configurazioni presenti a catalogo comprendono Moby sp1 – Bianco, Moby sp1 – Nero e Moby sp1 – Rame.</p><p>La versatilità del modello favorisce l’utilizzo in soggiorni, zone pranzo, camere, ingressi, ristoranti e boutique. In soggiorno e zona living la sospensione crea un punto focale; in cucina può illuminare isola o penisola quando dimensioni e quota sono proporzionate; in camera da letto aggiunge una componente decorativa e funzionale. In locali commerciali è adatta a tavoli di ristoranti e bistrot, lounge, vetrine interne o aree accoglienza. Per corridoio, cameretta e bagno è opportuno valutare ingombro, altezza e compatibilità tecnica con lo spazio.</p><p>Scegliere Ideal Lux Moby sp1 significa confrontare finiture, dimensioni, numero di luci, sorgente o attacco, potenza e possibilità di dimmerazione prima dell’acquisto. Una sospensione ben dimensionata migliora la qualità della luce, valorizza arredi e materiali e contribuisce alla percezione dell’intero progetto. Questa scheda ecommerce riunisce le informazioni tecniche e d’uso utili a individuare la configurazione più adatta, con un testo orientato alla ricerca di lampade a sospensione Ideal Lux per abitazioni, locali commerciali e spazi professionali.</p>","Ideal Lux Moby sp1: lampada a sospensione per interni in metallo, ideale per living e spazi contract. Scopri finiture, misure e varianti e acquista online."
"IL-CONFIG-265","<p>Ideal Lux Monet sp5 è una lampada a sospensione per interni: una sospensione materica che aggiunge texture e calore all’arredo. La struttura è realizzata in legno e metallo. La gamma comprende 2 varianti selezionabili, nelle finiture bianco, con misure Ø 400 × H min 870 / max 1500 mm e Ø 500 × H min 1090 / max 1800 mm. La sorgente è definita da: attacco E14; numero di luci 5 e 6; potenza E14 max 5 x 40W e E14 max 6 x 40W; non dimmerabile secondo i dati di catalogo; lampadina non indicata come inclusa. Tra le combinazioni selezionabili figurano Monet sp5 – 5 Sorgenti Luminose e Monet sp6 – 6 Sorgenti Luminose. La sospensione è indicata per zona living, sala da pranzo, camera da letto, bistrot e spazi hospitality. L’installazione è pensata per ambienti interni e va definita in base all’altezza disponibile e al progetto luce. Dimensioni, altezza regolabile, finitura, sorgente e potenza permettono di scegliere la configurazione più coerente con arredo, volume dell’ambiente e resa luminosa desiderata.</p>","<p>Ideal Lux Monet sp5 è una lampada a sospensione per interni pensata per chi desidera una sospensione materica che aggiunge texture e calore all’arredo. Il corpo illuminante scende dal soffitto e trasforma la luce in un elemento d’arredo, utile per definire una zona, sottolineare un piano o dare identità al volume dell’ambiente senza occupare superfici. La composizione in legno e metallo caratterizza la percezione del modello e permette di inserirlo in progetti residenziali e, dove appropriato, in spazi contract o hospitality.</p><p>La scelta della variante deve partire dalle caratteristiche reali del prodotto. La gamma comprende 2 varianti selezionabili, nelle finiture bianco, con misure Ø 400 × H min 870 / max 1500 mm e Ø 500 × H min 1090 / max 1800 mm. La sorgente è definita da: attacco E14; numero di luci 5 e 6; potenza E14 max 5 x 40W e E14 max 6 x 40W; non dimmerabile secondo i dati di catalogo; lampadina non indicata come inclusa. Misura e altezza di sospensione incidono direttamente sull’effetto finale: un modello regolato più vicino al piano concentra l’attenzione su tavolo o bancone, mentre una discesa più ampia valorizza soffitti alti e composizioni scenografiche. La scheda Ideal Lux aggiunge questi dettagli costruttivi: Montatura in metallo con fasce circolari decorate a sbalzo. Catene con perle in legno naturale. Finitura con vernice opaca bianca. Le configurazioni presenti a catalogo comprendono Monet sp5 – 5 Sorgenti Luminose e Monet sp6 – 6 Sorgenti Luminose.</p><p>Il carattere materico rende Ideal Lux Monet sp5 coerente con zona living, sala da pranzo, camera da letto, bistrot e spazi hospitality, soprattutto quando si desiderano texture e un’atmosfera accogliente. In una casa completa living, zona pranzo o camera da letto; in ristoranti, bistrot, lounge e strutture ricettive può rafforzare un progetto caldo e riconoscibile. In presenza di tessuto, legno, cemento o resina, il bagno e gli ambienti umidi richiedono particolare attenzione: l’impiego deve essere valutato rispetto alle specifiche del prodotto e alla corretta posa.</p><p>Scegliere Ideal Lux Monet sp5 significa confrontare finiture, dimensioni, numero di luci, sorgente o attacco, potenza e possibilità di dimmerazione prima dell’acquisto. Una sospensione ben dimensionata migliora la qualità della luce, valorizza arredi e materiali e contribuisce alla percezione dell’intero progetto. Questa scheda ecommerce riunisce le informazioni tecniche e d’uso utili a individuare la configurazione più adatta, con un testo orientato alla ricerca di lampade a sospensione Ideal Lux per abitazioni, locali commerciali e spazi professionali.</p>","Ideal Lux Monet sp5: lampada a sospensione per interni in legno e metallo, ideale per living e spazi contract. Scegli la variante ideale e acquista online."
"IL-CONFIG-266","<p>Ideal Lux Mr jack sp1 big è una lampada a sospensione per interni: una sospensione compatta adatta sia come punto luce singolo sia in composizioni multiple. La struttura è realizzata in metallo. La gamma comprende 5 varianti selezionabili, nelle finiture bianco, nero e cromo, con misure Ø 150 × H min 415 / max 2165 mm e Ø 110 × H min 385 / max 2135 mm. La sorgente è definita da: attacco GU10; numero di luci 1; potenza GU10 max 1 x 28W; non dimmerabile secondo i dati di catalogo; sorgente o lampadina inclusa. Tra le combinazioni selezionabili figurano Mr jack sp1 big – Bianco – Diametro – 15cm, Mr jack sp1 big – Nero – Diametro – 15cm, Mr jack sp1 small – Bianco – Diametro – 11cm, Mr jack sp1 small – Cromo – Diametro – 11cm e Mr jack sp1 small – Nero – Diametro – 11cm. La sospensione è indicata per penisole, comodini a sospensione, corridoi, banconi bar e piccoli tavoli. L’installazione è pensata per ambienti interni e va definita in base all’altezza disponibile e al progetto luce. Dimensioni, altezza regolabile, finitura, sorgente e potenza permettono di scegliere la configurazione più coerente con arredo, volume dell’ambiente e resa luminosa desiderata.</p>","<p>Ideal Lux Mr jack sp1 big è una lampada a sospensione per interni pensata per chi desidera una sospensione compatta adatta sia come punto luce singolo sia in composizioni multiple. Il corpo illuminante scende dal soffitto e trasforma la luce in un elemento d’arredo, utile per definire una zona, sottolineare un piano o dare identità al volume dell’ambiente senza occupare superfici. La composizione in metallo caratterizza la percezione del modello e permette di inserirlo in progetti residenziali e, dove appropriato, in spazi contract o hospitality.</p><p>La scelta della variante deve partire dalle caratteristiche reali del prodotto. La gamma comprende 5 varianti selezionabili, nelle finiture bianco, nero e cromo, con misure Ø 150 × H min 415 / max 2165 mm e Ø 110 × H min 385 / max 2135 mm. La sorgente è definita da: attacco GU10; numero di luci 1; potenza GU10 max 1 x 28W; non dimmerabile secondo i dati di catalogo; sorgente o lampadina inclusa. Misura e altezza di sospensione incidono direttamente sull’effetto finale: un modello regolato più vicino al piano concentra l’attenzione su tavolo o bancone, mentre una discesa più ampia valorizza soffitti alti e composizioni scenografiche. Le configurazioni presenti a catalogo comprendono Mr jack sp1 big – Bianco – Diametro – 15cm, Mr jack sp1 big – Nero – Diametro – 15cm, Mr jack sp1 small – Bianco – Diametro – 11cm, Mr jack sp1 small – Cromo – Diametro – 11cm e Mr jack sp1 small – Nero – Diametro – 11cm.</p><p>Il formato compatto rende Ideal Lux Mr jack sp1 big particolarmente utile in penisole, comodini a sospensione, corridoi, banconi bar e piccoli tavoli. Una singola sospensione può illuminare un tavolino, un angolo lettura o una zona comodino; più elementi coordinati possono comporre un ritmo sopra penisole, banconi o percorsi. È una soluzione interessante anche per bistrot e negozi che ricercano piccoli punti luce ripetuti. Per l’uso in bagno è necessario verificare protezione, posizione e distanze previste dalle norme.</p><p>Scegliere Ideal Lux Mr jack sp1 big significa confrontare finiture, dimensioni, numero di luci, sorgente o attacco, potenza e possibilità di dimmerazione prima dell’acquisto. Una sospensione ben dimensionata migliora la qualità della luce, valorizza arredi e materiali e contribuisce alla percezione dell’intero progetto. Questa scheda ecommerce riunisce le informazioni tecniche e d’uso utili a individuare la configurazione più adatta, con un testo orientato alla ricerca di lampade a sospensione Ideal Lux per abitazioni, locali commerciali e spazi professionali.</p>","Ideal Lux Mr jack sp1 big: sospensione per interni in metallo per illuminare living e spazi contract. Scopri finiture, misure e varianti e acquista online."
"IL-CONFIG-267","<p>Ideal Lux Nabucco sp12 è una lampada a sospensione per interni: una sospensione decorativa di forte presenza, progettata per diventare protagonista dello spazio. La struttura è realizzata in metallo e vetro. La gamma comprende 2 varianti selezionabili, nelle finiture oro, con misure Ø 600 × H min 550 / max 1470 mm e Ø 700 × H min 520 / max 1440 mm. La sorgente è definita da: attacco E14; numero di luci 12 e 16; potenza E14 max 12 x 40W e E14 max 16 x 40W; non dimmerabile secondo i dati di catalogo; lampadina non indicata come inclusa. Tra le combinazioni selezionabili figurano Nabucco sp12 – 12 Sorgenti Luminose e Nabucco sp16 – 16 Sorgenti Luminose. La sospensione è indicata per saloni, soggiorni ampi, vani scala, hall, boutique e sale ristorante. L’installazione è pensata per ambienti interni e va definita in base all’altezza disponibile e al progetto luce. Dimensioni, altezza regolabile, finitura, sorgente e potenza permettono di scegliere la configurazione più coerente con arredo, volume dell’ambiente e resa luminosa desiderata.</p>","<p>Ideal Lux Nabucco sp12 è una lampada a sospensione per interni pensata per chi desidera una sospensione decorativa di forte presenza, progettata per diventare protagonista dello spazio. Il corpo illuminante scende dal soffitto e trasforma la luce in un elemento d’arredo, utile per definire una zona, sottolineare un piano o dare identità al volume dell’ambiente senza occupare superfici. La composizione in metallo e vetro caratterizza la percezione del modello e permette di inserirlo in progetti residenziali e, dove appropriato, in spazi contract o hospitality.</p><p>La scelta della variante deve partire dalle caratteristiche reali del prodotto. La gamma comprende 2 varianti selezionabili, nelle finiture oro, con misure Ø 600 × H min 550 / max 1470 mm e Ø 700 × H min 520 / max 1440 mm. La sorgente è definita da: attacco E14; numero di luci 12 e 16; potenza E14 max 12 x 40W e E14 max 16 x 40W; non dimmerabile secondo i dati di catalogo; lampadina non indicata come inclusa. Misura e altezza di sospensione incidono direttamente sull’effetto finale: un modello regolato più vicino al piano concentra l’attenzione su tavolo o bancone, mentre una discesa più ampia valorizza soffitti alti e composizioni scenografiche. La scheda Ideal Lux aggiunge questi dettagli costruttivi: Montatura in metallo con finitura oro. Elementi decorativi in cristallo trasparente molato. Quadrati nella parte superiore e a losanga in quella inferiore. Copricatena in velluto. Le configurazioni presenti a catalogo comprendono Nabucco sp12 – 12 Sorgenti Luminose e Nabucco sp16 – 16 Sorgenti Luminose.</p><p>Per dimensioni e presenza decorativa, Ideal Lux Nabucco sp12 si presta a saloni, soggiorni ampi, vani scala, hall, boutique e sale ristorante. In casa può diventare il fulcro del soggiorno, della sala da pranzo o di un vano scala ampio; nel contract valorizza hall, lounge, sale ristorante, boutique e aree accoglienza alberghiere. In camere o ambienti contenuti occorre controllare con precisione l’ingombro. In bagno, come per ogni sospensione da interno, l’installazione è valutabile solo in posizioni compatibili con requisiti tecnici e zone elettriche previste.</p><p>Scegliere Ideal Lux Nabucco sp12 significa confrontare finiture, dimensioni, numero di luci, sorgente o attacco, potenza e possibilità di dimmerazione prima dell’acquisto. Una sospensione ben dimensionata migliora la qualità della luce, valorizza arredi e materiali e contribuisce alla percezione dell’intero progetto. Questa scheda ecommerce riunisce le informazioni tecniche e d’uso utili a individuare la configurazione più adatta, con un testo orientato alla ricerca di lampade a sospensione Ideal Lux per abitazioni, locali commerciali e spazi professionali.</p>","Ideal Lux Nabucco sp12: lampada a sospensione per interni in metallo e vetro, ideale per salone, living e hall. Scopri finiture e misure e acquista online."
"IL-CONFIG-268","<p>Ideal Lux Napoleon sp12 è una lampada a sospensione per interni: una sospensione decorativa di forte presenza, progettata per diventare protagonista dello spazio. La struttura è realizzata in cristallo e vetro. La gamma comprende 6 varianti selezionabili, nelle finiture cromo e oro, con misure Ø 740 × H min 880 / max 1700 mm, Ø 960 × H min 880 / max 1700 mm e Ø 670 × H min 890 / max 1700 mm. La sorgente è definita da: attacco E14; numero di luci 12, 18 e 8; potenza E14 max 12 x 40W, E14 max 18 x 40W e E14 max 8 x 40W; non dimmerabile secondo i dati di catalogo; lampadina non indicata come inclusa. Tra le combinazioni selezionabili figurano Napoleon sp12 – 12 Sorgenti Luminose – Cromo, Napoleon sp12 – 12 Sorgenti Luminose – Oro, Napoleon sp18 – 18 Sorgenti Luminose – Cromo, Napoleon sp18 – 18 Sorgenti Luminose – Oro, Napoleon sp8 – 8 Sorgenti Luminose – Cromo e altre 1 configurazioni. La sospensione è indicata per saloni, soggiorni ampi, vani scala, hall, boutique e sale ristorante. L’installazione è pensata per ambienti interni e va definita in base all’altezza disponibile e al progetto luce. Dimensioni, altezza regolabile, finitura, sorgente e potenza permettono di scegliere la configurazione più coerente con arredo, volume dell’ambiente e resa luminosa desiderata.</p>","<p>Ideal Lux Napoleon sp12 è una lampada a sospensione per interni pensata per chi desidera una sospensione decorativa di forte presenza, progettata per diventare protagonista dello spazio. Il corpo illuminante scende dal soffitto e trasforma la luce in un elemento d’arredo, utile per definire una zona, sottolineare un piano o dare identità al volume dell’ambiente senza occupare superfici. La composizione in cristallo e vetro caratterizza la percezione del modello e permette di inserirlo in progetti residenziali e, dove appropriato, in spazi contract o hospitality.</p><p>La scelta della variante deve partire dalle caratteristiche reali del prodotto. La gamma comprende 6 varianti selezionabili, nelle finiture cromo e oro, con misure Ø 740 × H min 880 / max 1700 mm, Ø 960 × H min 880 / max 1700 mm e Ø 670 × H min 890 / max 1700 mm. La sorgente è definita da: attacco E14; numero di luci 12, 18 e 8; potenza E14 max 12 x 40W, E14 max 18 x 40W e E14 max 8 x 40W; non dimmerabile secondo i dati di catalogo; lampadina non indicata come inclusa. Misura e altezza di sospensione incidono direttamente sull’effetto finale: un modello regolato più vicino al piano concentra l’attenzione su tavolo o bancone, mentre una discesa più ampia valorizza soffitti alti e composizioni scenografiche. La scheda Ideal Lux aggiunge questi dettagli costruttivi: Montatura in metallo cromato o dorato. Elementi decorativi in vetro soffiato e cristallo molato. Copricatena in velluto. Le configurazioni presenti a catalogo comprendono Napoleon sp12 – 12 Sorgenti Luminose – Cromo, Napoleon sp12 – 12 Sorgenti Luminose – Oro, Napoleon sp18 – 18 Sorgenti Luminose – Cromo, Napoleon sp18 – 18 Sorgenti Luminose – Oro, Napoleon sp8 – 8 Sorgenti Luminose – Cromo e Napoleon sp8 – 8 Sorgenti Luminose – Oro.</p><p>Per dimensioni e presenza decorativa, Ideal Lux Napoleon sp12 si presta a saloni, soggiorni ampi, vani scala, hall, boutique e sale ristorante. In casa può diventare il fulcro del soggiorno, della sala da pranzo o di un vano scala ampio; nel contract valorizza hall, lounge, sale ristorante, boutique e aree accoglienza alberghiere. In camere o ambienti contenuti occorre controllare con precisione l’ingombro. In bagno, come per ogni sospensione da interno, l’installazione è valutabile solo in posizioni compatibili con requisiti tecnici e zone elettriche previste.</p><p>Scegliere Ideal Lux Napoleon sp12 significa confrontare finiture, dimensioni, numero di luci, sorgente o attacco, potenza e possibilità di dimmerazione prima dell’acquisto. Una sospensione ben dimensionata migliora la qualità della luce, valorizza arredi e materiali e contribuisce alla percezione dell’intero progetto. Questa scheda ecommerce riunisce le informazioni tecniche e d’uso utili a individuare la configurazione più adatta, con un testo orientato alla ricerca di lampade a sospensione Ideal Lux per abitazioni, locali commerciali e spazi professionali.</p>","Ideal Lux Napoleon sp12: lampada a sospensione per interni in cristallo e vetro, ideale per salone, living e hall. Scopri la collezione e acquista online."
"IL-CONFIG-269","<p>Ideal Lux Negresco sp10 è una lampada a sospensione per interni: una sospensione decorativa di forte presenza, progettata per diventare protagonista dello spazio. La struttura è realizzata in cristallo e vetro. La gamma comprende 2 varianti selezionabili, nelle finiture oro, con misure Ø 850 × H min 850 / max 1100 mm e Ø 735 × H min 755 / max 1550 mm. La sorgente è definita da: attacco E14; numero di luci 10 e 8; potenza E14 max 10 x 28W e E14 max 8 x 28W; non dimmerabile secondo i dati di catalogo; lampadina non indicata come inclusa. Tra le combinazioni selezionabili figurano Negresco sp10 – 10 Sorgenti Luminose e Negresco sp8 – 8 Sorgenti Luminose. La sospensione è indicata per saloni, soggiorni ampi, vani scala, hall, boutique e sale ristorante. L’installazione è pensata per ambienti interni e va definita in base all’altezza disponibile e al progetto luce. Dimensioni, altezza regolabile, finitura, sorgente e potenza permettono di scegliere la configurazione più coerente con arredo, volume dell’ambiente e resa luminosa desiderata.</p>","<p>Ideal Lux Negresco sp10 è una lampada a sospensione per interni pensata per chi desidera una sospensione decorativa di forte presenza, progettata per diventare protagonista dello spazio. Il corpo illuminante scende dal soffitto e trasforma la luce in un elemento d’arredo, utile per definire una zona, sottolineare un piano o dare identità al volume dell’ambiente senza occupare superfici. La composizione in cristallo e vetro caratterizza la percezione del modello e permette di inserirlo in progetti residenziali e, dove appropriato, in spazi contract o hospitality.</p><p>La scelta della variante deve partire dalle caratteristiche reali del prodotto. La gamma comprende 2 varianti selezionabili, nelle finiture oro, con misure Ø 850 × H min 850 / max 1100 mm e Ø 735 × H min 755 / max 1550 mm. La sorgente è definita da: attacco E14; numero di luci 10 e 8; potenza E14 max 10 x 28W e E14 max 8 x 28W; non dimmerabile secondo i dati di catalogo; lampadina non indicata come inclusa. Misura e altezza di sospensione incidono direttamente sull’effetto finale: un modello regolato più vicino al piano concentra l’attenzione su tavolo o bancone, mentre una discesa più ampia valorizza soffitti alti e composizioni scenografiche. La scheda Ideal Lux aggiunge questi dettagli costruttivi: Montatura in metallo con finitura in cromo o dorata. Bracci in vetro soffiato trasparente con interno dorato nella versione oro. Centrale composto da blocchi di cristallo molato. Elementi decorativi in vetro trasparente e cristallo molato. Le configurazioni presenti a catalogo comprendono Negresco sp10 – 10 Sorgenti Luminose e Negresco sp8 – 8 Sorgenti Luminose.</p><p>Per dimensioni e presenza decorativa, Ideal Lux Negresco sp10 si presta a saloni, soggiorni ampi, vani scala, hall, boutique e sale ristorante. In casa può diventare il fulcro del soggiorno, della sala da pranzo o di un vano scala ampio; nel contract valorizza hall, lounge, sale ristorante, boutique e aree accoglienza alberghiere. In camere o ambienti contenuti occorre controllare con precisione l’ingombro. In bagno, come per ogni sospensione da interno, l’installazione è valutabile solo in posizioni compatibili con requisiti tecnici e zone elettriche previste.</p><p>Scegliere Ideal Lux Negresco sp10 significa confrontare finiture, dimensioni, numero di luci, sorgente o attacco, potenza e possibilità di dimmerazione prima dell’acquisto. Una sospensione ben dimensionata migliora la qualità della luce, valorizza arredi e materiali e contribuisce alla percezione dell’intero progetto. Questa scheda ecommerce riunisce le informazioni tecniche e d’uso utili a individuare la configurazione più adatta, con un testo orientato alla ricerca di lampade a sospensione Ideal Lux per abitazioni, locali commerciali e spazi professionali.</p>","Ideal Lux Negresco sp10: lampada a sospensione per interni in cristallo e vetro, ideale per salone, living e hall. Scopri la collezione e acquista online."
"IL-CONFIG-270","<p>Ideal Lux Nemo sp1 è una lampada a sospensione per interni: una sospensione compatta adatta sia come punto luce singolo sia in composizioni multiple. La struttura è realizzata in metallo e vetro. La gamma comprende 16 varianti selezionabili, nelle finiture ambra, cromo sfumato, fumè, rame, trasparente e cromo, con misure Ø 200 × H min 430 / max 2180 mm, Ø 300 × H min 525 / max 2275 mm, Ø 400 × H min 620 / max 2370 mm e Ø 500 × H min 740 / max 2490 mm. La sorgente è definita da: attacco E27; numero di luci 1; potenza E27 max 1 x 42W; non dimmerabile secondo i dati di catalogo; lampadina non indicata come inclusa. Tra le combinazioni selezionabili figurano Nemo sp1 – Ambra – Diametro – 20cm, Nemo sp1 – Cromo – Diametro – 20cm, Nemo sp1 – Fumé – Diametro – 20cm, Nemo sp1 – Rame – Diametro – 20cm, Nemo sp1 – Ambra – Diametro – 30cm e altre 10 configurazioni. La sospensione è indicata per penisole, comodini a sospensione, corridoi, banconi bar e piccoli tavoli. L’installazione è pensata per ambienti interni e va definita in base all’altezza disponibile e al progetto luce. Dimensioni, altezza regolabile, finitura, sorgente e potenza permettono di scegliere la configurazione più coerente con arredo, volume dell’ambiente e resa luminosa desiderata.</p>","<p>Ideal Lux Nemo sp1 è una lampada a sospensione per interni pensata per chi desidera una sospensione compatta adatta sia come punto luce singolo sia in composizioni multiple. Il corpo illuminante scende dal soffitto e trasforma la luce in un elemento d’arredo, utile per definire una zona, sottolineare un piano o dare identità al volume dell’ambiente senza occupare superfici. La composizione in metallo e vetro caratterizza la percezione del modello e permette di inserirlo in progetti residenziali e, dove appropriato, in spazi contract o hospitality.</p><p>La scelta della variante deve partire dalle caratteristiche reali del prodotto. La gamma comprende 16 varianti selezionabili, nelle finiture ambra, cromo sfumato, fumè, rame, trasparente e cromo, con misure Ø 200 × H min 430 / max 2180 mm, Ø 300 × H min 525 / max 2275 mm, Ø 400 × H min 620 / max 2370 mm e Ø 500 × H min 740 / max 2490 mm. La sorgente è definita da: attacco E27; numero di luci 1; potenza E27 max 1 x 42W; non dimmerabile secondo i dati di catalogo; lampadina non indicata come inclusa. Misura e altezza di sospensione incidono direttamente sull’effetto finale: un modello regolato più vicino al piano concentra l’attenzione su tavolo o bancone, mentre una discesa più ampia valorizza soffitti alti e composizioni scenografiche. La scheda Ideal Lux aggiunge questi dettagli costruttivi: Diffusore in vetro soffiato. Disponibile in versione fumè, trasparente, rame, cromo sfumato o ambra. Le configurazioni presenti a catalogo comprendono Nemo sp1 – Ambra – Diametro – 20cm, Nemo sp1 – Cromo – Diametro – 20cm, Nemo sp1 – Fumé – Diametro – 20cm, Nemo sp1 – Rame – Diametro – 20cm, Nemo sp1 – Ambra – Diametro – 30cm, Nemo sp1 – Cromo – Diametro – 30cm, Nemo sp1 – Fumé – Diametro – 30cm, Nemo sp1 – Rame – Diametro – 30cm, Nemo sp1 – Trasparente – Diametro – 30cm, Nemo sp1 – Ambra – Diametro – 40cm e altre 5 configurazioni.</p><p>Il formato compatto rende Ideal Lux Nemo sp1 particolarmente utile in penisole, comodini a sospensione, corridoi, banconi bar e piccoli tavoli. Una singola sospensione può illuminare un tavolino, un angolo lettura o una zona comodino; più elementi coordinati possono comporre un ritmo sopra penisole, banconi o percorsi. È una soluzione interessante anche per bistrot e negozi che ricercano piccoli punti luce ripetuti. Per l’uso in bagno è necessario verificare protezione, posizione e distanze previste dalle norme.</p><p>Scegliere Ideal Lux Nemo sp1 significa confrontare finiture, dimensioni, numero di luci, sorgente o attacco, potenza e possibilità di dimmerazione prima dell’acquisto. Una sospensione ben dimensionata migliora la qualità della luce, valorizza arredi e materiali e contribuisce alla percezione dell’intero progetto. Questa scheda ecommerce riunisce le informazioni tecniche e d’uso utili a individuare la configurazione più adatta, con un testo orientato alla ricerca di lampade a sospensione Ideal Lux per abitazioni, locali commerciali e spazi professionali.</p>","Ideal Lux Nemo sp1: lampada a sospensione per interni in metallo, ideale per living e spazi contract. Scopri finiture, misure e varianti e acquista online."
"IL-CONFIG-271","<p>Ideal Lux Net sp1 è una lampada a sospensione per interni: una sospensione compatta adatta sia come punto luce singolo sia in composizioni multiple. La struttura è realizzata in alluminio e metallo. La gamma comprende 9 varianti selezionabili, nelle finiture bianco, oro e nero, con misure Ø 245 × H min 532 / max 2332 mm, Ø 295 × H min 535 / max 2335 mm e Ø 340 × H min 555 / max 2355 mm. La sorgente è definita da: attacco E27; numero di luci 1; potenza E27 max 1 x 42W; non dimmerabile secondo i dati di catalogo; lampadina non indicata come inclusa. Tra le combinazioni selezionabili figurano Net sp1 – Bianco – Diametro – 24.5cm, Net sp1 nero – Oro – Diametro – 24.5cm, Net sp1 oro – Nero – Diametro – 24.5cm, Net sp1 – Bianco – Diametro – 29.5cm, Net sp1 – Nero – Diametro – 29.5cm e altre 4 configurazioni. La sospensione è indicata per penisole, comodini a sospensione, corridoi, banconi bar e piccoli tavoli. L’installazione è pensata per ambienti interni e va definita in base all’altezza disponibile e al progetto luce. Dimensioni, altezza regolabile, finitura, sorgente e potenza permettono di scegliere la configurazione più coerente con arredo, volume dell’ambiente e resa luminosa desiderata.</p>","<p>Ideal Lux Net sp1 è una lampada a sospensione per interni pensata per chi desidera una sospensione compatta adatta sia come punto luce singolo sia in composizioni multiple. Il corpo illuminante scende dal soffitto e trasforma la luce in un elemento d’arredo, utile per definire una zona, sottolineare un piano o dare identità al volume dell’ambiente senza occupare superfici. La composizione in alluminio e metallo caratterizza la percezione del modello e permette di inserirlo in progetti residenziali e, dove appropriato, in spazi contract o hospitality.</p><p>La scelta della variante deve partire dalle caratteristiche reali del prodotto. La gamma comprende 9 varianti selezionabili, nelle finiture bianco, oro e nero, con misure Ø 245 × H min 532 / max 2332 mm, Ø 295 × H min 535 / max 2335 mm e Ø 340 × H min 555 / max 2355 mm. La sorgente è definita da: attacco E27; numero di luci 1; potenza E27 max 1 x 42W; non dimmerabile secondo i dati di catalogo; lampadina non indicata come inclusa. Misura e altezza di sospensione incidono direttamente sull’effetto finale: un modello regolato più vicino al piano concentra l’attenzione su tavolo o bancone, mentre una discesa più ampia valorizza soffitti alti e composizioni scenografiche. Le configurazioni presenti a catalogo comprendono Net sp1 – Bianco – Diametro – 24.5cm, Net sp1 nero – Oro – Diametro – 24.5cm, Net sp1 oro – Nero – Diametro – 24.5cm, Net sp1 – Bianco – Diametro – 29.5cm, Net sp1 – Nero – Diametro – 29.5cm, Net sp1 – Oro – Diametro – 29.5cm, Net sp1 – Bianco – Diametro – 34cm, Net sp1 nero – Oro – Diametro – 34cm e Net sp1 oro – Nero – Diametro – 34cm.</p><p>Il formato compatto rende Ideal Lux Net sp1 particolarmente utile in penisole, comodini a sospensione, corridoi, banconi bar e piccoli tavoli. Una singola sospensione può illuminare un tavolino, un angolo lettura o una zona comodino; più elementi coordinati possono comporre un ritmo sopra penisole, banconi o percorsi. È una soluzione interessante anche per bistrot e negozi che ricercano piccoli punti luce ripetuti. Per l’uso in bagno è necessario verificare protezione, posizione e distanze previste dalle norme.</p><p>Scegliere Ideal Lux Net sp1 significa confrontare finiture, dimensioni, numero di luci, sorgente o attacco, potenza e possibilità di dimmerazione prima dell’acquisto. Una sospensione ben dimensionata migliora la qualità della luce, valorizza arredi e materiali e contribuisce alla percezione dell’intero progetto. Questa scheda ecommerce riunisce le informazioni tecniche e d’uso utili a individuare la configurazione più adatta, con un testo orientato alla ricerca di lampade a sospensione Ideal Lux per abitazioni, locali commerciali e spazi professionali.</p>","Ideal Lux Net sp1: lampada a sospensione per interni in alluminio e metallo, ideale per living e spazi contract. Scopri misure e varianti: acquista online."
"IL-CONFIG-272","<p>Ideal Lux Nodi sp15 è una lampada a sospensione per interni: una sospensione decorativa di forte presenza, progettata per diventare protagonista dello spazio. La struttura è realizzata in metallo e vetro. La gamma comprende 6 varianti selezionabili, nelle finiture bianco, cromo e ottone, con misure Ø 1050 × H min 830 / max 2400 mm e Ø 800 × H min 650 / max 2400 mm. La sorgente è definita da: attacco E14; numero di luci 15 e 9; potenza E14 max 15 x 28W e E14 max 9 x 28W; non dimmerabile secondo i dati di catalogo; lampadina non indicata come inclusa. Tra le combinazioni selezionabili figurano Nodi sp15 – 15 Sorgenti Luminose – Bianco, Nodi sp15 – 15 Sorgenti Luminose – Cromo, Nodi sp15 – 15 Sorgenti Luminose – Ottone, Nodi sp9 – 9 Sorgenti Luminose – Bianco, Nodi sp9 – 9 Sorgenti Luminose – Cromo e altre 1 configurazioni. La sospensione è indicata per saloni, soggiorni ampi, vani scala, hall, boutique e sale ristorante. L’installazione è pensata per ambienti interni e va definita in base all’altezza disponibile e al progetto luce. Dimensioni, altezza regolabile, finitura, sorgente e potenza permettono di scegliere la configurazione più coerente con arredo, volume dell’ambiente e resa luminosa desiderata.</p>","<p>Ideal Lux Nodi sp15 è una lampada a sospensione per interni pensata per chi desidera una sospensione decorativa di forte presenza, progettata per diventare protagonista dello spazio. Il corpo illuminante scende dal soffitto e trasforma la luce in un elemento d’arredo, utile per definire una zona, sottolineare un piano o dare identità al volume dell’ambiente senza occupare superfici. La composizione in metallo e vetro caratterizza la percezione del modello e permette di inserirlo in progetti residenziali e, dove appropriato, in spazi contract o hospitality.</p><p>La scelta della variante deve partire dalle caratteristiche reali del prodotto. La gamma comprende 6 varianti selezionabili, nelle finiture bianco, cromo e ottone, con misure Ø 1050 × H min 830 / max 2400 mm e Ø 800 × H min 650 / max 2400 mm. La sorgente è definita da: attacco E14; numero di luci 15 e 9; potenza E14 max 15 x 28W e E14 max 9 x 28W; non dimmerabile secondo i dati di catalogo; lampadina non indicata come inclusa. Misura e altezza di sospensione incidono direttamente sull’effetto finale: un modello regolato più vicino al piano concentra l’attenzione su tavolo o bancone, mentre una discesa più ampia valorizza soffitti alti e composizioni scenografiche. La scheda Ideal Lux aggiunge questi dettagli costruttivi: Montatura in metallo cromato oppure in ottone satinato. Diffusori in vetro bianco soffiato, acidato o trasparente e cromato. Le configurazioni presenti a catalogo comprendono Nodi sp15 – 15 Sorgenti Luminose – Bianco, Nodi sp15 – 15 Sorgenti Luminose – Cromo, Nodi sp15 – 15 Sorgenti Luminose – Ottone, Nodi sp9 – 9 Sorgenti Luminose – Bianco, Nodi sp9 – 9 Sorgenti Luminose – Cromo e Nodi sp9 – 9 Sorgenti Luminose – Ottone.</p><p>Per dimensioni e presenza decorativa, Ideal Lux Nodi sp15 si presta a saloni, soggiorni ampi, vani scala, hall, boutique e sale ristorante. In casa può diventare il fulcro del soggiorno, della sala da pranzo o di un vano scala ampio; nel contract valorizza hall, lounge, sale ristorante, boutique e aree accoglienza alberghiere. In camere o ambienti contenuti occorre controllare con precisione l’ingombro. In bagno, come per ogni sospensione da interno, l’installazione è valutabile solo in posizioni compatibili con requisiti tecnici e zone elettriche previste.</p><p>Scegliere Ideal Lux Nodi sp15 significa confrontare finiture, dimensioni, numero di luci, sorgente o attacco, potenza e possibilità di dimmerazione prima dell’acquisto. Una sospensione ben dimensionata migliora la qualità della luce, valorizza arredi e materiali e contribuisce alla percezione dell’intero progetto. Questa scheda ecommerce riunisce le informazioni tecniche e d’uso utili a individuare la configurazione più adatta, con un testo orientato alla ricerca di lampade a sospensione Ideal Lux per abitazioni, locali commerciali e spazi professionali.</p>","Ideal Lux Nodi sp15: sospensione per interni in metallo e vetro per illuminare salone, living e hall. Scopri finiture, misure e varianti e acquista online."
"IL-CONFIG-273","<p>Ideal Lux Nordik sp4 è una lampada a sospensione per interni: una sospensione materica che aggiunge texture e calore all’arredo. La struttura è realizzata in tessuto. La gamma comprende 2 varianti selezionabili, nelle finiture nero, con misure Ø 500 × H min 530 / max 2280 mm e Ø 600 × H min 620 / max 2370 mm. La sorgente è definita da: attacco E27; numero di luci 4 e 6; potenza E27 max 4 x 60W e E27 max 6 x 60W; non dimmerabile secondo i dati di catalogo; lampadina non indicata come inclusa. Tra le combinazioni selezionabili figurano Nordik sp4 – Diametro – 50cm e Nordik sp6 – Diametro – 60cm. La sospensione è indicata per zona living, sala da pranzo, camera da letto, bistrot e spazi hospitality. L’installazione è pensata per ambienti interni e va definita in base all’altezza disponibile e al progetto luce. Dimensioni, altezza regolabile, finitura, sorgente e potenza permettono di scegliere la configurazione più coerente con arredo, volume dell’ambiente e resa luminosa desiderata.</p>","<p>Ideal Lux Nordik sp4 è una lampada a sospensione per interni pensata per chi desidera una sospensione materica che aggiunge texture e calore all’arredo. Il corpo illuminante scende dal soffitto e trasforma la luce in un elemento d’arredo, utile per definire una zona, sottolineare un piano o dare identità al volume dell’ambiente senza occupare superfici. La composizione in tessuto caratterizza la percezione del modello e permette di inserirlo in progetti residenziali e, dove appropriato, in spazi contract o hospitality.</p><p>La scelta della variante deve partire dalle caratteristiche reali del prodotto. La gamma comprende 2 varianti selezionabili, nelle finiture nero, con misure Ø 500 × H min 530 / max 2280 mm e Ø 600 × H min 620 / max 2370 mm. La sorgente è definita da: attacco E27; numero di luci 4 e 6; potenza E27 max 4 x 60W e E27 max 6 x 60W; non dimmerabile secondo i dati di catalogo; lampadina non indicata come inclusa. Misura e altezza di sospensione incidono direttamente sull’effetto finale: un modello regolato più vicino al piano concentra l’attenzione su tavolo o bancone, mentre una discesa più ampia valorizza soffitti alti e composizioni scenografiche. La scheda Ideal Lux aggiunge questi dettagli costruttivi: Montatura in metallo verniciato nero opaco. Paralume in lamina di PVC dorato rivestito in tessuto nero. Le configurazioni presenti a catalogo comprendono Nordik sp4 – Diametro – 50cm e Nordik sp6 – Diametro – 60cm.</p><p>Il carattere materico rende Ideal Lux Nordik sp4 coerente con zona living, sala da pranzo, camera da letto, bistrot e spazi hospitality, soprattutto quando si desiderano texture e un’atmosfera accogliente. In una casa completa living, zona pranzo o camera da letto; in ristoranti, bistrot, lounge e strutture ricettive può rafforzare un progetto caldo e riconoscibile. In presenza di tessuto, legno, cemento o resina, il bagno e gli ambienti umidi richiedono particolare attenzione: l’impiego deve essere valutato rispetto alle specifiche del prodotto e alla corretta posa.</p><p>Scegliere Ideal Lux Nordik sp4 significa confrontare finiture, dimensioni, numero di luci, sorgente o attacco, potenza e possibilità di dimmerazione prima dell’acquisto. Una sospensione ben dimensionata migliora la qualità della luce, valorizza arredi e materiali e contribuisce alla percezione dell’intero progetto. Questa scheda ecommerce riunisce le informazioni tecniche e d’uso utili a individuare la configurazione più adatta, con un testo orientato alla ricerca di lampade a sospensione Ideal Lux per abitazioni, locali commerciali e spazi professionali.</p>","Ideal Lux Nordik sp4: lampada a sospensione da interno in tessuto, ideale per living e spazi contract. Scopri finiture, misure e varianti e acquista online."
"IL-CONFIG-274","<p>Ideal Lux Norma sp1 è una lampada a sospensione per interni: una sospensione decorativa versatile, studiata per valorizzare l’arredo con luce dall’alto. La struttura è realizzata in metallo e vetro. La gamma comprende 2 varianti selezionabili, nelle finiture brunito e cromo, con misure Ø 250 × H min 780 / max 1620 mm. La sorgente è definita da: attacco E27; numero di luci 1; potenza E27 max 1 x 60W; non dimmerabile secondo i dati di catalogo; lampadina non indicata come inclusa. Tra le combinazioni selezionabili figurano Norma sp1 – Brunito e Norma sp1 – Cromo. La sospensione è indicata per soggiorni, zone pranzo, camere, ingressi, ristoranti e boutique. L’installazione è pensata per ambienti interni e va definita in base all’altezza disponibile e al progetto luce. Dimensioni, altezza regolabile, finitura, sorgente e potenza permettono di scegliere la configurazione più coerente con arredo, volume dell’ambiente e resa luminosa desiderata.</p>","<p>Ideal Lux Norma sp1 è una lampada a sospensione per interni pensata per chi desidera una sospensione decorativa versatile, studiata per valorizzare l’arredo con luce dall’alto. Il corpo illuminante scende dal soffitto e trasforma la luce in un elemento d’arredo, utile per definire una zona, sottolineare un piano o dare identità al volume dell’ambiente senza occupare superfici. La composizione in metallo e vetro caratterizza la percezione del modello e permette di inserirlo in progetti residenziali e, dove appropriato, in spazi contract o hospitality.</p><p>La scelta della variante deve partire dalle caratteristiche reali del prodotto. La gamma comprende 2 varianti selezionabili, nelle finiture brunito e cromo, con misure Ø 250 × H min 780 / max 1620 mm. La sorgente è definita da: attacco E27; numero di luci 1; potenza E27 max 1 x 60W; non dimmerabile secondo i dati di catalogo; lampadina non indicata come inclusa. Misura e altezza di sospensione incidono direttamente sull’effetto finale: un modello regolato più vicino al piano concentra l’attenzione su tavolo o bancone, mentre una discesa più ampia valorizza soffitti alti e composizioni scenografiche. La scheda Ideal Lux aggiunge questi dettagli costruttivi: Montatura in metallo con finitura in cromo o in brunito. Diffusore composto da lastre di vetro trasparente con bordo molato. Copricatena in velluto. Le configurazioni presenti a catalogo comprendono Norma sp1 – Brunito e Norma sp1 – Cromo.</p><p>La versatilità del modello favorisce l’utilizzo in soggiorni, zone pranzo, camere, ingressi, ristoranti e boutique. In soggiorno e zona living la sospensione crea un punto focale; in cucina può illuminare isola o penisola quando dimensioni e quota sono proporzionate; in camera da letto aggiunge una componente decorativa e funzionale. In locali commerciali è adatta a tavoli di ristoranti e bistrot, lounge, vetrine interne o aree accoglienza. Per corridoio, cameretta e bagno è opportuno valutare ingombro, altezza e compatibilità tecnica con lo spazio.</p><p>Scegliere Ideal Lux Norma sp1 significa confrontare finiture, dimensioni, numero di luci, sorgente o attacco, potenza e possibilità di dimmerazione prima dell’acquisto. Una sospensione ben dimensionata migliora la qualità della luce, valorizza arredi e materiali e contribuisce alla percezione dell’intero progetto. Questa scheda ecommerce riunisce le informazioni tecniche e d’uso utili a individuare la configurazione più adatta, con un testo orientato alla ricerca di lampade a sospensione Ideal Lux per abitazioni, locali commerciali e spazi professionali.</p>","Ideal Lux Norma sp1: lampada a sospensione per interni in metallo e vetro, ideale per living e spazi contract. Scegli la variante ideale e acquista online."
"IL-CONFIG-275","<p>Ideal Lux Oak sp1 è una lampada a sospensione per interni: una sospensione materica che aggiunge texture e calore all’arredo. La struttura è realizzata in cemento. La gamma comprende una configurazione disponibile, nelle finiture cemento, con misure Ø 70 × H min 500 / max 1400 mm. La sorgente è definita da: attacco GU10; numero di luci 1; potenza GU10 max 1 x 35W; non dimmerabile secondo i dati di catalogo; lampadina non indicata come inclusa. La sospensione è indicata per zona living, sala da pranzo, camera da letto, bistrot e spazi hospitality. L’installazione è pensata per ambienti interni e va definita in base all’altezza disponibile e al progetto luce. Dimensioni, altezza regolabile, finitura, sorgente e potenza permettono di scegliere la configurazione più coerente con arredo, volume dell’ambiente e resa luminosa desiderata.</p>","<p>Ideal Lux Oak sp1 è una lampada a sospensione per interni pensata per chi desidera una sospensione materica che aggiunge texture e calore all’arredo. Il corpo illuminante scende dal soffitto e trasforma la luce in un elemento d’arredo, utile per definire una zona, sottolineare un piano o dare identità al volume dell’ambiente senza occupare superfici. La composizione in cemento caratterizza la percezione del modello e permette di inserirlo in progetti residenziali e, dove appropriato, in spazi contract o hospitality.</p><p>La scelta della variante deve partire dalle caratteristiche reali del prodotto. La gamma comprende una configurazione disponibile, nelle finiture cemento, con misure Ø 70 × H min 500 / max 1400 mm. La sorgente è definita da: attacco GU10; numero di luci 1; potenza GU10 max 1 x 35W; non dimmerabile secondo i dati di catalogo; lampadina non indicata come inclusa. Misura e altezza di sospensione incidono direttamente sull’effetto finale: un modello regolato più vicino al piano concentra l’attenzione su tavolo o bancone, mentre una discesa più ampia valorizza soffitti alti e composizioni scenografiche.</p><p>Il carattere materico rende Ideal Lux Oak sp1 coerente con zona living, sala da pranzo, camera da letto, bistrot e spazi hospitality, soprattutto quando si desiderano texture e un’atmosfera accogliente. In una casa completa living, zona pranzo o camera da letto; in ristoranti, bistrot, lounge e strutture ricettive può rafforzare un progetto caldo e riconoscibile. In presenza di tessuto, legno, cemento o resina, il bagno e gli ambienti umidi richiedono particolare attenzione: l’impiego deve essere valutato rispetto alle specifiche del prodotto e alla corretta posa.</p><p>Scegliere Ideal Lux Oak sp1 significa confrontare finiture, dimensioni, numero di luci, sorgente o attacco, potenza e possibilità di dimmerazione prima dell’acquisto. Una sospensione ben dimensionata migliora la qualità della luce, valorizza arredi e materiali e contribuisce alla percezione dell’intero progetto. Questa scheda ecommerce riunisce le informazioni tecniche e d’uso utili a individuare la configurazione più adatta, con un testo orientato alla ricerca di lampade a sospensione Ideal Lux per abitazioni, locali commerciali e spazi professionali.</p>","Ideal Lux Oak sp1: lampada a sospensione per interni in cemento, ideale per living e spazi contract. Scopri finiture, misure e varianti e acquista online."
"IL-CONFIG-276","<p>Ideal Lux Odeon sp1 è una lampada a sospensione per interni: una sospensione compatta adatta sia come punto luce singolo sia in composizioni multiple. La struttura è realizzata in metallo e vetro. La gamma comprende 2 varianti selezionabili, nelle finiture bianco, con misure Ø 150 × H min 570 / max 2510 mm e Ø 200 × H min 640 / max 2590 mm. La sorgente è definita da: sorgente LED; numero di luci 1; potenza LED 8W; non dimmerabile secondo i dati di catalogo; sorgente o lampadina inclusa. Tra le combinazioni selezionabili figurano Odeon sp1 – Diametro – 15cm e Odeon sp1 – Diametro – 20cm. La sospensione è indicata per penisole, comodini a sospensione, corridoi, banconi bar e piccoli tavoli. L’installazione è pensata per ambienti interni e va definita in base all’altezza disponibile e al progetto luce. Dimensioni, altezza regolabile, finitura, sorgente e potenza permettono di scegliere la configurazione più coerente con arredo, volume dell’ambiente e resa luminosa desiderata.</p>","<p>Ideal Lux Odeon sp1 è una lampada a sospensione per interni pensata per chi desidera una sospensione compatta adatta sia come punto luce singolo sia in composizioni multiple. Il corpo illuminante scende dal soffitto e trasforma la luce in un elemento d’arredo, utile per definire una zona, sottolineare un piano o dare identità al volume dell’ambiente senza occupare superfici. La composizione in metallo e vetro caratterizza la percezione del modello e permette di inserirlo in progetti residenziali e, dove appropriato, in spazi contract o hospitality.</p><p>La scelta della variante deve partire dalle caratteristiche reali del prodotto. La gamma comprende 2 varianti selezionabili, nelle finiture bianco, con misure Ø 150 × H min 570 / max 2510 mm e Ø 200 × H min 640 / max 2590 mm. La sorgente è definita da: sorgente LED; numero di luci 1; potenza LED 8W; non dimmerabile secondo i dati di catalogo; sorgente o lampadina inclusa. Misura e altezza di sospensione incidono direttamente sull’effetto finale: un modello regolato più vicino al piano concentra l’attenzione su tavolo o bancone, mentre una discesa più ampia valorizza soffitti alti e composizioni scenografiche. Le configurazioni presenti a catalogo comprendono Odeon sp1 – Diametro – 15cm e Odeon sp1 – Diametro – 20cm.</p><p>Il formato compatto rende Ideal Lux Odeon sp1 particolarmente utile in penisole, comodini a sospensione, corridoi, banconi bar e piccoli tavoli. Una singola sospensione può illuminare un tavolino, un angolo lettura o una zona comodino; più elementi coordinati possono comporre un ritmo sopra penisole, banconi o percorsi. È una soluzione interessante anche per bistrot e negozi che ricercano piccoli punti luce ripetuti. Per l’uso in bagno è necessario verificare protezione, posizione e distanze previste dalle norme.</p><p>Scegliere Ideal Lux Odeon sp1 significa confrontare finiture, dimensioni, numero di luci, sorgente o attacco, potenza e possibilità di dimmerazione prima dell’acquisto. Una sospensione ben dimensionata migliora la qualità della luce, valorizza arredi e materiali e contribuisce alla percezione dell’intero progetto. Questa scheda ecommerce riunisce le informazioni tecniche e d’uso utili a individuare la configurazione più adatta, con un testo orientato alla ricerca di lampade a sospensione Ideal Lux per abitazioni, locali commerciali e spazi professionali.</p>","Ideal Lux Odeon sp1: lampada a sospensione per interni in metallo e vetro, ideale per living e spazi contract. Scegli la variante ideale e acquista online."
"IL-CONFIG-277","<p>Ideal Lux Oil-1 sp1 è una lampada a sospensione per interni: una sospensione materica che aggiunge texture e calore all’arredo. La struttura è realizzata in cemento. La gamma comprende una configurazione disponibile, nelle finiture cemento, con misure Ø 150 × H min 500 / max 2250 mm. La sorgente è definita da: attacco E27; numero di luci 1; potenza E27 max 1 x 15W; non dimmerabile secondo i dati di catalogo; lampadina non indicata come inclusa. La sospensione è indicata per zona living, sala da pranzo, camera da letto, bistrot e spazi hospitality. L’installazione è pensata per ambienti interni e va definita in base all’altezza disponibile e al progetto luce. Dimensioni, altezza regolabile, finitura, sorgente e potenza permettono di scegliere la configurazione più coerente con arredo, volume dell’ambiente e resa luminosa desiderata.</p>","<p>Ideal Lux Oil-1 sp1 è una lampada a sospensione per interni pensata per chi desidera una sospensione materica che aggiunge texture e calore all’arredo. Il corpo illuminante scende dal soffitto e trasforma la luce in un elemento d’arredo, utile per definire una zona, sottolineare un piano o dare identità al volume dell’ambiente senza occupare superfici. La composizione in cemento caratterizza la percezione del modello e permette di inserirlo in progetti residenziali e, dove appropriato, in spazi contract o hospitality.</p><p>La scelta della variante deve partire dalle caratteristiche reali del prodotto. La gamma comprende una configurazione disponibile, nelle finiture cemento, con misure Ø 150 × H min 500 / max 2250 mm. La sorgente è definita da: attacco E27; numero di luci 1; potenza E27 max 1 x 15W; non dimmerabile secondo i dati di catalogo; lampadina non indicata come inclusa. Misura e altezza di sospensione incidono direttamente sull’effetto finale: un modello regolato più vicino al piano concentra l’attenzione su tavolo o bancone, mentre una discesa più ampia valorizza soffitti alti e composizioni scenografiche. La scheda Ideal Lux aggiunge questi dettagli costruttivi: Montatura in metallo con finitura nero opaco. Diffusore in cemento. Per il modello 110462 12 metri di cavo rivestito in tessuto e fornito con sei ganci di fissaggio e spina italiana che puo' essere sostituita al rosone.</p><p>Il carattere materico rende Ideal Lux Oil-1 sp1 coerente con zona living, sala da pranzo, camera da letto, bistrot e spazi hospitality, soprattutto quando si desiderano texture e un’atmosfera accogliente. In una casa completa living, zona pranzo o camera da letto; in ristoranti, bistrot, lounge e strutture ricettive può rafforzare un progetto caldo e riconoscibile. In presenza di tessuto, legno, cemento o resina, il bagno e gli ambienti umidi richiedono particolare attenzione: l’impiego deve essere valutato rispetto alle specifiche del prodotto e alla corretta posa.</p><p>Scegliere Ideal Lux Oil-1 sp1 significa confrontare finiture, dimensioni, numero di luci, sorgente o attacco, potenza e possibilità di dimmerazione prima dell’acquisto. Una sospensione ben dimensionata migliora la qualità della luce, valorizza arredi e materiali e contribuisce alla percezione dell’intero progetto. Questa scheda ecommerce riunisce le informazioni tecniche e d’uso utili a individuare la configurazione più adatta, con un testo orientato alla ricerca di lampade a sospensione Ideal Lux per abitazioni, locali commerciali e spazi professionali.</p>","Ideal Lux Oil-1 sp1: lampada a sospensione da interno in cemento, ideale per living e spazi contract. Scopri finiture, misure e varianti e acquista online."
"IL-CONFIG-278","<p>Ideal Lux Oil-2 sp1 è una lampada a sospensione per interni: una sospensione materica che aggiunge texture e calore all’arredo. La struttura è realizzata in cemento. La gamma comprende una configurazione disponibile, nelle finiture cemento, con misure Ø 150 × H min 450 / max 2200 mm. La sorgente è definita da: attacco E27; numero di luci 1; potenza E27 max 1 x 15W; non dimmerabile secondo i dati di catalogo; lampadina non indicata come inclusa. La sospensione è indicata per zona living, sala da pranzo, camera da letto, bistrot e spazi hospitality. L’installazione è pensata per ambienti interni e va definita in base all’altezza disponibile e al progetto luce. Dimensioni, altezza regolabile, finitura, sorgente e potenza permettono di scegliere la configurazione più coerente con arredo, volume dell’ambiente e resa luminosa desiderata.</p>","<p>Ideal Lux Oil-2 sp1 è una lampada a sospensione per interni pensata per chi desidera una sospensione materica che aggiunge texture e calore all’arredo. Il corpo illuminante scende dal soffitto e trasforma la luce in un elemento d’arredo, utile per definire una zona, sottolineare un piano o dare identità al volume dell’ambiente senza occupare superfici. La composizione in cemento caratterizza la percezione del modello e permette di inserirlo in progetti residenziali e, dove appropriato, in spazi contract o hospitality.</p><p>La scelta della variante deve partire dalle caratteristiche reali del prodotto. La gamma comprende una configurazione disponibile, nelle finiture cemento, con misure Ø 150 × H min 450 / max 2200 mm. La sorgente è definita da: attacco E27; numero di luci 1; potenza E27 max 1 x 15W; non dimmerabile secondo i dati di catalogo; lampadina non indicata come inclusa. Misura e altezza di sospensione incidono direttamente sull’effetto finale: un modello regolato più vicino al piano concentra l’attenzione su tavolo o bancone, mentre una discesa più ampia valorizza soffitti alti e composizioni scenografiche. La scheda Ideal Lux aggiunge questi dettagli costruttivi: Montatura in metallo con finitura nero opaco. Diffusore in cemento. Per il modello 110462 12 metri di cavo rivestito in tessuto e fornito con sei ganci di fissaggio e spina italiana che puo' essere sostituita al rosone.</p><p>Il carattere materico rende Ideal Lux Oil-2 sp1 coerente con zona living, sala da pranzo, camera da letto, bistrot e spazi hospitality, soprattutto quando si desiderano texture e un’atmosfera accogliente. In una casa completa living, zona pranzo o camera da letto; in ristoranti, bistrot, lounge e strutture ricettive può rafforzare un progetto caldo e riconoscibile. In presenza di tessuto, legno, cemento o resina, il bagno e gli ambienti umidi richiedono particolare attenzione: l’impiego deve essere valutato rispetto alle specifiche del prodotto e alla corretta posa.</p><p>Scegliere Ideal Lux Oil-2 sp1 significa confrontare finiture, dimensioni, numero di luci, sorgente o attacco, potenza e possibilità di dimmerazione prima dell’acquisto. Una sospensione ben dimensionata migliora la qualità della luce, valorizza arredi e materiali e contribuisce alla percezione dell’intero progetto. Questa scheda ecommerce riunisce le informazioni tecniche e d’uso utili a individuare la configurazione più adatta, con un testo orientato alla ricerca di lampade a sospensione Ideal Lux per abitazioni, locali commerciali e spazi professionali.</p>","Ideal Lux Oil-2 sp1: lampada a sospensione da interno in cemento, ideale per living e spazi contract. Scopri finiture, misure e varianti e acquista online."
"IL-CONFIG-279","<p>Ideal Lux Oil-3 sp1 è una lampada a sospensione per interni: una sospensione materica che aggiunge texture e calore all’arredo. La struttura è realizzata in cemento. La gamma comprende una configurazione disponibile, nelle finiture cemento, con misure Ø 140 × H min 500 / max 2250 mm. La sorgente è definita da: attacco E27; numero di luci 1; potenza E27 max 1 x 15W; non dimmerabile secondo i dati di catalogo; lampadina non indicata come inclusa. La sospensione è indicata per zona living, sala da pranzo, camera da letto, bistrot e spazi hospitality. L’installazione è pensata per ambienti interni e va definita in base all’altezza disponibile e al progetto luce. Dimensioni, altezza regolabile, finitura, sorgente e potenza permettono di scegliere la configurazione più coerente con arredo, volume dell’ambiente e resa luminosa desiderata.</p>","<p>Ideal Lux Oil-3 sp1 è una lampada a sospensione per interni pensata per chi desidera una sospensione materica che aggiunge texture e calore all’arredo. Il corpo illuminante scende dal soffitto e trasforma la luce in un elemento d’arredo, utile per definire una zona, sottolineare un piano o dare identità al volume dell’ambiente senza occupare superfici. La composizione in cemento caratterizza la percezione del modello e permette di inserirlo in progetti residenziali e, dove appropriato, in spazi contract o hospitality.</p><p>La scelta della variante deve partire dalle caratteristiche reali del prodotto. La gamma comprende una configurazione disponibile, nelle finiture cemento, con misure Ø 140 × H min 500 / max 2250 mm. La sorgente è definita da: attacco E27; numero di luci 1; potenza E27 max 1 x 15W; non dimmerabile secondo i dati di catalogo; lampadina non indicata come inclusa. Misura e altezza di sospensione incidono direttamente sull’effetto finale: un modello regolato più vicino al piano concentra l’attenzione su tavolo o bancone, mentre una discesa più ampia valorizza soffitti alti e composizioni scenografiche. La scheda Ideal Lux aggiunge questi dettagli costruttivi: Montatura in metallo con finitura nero opaco. Diffusore in cemento. Per il modello 110462 12 metri di cavo rivestito in tessuto e fornito con sei ganci di fissaggio e spina italiana che puo' essere sostituita al rosone.</p><p>Il carattere materico rende Ideal Lux Oil-3 sp1 coerente con zona living, sala da pranzo, camera da letto, bistrot e spazi hospitality, soprattutto quando si desiderano texture e un’atmosfera accogliente. In una casa completa living, zona pranzo o camera da letto; in ristoranti, bistrot, lounge e strutture ricettive può rafforzare un progetto caldo e riconoscibile. In presenza di tessuto, legno, cemento o resina, il bagno e gli ambienti umidi richiedono particolare attenzione: l’impiego deve essere valutato rispetto alle specifiche del prodotto e alla corretta posa.</p><p>Scegliere Ideal Lux Oil-3 sp1 significa confrontare finiture, dimensioni, numero di luci, sorgente o attacco, potenza e possibilità di dimmerazione prima dell’acquisto. Una sospensione ben dimensionata migliora la qualità della luce, valorizza arredi e materiali e contribuisce alla percezione dell’intero progetto. Questa scheda ecommerce riunisce le informazioni tecniche e d’uso utili a individuare la configurazione più adatta, con un testo orientato alla ricerca di lampade a sospensione Ideal Lux per abitazioni, locali commerciali e spazi professionali.</p>","Ideal Lux Oil-3 sp1: lampada a sospensione da interno in cemento, ideale per living e spazi contract. Scopri finiture, misure e varianti e acquista online."
"IL-CONFIG-280","<p>Ideal Lux Oil-4 sp1 è una lampada a sospensione per interni: una sospensione materica che aggiunge texture e calore all’arredo. La struttura è realizzata in cemento. La gamma comprende una configurazione disponibile, nelle finiture cemento, con misure Ø 120 × H min 360 / max 12110 mm. La sorgente è definita da: attacco GU10; numero di luci 1; potenza GU10 max 1 x 15W; non dimmerabile secondo i dati di catalogo; lampadina non indicata come inclusa. La sospensione è indicata per zona living, sala da pranzo, camera da letto, bistrot e spazi hospitality. L’installazione è pensata per ambienti interni e va definita in base all’altezza disponibile e al progetto luce. Dimensioni, altezza regolabile, finitura, sorgente e potenza permettono di scegliere la configurazione più coerente con arredo, volume dell’ambiente e resa luminosa desiderata.</p>","<p>Ideal Lux Oil-4 sp1 è una lampada a sospensione per interni pensata per chi desidera una sospensione materica che aggiunge texture e calore all’arredo. Il corpo illuminante scende dal soffitto e trasforma la luce in un elemento d’arredo, utile per definire una zona, sottolineare un piano o dare identità al volume dell’ambiente senza occupare superfici. La composizione in cemento caratterizza la percezione del modello e permette di inserirlo in progetti residenziali e, dove appropriato, in spazi contract o hospitality.</p><p>La scelta della variante deve partire dalle caratteristiche reali del prodotto. La gamma comprende una configurazione disponibile, nelle finiture cemento, con misure Ø 120 × H min 360 / max 12110 mm. La sorgente è definita da: attacco GU10; numero di luci 1; potenza GU10 max 1 x 15W; non dimmerabile secondo i dati di catalogo; lampadina non indicata come inclusa. Misura e altezza di sospensione incidono direttamente sull’effetto finale: un modello regolato più vicino al piano concentra l’attenzione su tavolo o bancone, mentre una discesa più ampia valorizza soffitti alti e composizioni scenografiche. La scheda Ideal Lux aggiunge questi dettagli costruttivi: Montatura in metallo con finitura nero opaco. Diffusore in cemento. Per il modello 110462 12 metri di cavo rivestito in tessuto e fornito con sei ganci di fissaggio e spina italiana che puo' essere sostituita al rosone.</p><p>Il carattere materico rende Ideal Lux Oil-4 sp1 coerente con zona living, sala da pranzo, camera da letto, bistrot e spazi hospitality, soprattutto quando si desiderano texture e un’atmosfera accogliente. In una casa completa living, zona pranzo o camera da letto; in ristoranti, bistrot, lounge e strutture ricettive può rafforzare un progetto caldo e riconoscibile. In presenza di tessuto, legno, cemento o resina, il bagno e gli ambienti umidi richiedono particolare attenzione: l’impiego deve essere valutato rispetto alle specifiche del prodotto e alla corretta posa.</p><p>Scegliere Ideal Lux Oil-4 sp1 significa confrontare finiture, dimensioni, numero di luci, sorgente o attacco, potenza e possibilità di dimmerazione prima dell’acquisto. Una sospensione ben dimensionata migliora la qualità della luce, valorizza arredi e materiali e contribuisce alla percezione dell’intero progetto. Questa scheda ecommerce riunisce le informazioni tecniche e d’uso utili a individuare la configurazione più adatta, con un testo orientato alla ricerca di lampade a sospensione Ideal Lux per abitazioni, locali commerciali e spazi professionali.</p>","Ideal Lux Oil-4 sp1: lampada a sospensione da interno in cemento, ideale per living e spazi contract. Scopri finiture, misure e varianti e acquista online."
"IL-CONFIG-281","<p>Ideal Lux Oil-5 sp1 è una lampada a sospensione per interni: una sospensione materica che aggiunge texture e calore all’arredo. La struttura è realizzata in cemento. La gamma comprende una configurazione disponibile, nelle finiture cemento, con misure Ø 205 × H min 405 / max 2155 mm. La sorgente è definita da: attacco E27; numero di luci 1; potenza E27 max 1 x 15W; non dimmerabile secondo i dati di catalogo; lampadina non indicata come inclusa. La sospensione è indicata per zona living, sala da pranzo, camera da letto, bistrot e spazi hospitality. L’installazione è pensata per ambienti interni e va definita in base all’altezza disponibile e al progetto luce. Dimensioni, altezza regolabile, finitura, sorgente e potenza permettono di scegliere la configurazione più coerente con arredo, volume dell’ambiente e resa luminosa desiderata.</p>","<p>Ideal Lux Oil-5 sp1 è una lampada a sospensione per interni pensata per chi desidera una sospensione materica che aggiunge texture e calore all’arredo. Il corpo illuminante scende dal soffitto e trasforma la luce in un elemento d’arredo, utile per definire una zona, sottolineare un piano o dare identità al volume dell’ambiente senza occupare superfici. La composizione in cemento caratterizza la percezione del modello e permette di inserirlo in progetti residenziali e, dove appropriato, in spazi contract o hospitality.</p><p>La scelta della variante deve partire dalle caratteristiche reali del prodotto. La gamma comprende una configurazione disponibile, nelle finiture cemento, con misure Ø 205 × H min 405 / max 2155 mm. La sorgente è definita da: attacco E27; numero di luci 1; potenza E27 max 1 x 15W; non dimmerabile secondo i dati di catalogo; lampadina non indicata come inclusa. Misura e altezza di sospensione incidono direttamente sull’effetto finale: un modello regolato più vicino al piano concentra l’attenzione su tavolo o bancone, mentre una discesa più ampia valorizza soffitti alti e composizioni scenografiche. La scheda Ideal Lux aggiunge questi dettagli costruttivi: Montatura in metallo con finitura nero opaco. Diffusore in cemento. Per il modello 110462 12 metri di cavo rivestito in tessuto e fornito con sei ganci di fissaggio e spina italiana che puo' essere sostituita al rosone.</p><p>Il carattere materico rende Ideal Lux Oil-5 sp1 coerente con zona living, sala da pranzo, camera da letto, bistrot e spazi hospitality, soprattutto quando si desiderano texture e un’atmosfera accogliente. In una casa completa living, zona pranzo o camera da letto; in ristoranti, bistrot, lounge e strutture ricettive può rafforzare un progetto caldo e riconoscibile. In presenza di tessuto, legno, cemento o resina, il bagno e gli ambienti umidi richiedono particolare attenzione: l’impiego deve essere valutato rispetto alle specifiche del prodotto e alla corretta posa.</p><p>Scegliere Ideal Lux Oil-5 sp1 significa confrontare finiture, dimensioni, numero di luci, sorgente o attacco, potenza e possibilità di dimmerazione prima dell’acquisto. Una sospensione ben dimensionata migliora la qualità della luce, valorizza arredi e materiali e contribuisce alla percezione dell’intero progetto. Questa scheda ecommerce riunisce le informazioni tecniche e d’uso utili a individuare la configurazione più adatta, con un testo orientato alla ricerca di lampade a sospensione Ideal Lux per abitazioni, locali commerciali e spazi professionali.</p>","Ideal Lux Oil-5 sp1: lampada a sospensione da interno in cemento, ideale per living e spazi contract. Scopri finiture, misure e varianti e acquista online."
"IL-CONFIG-282","<p>Ideal Lux Oil-6 sp1 è una lampada a sospensione per interni: una sospensione materica che aggiunge texture e calore all’arredo. La struttura è realizzata in cemento. La gamma comprende una configurazione disponibile, nelle finiture cemento, con misure Ø 250 × H min 375 / max 2125 mm. La sorgente è definita da: attacco E27; numero di luci 1; potenza E27 max 1 x 15W; non dimmerabile secondo i dati di catalogo; lampadina non indicata come inclusa. La sospensione è indicata per zona living, sala da pranzo, camera da letto, bistrot e spazi hospitality. L’installazione è pensata per ambienti interni e va definita in base all’altezza disponibile e al progetto luce. Dimensioni, altezza regolabile, finitura, sorgente e potenza permettono di scegliere la configurazione più coerente con arredo, volume dell’ambiente e resa luminosa desiderata.</p>","<p>Ideal Lux Oil-6 sp1 è una lampada a sospensione per interni pensata per chi desidera una sospensione materica che aggiunge texture e calore all’arredo. Il corpo illuminante scende dal soffitto e trasforma la luce in un elemento d’arredo, utile per definire una zona, sottolineare un piano o dare identità al volume dell’ambiente senza occupare superfici. La composizione in cemento caratterizza la percezione del modello e permette di inserirlo in progetti residenziali e, dove appropriato, in spazi contract o hospitality.</p><p>La scelta della variante deve partire dalle caratteristiche reali del prodotto. La gamma comprende una configurazione disponibile, nelle finiture cemento, con misure Ø 250 × H min 375 / max 2125 mm. La sorgente è definita da: attacco E27; numero di luci 1; potenza E27 max 1 x 15W; non dimmerabile secondo i dati di catalogo; lampadina non indicata come inclusa. Misura e altezza di sospensione incidono direttamente sull’effetto finale: un modello regolato più vicino al piano concentra l’attenzione su tavolo o bancone, mentre una discesa più ampia valorizza soffitti alti e composizioni scenografiche. La scheda Ideal Lux aggiunge questi dettagli costruttivi: Montatura in metallo con finitura nero opaco. Diffusore in cemento. Per il modello 110462 12 metri di cavo rivestito in tessuto e fornito con sei ganci di fissaggio e spina italiana che puo' essere sostituita al rosone.</p><p>Il carattere materico rende Ideal Lux Oil-6 sp1 coerente con zona living, sala da pranzo, camera da letto, bistrot e spazi hospitality, soprattutto quando si desiderano texture e un’atmosfera accogliente. In una casa completa living, zona pranzo o camera da letto; in ristoranti, bistrot, lounge e strutture ricettive può rafforzare un progetto caldo e riconoscibile. In presenza di tessuto, legno, cemento o resina, il bagno e gli ambienti umidi richiedono particolare attenzione: l’impiego deve essere valutato rispetto alle specifiche del prodotto e alla corretta posa.</p><p>Scegliere Ideal Lux Oil-6 sp1 significa confrontare finiture, dimensioni, numero di luci, sorgente o attacco, potenza e possibilità di dimmerazione prima dell’acquisto. Una sospensione ben dimensionata migliora la qualità della luce, valorizza arredi e materiali e contribuisce alla percezione dell’intero progetto. Questa scheda ecommerce riunisce le informazioni tecniche e d’uso utili a individuare la configurazione più adatta, con un testo orientato alla ricerca di lampade a sospensione Ideal Lux per abitazioni, locali commerciali e spazi professionali.</p>","Ideal Lux Oil-6 sp1: lampada a sospensione da interno in cemento, ideale per living e spazi contract. Scopri finiture, misure e varianti e acquista online."
"IL-CONFIG-283","<p>Ideal Lux Onion sp1 è una lampada a sospensione per interni: una sospensione compatta adatta sia come punto luce singolo sia in composizioni multiple. La struttura è realizzata in metallo. La gamma comprende 4 varianti selezionabili, nelle finiture coffee, con misure Ø 235 × H min 480 / max 2230 mm, Ø 380 × H min 625 / max 2375 mm, Ø 470 × H min 690 / max 2440 mm e Ø 595 × H min 820 / max 2570 mm. La sorgente è definita da: attacco E27; numero di luci 1; potenza E27 max 1 x 60W; non dimmerabile secondo i dati di catalogo; lampadina non indicata come inclusa. Tra le combinazioni selezionabili figurano Onion sp1 – Diametro – 23.5cm, Onion sp1 – Diametro – 38cm, Onion sp1 – Diametro – 47cm e Onion sp1 – Diametro – 59.5cm. La sospensione è indicata per penisole, comodini a sospensione, corridoi, banconi bar e piccoli tavoli. L’installazione è pensata per ambienti interni e va definita in base all’altezza disponibile e al progetto luce. Dimensioni, altezza regolabile, finitura, sorgente e potenza permettono di scegliere la configurazione più coerente con arredo, volume dell’ambiente e resa luminosa desiderata.</p>","<p>Ideal Lux Onion sp1 è una lampada a sospensione per interni pensata per chi desidera una sospensione compatta adatta sia come punto luce singolo sia in composizioni multiple. Il corpo illuminante scende dal soffitto e trasforma la luce in un elemento d’arredo, utile per definire una zona, sottolineare un piano o dare identità al volume dell’ambiente senza occupare superfici. La composizione in metallo caratterizza la percezione del modello e permette di inserirlo in progetti residenziali e, dove appropriato, in spazi contract o hospitality.</p><p>La scelta della variante deve partire dalle caratteristiche reali del prodotto. La gamma comprende 4 varianti selezionabili, nelle finiture coffee, con misure Ø 235 × H min 480 / max 2230 mm, Ø 380 × H min 625 / max 2375 mm, Ø 470 × H min 690 / max 2440 mm e Ø 595 × H min 820 / max 2570 mm. La sorgente è definita da: attacco E27; numero di luci 1; potenza E27 max 1 x 60W; non dimmerabile secondo i dati di catalogo; lampadina non indicata come inclusa. Misura e altezza di sospensione incidono direttamente sull’effetto finale: un modello regolato più vicino al piano concentra l’attenzione su tavolo o bancone, mentre una discesa più ampia valorizza soffitti alti e composizioni scenografiche. La scheda Ideal Lux aggiunge questi dettagli costruttivi: Struttura in metallo con finitura in vernice marrone ad effetto metallico. Cavo in tessuto. Le configurazioni presenti a catalogo comprendono Onion sp1 – Diametro – 23.5cm, Onion sp1 – Diametro – 38cm, Onion sp1 – Diametro – 47cm e Onion sp1 – Diametro – 59.5cm.</p><p>Il formato compatto rende Ideal Lux Onion sp1 particolarmente utile in penisole, comodini a sospensione, corridoi, banconi bar e piccoli tavoli. Una singola sospensione può illuminare un tavolino, un angolo lettura o una zona comodino; più elementi coordinati possono comporre un ritmo sopra penisole, banconi o percorsi. È una soluzione interessante anche per bistrot e negozi che ricercano piccoli punti luce ripetuti. Per l’uso in bagno è necessario verificare protezione, posizione e distanze previste dalle norme.</p><p>Scegliere Ideal Lux Onion sp1 significa confrontare finiture, dimensioni, numero di luci, sorgente o attacco, potenza e possibilità di dimmerazione prima dell’acquisto. Una sospensione ben dimensionata migliora la qualità della luce, valorizza arredi e materiali e contribuisce alla percezione dell’intero progetto. Questa scheda ecommerce riunisce le informazioni tecniche e d’uso utili a individuare la configurazione più adatta, con un testo orientato alla ricerca di lampade a sospensione Ideal Lux per abitazioni, locali commerciali e spazi professionali.</p>","Ideal Lux Onion sp1: lampada a sospensione da interno in metallo, ideale per living e spazi contract. Scopri finiture, misure e varianti e acquista online."
"IL-CONFIG-284","<p>Ideal Lux Opera sp10 è una lampada a sospensione per interni: una sospensione decorativa di forte presenza, progettata per diventare protagonista dello spazio. La struttura è realizzata in cristallo, tessuto e vetro. La gamma comprende 3 varianti selezionabili, nelle finiture bianco, con misure Ø 900 × H min 1050 / max 2800 mm, Ø 500 × H min 730 / max 2480 mm e Ø 710 × H min 860 / max 2610 mm. La sorgente è definita da: attacco E27; numero di luci 10, 4 e 6; potenza E27 max 10 x 60W, E27 max 4 x 60W e E27 max 6 x 60W; non dimmerabile secondo i dati di catalogo; lampadina non indicata come inclusa. Tra le combinazioni selezionabili figurano Opera sp10 – 10 Sorgenti Luminose, Opera sp4 – 4 Sorgenti Luminose e Opera sp6 – 6 Sorgenti Luminose. La sospensione è indicata per saloni, soggiorni ampi, vani scala, hall, boutique e sale ristorante. L’installazione è pensata per ambienti interni e va definita in base all’altezza disponibile e al progetto luce. Dimensioni, altezza regolabile, finitura, sorgente e potenza permettono di scegliere la configurazione più coerente con arredo, volume dell’ambiente e resa luminosa desiderata.</p>","<p>Ideal Lux Opera sp10 è una lampada a sospensione per interni pensata per chi desidera una sospensione decorativa di forte presenza, progettata per diventare protagonista dello spazio. Il corpo illuminante scende dal soffitto e trasforma la luce in un elemento d’arredo, utile per definire una zona, sottolineare un piano o dare identità al volume dell’ambiente senza occupare superfici. La composizione in cristallo, tessuto e vetro caratterizza la percezione del modello e permette di inserirlo in progetti residenziali e, dove appropriato, in spazi contract o hospitality.</p><p>La scelta della variante deve partire dalle caratteristiche reali del prodotto. La gamma comprende 3 varianti selezionabili, nelle finiture bianco, con misure Ø 900 × H min 1050 / max 2800 mm, Ø 500 × H min 730 / max 2480 mm e Ø 710 × H min 860 / max 2610 mm. La sorgente è definita da: attacco E27; numero di luci 10, 4 e 6; potenza E27 max 10 x 60W, E27 max 4 x 60W e E27 max 6 x 60W; non dimmerabile secondo i dati di catalogo; lampadina non indicata come inclusa. Misura e altezza di sospensione incidono direttamente sull’effetto finale: un modello regolato più vicino al piano concentra l’attenzione su tavolo o bancone, mentre una discesa più ampia valorizza soffitti alti e composizioni scenografiche. La scheda Ideal Lux aggiunge questi dettagli costruttivi: Montatura in cromo. Paralume in lamina di PVC con riflessi metallizzati e rivestita da fili. Pendagli in cristallo molato. Sospensioni con cavi in acciaio a lunghezza regolabile. Le configurazioni presenti a catalogo comprendono Opera sp10 – 10 Sorgenti Luminose, Opera sp4 – 4 Sorgenti Luminose e Opera sp6 – 6 Sorgenti Luminose.</p><p>Per dimensioni e presenza decorativa, Ideal Lux Opera sp10 si presta a saloni, soggiorni ampi, vani scala, hall, boutique e sale ristorante. In casa può diventare il fulcro del soggiorno, della sala da pranzo o di un vano scala ampio; nel contract valorizza hall, lounge, sale ristorante, boutique e aree accoglienza alberghiere. In camere o ambienti contenuti occorre controllare con precisione l’ingombro. In bagno, come per ogni sospensione da interno, l’installazione è valutabile solo in posizioni compatibili con requisiti tecnici e zone elettriche previste.</p><p>Scegliere Ideal Lux Opera sp10 significa confrontare finiture, dimensioni, numero di luci, sorgente o attacco, potenza e possibilità di dimmerazione prima dell’acquisto. Una sospensione ben dimensionata migliora la qualità della luce, valorizza arredi e materiali e contribuisce alla percezione dell’intero progetto. Questa scheda ecommerce riunisce le informazioni tecniche e d’uso utili a individuare la configurazione più adatta, con un testo orientato alla ricerca di lampade a sospensione Ideal Lux per abitazioni, locali commerciali e spazi professionali.</p>","Ideal Lux Opera sp10: lampada a sospensione da interno in cristallo e tessuto, ideale per salone, living e hall. Scopri misure e varianti: acquista online."
"IL-CONFIG-285","<p>Ideal Lux Oracle slim sp round on-off bi è una lampada a sospensione per interni: una sospensione contemporanea dalla lettura pulita e luminosa. La struttura è realizzata in alluminio, metallo e materiale plastico. La gamma comprende 53 varianti selezionabili, nelle finiture bianco, nero e ottone, con misure Ø 500 × H min 275 / max 2025 mm, L 500 × H min 275 / max 2025 × P 500 mm, Ø 700 × H min 275 / max 2025 mm, L 700 × H min 275 / max 2025 × P 700 mm, Ø 900 × H min 275 / max 2025 mm, L 900 × H min 275 / max 2025 × P 900 mm e altre 1 configurazioni. La sorgente è definita da: sorgente LED; numero di luci 1; potenza 29W, 28W, 33W, 37W e altre 6 configurazioni; temperatura colore 2700K, 3000K e 4000K; dimmerabile; sorgente o lampadina inclusa. Tra le combinazioni selezionabili figurano Oracle slim sp round on – off bi – Bianco – Diametro – 50cm – 2700K, Oracle slim sp round on – off ne – Nero – Diametro – 50cm – 2700K, Oracle slim sp round dali bi – Bianco – Diametro – 50cm – 3000K, Oracle slim sp round dali ne – Nero – Diametro – 50cm – 3000K, Oracle slim sp round on – off bi – Bianco – Diametro – 50cm – 3000K e altre 42 configurazioni. La sospensione è indicata per living moderni, cucine, sale riunione, showroom e ambienti contract. L’installazione è pensata per ambienti interni e va definita in base all’altezza disponibile e al progetto luce. Dimensioni, altezza regolabile, finitura, sorgente e potenza permettono di scegliere la configurazione più coerente con arredo, volume dell’ambiente e resa luminosa desiderata.</p>","<p>Ideal Lux Oracle slim sp round on-off bi è una lampada a sospensione per interni pensata per chi desidera una sospensione contemporanea dalla lettura pulita e luminosa. Il corpo illuminante scende dal soffitto e trasforma la luce in un elemento d’arredo, utile per definire una zona, sottolineare un piano o dare identità al volume dell’ambiente senza occupare superfici. La composizione in alluminio, metallo e materiale plastico caratterizza la percezione del modello e permette di inserirlo in progetti residenziali e, dove appropriato, in spazi contract o hospitality.</p><p>La scelta della variante deve partire dalle caratteristiche reali del prodotto. La gamma comprende 53 varianti selezionabili, nelle finiture bianco, nero e ottone, con misure Ø 500 × H min 275 / max 2025 mm, L 500 × H min 275 / max 2025 × P 500 mm, Ø 700 × H min 275 / max 2025 mm, L 700 × H min 275 / max 2025 × P 700 mm, Ø 900 × H min 275 / max 2025 mm, L 900 × H min 275 / max 2025 × P 900 mm e altre 1 configurazioni. La sorgente è definita da: sorgente LED; numero di luci 1; potenza 29W, 28W, 33W, 37W e altre 6 configurazioni; temperatura colore 2700K, 3000K e 4000K; dimmerabile; sorgente o lampadina inclusa. Misura e altezza di sospensione incidono direttamente sull’effetto finale: un modello regolato più vicino al piano concentra l’attenzione su tavolo o bancone, mentre una discesa più ampia valorizza soffitti alti e composizioni scenografiche. Le configurazioni presenti a catalogo comprendono Oracle slim sp round on – off bi – Bianco – Diametro – 50cm – 2700K, Oracle slim sp round on – off ne – Nero – Diametro – 50cm – 2700K, Oracle slim sp round dali bi – Bianco – Diametro – 50cm – 3000K, Oracle slim sp round dali ne – Nero – Diametro – 50cm – 3000K, Oracle slim sp round on – off bi – Bianco – Diametro – 50cm – 3000K, Oracle slim sp round on – off ne – Nero – Diametro – 50cm – 3000K, Oracle slim sp round on – off ot – Ottone – Diametro – 50cm – 3000K, Oracle slim sp round dali bi – Bianco – Diametro – 50cm – 4000K, Oracle slim sp round dali ne – Nero – Diametro – 50cm – 4000K, Oracle slim sp round on – off bi – Bianco – Diametro – 50cm – 4000K e altre 37 configurazioni.</p><p>La versatilità del modello favorisce l’utilizzo in living moderni, cucine, sale riunione, showroom e ambienti contract. In soggiorno e zona living la sospensione crea un punto focale; in cucina può illuminare isola o penisola quando dimensioni e quota sono proporzionate; in camera da letto aggiunge una componente decorativa e funzionale. In locali commerciali è adatta a tavoli di ristoranti e bistrot, lounge, vetrine interne o aree accoglienza. Per corridoio, cameretta e bagno è opportuno valutare ingombro, altezza e compatibilità tecnica con lo spazio.</p><p>Scegliere Ideal Lux Oracle slim sp round on-off bi significa confrontare finiture, dimensioni, numero di luci, sorgente o attacco, potenza e possibilità di dimmerazione prima dell’acquisto. Una sospensione ben dimensionata migliora la qualità della luce, valorizza arredi e materiali e contribuisce alla percezione dell’intero progetto. Questa scheda ecommerce riunisce le informazioni tecniche e d’uso utili a individuare la configurazione più adatta, con un testo orientato alla ricerca di lampade a sospensione Ideal Lux per abitazioni, locali commerciali e spazi professionali.</p>","Ideal Lux Oracle slim sp round on-off bi: sospensione da interno in alluminio, pensata per living e spazi contract. Scopri la collezione e acquista online."
"IL-CONFIG-286","<p>Ideal Lux Oracle sp è una lampada a sospensione per interni: una sospensione contemporanea dalla lettura pulita e luminosa. La struttura è realizzata in alluminio, metallo e materiale plastico. La gamma comprende 6 varianti selezionabili, nelle finiture bianco e nero, con misure Ø 500 × H min 295 / max 2045 mm, Ø 600 × H min 295 / max 2045 mm e Ø 700 × H min 295 / max 2045 mm. La sorgente è definita da: sorgente LED; numero di luci 1; potenza LED 28W, LED 33W e LED 35W; non dimmerabile secondo i dati di catalogo; sorgente o lampadina inclusa. Tra le combinazioni selezionabili figurano Oracle sp – Bianco – Diametro – 50cm, Oracle sp – Nero – Diametro – 50cm, Oracle sp – Bianco – Diametro – 60cm, Oracle sp – Nero – Diametro – 60cm, Oracle sp – Bianco – Diametro – 70cm e altre 1 configurazioni. La sospensione è indicata per living moderni, cucine, sale riunione, showroom e ambienti contract. L’installazione è pensata per ambienti interni e va definita in base all’altezza disponibile e al progetto luce. Dimensioni, altezza regolabile, finitura, sorgente e potenza permettono di scegliere la configurazione più coerente con arredo, volume dell’ambiente e resa luminosa desiderata.</p>","<p>Ideal Lux Oracle sp è una lampada a sospensione per interni pensata per chi desidera una sospensione contemporanea dalla lettura pulita e luminosa. Il corpo illuminante scende dal soffitto e trasforma la luce in un elemento d’arredo, utile per definire una zona, sottolineare un piano o dare identità al volume dell’ambiente senza occupare superfici. La composizione in alluminio, metallo e materiale plastico caratterizza la percezione del modello e permette di inserirlo in progetti residenziali e, dove appropriato, in spazi contract o hospitality.</p><p>La scelta della variante deve partire dalle caratteristiche reali del prodotto. La gamma comprende 6 varianti selezionabili, nelle finiture bianco e nero, con misure Ø 500 × H min 295 / max 2045 mm, Ø 600 × H min 295 / max 2045 mm e Ø 700 × H min 295 / max 2045 mm. La sorgente è definita da: sorgente LED; numero di luci 1; potenza LED 28W, LED 33W e LED 35W; non dimmerabile secondo i dati di catalogo; sorgente o lampadina inclusa. Misura e altezza di sospensione incidono direttamente sull’effetto finale: un modello regolato più vicino al piano concentra l’attenzione su tavolo o bancone, mentre una discesa più ampia valorizza soffitti alti e composizioni scenografiche. Le configurazioni presenti a catalogo comprendono Oracle sp – Bianco – Diametro – 50cm, Oracle sp – Nero – Diametro – 50cm, Oracle sp – Bianco – Diametro – 60cm, Oracle sp – Nero – Diametro – 60cm, Oracle sp – Bianco – Diametro – 70cm e Oracle sp – Nero – Diametro – 70cm.</p><p>La versatilità del modello favorisce l’utilizzo in living moderni, cucine, sale riunione, showroom e ambienti contract. In soggiorno e zona living la sospensione crea un punto focale; in cucina può illuminare isola o penisola quando dimensioni e quota sono proporzionate; in camera da letto aggiunge una componente decorativa e funzionale. In locali commerciali è adatta a tavoli di ristoranti e bistrot, lounge, vetrine interne o aree accoglienza. Per corridoio, cameretta e bagno è opportuno valutare ingombro, altezza e compatibilità tecnica con lo spazio.</p><p>Scegliere Ideal Lux Oracle sp significa confrontare finiture, dimensioni, numero di luci, sorgente o attacco, potenza e possibilità di dimmerazione prima dell’acquisto. Una sospensione ben dimensionata migliora la qualità della luce, valorizza arredi e materiali e contribuisce alla percezione dell’intero progetto. Questa scheda ecommerce riunisce le informazioni tecniche e d’uso utili a individuare la configurazione più adatta, con un testo orientato alla ricerca di lampade a sospensione Ideal Lux per abitazioni, locali commerciali e spazi professionali.</p>","Ideal Lux Oracle sp: lampada a sospensione per interni in alluminio e metallo, ideale per living e spazi contract. Scopri la collezione e acquista online."
"IL-CONFIG-287","<p>Ideal Lux Origami sp3 è una lampada a sospensione per interni: una sospensione decorativa versatile, studiata per valorizzare l’arredo con luce dall’alto. La struttura è realizzata in vetro. La gamma comprende una configurazione disponibile, nelle finiture bianco, con misure Ø 400 × H min 510 / max 1225 mm. La sorgente è definita da: attacco E27; numero di luci 3; potenza E27 max 3 x 60W; non dimmerabile secondo i dati di catalogo; lampadina non indicata come inclusa. La sospensione è indicata per soggiorni, zone pranzo, camere, ingressi, ristoranti e boutique. L’installazione è pensata per ambienti interni e va definita in base all’altezza disponibile e al progetto luce. Dimensioni, altezza regolabile, finitura, sorgente e potenza permettono di scegliere la configurazione più coerente con arredo, volume dell’ambiente e resa luminosa desiderata.</p>","<p>Ideal Lux Origami sp3 è una lampada a sospensione per interni pensata per chi desidera una sospensione decorativa versatile, studiata per valorizzare l’arredo con luce dall’alto. Il corpo illuminante scende dal soffitto e trasforma la luce in un elemento d’arredo, utile per definire una zona, sottolineare un piano o dare identità al volume dell’ambiente senza occupare superfici. La composizione in vetro caratterizza la percezione del modello e permette di inserirlo in progetti residenziali e, dove appropriato, in spazi contract o hospitality.</p><p>La scelta della variante deve partire dalle caratteristiche reali del prodotto. La gamma comprende una configurazione disponibile, nelle finiture bianco, con misure Ø 400 × H min 510 / max 1225 mm. La sorgente è definita da: attacco E27; numero di luci 3; potenza E27 max 3 x 60W; non dimmerabile secondo i dati di catalogo; lampadina non indicata come inclusa. Misura e altezza di sospensione incidono direttamente sull’effetto finale: un modello regolato più vicino al piano concentra l’attenzione su tavolo o bancone, mentre una discesa più ampia valorizza soffitti alti e composizioni scenografiche. La scheda Ideal Lux aggiunge questi dettagli costruttivi: Montatura in metallo verniciato opaco. Diffusori in vetro bianco soffiato e acidato con effetto piegature in rilievo.</p><p>La versatilità del modello favorisce l’utilizzo in soggiorni, zone pranzo, camere, ingressi, ristoranti e boutique. In soggiorno e zona living la sospensione crea un punto focale; in cucina può illuminare isola o penisola quando dimensioni e quota sono proporzionate; in camera da letto aggiunge una componente decorativa e funzionale. In locali commerciali è adatta a tavoli di ristoranti e bistrot, lounge, vetrine interne o aree accoglienza. Per corridoio, cameretta e bagno è opportuno valutare ingombro, altezza e compatibilità tecnica con lo spazio.</p><p>Scegliere Ideal Lux Origami sp3 significa confrontare finiture, dimensioni, numero di luci, sorgente o attacco, potenza e possibilità di dimmerazione prima dell’acquisto. Una sospensione ben dimensionata migliora la qualità della luce, valorizza arredi e materiali e contribuisce alla percezione dell’intero progetto. Questa scheda ecommerce riunisce le informazioni tecniche e d’uso utili a individuare la configurazione più adatta, con un testo orientato alla ricerca di lampade a sospensione Ideal Lux per abitazioni, locali commerciali e spazi professionali.</p>","Ideal Lux Origami sp3: lampada a sospensione da interno in vetro, ideale per living e spazi contract. Scopri finiture, misure e varianti e acquista online."
"IL-CONFIG-288","<p>Ideal Lux Ovalino sp5 è una lampada a sospensione per interni: una sospensione decorativa di forte presenza, progettata per diventare protagonista dello spazio. La struttura è realizzata in vetro. La gamma comprende 2 varianti selezionabili, nelle finiture bianco, con misure Ø 440 × H min 460 / max 1200 mm e Ø 550 × H min 465 / max 1200 mm. La sorgente è definita da: attacco E27; numero di luci 5 e 8; potenza E27 max 5 x 60W e E27 max 8 x 60W; non dimmerabile secondo i dati di catalogo; lampadina non indicata come inclusa. Tra le combinazioni selezionabili figurano Ovalino sp5 – Diametro – 44cm e Ovalino sp8 – Diametro – 55cm. La sospensione è indicata per saloni, soggiorni ampi, vani scala, hall, boutique e sale ristorante. L’installazione è pensata per ambienti interni e va definita in base all’altezza disponibile e al progetto luce. Dimensioni, altezza regolabile, finitura, sorgente e potenza permettono di scegliere la configurazione più coerente con arredo, volume dell’ambiente e resa luminosa desiderata.</p>","<p>Ideal Lux Ovalino sp5 è una lampada a sospensione per interni pensata per chi desidera una sospensione decorativa di forte presenza, progettata per diventare protagonista dello spazio. Il corpo illuminante scende dal soffitto e trasforma la luce in un elemento d’arredo, utile per definire una zona, sottolineare un piano o dare identità al volume dell’ambiente senza occupare superfici. La composizione in vetro caratterizza la percezione del modello e permette di inserirlo in progetti residenziali e, dove appropriato, in spazi contract o hospitality.</p><p>La scelta della variante deve partire dalle caratteristiche reali del prodotto. La gamma comprende 2 varianti selezionabili, nelle finiture bianco, con misure Ø 440 × H min 460 / max 1200 mm e Ø 550 × H min 465 / max 1200 mm. La sorgente è definita da: attacco E27; numero di luci 5 e 8; potenza E27 max 5 x 60W e E27 max 8 x 60W; non dimmerabile secondo i dati di catalogo; lampadina non indicata come inclusa. Misura e altezza di sospensione incidono direttamente sull’effetto finale: un modello regolato più vicino al piano concentra l’attenzione su tavolo o bancone, mentre una discesa più ampia valorizza soffitti alti e composizioni scenografiche. La scheda Ideal Lux aggiunge questi dettagli costruttivi: Diffusore composto da elementi circolari in lastra di vetro curvata e acidata. Cavi in acciaio regolabili in lunghezza da dispositivi automatici. Le configurazioni presenti a catalogo comprendono Ovalino sp5 – Diametro – 44cm e Ovalino sp8 – Diametro – 55cm.</p><p>Per dimensioni e presenza decorativa, Ideal Lux Ovalino sp5 si presta a saloni, soggiorni ampi, vani scala, hall, boutique e sale ristorante. In casa può diventare il fulcro del soggiorno, della sala da pranzo o di un vano scala ampio; nel contract valorizza hall, lounge, sale ristorante, boutique e aree accoglienza alberghiere. In camere o ambienti contenuti occorre controllare con precisione l’ingombro. In bagno, come per ogni sospensione da interno, l’installazione è valutabile solo in posizioni compatibili con requisiti tecnici e zone elettriche previste.</p><p>Scegliere Ideal Lux Ovalino sp5 significa confrontare finiture, dimensioni, numero di luci, sorgente o attacco, potenza e possibilità di dimmerazione prima dell’acquisto. Una sospensione ben dimensionata migliora la qualità della luce, valorizza arredi e materiali e contribuisce alla percezione dell’intero progetto. Questa scheda ecommerce riunisce le informazioni tecniche e d’uso utili a individuare la configurazione più adatta, con un testo orientato alla ricerca di lampade a sospensione Ideal Lux per abitazioni, locali commerciali e spazi professionali.</p>","Ideal Lux Ovalino sp5: lampada a sospensione per interni in vetro, ideale per salone, living e hall. Scopri finiture, misure e varianti e acquista online."
"IL-CONFIG-289","<p>Ideal Lux Oz sp on-off è una lampada a sospensione per interni: una sospensione contemporanea dalla lettura pulita e luminosa. La struttura è realizzata in metallo e materiale plastico. La gamma comprende 30 varianti selezionabili, nelle finiture bianco, nero e ottone, con misure Ø 400 × H min 360 / max 2000 mm, Ø 600 × H min 400 / max 2150 mm, Ø 600 × H min 300 / max 1500 mm, Ø 600 × H min 300 / max 2150 mm, Ø 800 × H min 490 / max 2240 mm, Ø 800 × H min 390 / max 2240 mm e altre 1 configurazioni. La sorgente è definita da: sorgente LED; numero di luci 1; potenza 38W, 48W, 47W, 55W e altre 2 configurazioni; temperatura colore 3000K, 2700K e 4000K; dimmerabile; sorgente o lampadina inclusa. Tra le combinazioni selezionabili figurano Oz sp on – off – Bianco – Diametro – 40cm – 3000K, Oz sp on – off – Nero – Diametro – 40cm – 3000K, Oz sp on – off – Ottone – Diametro – 40cm – 3000K, Oz sp dali – Bianco – Diametro – 60cm – 3000K, Oz sp dali – Nero – Diametro – 60cm – 3000K e altre 25 configurazioni. La sospensione è indicata per living moderni, cucine, sale riunione, showroom e ambienti contract. L’installazione è pensata per ambienti interni e va definita in base all’altezza disponibile e al progetto luce. Dimensioni, altezza regolabile, finitura, sorgente e potenza permettono di scegliere la configurazione più coerente con arredo, volume dell’ambiente e resa luminosa desiderata.</p>","<p>Ideal Lux Oz sp on-off è una lampada a sospensione per interni pensata per chi desidera una sospensione contemporanea dalla lettura pulita e luminosa. Il corpo illuminante scende dal soffitto e trasforma la luce in un elemento d’arredo, utile per definire una zona, sottolineare un piano o dare identità al volume dell’ambiente senza occupare superfici. La composizione in metallo e materiale plastico caratterizza la percezione del modello e permette di inserirlo in progetti residenziali e, dove appropriato, in spazi contract o hospitality.</p><p>La scelta della variante deve partire dalle caratteristiche reali del prodotto. La gamma comprende 30 varianti selezionabili, nelle finiture bianco, nero e ottone, con misure Ø 400 × H min 360 / max 2000 mm, Ø 600 × H min 400 / max 2150 mm, Ø 600 × H min 300 / max 1500 mm, Ø 600 × H min 300 / max 2150 mm, Ø 800 × H min 490 / max 2240 mm, Ø 800 × H min 390 / max 2240 mm e altre 1 configurazioni. La sorgente è definita da: sorgente LED; numero di luci 1; potenza 38W, 48W, 47W, 55W e altre 2 configurazioni; temperatura colore 3000K, 2700K e 4000K; dimmerabile; sorgente o lampadina inclusa. Misura e altezza di sospensione incidono direttamente sull’effetto finale: un modello regolato più vicino al piano concentra l’attenzione su tavolo o bancone, mentre una discesa più ampia valorizza soffitti alti e composizioni scenografiche. Le configurazioni presenti a catalogo comprendono Oz sp on – off – Bianco – Diametro – 40cm – 3000K, Oz sp on – off – Nero – Diametro – 40cm – 3000K, Oz sp on – off – Ottone – Diametro – 40cm – 3000K, Oz sp dali – Bianco – Diametro – 60cm – 3000K, Oz sp dali – Nero – Diametro – 60cm – 3000K, Oz sp dali – Ottone – Diametro – 60cm – 3000K, Oz sp on – off – Bianco – Diametro – 60cm – 2700K, Oz sp on – off – Bianco – Diametro – 60cm – 3000K, Oz sp on – off – Bianco – Diametro – 60cm – 4000K, Oz sp on – off – Nero – Diametro – 60cm – 2700K e altre 20 configurazioni.</p><p>La versatilità del modello favorisce l’utilizzo in living moderni, cucine, sale riunione, showroom e ambienti contract. In soggiorno e zona living la sospensione crea un punto focale; in cucina può illuminare isola o penisola quando dimensioni e quota sono proporzionate; in camera da letto aggiunge una componente decorativa e funzionale. In locali commerciali è adatta a tavoli di ristoranti e bistrot, lounge, vetrine interne o aree accoglienza. Per corridoio, cameretta e bagno è opportuno valutare ingombro, altezza e compatibilità tecnica con lo spazio.</p><p>Scegliere Ideal Lux Oz sp on-off significa confrontare finiture, dimensioni, numero di luci, sorgente o attacco, potenza e possibilità di dimmerazione prima dell’acquisto. Una sospensione ben dimensionata migliora la qualità della luce, valorizza arredi e materiali e contribuisce alla percezione dell’intero progetto. Questa scheda ecommerce riunisce le informazioni tecniche e d’uso utili a individuare la configurazione più adatta, con un testo orientato alla ricerca di lampade a sospensione Ideal Lux per abitazioni, locali commerciali e spazi professionali.</p>","Ideal Lux Oz sp: sospensione per interni in metallo e materiale plastico, pensata per living e spazi contract. Scegli la variante ideale e acquista online."
"IL-CONFIG-290","<p>Ideal Lux Pan sp5 è una lampada a sospensione per interni: una sospensione decorativa versatile, studiata per valorizzare l’arredo con luce dall’alto. La struttura è realizzata in metallo. La gamma comprende una configurazione disponibile, nelle finiture oro, con misure Ø 470 × H min 600 / max 1510 mm. La sorgente è definita da: attacco E27; numero di luci 5; potenza E27 max 5 x 60W; non dimmerabile secondo i dati di catalogo; lampadina non indicata come inclusa. La sospensione è indicata per soggiorni, zone pranzo, camere, ingressi, ristoranti e boutique. L’installazione è pensata per ambienti interni e va definita in base all’altezza disponibile e al progetto luce. Dimensioni, altezza regolabile, finitura, sorgente e potenza permettono di scegliere la configurazione più coerente con arredo, volume dell’ambiente e resa luminosa desiderata.</p>","<p>Ideal Lux Pan sp5 è una lampada a sospensione per interni pensata per chi desidera una sospensione decorativa versatile, studiata per valorizzare l’arredo con luce dall’alto. Il corpo illuminante scende dal soffitto e trasforma la luce in un elemento d’arredo, utile per definire una zona, sottolineare un piano o dare identità al volume dell’ambiente senza occupare superfici. La composizione in metallo caratterizza la percezione del modello e permette di inserirlo in progetti residenziali e, dove appropriato, in spazi contract o hospitality.</p><p>La scelta della variante deve partire dalle caratteristiche reali del prodotto. La gamma comprende una configurazione disponibile, nelle finiture oro, con misure Ø 470 × H min 600 / max 1510 mm. La sorgente è definita da: attacco E27; numero di luci 5; potenza E27 max 5 x 60W; non dimmerabile secondo i dati di catalogo; lampadina non indicata come inclusa. Misura e altezza di sospensione incidono direttamente sull’effetto finale: un modello regolato più vicino al piano concentra l’attenzione su tavolo o bancone, mentre una discesa più ampia valorizza soffitti alti e composizioni scenografiche.</p><p>La versatilità del modello favorisce l’utilizzo in soggiorni, zone pranzo, camere, ingressi, ristoranti e boutique. In soggiorno e zona living la sospensione crea un punto focale; in cucina può illuminare isola o penisola quando dimensioni e quota sono proporzionate; in camera da letto aggiunge una componente decorativa e funzionale. In locali commerciali è adatta a tavoli di ristoranti e bistrot, lounge, vetrine interne o aree accoglienza. Per corridoio, cameretta e bagno è opportuno valutare ingombro, altezza e compatibilità tecnica con lo spazio.</p><p>Scegliere Ideal Lux Pan sp5 significa confrontare finiture, dimensioni, numero di luci, sorgente o attacco, potenza e possibilità di dimmerazione prima dell’acquisto. Una sospensione ben dimensionata migliora la qualità della luce, valorizza arredi e materiali e contribuisce alla percezione dell’intero progetto. Questa scheda ecommerce riunisce le informazioni tecniche e d’uso utili a individuare la configurazione più adatta, con un testo orientato alla ricerca di lampade a sospensione Ideal Lux per abitazioni, locali commerciali e spazi professionali.</p>","Ideal Lux Pan sp5: lampada a sospensione per interni in metallo, ideale per living e spazi contract. Scopri finiture, misure e varianti e acquista online."
"IL-CONFIG-291","<p>Ideal Lux Pasha' sp10 è una lampada a sospensione per interni: una sospensione decorativa di forte presenza, progettata per diventare protagonista dello spazio. La struttura è realizzata in cristallo, metallo e vetro. La gamma comprende 6 varianti selezionabili, nelle finiture cromo e oro, con misure Ø 550 × H min 440 / max 2190 mm, Ø 650 × H min 530 / max 2480 mm e Ø 400 × H min 440 / max 2190 mm. La sorgente è definita da: attacco E14; numero di luci 10, 14 e 6; potenza E14 max 10 x 40W, E14 max 14 x 40W e E14 max 6 x 40W; non dimmerabile secondo i dati di catalogo; lampadina non indicata come inclusa. Tra le combinazioni selezionabili figurano Pasha' sp10 – 10 Sorgenti Luminose – Cromo, Pasha' sp10 – 10 Sorgenti Luminose – Oro, Pasha' sp14 – 14 Sorgenti Luminose – Cromo, Pasha' sp14 – 14 Sorgenti Luminose – Oro, Pasha' sp6 – 6 Sorgenti Luminose – Cromo e altre 1 configurazioni. La sospensione è indicata per saloni, soggiorni ampi, vani scala, hall, boutique e sale ristorante. L’installazione è pensata per ambienti interni e va definita in base all’altezza disponibile e al progetto luce. Dimensioni, altezza regolabile, finitura, sorgente e potenza permettono di scegliere la configurazione più coerente con arredo, volume dell’ambiente e resa luminosa desiderata.</p>","<p>Ideal Lux Pasha' sp10 è una lampada a sospensione per interni pensata per chi desidera una sospensione decorativa di forte presenza, progettata per diventare protagonista dello spazio. Il corpo illuminante scende dal soffitto e trasforma la luce in un elemento d’arredo, utile per definire una zona, sottolineare un piano o dare identità al volume dell’ambiente senza occupare superfici. La composizione in cristallo, metallo e vetro caratterizza la percezione del modello e permette di inserirlo in progetti residenziali e, dove appropriato, in spazi contract o hospitality.</p><p>La scelta della variante deve partire dalle caratteristiche reali del prodotto. La gamma comprende 6 varianti selezionabili, nelle finiture cromo e oro, con misure Ø 550 × H min 440 / max 2190 mm, Ø 650 × H min 530 / max 2480 mm e Ø 400 × H min 440 / max 2190 mm. La sorgente è definita da: attacco E14; numero di luci 10, 14 e 6; potenza E14 max 10 x 40W, E14 max 14 x 40W e E14 max 6 x 40W; non dimmerabile secondo i dati di catalogo; lampadina non indicata come inclusa. Misura e altezza di sospensione incidono direttamente sull’effetto finale: un modello regolato più vicino al piano concentra l’attenzione su tavolo o bancone, mentre una discesa più ampia valorizza soffitti alti e composizioni scenografiche. La scheda Ideal Lux aggiunge questi dettagli costruttivi: Montatura in metallo. Diffusore composto da filari di perle in cristallo molato e fondo chiuso da vetro circolare sabbiato. Cavi in acciaio a lunghezza regolabile con dispositivi fermacavo automatici. Le configurazioni presenti a catalogo comprendono Pasha' sp10 – 10 Sorgenti Luminose – Cromo, Pasha' sp10 – 10 Sorgenti Luminose – Oro, Pasha' sp14 – 14 Sorgenti Luminose – Cromo, Pasha' sp14 – 14 Sorgenti Luminose – Oro, Pasha' sp6 – 6 Sorgenti Luminose – Cromo e Pasha' sp6 – 6 Sorgenti Luminose – Oro.</p><p>Per dimensioni e presenza decorativa, Ideal Lux Pasha' sp10 si presta a saloni, soggiorni ampi, vani scala, hall, boutique e sale ristorante. In casa può diventare il fulcro del soggiorno, della sala da pranzo o di un vano scala ampio; nel contract valorizza hall, lounge, sale ristorante, boutique e aree accoglienza alberghiere. In camere o ambienti contenuti occorre controllare con precisione l’ingombro. In bagno, come per ogni sospensione da interno, l’installazione è valutabile solo in posizioni compatibili con requisiti tecnici e zone elettriche previste.</p><p>Scegliere Ideal Lux Pasha' sp10 significa confrontare finiture, dimensioni, numero di luci, sorgente o attacco, potenza e possibilità di dimmerazione prima dell’acquisto. Una sospensione ben dimensionata migliora la qualità della luce, valorizza arredi e materiali e contribuisce alla percezione dell’intero progetto. Questa scheda ecommerce riunisce le informazioni tecniche e d’uso utili a individuare la configurazione più adatta, con un testo orientato alla ricerca di lampade a sospensione Ideal Lux per abitazioni, locali commerciali e spazi professionali.</p>","Ideal Lux Pasha' sp10: lampada a sospensione per interni in cristallo e metallo, ideale per salone, living e hall. Scopri la collezione e acquista online."
"IL-CONFIG-292","<p>Ideal Lux Pegaso sp3 è una lampada a sospensione per interni: una sospensione decorativa di forte presenza, progettata per diventare protagonista dello spazio. La struttura è realizzata in metallo, tessuto e vetro. La gamma comprende 6 varianti selezionabili, nelle finiture bianco e ottone, con misure Ø 400 × H min 700 / max 2450 mm, Ø 720 × H min 735 / max 1500 mm e Ø 760 × H min 640 / max 1500 mm. La sorgente è definita da: attacco E14; numero di luci 3, 5 e 8; potenza E14 max 3 x 28W, E14 max 5 x 28W e E14 max 8 x 28W; non dimmerabile secondo i dati di catalogo; lampadina non indicata come inclusa. Tra le combinazioni selezionabili figurano Pegaso sp3 – 3 Sorgenti Luminose – Bianco, Pegaso sp3 – 3 Sorgenti Luminose – Ottone, Pegaso sp5 – 5 Sorgenti Luminose – Bianco, Pegaso sp5 – 5 Sorgenti Luminose – Ottone, Pegaso sp8 – 8 Sorgenti Luminose – Bianco e altre 1 configurazioni. La sospensione è indicata per saloni, soggiorni ampi, vani scala, hall, boutique e sale ristorante. L’installazione è pensata per ambienti interni e va definita in base all’altezza disponibile e al progetto luce. Dimensioni, altezza regolabile, finitura, sorgente e potenza permettono di scegliere la configurazione più coerente con arredo, volume dell’ambiente e resa luminosa desiderata.</p>","<p>Ideal Lux Pegaso sp3 è una lampada a sospensione per interni pensata per chi desidera una sospensione decorativa di forte presenza, progettata per diventare protagonista dello spazio. Il corpo illuminante scende dal soffitto e trasforma la luce in un elemento d’arredo, utile per definire una zona, sottolineare un piano o dare identità al volume dell’ambiente senza occupare superfici. La composizione in metallo, tessuto e vetro caratterizza la percezione del modello e permette di inserirlo in progetti residenziali e, dove appropriato, in spazi contract o hospitality.</p><p>La scelta della variante deve partire dalle caratteristiche reali del prodotto. La gamma comprende 6 varianti selezionabili, nelle finiture bianco e ottone, con misure Ø 400 × H min 700 / max 2450 mm, Ø 720 × H min 735 / max 1500 mm e Ø 760 × H min 640 / max 1500 mm. La sorgente è definita da: attacco E14; numero di luci 3, 5 e 8; potenza E14 max 3 x 28W, E14 max 5 x 28W e E14 max 8 x 28W; non dimmerabile secondo i dati di catalogo; lampadina non indicata come inclusa. Misura e altezza di sospensione incidono direttamente sull’effetto finale: un modello regolato più vicino al piano concentra l’attenzione su tavolo o bancone, mentre una discesa più ampia valorizza soffitti alti e composizioni scenografiche. La scheda Ideal Lux aggiunge questi dettagli costruttivi: Montatura in metallo cromato oppure ottone satinato. Corpo centrale, bobeches e pendagli in cristallo molato. Paralumi in organza. Copricatena in velluto. Le configurazioni presenti a catalogo comprendono Pegaso sp3 – 3 Sorgenti Luminose – Bianco, Pegaso sp3 – 3 Sorgenti Luminose – Ottone, Pegaso sp5 – 5 Sorgenti Luminose – Bianco, Pegaso sp5 – 5 Sorgenti Luminose – Ottone, Pegaso sp8 – 8 Sorgenti Luminose – Bianco e Pegaso sp8 – 8 Sorgenti Luminose – Ottone.</p><p>Per dimensioni e presenza decorativa, Ideal Lux Pegaso sp3 si presta a saloni, soggiorni ampi, vani scala, hall, boutique e sale ristorante. In casa può diventare il fulcro del soggiorno, della sala da pranzo o di un vano scala ampio; nel contract valorizza hall, lounge, sale ristorante, boutique e aree accoglienza alberghiere. In camere o ambienti contenuti occorre controllare con precisione l’ingombro. In bagno, come per ogni sospensione da interno, l’installazione è valutabile solo in posizioni compatibili con requisiti tecnici e zone elettriche previste.</p><p>Scegliere Ideal Lux Pegaso sp3 significa confrontare finiture, dimensioni, numero di luci, sorgente o attacco, potenza e possibilità di dimmerazione prima dell’acquisto. Una sospensione ben dimensionata migliora la qualità della luce, valorizza arredi e materiali e contribuisce alla percezione dell’intero progetto. Questa scheda ecommerce riunisce le informazioni tecniche e d’uso utili a individuare la configurazione più adatta, con un testo orientato alla ricerca di lampade a sospensione Ideal Lux per abitazioni, locali commerciali e spazi professionali.</p>","Ideal Lux Pegaso sp3: lampada a sospensione per interni in metallo, ideale per salone, living e hall. Scopri finiture, misure e varianti e acquista online."
"IL-CONFIG-293","<p>Ideal Lux Perlage sp10 è una lampada a sospensione per interni: una sospensione decorativa di forte presenza, progettata per diventare protagonista dello spazio. La struttura è realizzata in metallo e vetro. La gamma comprende 18 varianti selezionabili, nelle finiture ambra, bianco e fumè, con misure L 810 × H min 590 / max 2340 × P 300 mm, Ø 730 × H min 550 / max 2300 × P 535 mm, Ø 850 × H min 550 / max 2300 × P 535 mm, L 1035 × H min 590 / max 2190 × P 1100 mm, L 1430 × H min 400 / max 2165 × P 930 mm e Ø 260 × H min 770 / max 2520 × P 755 mm. La sorgente è definita da: attacco G9; numero di luci 10, 11, 14, 25, 30 e 6; potenza G9 max 10 x 15W, G9 max 11 x 15W, G9 max 14 x 15W, G9 max 25 x 15W e altre 2 configurazioni; non dimmerabile secondo i dati di catalogo; sorgente o lampadina inclusa. Tra le combinazioni selezionabili figurano Perlage sp10 – 10 Sorgenti Luminose – Ambra, Perlage sp10 – 10 Sorgenti Luminose – Bianco, Perlage sp10 – 10 Sorgenti Luminose – Fumé, Perlage sp11 – 11 Sorgenti Luminose – Ambra, Perlage sp11 – 11 Sorgenti Luminose – Bianco e altre 13 configurazioni. La sospensione è indicata per saloni, soggiorni ampi, vani scala, hall, boutique e sale ristorante. L’installazione è pensata per ambienti interni e va definita in base all’altezza disponibile e al progetto luce. Dimensioni, altezza regolabile, finitura, sorgente e potenza permettono di scegliere la configurazione più coerente con arredo, volume dell’ambiente e resa luminosa desiderata.</p>","<p>Ideal Lux Perlage sp10 è una lampada a sospensione per interni pensata per chi desidera una sospensione decorativa di forte presenza, progettata per diventare protagonista dello spazio. Il corpo illuminante scende dal soffitto e trasforma la luce in un elemento d’arredo, utile per definire una zona, sottolineare un piano o dare identità al volume dell’ambiente senza occupare superfici. La composizione in metallo e vetro caratterizza la percezione del modello e permette di inserirlo in progetti residenziali e, dove appropriato, in spazi contract o hospitality.</p><p>La scelta della variante deve partire dalle caratteristiche reali del prodotto. La gamma comprende 18 varianti selezionabili, nelle finiture ambra, bianco e fumè, con misure L 810 × H min 590 / max 2340 × P 300 mm, Ø 730 × H min 550 / max 2300 × P 535 mm, Ø 850 × H min 550 / max 2300 × P 535 mm, L 1035 × H min 590 / max 2190 × P 1100 mm, L 1430 × H min 400 / max 2165 × P 930 mm e Ø 260 × H min 770 / max 2520 × P 755 mm. La sorgente è definita da: attacco G9; numero di luci 10, 11, 14, 25, 30 e 6; potenza G9 max 10 x 15W, G9 max 11 x 15W, G9 max 14 x 15W, G9 max 25 x 15W e altre 2 configurazioni; non dimmerabile secondo i dati di catalogo; sorgente o lampadina inclusa. Misura e altezza di sospensione incidono direttamente sull’effetto finale: un modello regolato più vicino al piano concentra l’attenzione su tavolo o bancone, mentre una discesa più ampia valorizza soffitti alti e composizioni scenografiche. Le configurazioni presenti a catalogo comprendono Perlage sp10 – 10 Sorgenti Luminose – Ambra, Perlage sp10 – 10 Sorgenti Luminose – Bianco, Perlage sp10 – 10 Sorgenti Luminose – Fumé, Perlage sp11 – 11 Sorgenti Luminose – Ambra, Perlage sp11 – 11 Sorgenti Luminose – Bianco, Perlage sp11 – 11 Sorgenti Luminose – Fumé, Perlage sp14 – 14 Sorgenti Luminose – Ambra, Perlage sp14 – 14 Sorgenti Luminose – Bianco, Perlage sp14 – 14 Sorgenti Luminose – Fumé, Perlage sp25 – 25 Sorgenti Luminose – Ambra e altre 8 configurazioni.</p><p>Per dimensioni e presenza decorativa, Ideal Lux Perlage sp10 si presta a saloni, soggiorni ampi, vani scala, hall, boutique e sale ristorante. In casa può diventare il fulcro del soggiorno, della sala da pranzo o di un vano scala ampio; nel contract valorizza hall, lounge, sale ristorante, boutique e aree accoglienza alberghiere. In camere o ambienti contenuti occorre controllare con precisione l’ingombro. In bagno, come per ogni sospensione da interno, l’installazione è valutabile solo in posizioni compatibili con requisiti tecnici e zone elettriche previste.</p><p>Scegliere Ideal Lux Perlage sp10 significa confrontare finiture, dimensioni, numero di luci, sorgente o attacco, potenza e possibilità di dimmerazione prima dell’acquisto. Una sospensione ben dimensionata migliora la qualità della luce, valorizza arredi e materiali e contribuisce alla percezione dell’intero progetto. Questa scheda ecommerce riunisce le informazioni tecniche e d’uso utili a individuare la configurazione più adatta, con un testo orientato alla ricerca di lampade a sospensione Ideal Lux per abitazioni, locali commerciali e spazi professionali.</p>","Ideal Lux Perlage sp10: lampada a sospensione per interni in metallo e vetro, ideale per salone, living e hall. Scopri finiture e misure e acquista online."
"IL-CONFIG-294","<p>Ideal Lux Perline sp2 è una lampada a sospensione per interni: una sospensione lineare che distribuisce la luce lungo superfici e percorsi visivi. La struttura è realizzata in metallo e vetro. La gamma comprende 4 varianti selezionabili, nelle finiture nero e ottone, con misure L 1005 × H min 420 / max 2200 × P 150 mm e L 1205 × H min 420 / max 2200 × P 150 mm. La sorgente è definita da: attacco G9; numero di luci 2 e 3; potenza G9 max 2 x 40W e G9 max 3 x 40W; non dimmerabile secondo i dati di catalogo; sorgente o lampadina inclusa. Tra le combinazioni selezionabili figurano Perline sp2 – 2 Sorgenti Luminose – Nero, Perline sp2 – 2 Sorgenti Luminose – Ottone, Perline sp3 – 3 Sorgenti Luminose – Nero e Perline sp3 – 3 Sorgenti Luminose – Ottone. La sospensione è indicata per tavoli da pranzo, isole cucina, banconi, reception e tavoli riunione. L’installazione è pensata per ambienti interni e va definita in base all’altezza disponibile e al progetto luce. Dimensioni, altezza regolabile, finitura, sorgente e potenza permettono di scegliere la configurazione più coerente con arredo, volume dell’ambiente e resa luminosa desiderata.</p>","<p>Ideal Lux Perline sp2 è una lampada a sospensione per interni pensata per chi desidera una sospensione lineare che distribuisce la luce lungo superfici e percorsi visivi. Il corpo illuminante scende dal soffitto e trasforma la luce in un elemento d’arredo, utile per definire una zona, sottolineare un piano o dare identità al volume dell’ambiente senza occupare superfici. La composizione in metallo e vetro caratterizza la percezione del modello e permette di inserirlo in progetti residenziali e, dove appropriato, in spazi contract o hospitality.</p><p>La scelta della variante deve partire dalle caratteristiche reali del prodotto. La gamma comprende 4 varianti selezionabili, nelle finiture nero e ottone, con misure L 1005 × H min 420 / max 2200 × P 150 mm e L 1205 × H min 420 / max 2200 × P 150 mm. La sorgente è definita da: attacco G9; numero di luci 2 e 3; potenza G9 max 2 x 40W e G9 max 3 x 40W; non dimmerabile secondo i dati di catalogo; sorgente o lampadina inclusa. Misura e altezza di sospensione incidono direttamente sull’effetto finale: un modello regolato più vicino al piano concentra l’attenzione su tavolo o bancone, mentre una discesa più ampia valorizza soffitti alti e composizioni scenografiche. Le configurazioni presenti a catalogo comprendono Perline sp2 – 2 Sorgenti Luminose – Nero, Perline sp2 – 2 Sorgenti Luminose – Ottone, Perline sp3 – 3 Sorgenti Luminose – Nero e Perline sp3 – 3 Sorgenti Luminose – Ottone.</p><p>La geometria lineare rende Ideal Lux Perline sp2 adatta a tavoli da pranzo, isole cucina, banconi, reception e tavoli riunione. In cucina può accompagnare isola o penisola, nella zona pranzo segue il tavolo, mentre in un open space aiuta a differenziare le aree funzionali. In ristoranti, bar, reception, sale meeting e showroom una sospensione lineare offre ordine visivo e un’illuminazione riconoscibile. Per corridoi, camere e camerette la scelta va rapportata allo spazio libero; per il bagno vanno sempre osservati i vincoli di installazione.</p><p>Scegliere Ideal Lux Perline sp2 significa confrontare finiture, dimensioni, numero di luci, sorgente o attacco, potenza e possibilità di dimmerazione prima dell’acquisto. Una sospensione ben dimensionata migliora la qualità della luce, valorizza arredi e materiali e contribuisce alla percezione dell’intero progetto. Questa scheda ecommerce riunisce le informazioni tecniche e d’uso utili a individuare la configurazione più adatta, con un testo orientato alla ricerca di lampade a sospensione Ideal Lux per abitazioni, locali commerciali e spazi professionali.</p>","Ideal Lux Perline sp2: lampada a sospensione per interni in metallo e vetro, ideale per tavolo, isola e bancone. Scopri misure e varianti: acquista online."
"IL-CONFIG-295","<p>Ideal Lux Plissè sp1 è una lampada a sospensione per interni: una sospensione compatta adatta sia come punto luce singolo sia in composizioni multiple. La struttura è realizzata in metallo e vetro. La gamma comprende 4 varianti selezionabili, nelle finiture cromo e ottone, con misure Ø 350 × H min 480 / max 2230 mm e Ø 450 × H min 550 / max 2300 mm. La sorgente è definita da: attacco E27; numero di luci 1; potenza E27 max 1 x 60W; non dimmerabile secondo i dati di catalogo; lampadina non indicata come inclusa. Tra le combinazioni selezionabili figurano Plissè sp1 – Cromo – Diametro – 35cm, Plissè sp1 – Ottone – Diametro – 35cm, Plissè sp1 – Cromo – Diametro – 45cm e Plissè sp1 – Ottone – Diametro – 45cm. La sospensione è indicata per penisole, comodini a sospensione, corridoi, banconi bar e piccoli tavoli. L’installazione è pensata per ambienti interni e va definita in base all’altezza disponibile e al progetto luce. Dimensioni, altezza regolabile, finitura, sorgente e potenza permettono di scegliere la configurazione più coerente con arredo, volume dell’ambiente e resa luminosa desiderata.</p>","<p>Ideal Lux Plissè sp1 è una lampada a sospensione per interni pensata per chi desidera una sospensione compatta adatta sia come punto luce singolo sia in composizioni multiple. Il corpo illuminante scende dal soffitto e trasforma la luce in un elemento d’arredo, utile per definire una zona, sottolineare un piano o dare identità al volume dell’ambiente senza occupare superfici. La composizione in metallo e vetro caratterizza la percezione del modello e permette di inserirlo in progetti residenziali e, dove appropriato, in spazi contract o hospitality.</p><p>La scelta della variante deve partire dalle caratteristiche reali del prodotto. La gamma comprende 4 varianti selezionabili, nelle finiture cromo e ottone, con misure Ø 350 × H min 480 / max 2230 mm e Ø 450 × H min 550 / max 2300 mm. La sorgente è definita da: attacco E27; numero di luci 1; potenza E27 max 1 x 60W; non dimmerabile secondo i dati di catalogo; lampadina non indicata come inclusa. Misura e altezza di sospensione incidono direttamente sull’effetto finale: un modello regolato più vicino al piano concentra l’attenzione su tavolo o bancone, mentre una discesa più ampia valorizza soffitti alti e composizioni scenografiche. Le configurazioni presenti a catalogo comprendono Plissè sp1 – Cromo – Diametro – 35cm, Plissè sp1 – Ottone – Diametro – 35cm, Plissè sp1 – Cromo – Diametro – 45cm e Plissè sp1 – Ottone – Diametro – 45cm.</p><p>Il formato compatto rende Ideal Lux Plissè sp1 particolarmente utile in penisole, comodini a sospensione, corridoi, banconi bar e piccoli tavoli. Una singola sospensione può illuminare un tavolino, un angolo lettura o una zona comodino; più elementi coordinati possono comporre un ritmo sopra penisole, banconi o percorsi. È una soluzione interessante anche per bistrot e negozi che ricercano piccoli punti luce ripetuti. Per l’uso in bagno è necessario verificare protezione, posizione e distanze previste dalle norme.</p><p>Scegliere Ideal Lux Plissè sp1 significa confrontare finiture, dimensioni, numero di luci, sorgente o attacco, potenza e possibilità di dimmerazione prima dell’acquisto. Una sospensione ben dimensionata migliora la qualità della luce, valorizza arredi e materiali e contribuisce alla percezione dell’intero progetto. Questa scheda ecommerce riunisce le informazioni tecniche e d’uso utili a individuare la configurazione più adatta, con un testo orientato alla ricerca di lampade a sospensione Ideal Lux per abitazioni, locali commerciali e spazi professionali.</p>","Ideal Lux Plissè sp1: lampada a sospensione per interni in metallo e vetro, ideale per living e spazi contract. Scopri finiture e misure e acquista online."
"IL-CONFIG-296","<p>Ideal Lux Pop sp10 è una lampada a sospensione per interni: una sospensione decorativa di forte presenza, progettata per diventare protagonista dello spazio. La struttura è realizzata in metallo. La gamma comprende una configurazione disponibile, nelle finiture nero, con misure Ø 900 × H 1870 mm. La sorgente è definita da: attacco E27; numero di luci 10; potenza E27 max 10 x 60W; non dimmerabile secondo i dati di catalogo; lampadina non indicata come inclusa. La sospensione è indicata per saloni, soggiorni ampi, vani scala, hall, boutique e sale ristorante. L’installazione è pensata per ambienti interni e va definita in base all’altezza disponibile e al progetto luce. Dimensioni, altezza regolabile, finitura, sorgente e potenza permettono di scegliere la configurazione più coerente con arredo, volume dell’ambiente e resa luminosa desiderata.</p>","<p>Ideal Lux Pop sp10 è una lampada a sospensione per interni pensata per chi desidera una sospensione decorativa di forte presenza, progettata per diventare protagonista dello spazio. Il corpo illuminante scende dal soffitto e trasforma la luce in un elemento d’arredo, utile per definire una zona, sottolineare un piano o dare identità al volume dell’ambiente senza occupare superfici. La composizione in metallo caratterizza la percezione del modello e permette di inserirlo in progetti residenziali e, dove appropriato, in spazi contract o hospitality.</p><p>La scelta della variante deve partire dalle caratteristiche reali del prodotto. La gamma comprende una configurazione disponibile, nelle finiture nero, con misure Ø 900 × H 1870 mm. La sorgente è definita da: attacco E27; numero di luci 10; potenza E27 max 10 x 60W; non dimmerabile secondo i dati di catalogo; lampadina non indicata come inclusa. Misura e altezza di sospensione incidono direttamente sull’effetto finale: un modello regolato più vicino al piano concentra l’attenzione su tavolo o bancone, mentre una discesa più ampia valorizza soffitti alti e composizioni scenografiche.</p><p>Per dimensioni e presenza decorativa, Ideal Lux Pop sp10 si presta a saloni, soggiorni ampi, vani scala, hall, boutique e sale ristorante. In casa può diventare il fulcro del soggiorno, della sala da pranzo o di un vano scala ampio; nel contract valorizza hall, lounge, sale ristorante, boutique e aree accoglienza alberghiere. In camere o ambienti contenuti occorre controllare con precisione l’ingombro. In bagno, come per ogni sospensione da interno, l’installazione è valutabile solo in posizioni compatibili con requisiti tecnici e zone elettriche previste.</p><p>Scegliere Ideal Lux Pop sp10 significa confrontare finiture, dimensioni, numero di luci, sorgente o attacco, potenza e possibilità di dimmerazione prima dell’acquisto. Una sospensione ben dimensionata migliora la qualità della luce, valorizza arredi e materiali e contribuisce alla percezione dell’intero progetto. Questa scheda ecommerce riunisce le informazioni tecniche e d’uso utili a individuare la configurazione più adatta, con un testo orientato alla ricerca di lampade a sospensione Ideal Lux per abitazioni, locali commerciali e spazi professionali.</p>","Ideal Lux Pop sp10: lampada a sospensione per interni in metallo, ideale per salone, living e hall. Scopri finiture, misure e varianti e acquista online."
"IL-CONFIG-297","<p>Ideal Lux Rhapsody sp12 è una lampada a sospensione per interni: una sospensione decorativa di forte presenza, progettata per diventare protagonista dello spazio. La struttura è realizzata in metallo e vetro. La gamma comprende una configurazione disponibile, nelle finiture nero, con misure Ø 650 × H min 400 / max 560 mm. La sorgente è definita da: attacco G9; numero di luci 12; potenza G9 max 12 x 15W; non dimmerabile secondo i dati di catalogo; sorgente o lampadina inclusa. La sospensione è indicata per saloni, soggiorni ampi, vani scala, hall, boutique e sale ristorante. L’installazione è pensata per ambienti interni e va definita in base all’altezza disponibile e al progetto luce. Dimensioni, altezza regolabile, finitura, sorgente e potenza permettono di scegliere la configurazione più coerente con arredo, volume dell’ambiente e resa luminosa desiderata.</p>","<p>Ideal Lux Rhapsody sp12 è una lampada a sospensione per interni pensata per chi desidera una sospensione decorativa di forte presenza, progettata per diventare protagonista dello spazio. Il corpo illuminante scende dal soffitto e trasforma la luce in un elemento d’arredo, utile per definire una zona, sottolineare un piano o dare identità al volume dell’ambiente senza occupare superfici. La composizione in metallo e vetro caratterizza la percezione del modello e permette di inserirlo in progetti residenziali e, dove appropriato, in spazi contract o hospitality.</p><p>La scelta della variante deve partire dalle caratteristiche reali del prodotto. La gamma comprende una configurazione disponibile, nelle finiture nero, con misure Ø 650 × H min 400 / max 560 mm. La sorgente è definita da: attacco G9; numero di luci 12; potenza G9 max 12 x 15W; non dimmerabile secondo i dati di catalogo; sorgente o lampadina inclusa. Misura e altezza di sospensione incidono direttamente sull’effetto finale: un modello regolato più vicino al piano concentra l’attenzione su tavolo o bancone, mentre una discesa più ampia valorizza soffitti alti e composizioni scenografiche.</p><p>Per dimensioni e presenza decorativa, Ideal Lux Rhapsody sp12 si presta a saloni, soggiorni ampi, vani scala, hall, boutique e sale ristorante. In casa può diventare il fulcro del soggiorno, della sala da pranzo o di un vano scala ampio; nel contract valorizza hall, lounge, sale ristorante, boutique e aree accoglienza alberghiere. In camere o ambienti contenuti occorre controllare con precisione l’ingombro. In bagno, come per ogni sospensione da interno, l’installazione è valutabile solo in posizioni compatibili con requisiti tecnici e zone elettriche previste.</p><p>Scegliere Ideal Lux Rhapsody sp12 significa confrontare finiture, dimensioni, numero di luci, sorgente o attacco, potenza e possibilità di dimmerazione prima dell’acquisto. Una sospensione ben dimensionata migliora la qualità della luce, valorizza arredi e materiali e contribuisce alla percezione dell’intero progetto. Questa scheda ecommerce riunisce le informazioni tecniche e d’uso utili a individuare la configurazione più adatta, con un testo orientato alla ricerca di lampade a sospensione Ideal Lux per abitazioni, locali commerciali e spazi professionali.</p>","Ideal Lux Rhapsody sp12: lampada a sospensione per interni in metallo e vetro, ideale per salone, living e hall. Scopri misure e varianti: acquista online."
"IL-CONFIG-298","<p>Ideal Lux Set up msp1 è una lampada a sospensione per interni: una sospensione compatta adatta sia come punto luce singolo sia in composizioni multiple. La struttura è realizzata in alluminio e metallo. La gamma comprende 4 varianti selezionabili, nelle finiture bianco, nero, nickel e ottone, con misure Ø 45 × H min 327 / max 2045 mm. La sorgente è definita da: attacco E27; numero di luci 1; potenza E27 max1 x 42W; non dimmerabile secondo i dati di catalogo; lampadina non indicata come inclusa. Tra le combinazioni selezionabili figurano Set up msp1 – Bianco, Set up msp1 – Nero, Set up msp1 – Nichel e Set up msp1 – Ottone. La sospensione è indicata per penisole, comodini a sospensione, corridoi, banconi bar e piccoli tavoli. L’installazione è pensata per ambienti interni e va definita in base all’altezza disponibile e al progetto luce. Dimensioni, altezza regolabile, finitura, sorgente e potenza permettono di scegliere la configurazione più coerente con arredo, volume dell’ambiente e resa luminosa desiderata.</p>","<p>Ideal Lux Set up msp1 è una lampada a sospensione per interni pensata per chi desidera una sospensione compatta adatta sia come punto luce singolo sia in composizioni multiple. Il corpo illuminante scende dal soffitto e trasforma la luce in un elemento d’arredo, utile per definire una zona, sottolineare un piano o dare identità al volume dell’ambiente senza occupare superfici. La composizione in alluminio e metallo caratterizza la percezione del modello e permette di inserirlo in progetti residenziali e, dove appropriato, in spazi contract o hospitality.</p><p>La scelta della variante deve partire dalle caratteristiche reali del prodotto. La gamma comprende 4 varianti selezionabili, nelle finiture bianco, nero, nickel e ottone, con misure Ø 45 × H min 327 / max 2045 mm. La sorgente è definita da: attacco E27; numero di luci 1; potenza E27 max1 x 42W; non dimmerabile secondo i dati di catalogo; lampadina non indicata come inclusa. Misura e altezza di sospensione incidono direttamente sull’effetto finale: un modello regolato più vicino al piano concentra l’attenzione su tavolo o bancone, mentre una discesa più ampia valorizza soffitti alti e composizioni scenografiche. Le configurazioni presenti a catalogo comprendono Set up msp1 – Bianco, Set up msp1 – Nero, Set up msp1 – Nichel e Set up msp1 – Ottone.</p><p>Il formato compatto rende Ideal Lux Set up msp1 particolarmente utile in penisole, comodini a sospensione, corridoi, banconi bar e piccoli tavoli. Una singola sospensione può illuminare un tavolino, un angolo lettura o una zona comodino; più elementi coordinati possono comporre un ritmo sopra penisole, banconi o percorsi. È una soluzione interessante anche per bistrot e negozi che ricercano piccoli punti luce ripetuti. Per l’uso in bagno è necessario verificare protezione, posizione e distanze previste dalle norme.</p><p>Scegliere Ideal Lux Set up msp1 significa confrontare finiture, dimensioni, numero di luci, sorgente o attacco, potenza e possibilità di dimmerazione prima dell’acquisto. Una sospensione ben dimensionata migliora la qualità della luce, valorizza arredi e materiali e contribuisce alla percezione dell’intero progetto. Questa scheda ecommerce riunisce le informazioni tecniche e d’uso utili a individuare la configurazione più adatta, con un testo orientato alla ricerca di lampade a sospensione Ideal Lux per abitazioni, locali commerciali e spazi professionali.</p>","Ideal Lux Set up msp1: sospensione per interni in alluminio e metallo per illuminare living e spazi contract. Acquista online la configurazione più adatta."
"IL-CONFIG-299","<p>Ideal Lux Smarties sp3 è una lampada a sospensione per interni: una sospensione decorativa versatile, studiata per valorizzare l’arredo con luce dall’alto. La struttura è realizzata in vetro. La gamma comprende 3 varianti selezionabili, nelle finiture bianco, con misure Ø 425 × H min 395 / max 2145 mm, Ø 500 × H min 395 / max 2145 mm e Ø 600 × H min 415 / max 2165 mm. La sorgente è definita da: attacco E27; numero di luci 3 e 5; potenza E27 max 3 x 42W e E27 max 5 x 42W; non dimmerabile secondo i dati di catalogo; lampadina non indicata come inclusa. Tra le combinazioni selezionabili figurano Smarties sp3 – Diametro – 42.5cm, Smarties sp3 – Diametro – 50cm e Smarties sp5 – Diametro – 60cm. La sospensione è indicata per soggiorni, zone pranzo, camere, ingressi, ristoranti e boutique. L’installazione è pensata per ambienti interni e va definita in base all’altezza disponibile e al progetto luce. Dimensioni, altezza regolabile, finitura, sorgente e potenza permettono di scegliere la configurazione più coerente con arredo, volume dell’ambiente e resa luminosa desiderata.</p>","<p>Ideal Lux Smarties sp3 è una lampada a sospensione per interni pensata per chi desidera una sospensione decorativa versatile, studiata per valorizzare l’arredo con luce dall’alto. Il corpo illuminante scende dal soffitto e trasforma la luce in un elemento d’arredo, utile per definire una zona, sottolineare un piano o dare identità al volume dell’ambiente senza occupare superfici. La composizione in vetro caratterizza la percezione del modello e permette di inserirlo in progetti residenziali e, dove appropriato, in spazi contract o hospitality.</p><p>La scelta della variante deve partire dalle caratteristiche reali del prodotto. La gamma comprende 3 varianti selezionabili, nelle finiture bianco, con misure Ø 425 × H min 395 / max 2145 mm, Ø 500 × H min 395 / max 2145 mm e Ø 600 × H min 415 / max 2165 mm. La sorgente è definita da: attacco E27; numero di luci 3 e 5; potenza E27 max 3 x 42W e E27 max 5 x 42W; non dimmerabile secondo i dati di catalogo; lampadina non indicata come inclusa. Misura e altezza di sospensione incidono direttamente sull’effetto finale: un modello regolato più vicino al piano concentra l’attenzione su tavolo o bancone, mentre una discesa più ampia valorizza soffitti alti e composizioni scenografiche. La scheda Ideal Lux aggiunge questi dettagli costruttivi: Montatura in metallo verniciato bianco. Diffusore in vetro bianco soffiato. Cavi in acciaio a lunghezza regolabile con dispositivi ferma cavo automatici. Le configurazioni presenti a catalogo comprendono Smarties sp3 – Diametro – 42.5cm, Smarties sp3 – Diametro – 50cm e Smarties sp5 – Diametro – 60cm.</p><p>La versatilità del modello favorisce l’utilizzo in soggiorni, zone pranzo, camere, ingressi, ristoranti e boutique. In soggiorno e zona living la sospensione crea un punto focale; in cucina può illuminare isola o penisola quando dimensioni e quota sono proporzionate; in camera da letto aggiunge una componente decorativa e funzionale. In locali commerciali è adatta a tavoli di ristoranti e bistrot, lounge, vetrine interne o aree accoglienza. Per corridoio, cameretta e bagno è opportuno valutare ingombro, altezza e compatibilità tecnica con lo spazio.</p><p>Scegliere Ideal Lux Smarties sp3 significa confrontare finiture, dimensioni, numero di luci, sorgente o attacco, potenza e possibilità di dimmerazione prima dell’acquisto. Una sospensione ben dimensionata migliora la qualità della luce, valorizza arredi e materiali e contribuisce alla percezione dell’intero progetto. Questa scheda ecommerce riunisce le informazioni tecniche e d’uso utili a individuare la configurazione più adatta, con un testo orientato alla ricerca di lampade a sospensione Ideal Lux per abitazioni, locali commerciali e spazi professionali.</p>","Ideal Lux Smarties sp3: lampada a sospensione da interno in vetro, ideale per living e spazi contract. Scopri finiture, misure e varianti e acquista online."
"IL-CONFIG-300","<p>Ideal Lux Soft sp3 è una lampada a sospensione per interni: una sospensione lineare che distribuisce la luce lungo superfici e percorsi visivi. La struttura è realizzata in metallo e vetro. La gamma comprende 4 varianti selezionabili, nelle finiture bianco e fumè, con misure L 600 × H min 560 / max 1130 × P 200 mm e Ø 600 × H min 560 / max 1350 mm. La sorgente è definita da: attacco E14; numero di luci 3 e 6; potenza E14 max 3 x 40W e E14 max 6 x 40W; non dimmerabile secondo i dati di catalogo; lampadina non indicata come inclusa. Tra le combinazioni selezionabili figurano Soft sp3 – 3 Sorgenti Luminose – Bianco, Soft sp3 – 3 Sorgenti Luminose – Fumé, Soft sp6 – 6 Sorgenti Luminose – Bianco e Soft sp6 – 6 Sorgenti Luminose – Fumé. La sospensione è indicata per tavoli da pranzo, isole cucina, banconi, reception e tavoli riunione. L’installazione è pensata per ambienti interni e va definita in base all’altezza disponibile e al progetto luce. Dimensioni, altezza regolabile, finitura, sorgente e potenza permettono di scegliere la configurazione più coerente con arredo, volume dell’ambiente e resa luminosa desiderata.</p>","<p>Ideal Lux Soft sp3 è una lampada a sospensione per interni pensata per chi desidera una sospensione lineare che distribuisce la luce lungo superfici e percorsi visivi. Il corpo illuminante scende dal soffitto e trasforma la luce in un elemento d’arredo, utile per definire una zona, sottolineare un piano o dare identità al volume dell’ambiente senza occupare superfici. La composizione in metallo e vetro caratterizza la percezione del modello e permette di inserirlo in progetti residenziali e, dove appropriato, in spazi contract o hospitality.</p><p>La scelta della variante deve partire dalle caratteristiche reali del prodotto. La gamma comprende 4 varianti selezionabili, nelle finiture bianco e fumè, con misure L 600 × H min 560 / max 1130 × P 200 mm e Ø 600 × H min 560 / max 1350 mm. La sorgente è definita da: attacco E14; numero di luci 3 e 6; potenza E14 max 3 x 40W e E14 max 6 x 40W; non dimmerabile secondo i dati di catalogo; lampadina non indicata come inclusa. Misura e altezza di sospensione incidono direttamente sull’effetto finale: un modello regolato più vicino al piano concentra l’attenzione su tavolo o bancone, mentre una discesa più ampia valorizza soffitti alti e composizioni scenografiche. Le configurazioni presenti a catalogo comprendono Soft sp3 – 3 Sorgenti Luminose – Bianco, Soft sp3 – 3 Sorgenti Luminose – Fumé, Soft sp6 – 6 Sorgenti Luminose – Bianco e Soft sp6 – 6 Sorgenti Luminose – Fumé.</p><p>La geometria lineare rende Ideal Lux Soft sp3 adatta a tavoli da pranzo, isole cucina, banconi, reception e tavoli riunione. In cucina può accompagnare isola o penisola, nella zona pranzo segue il tavolo, mentre in un open space aiuta a differenziare le aree funzionali. In ristoranti, bar, reception, sale meeting e showroom una sospensione lineare offre ordine visivo e un’illuminazione riconoscibile. Per corridoi, camere e camerette la scelta va rapportata allo spazio libero; per il bagno vanno sempre osservati i vincoli di installazione.</p><p>Scegliere Ideal Lux Soft sp3 significa confrontare finiture, dimensioni, numero di luci, sorgente o attacco, potenza e possibilità di dimmerazione prima dell’acquisto. Una sospensione ben dimensionata migliora la qualità della luce, valorizza arredi e materiali e contribuisce alla percezione dell’intero progetto. Questa scheda ecommerce riunisce le informazioni tecniche e d’uso utili a individuare la configurazione più adatta, con un testo orientato alla ricerca di lampade a sospensione Ideal Lux per abitazioni, locali commerciali e spazi professionali.</p>","Ideal Lux Soft sp3: lampada a sospensione per interni in metallo, ideale per tavolo, isola e bancone. Scopri finiture, misure e varianti e acquista online."
"IL-CONFIG-301","<p>Ideal Lux Sole sp1 è una lampada a sospensione per esterni: una sospensione con diffusore opale che crea una presenza luminosa morbida all’esterno. La struttura è realizzata in materiale plastico. La gamma comprende 4 varianti selezionabili, nelle finiture bianco, con misure Ø 200 × H min 400 / max 1090 mm, Ø 300 × H min 530 / max 1210 mm, Ø 400 × H min 640 / max 1300 mm e Ø 500 × H min 740 / max 1435 mm. La sorgente è definita da: attacco E27; numero di luci 1; potenza E27 max 1 x 42W; non dimmerabile secondo i dati di catalogo; lampadina non indicata come inclusa. Tra le combinazioni selezionabili figurano Sole sp1 – Diametro – 20cm, Sole sp1 – Diametro – 30cm, Sole sp1 – Diametro – 40cm e Sole sp1 – Diametro – 50cm. La protezione indicata per le varianti è IP44; la sospensione è indicata per verande, porticati, gazebo e terrazze coperte. Dimensioni, altezza regolabile, finitura, sorgente e potenza permettono di scegliere la configurazione più coerente con arredo, volume dell’ambiente e resa luminosa desiderata.</p>","<p>Ideal Lux Sole sp1 è una lampada a sospensione per esterni pensata per chi desidera una sospensione con diffusore opale che crea una presenza luminosa morbida all’esterno. Il corpo illuminante scende dal soffitto e trasforma la luce in un elemento d’arredo, utile per definire una zona, sottolineare un piano o dare identità al volume dell’ambiente senza occupare superfici. La composizione in materiale plastico caratterizza la percezione del modello e permette di inserirlo in progetti residenziali e, dove appropriato, in spazi contract o hospitality.</p><p>La scelta della variante deve partire dalle caratteristiche reali del prodotto. La gamma comprende 4 varianti selezionabili, nelle finiture bianco, con misure Ø 200 × H min 400 / max 1090 mm, Ø 300 × H min 530 / max 1210 mm, Ø 400 × H min 640 / max 1300 mm e Ø 500 × H min 740 / max 1435 mm. La sorgente è definita da: attacco E27; numero di luci 1; potenza E27 max 1 x 42W; non dimmerabile secondo i dati di catalogo; lampadina non indicata come inclusa. Misura e altezza di sospensione incidono direttamente sull’effetto finale: un modello regolato più vicino al piano concentra l’attenzione su tavolo o bancone, mentre una discesa più ampia valorizza soffitti alti e composizioni scenografiche. Le configurazioni presenti a catalogo comprendono Sole sp1 – Diametro – 20cm, Sole sp1 – Diametro – 30cm, Sole sp1 – Diametro – 40cm e Sole sp1 – Diametro – 50cm.</p><p>Come sospensione per esterni, Ideal Lux Sole sp1 trova impiego coerente in verande, porticati, gazebo e terrazze coperte, dove sia presente un punto luce sospeso e protetto. Le varianti riportano protezione IP44; il dato è utile per il progetto esterno, ma l’installazione deve rispettare scheda tecnica, condizioni di esposizione e prescrizioni elettriche applicabili. Per aree vicino a piscine, vialetti o parcheggi una sospensione non sostituisce apparecchi da immersione, calpestabili o segnapasso: può invece illuminare pergolati, coperture o zone ristoro adiacenti quando prevista e posata correttamente.</p><p>Scegliere Ideal Lux Sole sp1 significa confrontare finiture, dimensioni, numero di luci, sorgente o attacco, potenza e possibilità di dimmerazione prima dell’acquisto. Una sospensione ben dimensionata migliora la qualità della luce, valorizza arredi e materiali e contribuisce alla percezione dell’intero progetto. Questa scheda ecommerce riunisce le informazioni tecniche e d’uso utili a individuare la configurazione più adatta, con un testo orientato alla ricerca di lampade a sospensione Ideal Lux per abitazioni, locali commerciali e spazi professionali.</p>","Ideal Lux Sole sp1: sospensione per esterni in materiale plastico per illuminare terrazze, porticati e dehors. Scegli la variante ideale e acquista online."
"IL-CONFIG-302","<p>Ideal Lux Strauss sp12 è una lampada a sospensione per interni: una sospensione decorativa di forte presenza, progettata per diventare protagonista dello spazio. La struttura è realizzata in vetro. La gamma comprende 3 varianti selezionabili, nelle finiture oro, con misure Ø 845 × H min 765 / max 2030 mm, Ø 850 × H min 905 / max 2000 mm e Ø 505 × H min 785 / max 1900 mm. La sorgente è definita da: attacco E14; numero di luci 12, 18 e 6; potenza E14 max 12 x 40W, E14 max 18 x 40W e E14 max 6 x 40W; non dimmerabile secondo i dati di catalogo; lampadina non indicata come inclusa. Tra le combinazioni selezionabili figurano Strauss sp12 – 12 Sorgenti Luminose, Strauss sp18 – 18 Sorgenti Luminose e Strauss sp6 – 6 Sorgenti Luminose. La sospensione è indicata per saloni, soggiorni ampi, vani scala, hall, boutique e sale ristorante. L’installazione è pensata per ambienti interni e va definita in base all’altezza disponibile e al progetto luce. Dimensioni, altezza regolabile, finitura, sorgente e potenza permettono di scegliere la configurazione più coerente con arredo, volume dell’ambiente e resa luminosa desiderata.</p>","<p>Ideal Lux Strauss sp12 è una lampada a sospensione per interni pensata per chi desidera una sospensione decorativa di forte presenza, progettata per diventare protagonista dello spazio. Il corpo illuminante scende dal soffitto e trasforma la luce in un elemento d’arredo, utile per definire una zona, sottolineare un piano o dare identità al volume dell’ambiente senza occupare superfici. La composizione in vetro caratterizza la percezione del modello e permette di inserirlo in progetti residenziali e, dove appropriato, in spazi contract o hospitality.</p><p>La scelta della variante deve partire dalle caratteristiche reali del prodotto. La gamma comprende 3 varianti selezionabili, nelle finiture oro, con misure Ø 845 × H min 765 / max 2030 mm, Ø 850 × H min 905 / max 2000 mm e Ø 505 × H min 785 / max 1900 mm. La sorgente è definita da: attacco E14; numero di luci 12, 18 e 6; potenza E14 max 12 x 40W, E14 max 18 x 40W e E14 max 6 x 40W; non dimmerabile secondo i dati di catalogo; lampadina non indicata come inclusa. Misura e altezza di sospensione incidono direttamente sull’effetto finale: un modello regolato più vicino al piano concentra l’attenzione su tavolo o bancone, mentre una discesa più ampia valorizza soffitti alti e composizioni scenografiche. La scheda Ideal Lux aggiunge questi dettagli costruttivi: Montatura e dettagli in metallo con finitura oro. Bracci in vetro soffiato trasparente. Elementi decorativi in cristallo ambrato. Copricatena in velluto. Le configurazioni presenti a catalogo comprendono Strauss sp12 – 12 Sorgenti Luminose, Strauss sp18 – 18 Sorgenti Luminose e Strauss sp6 – 6 Sorgenti Luminose.</p><p>Per dimensioni e presenza decorativa, Ideal Lux Strauss sp12 si presta a saloni, soggiorni ampi, vani scala, hall, boutique e sale ristorante. In casa può diventare il fulcro del soggiorno, della sala da pranzo o di un vano scala ampio; nel contract valorizza hall, lounge, sale ristorante, boutique e aree accoglienza alberghiere. In camere o ambienti contenuti occorre controllare con precisione l’ingombro. In bagno, come per ogni sospensione da interno, l’installazione è valutabile solo in posizioni compatibili con requisiti tecnici e zone elettriche previste.</p><p>Scegliere Ideal Lux Strauss sp12 significa confrontare finiture, dimensioni, numero di luci, sorgente o attacco, potenza e possibilità di dimmerazione prima dell’acquisto. Una sospensione ben dimensionata migliora la qualità della luce, valorizza arredi e materiali e contribuisce alla percezione dell’intero progetto. Questa scheda ecommerce riunisce le informazioni tecniche e d’uso utili a individuare la configurazione più adatta, con un testo orientato alla ricerca di lampade a sospensione Ideal Lux per abitazioni, locali commerciali e spazi professionali.</p>","Ideal Lux Strauss sp12: lampada a sospensione per interni in vetro, ideale per salone, living e hall. Scopri finiture, misure e varianti e acquista online."
"IL-CONFIG-303","<p>Ideal Lux Tall sp1 big è una lampada a sospensione per interni: una sospensione compatta adatta sia come punto luce singolo sia in composizioni multiple. La struttura è realizzata in metallo e PVC. La gamma comprende una configurazione disponibile, nelle finiture nero, con misure Ø 135 × H min 350 / max 5920 mm. La sorgente è definita da: attacco E27; numero di luci 1; potenza E27 max 1 x 42W; non dimmerabile secondo i dati di catalogo; lampadina non indicata come inclusa. La sospensione è indicata per penisole, comodini a sospensione, corridoi, banconi bar e piccoli tavoli. L’installazione è pensata per ambienti interni e va definita in base all’altezza disponibile e al progetto luce. Dimensioni, altezza regolabile, finitura, sorgente e potenza permettono di scegliere la configurazione più coerente con arredo, volume dell’ambiente e resa luminosa desiderata.</p>","<p>Ideal Lux Tall sp1 big è una lampada a sospensione per interni pensata per chi desidera una sospensione compatta adatta sia come punto luce singolo sia in composizioni multiple. Il corpo illuminante scende dal soffitto e trasforma la luce in un elemento d’arredo, utile per definire una zona, sottolineare un piano o dare identità al volume dell’ambiente senza occupare superfici. La composizione in metallo e PVC caratterizza la percezione del modello e permette di inserirlo in progetti residenziali e, dove appropriato, in spazi contract o hospitality.</p><p>La scelta della variante deve partire dalle caratteristiche reali del prodotto. La gamma comprende una configurazione disponibile, nelle finiture nero, con misure Ø 135 × H min 350 / max 5920 mm. La sorgente è definita da: attacco E27; numero di luci 1; potenza E27 max 1 x 42W; non dimmerabile secondo i dati di catalogo; lampadina non indicata come inclusa. Misura e altezza di sospensione incidono direttamente sull’effetto finale: un modello regolato più vicino al piano concentra l’attenzione su tavolo o bancone, mentre una discesa più ampia valorizza soffitti alti e composizioni scenografiche.</p><p>Il formato compatto rende Ideal Lux Tall sp1 big particolarmente utile in penisole, comodini a sospensione, corridoi, banconi bar e piccoli tavoli. Una singola sospensione può illuminare un tavolino, un angolo lettura o una zona comodino; più elementi coordinati possono comporre un ritmo sopra penisole, banconi o percorsi. È una soluzione interessante anche per bistrot e negozi che ricercano piccoli punti luce ripetuti. Per l’uso in bagno è necessario verificare protezione, posizione e distanze previste dalle norme.</p><p>Scegliere Ideal Lux Tall sp1 big significa confrontare finiture, dimensioni, numero di luci, sorgente o attacco, potenza e possibilità di dimmerazione prima dell’acquisto. Una sospensione ben dimensionata migliora la qualità della luce, valorizza arredi e materiali e contribuisce alla percezione dell’intero progetto. Questa scheda ecommerce riunisce le informazioni tecniche e d’uso utili a individuare la configurazione più adatta, con un testo orientato alla ricerca di lampade a sospensione Ideal Lux per abitazioni, locali commerciali e spazi professionali.</p>","Ideal Lux Tall sp1 big: lampada a sospensione per interni in metallo e PVC, ideale per living e spazi contract. Scopri finiture e misure e acquista online."
"IL-CONFIG-304","<p>Ideal Lux Topico sp è una lampada a sospensione per interni: una sospensione compatta adatta sia come punto luce singolo sia in composizioni multiple. La struttura è realizzata in alluminio, metallo e vetro. La gamma comprende una configurazione disponibile, nelle finiture fumè, con misure Ø 450 × H min 370 / max 2300 mm. La sorgente è definita da: sorgente LED; numero di luci 1; potenza LED 28W; non dimmerabile secondo i dati di catalogo; sorgente o lampadina inclusa. La sospensione è indicata per penisole, comodini a sospensione, corridoi, banconi bar e piccoli tavoli. L’installazione è pensata per ambienti interni e va definita in base all’altezza disponibile e al progetto luce. Dimensioni, altezza regolabile, finitura, sorgente e potenza permettono di scegliere la configurazione più coerente con arredo, volume dell’ambiente e resa luminosa desiderata.</p>","<p>Ideal Lux Topico sp è una lampada a sospensione per interni pensata per chi desidera una sospensione compatta adatta sia come punto luce singolo sia in composizioni multiple. Il corpo illuminante scende dal soffitto e trasforma la luce in un elemento d’arredo, utile per definire una zona, sottolineare un piano o dare identità al volume dell’ambiente senza occupare superfici. La composizione in alluminio, metallo e vetro caratterizza la percezione del modello e permette di inserirlo in progetti residenziali e, dove appropriato, in spazi contract o hospitality.</p><p>La scelta della variante deve partire dalle caratteristiche reali del prodotto. La gamma comprende una configurazione disponibile, nelle finiture fumè, con misure Ø 450 × H min 370 / max 2300 mm. La sorgente è definita da: sorgente LED; numero di luci 1; potenza LED 28W; non dimmerabile secondo i dati di catalogo; sorgente o lampadina inclusa. Misura e altezza di sospensione incidono direttamente sull’effetto finale: un modello regolato più vicino al piano concentra l’attenzione su tavolo o bancone, mentre una discesa più ampia valorizza soffitti alti e composizioni scenografiche.</p><p>Il formato compatto rende Ideal Lux Topico sp particolarmente utile in penisole, comodini a sospensione, corridoi, banconi bar e piccoli tavoli. Una singola sospensione può illuminare un tavolino, un angolo lettura o una zona comodino; più elementi coordinati possono comporre un ritmo sopra penisole, banconi o percorsi. È una soluzione interessante anche per bistrot e negozi che ricercano piccoli punti luce ripetuti. Per l’uso in bagno è necessario verificare protezione, posizione e distanze previste dalle norme.</p><p>Scegliere Ideal Lux Topico sp significa confrontare finiture, dimensioni, numero di luci, sorgente o attacco, potenza e possibilità di dimmerazione prima dell’acquisto. Una sospensione ben dimensionata migliora la qualità della luce, valorizza arredi e materiali e contribuisce alla percezione dell’intero progetto. Questa scheda ecommerce riunisce le informazioni tecniche e d’uso utili a individuare la configurazione più adatta, con un testo orientato alla ricerca di lampade a sospensione Ideal Lux per abitazioni, locali commerciali e spazi professionali.</p>","Ideal Lux Topico sp: lampada a sospensione per interni in alluminio e metallo, ideale per living e spazi contract. Scopri la collezione e acquista online."
"IL-CONFIG-305","<p>Ideal Lux Triumph sp8 è una lampada a sospensione per interni: una sospensione decorativa di forte presenza, progettata per diventare protagonista dello spazio. La struttura è realizzata in metallo. La gamma comprende una configurazione disponibile, nelle finiture ottone, con misure Ø 920 × H 660 mm. La sorgente è definita da: attacco E27; numero di luci 8; potenza E27 max 8 x 42W; non dimmerabile secondo i dati di catalogo; lampadina non indicata come inclusa. La sospensione è indicata per saloni, soggiorni ampi, vani scala, hall, boutique e sale ristorante. L’installazione è pensata per ambienti interni e va definita in base all’altezza disponibile e al progetto luce. Dimensioni, altezza regolabile, finitura, sorgente e potenza permettono di scegliere la configurazione più coerente con arredo, volume dell’ambiente e resa luminosa desiderata.</p>","<p>Ideal Lux Triumph sp8 è una lampada a sospensione per interni pensata per chi desidera una sospensione decorativa di forte presenza, progettata per diventare protagonista dello spazio. Il corpo illuminante scende dal soffitto e trasforma la luce in un elemento d’arredo, utile per definire una zona, sottolineare un piano o dare identità al volume dell’ambiente senza occupare superfici. La composizione in metallo caratterizza la percezione del modello e permette di inserirlo in progetti residenziali e, dove appropriato, in spazi contract o hospitality.</p><p>La scelta della variante deve partire dalle caratteristiche reali del prodotto. La gamma comprende una configurazione disponibile, nelle finiture ottone, con misure Ø 920 × H 660 mm. La sorgente è definita da: attacco E27; numero di luci 8; potenza E27 max 8 x 42W; non dimmerabile secondo i dati di catalogo; lampadina non indicata come inclusa. Misura e altezza di sospensione incidono direttamente sull’effetto finale: un modello regolato più vicino al piano concentra l’attenzione su tavolo o bancone, mentre una discesa più ampia valorizza soffitti alti e composizioni scenografiche.</p><p>Per dimensioni e presenza decorativa, Ideal Lux Triumph sp8 si presta a saloni, soggiorni ampi, vani scala, hall, boutique e sale ristorante. In casa può diventare il fulcro del soggiorno, della sala da pranzo o di un vano scala ampio; nel contract valorizza hall, lounge, sale ristorante, boutique e aree accoglienza alberghiere. In camere o ambienti contenuti occorre controllare con precisione l’ingombro. In bagno, come per ogni sospensione da interno, l’installazione è valutabile solo in posizioni compatibili con requisiti tecnici e zone elettriche previste.</p><p>Scegliere Ideal Lux Triumph sp8 significa confrontare finiture, dimensioni, numero di luci, sorgente o attacco, potenza e possibilità di dimmerazione prima dell’acquisto. Una sospensione ben dimensionata migliora la qualità della luce, valorizza arredi e materiali e contribuisce alla percezione dell’intero progetto. Questa scheda ecommerce riunisce le informazioni tecniche e d’uso utili a individuare la configurazione più adatta, con un testo orientato alla ricerca di lampade a sospensione Ideal Lux per abitazioni, locali commerciali e spazi professionali.</p>","Ideal Lux Triumph sp8: lampada a sospensione da interno in metallo, ideale per salone, living e hall. Scopri finiture, misure e varianti e acquista online."
"IL-CONFIG-306","<p>Ideal Lux Tube sp è una lampada a sospensione per interni: una sospensione compatta adatta sia come punto luce singolo sia in composizioni multiple. La struttura è realizzata in alluminio e metallo. La gamma comprende 3 varianti selezionabili, nelle finiture nero e bianco, con misure Ø 40 × H min 500 / max 1900 mm e Ø 60 × H min 650 / max 2030 mm. La sorgente è definita da: sorgente LED; numero di luci 1; potenza LED 11W; dimmerabile; sorgente o lampadina inclusa. Tra le combinazioni selezionabili figurano Tube sp – Nero – Diametro – 4cm, Tube sp – Bianco – Diametro – 6cm e Tube sp – Nero – Diametro – 6cm. La sospensione è indicata per penisole, comodini a sospensione, corridoi, banconi bar e piccoli tavoli. L’installazione è pensata per ambienti interni e va definita in base all’altezza disponibile e al progetto luce. Dimensioni, altezza regolabile, finitura, sorgente e potenza permettono di scegliere la configurazione più coerente con arredo, volume dell’ambiente e resa luminosa desiderata.</p>","<p>Ideal Lux Tube sp è una lampada a sospensione per interni pensata per chi desidera una sospensione compatta adatta sia come punto luce singolo sia in composizioni multiple. Il corpo illuminante scende dal soffitto e trasforma la luce in un elemento d’arredo, utile per definire una zona, sottolineare un piano o dare identità al volume dell’ambiente senza occupare superfici. La composizione in alluminio e metallo caratterizza la percezione del modello e permette di inserirlo in progetti residenziali e, dove appropriato, in spazi contract o hospitality.</p><p>La scelta della variante deve partire dalle caratteristiche reali del prodotto. La gamma comprende 3 varianti selezionabili, nelle finiture nero e bianco, con misure Ø 40 × H min 500 / max 1900 mm e Ø 60 × H min 650 / max 2030 mm. La sorgente è definita da: sorgente LED; numero di luci 1; potenza LED 11W; dimmerabile; sorgente o lampadina inclusa. Misura e altezza di sospensione incidono direttamente sull’effetto finale: un modello regolato più vicino al piano concentra l’attenzione su tavolo o bancone, mentre una discesa più ampia valorizza soffitti alti e composizioni scenografiche. Le configurazioni presenti a catalogo comprendono Tube sp – Nero – Diametro – 4cm, Tube sp – Bianco – Diametro – 6cm e Tube sp – Nero – Diametro – 6cm.</p><p>Il formato compatto rende Ideal Lux Tube sp particolarmente utile in penisole, comodini a sospensione, corridoi, banconi bar e piccoli tavoli. Una singola sospensione può illuminare un tavolino, un angolo lettura o una zona comodino; più elementi coordinati possono comporre un ritmo sopra penisole, banconi o percorsi. È una soluzione interessante anche per bistrot e negozi che ricercano piccoli punti luce ripetuti. Per l’uso in bagno è necessario verificare protezione, posizione e distanze previste dalle norme.</p><p>Scegliere Ideal Lux Tube sp significa confrontare finiture, dimensioni, numero di luci, sorgente o attacco, potenza e possibilità di dimmerazione prima dell’acquisto. Una sospensione ben dimensionata migliora la qualità della luce, valorizza arredi e materiali e contribuisce alla percezione dell’intero progetto. Questa scheda ecommerce riunisce le informazioni tecniche e d’uso utili a individuare la configurazione più adatta, con un testo orientato alla ricerca di lampade a sospensione Ideal Lux per abitazioni, locali commerciali e spazi professionali.</p>","Ideal Lux Tube sp: lampada a sospensione per interni in alluminio e metallo, ideale per living e spazi contract. Scopri misure e varianti: acquista online."
"IL-CONFIG-307","<p>Ideal Lux Tubix sp è una lampada a sospensione per interni: una sospensione compatta adatta sia come punto luce singolo sia in composizioni multiple. La struttura è realizzata in metallo e vetro. La gamma comprende 3 varianti selezionabili, nelle finiture bianco, con misure Ø 70 × H min 645 / max 2644 mm, Ø 70 × H min 1130 / max 2930 mm e Ø 70 × H min 1345 / max 3145 mm. La sorgente è definita da: sorgente LED; numero di luci 1; potenza LED 8W, LED 11W e LED 15W; non dimmerabile secondo i dati di catalogo; sorgente o lampadina inclusa. Tra le combinazioni selezionabili figurano Tubix sp – Altezza – 64.5cm, Tubix sp – Altezza – 113cm e Tubix sp – Altezza – 134.5cm. La sospensione è indicata per penisole, comodini a sospensione, corridoi, banconi bar e piccoli tavoli. L’installazione è pensata per ambienti interni e va definita in base all’altezza disponibile e al progetto luce. Dimensioni, altezza regolabile, finitura, sorgente e potenza permettono di scegliere la configurazione più coerente con arredo, volume dell’ambiente e resa luminosa desiderata.</p>","<p>Ideal Lux Tubix sp è una lampada a sospensione per interni pensata per chi desidera una sospensione compatta adatta sia come punto luce singolo sia in composizioni multiple. Il corpo illuminante scende dal soffitto e trasforma la luce in un elemento d’arredo, utile per definire una zona, sottolineare un piano o dare identità al volume dell’ambiente senza occupare superfici. La composizione in metallo e vetro caratterizza la percezione del modello e permette di inserirlo in progetti residenziali e, dove appropriato, in spazi contract o hospitality.</p><p>La scelta della variante deve partire dalle caratteristiche reali del prodotto. La gamma comprende 3 varianti selezionabili, nelle finiture bianco, con misure Ø 70 × H min 645 / max 2644 mm, Ø 70 × H min 1130 / max 2930 mm e Ø 70 × H min 1345 / max 3145 mm. La sorgente è definita da: sorgente LED; numero di luci 1; potenza LED 8W, LED 11W e LED 15W; non dimmerabile secondo i dati di catalogo; sorgente o lampadina inclusa. Misura e altezza di sospensione incidono direttamente sull’effetto finale: un modello regolato più vicino al piano concentra l’attenzione su tavolo o bancone, mentre una discesa più ampia valorizza soffitti alti e composizioni scenografiche. Le configurazioni presenti a catalogo comprendono Tubix sp – Altezza – 64.5cm, Tubix sp – Altezza – 113cm e Tubix sp – Altezza – 134.5cm.</p><p>Il formato compatto rende Ideal Lux Tubix sp particolarmente utile in penisole, comodini a sospensione, corridoi, banconi bar e piccoli tavoli. Una singola sospensione può illuminare un tavolino, un angolo lettura o una zona comodino; più elementi coordinati possono comporre un ritmo sopra penisole, banconi o percorsi. È una soluzione interessante anche per bistrot e negozi che ricercano piccoli punti luce ripetuti. Per l’uso in bagno è necessario verificare protezione, posizione e distanze previste dalle norme.</p><p>Scegliere Ideal Lux Tubix sp significa confrontare finiture, dimensioni, numero di luci, sorgente o attacco, potenza e possibilità di dimmerazione prima dell’acquisto. Una sospensione ben dimensionata migliora la qualità della luce, valorizza arredi e materiali e contribuisce alla percezione dell’intero progetto. Questa scheda ecommerce riunisce le informazioni tecniche e d’uso utili a individuare la configurazione più adatta, con un testo orientato alla ricerca di lampade a sospensione Ideal Lux per abitazioni, locali commerciali e spazi professionali.</p>","Ideal Lux Tubix sp: lampada a sospensione per interni in metallo, ideale per living e spazi contract. Scopri finiture, misure e varianti e acquista online."
"IL-CONFIG-308","<p>Ideal Lux Ulisse sp3 è una lampada a sospensione per interni: una sospensione decorativa versatile, studiata per valorizzare l’arredo con luce dall’alto. La struttura è realizzata in vetro. La gamma comprende 2 varianti selezionabili, nelle finiture bianco, con misure Ø 420 × H min 450 / max 2200 mm e Ø 520 × H min 480 / max 2230 mm. La sorgente è definita da: attacco E27; numero di luci 3; potenza E27 max 3 x 60W; non dimmerabile secondo i dati di catalogo; lampadina non indicata come inclusa. Tra le combinazioni selezionabili figurano Ulisse sp3 – Diametro – 42cm e Ulisse sp3 – Diametro – 52cm. La sospensione è indicata per soggiorni, zone pranzo, camere, ingressi, ristoranti e boutique. L’installazione è pensata per ambienti interni e va definita in base all’altezza disponibile e al progetto luce. Dimensioni, altezza regolabile, finitura, sorgente e potenza permettono di scegliere la configurazione più coerente con arredo, volume dell’ambiente e resa luminosa desiderata.</p>","<p>Ideal Lux Ulisse sp3 è una lampada a sospensione per interni pensata per chi desidera una sospensione decorativa versatile, studiata per valorizzare l’arredo con luce dall’alto. Il corpo illuminante scende dal soffitto e trasforma la luce in un elemento d’arredo, utile per definire una zona, sottolineare un piano o dare identità al volume dell’ambiente senza occupare superfici. La composizione in vetro caratterizza la percezione del modello e permette di inserirlo in progetti residenziali e, dove appropriato, in spazi contract o hospitality.</p><p>La scelta della variante deve partire dalle caratteristiche reali del prodotto. La gamma comprende 2 varianti selezionabili, nelle finiture bianco, con misure Ø 420 × H min 450 / max 2200 mm e Ø 520 × H min 480 / max 2230 mm. La sorgente è definita da: attacco E27; numero di luci 3; potenza E27 max 3 x 60W; non dimmerabile secondo i dati di catalogo; lampadina non indicata come inclusa. Misura e altezza di sospensione incidono direttamente sull’effetto finale: un modello regolato più vicino al piano concentra l’attenzione su tavolo o bancone, mentre una discesa più ampia valorizza soffitti alti e composizioni scenografiche. La scheda Ideal Lux aggiunge questi dettagli costruttivi: Montatura in metallo verniciato bianco opaco. Diffusore in vetro bianco soffiato e acidato. Sospensioni con cavi in acciaio a lunghezza regolabile da dispositivi automatici. Le configurazioni presenti a catalogo comprendono Ulisse sp3 – Diametro – 42cm e Ulisse sp3 – Diametro – 52cm.</p><p>La versatilità del modello favorisce l’utilizzo in soggiorni, zone pranzo, camere, ingressi, ristoranti e boutique. In soggiorno e zona living la sospensione crea un punto focale; in cucina può illuminare isola o penisola quando dimensioni e quota sono proporzionate; in camera da letto aggiunge una componente decorativa e funzionale. In locali commerciali è adatta a tavoli di ristoranti e bistrot, lounge, vetrine interne o aree accoglienza. Per corridoio, cameretta e bagno è opportuno valutare ingombro, altezza e compatibilità tecnica con lo spazio.</p><p>Scegliere Ideal Lux Ulisse sp3 significa confrontare finiture, dimensioni, numero di luci, sorgente o attacco, potenza e possibilità di dimmerazione prima dell’acquisto. Una sospensione ben dimensionata migliora la qualità della luce, valorizza arredi e materiali e contribuisce alla percezione dell’intero progetto. Questa scheda ecommerce riunisce le informazioni tecniche e d’uso utili a individuare la configurazione più adatta, con un testo orientato alla ricerca di lampade a sospensione Ideal Lux per abitazioni, locali commerciali e spazi professionali.</p>","Ideal Lux Ulisse sp3: lampada a sospensione per interni in vetro, ideale per living e spazi contract. Scopri finiture, misure e varianti e acquista online."
"IL-CONFIG-309","<p>Ideal Lux Umile-1 sp1 è una lampada a sospensione per interni: una sospensione compatta adatta sia come punto luce singolo sia in composizioni multiple. La struttura è realizzata in metallo e vetro. La gamma comprende 3 varianti selezionabili, nelle finiture bianco, con misure Ø 300 × H min 800 / max 2425 mm, Ø 220 × H min 940 / max 2590 mm e Ø 270 × H min 950 / max 2590 mm. La sorgente è definita da: sorgente LED; numero di luci 1; potenza LED 20W; non dimmerabile secondo i dati di catalogo; sorgente o lampadina inclusa. Tra le combinazioni selezionabili figurano Umile – 1 sp1 – Diametro – 30cm, Umile – 2 sp1 – Diametro – 22cm e Umile – 3 sp1 – Diametro – 27cm. La sospensione è indicata per penisole, comodini a sospensione, corridoi, banconi bar e piccoli tavoli. L’installazione è pensata per ambienti interni e va definita in base all’altezza disponibile e al progetto luce. Dimensioni, altezza regolabile, finitura, sorgente e potenza permettono di scegliere la configurazione più coerente con arredo, volume dell’ambiente e resa luminosa desiderata.</p>","<p>Ideal Lux Umile-1 sp1 è una lampada a sospensione per interni pensata per chi desidera una sospensione compatta adatta sia come punto luce singolo sia in composizioni multiple. Il corpo illuminante scende dal soffitto e trasforma la luce in un elemento d’arredo, utile per definire una zona, sottolineare un piano o dare identità al volume dell’ambiente senza occupare superfici. La composizione in metallo e vetro caratterizza la percezione del modello e permette di inserirlo in progetti residenziali e, dove appropriato, in spazi contract o hospitality.</p><p>La scelta della variante deve partire dalle caratteristiche reali del prodotto. La gamma comprende 3 varianti selezionabili, nelle finiture bianco, con misure Ø 300 × H min 800 / max 2425 mm, Ø 220 × H min 940 / max 2590 mm e Ø 270 × H min 950 / max 2590 mm. La sorgente è definita da: sorgente LED; numero di luci 1; potenza LED 20W; non dimmerabile secondo i dati di catalogo; sorgente o lampadina inclusa. Misura e altezza di sospensione incidono direttamente sull’effetto finale: un modello regolato più vicino al piano concentra l’attenzione su tavolo o bancone, mentre una discesa più ampia valorizza soffitti alti e composizioni scenografiche. Le configurazioni presenti a catalogo comprendono Umile – 1 sp1 – Diametro – 30cm, Umile – 2 sp1 – Diametro – 22cm e Umile – 3 sp1 – Diametro – 27cm.</p><p>Il formato compatto rende Ideal Lux Umile-1 sp1 particolarmente utile in penisole, comodini a sospensione, corridoi, banconi bar e piccoli tavoli. Una singola sospensione può illuminare un tavolino, un angolo lettura o una zona comodino; più elementi coordinati possono comporre un ritmo sopra penisole, banconi o percorsi. È una soluzione interessante anche per bistrot e negozi che ricercano piccoli punti luce ripetuti. Per l’uso in bagno è necessario verificare protezione, posizione e distanze previste dalle norme.</p><p>Scegliere Ideal Lux Umile-1 sp1 significa confrontare finiture, dimensioni, numero di luci, sorgente o attacco, potenza e possibilità di dimmerazione prima dell’acquisto. Una sospensione ben dimensionata migliora la qualità della luce, valorizza arredi e materiali e contribuisce alla percezione dell’intero progetto. Questa scheda ecommerce riunisce le informazioni tecniche e d’uso utili a individuare la configurazione più adatta, con un testo orientato alla ricerca di lampade a sospensione Ideal Lux per abitazioni, locali commerciali e spazi professionali.</p>","Ideal Lux Umile-1 sp1: lampada a sospensione per interni in metallo e vetro, ideale per living e spazi contract. Scopri misure e varianti: acquista online."
"IL-CONFIG-310","<p>Ideal Lux V-line sp è una lampada a sospensione per interni: una sospensione lineare che distribuisce la luce lungo superfici e percorsi visivi. La struttura è realizzata in alluminio e metallo. La gamma comprende 2 varianti selezionabili, nelle finiture bianco e nero, con misure L 1100 × H min 280 / max 2000 × P 34 mm. La sorgente è definita da: sorgente LED; numero di luci 1; potenza LED 20W; non dimmerabile secondo i dati di catalogo; sorgente o lampadina inclusa. Tra le combinazioni selezionabili figurano V – line sp – Bianco e V – line sp – Nero. La sospensione è indicata per tavoli da pranzo, isole cucina, banconi, reception e tavoli riunione. L’installazione è pensata per ambienti interni e va definita in base all’altezza disponibile e al progetto luce. Dimensioni, altezza regolabile, finitura, sorgente e potenza permettono di scegliere la configurazione più coerente con arredo, volume dell’ambiente e resa luminosa desiderata.</p>","<p>Ideal Lux V-line sp è una lampada a sospensione per interni pensata per chi desidera una sospensione lineare che distribuisce la luce lungo superfici e percorsi visivi. Il corpo illuminante scende dal soffitto e trasforma la luce in un elemento d’arredo, utile per definire una zona, sottolineare un piano o dare identità al volume dell’ambiente senza occupare superfici. La composizione in alluminio e metallo caratterizza la percezione del modello e permette di inserirlo in progetti residenziali e, dove appropriato, in spazi contract o hospitality.</p><p>La scelta della variante deve partire dalle caratteristiche reali del prodotto. La gamma comprende 2 varianti selezionabili, nelle finiture bianco e nero, con misure L 1100 × H min 280 / max 2000 × P 34 mm. La sorgente è definita da: sorgente LED; numero di luci 1; potenza LED 20W; non dimmerabile secondo i dati di catalogo; sorgente o lampadina inclusa. Misura e altezza di sospensione incidono direttamente sull’effetto finale: un modello regolato più vicino al piano concentra l’attenzione su tavolo o bancone, mentre una discesa più ampia valorizza soffitti alti e composizioni scenografiche. Le configurazioni presenti a catalogo comprendono V – line sp – Bianco e V – line sp – Nero.</p><p>La geometria lineare rende Ideal Lux V-line sp adatta a tavoli da pranzo, isole cucina, banconi, reception e tavoli riunione. In cucina può accompagnare isola o penisola, nella zona pranzo segue il tavolo, mentre in un open space aiuta a differenziare le aree funzionali. In ristoranti, bar, reception, sale meeting e showroom una sospensione lineare offre ordine visivo e un’illuminazione riconoscibile. Per corridoi, camere e camerette la scelta va rapportata allo spazio libero; per il bagno vanno sempre osservati i vincoli di installazione.</p><p>Scegliere Ideal Lux V-line sp significa confrontare finiture, dimensioni, numero di luci, sorgente o attacco, potenza e possibilità di dimmerazione prima dell’acquisto. Una sospensione ben dimensionata migliora la qualità della luce, valorizza arredi e materiali e contribuisce alla percezione dell’intero progetto. Questa scheda ecommerce riunisce le informazioni tecniche e d’uso utili a individuare la configurazione più adatta, con un testo orientato alla ricerca di lampade a sospensione Ideal Lux per abitazioni, locali commerciali e spazi professionali.</p>","Ideal Lux V-line sp: lampada a sospensione per interni in alluminio e metallo, ideale per tavolo, isola e bancone. Scopri la collezione e acquista online."
"IL-CONFIG-311","<p>Ideal Lux Vanity sp8 è una lampada a sospensione per interni: una sospensione decorativa di forte presenza, progettata per diventare protagonista dello spazio. La struttura è realizzata in metallo. La gamma comprende una configurazione disponibile, nelle finiture oro, con misure Ø 710 × H min 650 / max 780 mm. La sorgente è definita da: attacco E14; numero di luci 8; potenza E14 max 8 x 40W; non dimmerabile secondo i dati di catalogo; lampadina non indicata come inclusa. La sospensione è indicata per saloni, soggiorni ampi, vani scala, hall, boutique e sale ristorante. L’installazione è pensata per ambienti interni e va definita in base all’altezza disponibile e al progetto luce. Dimensioni, altezza regolabile, finitura, sorgente e potenza permettono di scegliere la configurazione più coerente con arredo, volume dell’ambiente e resa luminosa desiderata.</p>","<p>Ideal Lux Vanity sp8 è una lampada a sospensione per interni pensata per chi desidera una sospensione decorativa di forte presenza, progettata per diventare protagonista dello spazio. Il corpo illuminante scende dal soffitto e trasforma la luce in un elemento d’arredo, utile per definire una zona, sottolineare un piano o dare identità al volume dell’ambiente senza occupare superfici. La composizione in metallo caratterizza la percezione del modello e permette di inserirlo in progetti residenziali e, dove appropriato, in spazi contract o hospitality.</p><p>La scelta della variante deve partire dalle caratteristiche reali del prodotto. La gamma comprende una configurazione disponibile, nelle finiture oro, con misure Ø 710 × H min 650 / max 780 mm. La sorgente è definita da: attacco E14; numero di luci 8; potenza E14 max 8 x 40W; non dimmerabile secondo i dati di catalogo; lampadina non indicata come inclusa. Misura e altezza di sospensione incidono direttamente sull’effetto finale: un modello regolato più vicino al piano concentra l’attenzione su tavolo o bancone, mentre una discesa più ampia valorizza soffitti alti e composizioni scenografiche.</p><p>Per dimensioni e presenza decorativa, Ideal Lux Vanity sp8 si presta a saloni, soggiorni ampi, vani scala, hall, boutique e sale ristorante. In casa può diventare il fulcro del soggiorno, della sala da pranzo o di un vano scala ampio; nel contract valorizza hall, lounge, sale ristorante, boutique e aree accoglienza alberghiere. In camere o ambienti contenuti occorre controllare con precisione l’ingombro. In bagno, come per ogni sospensione da interno, l’installazione è valutabile solo in posizioni compatibili con requisiti tecnici e zone elettriche previste.</p><p>Scegliere Ideal Lux Vanity sp8 significa confrontare finiture, dimensioni, numero di luci, sorgente o attacco, potenza e possibilità di dimmerazione prima dell’acquisto. Una sospensione ben dimensionata migliora la qualità della luce, valorizza arredi e materiali e contribuisce alla percezione dell’intero progetto. Questa scheda ecommerce riunisce le informazioni tecniche e d’uso utili a individuare la configurazione più adatta, con un testo orientato alla ricerca di lampade a sospensione Ideal Lux per abitazioni, locali commerciali e spazi professionali.</p>","Ideal Lux Vanity sp8: lampada a sospensione per interni in metallo, ideale per salone, living e hall. Scopri finiture, misure e varianti e acquista online."
"IL-CONFIG-312","<p>Ideal Lux Waves-1 sp è una lampada a sospensione per interni: una sospensione lineare che distribuisce la luce lungo superfici e percorsi visivi. La struttura è realizzata in alluminio e materiale plastico. La gamma comprende 9 varianti selezionabili, nelle finiture bianco, nero e oro, con misure L 942 × H min 410 / max 2093 × P 451 mm, L 1254 × H min 450 / max 2093 × P 662,5 mm e L 1556 × H min 450 / max 2093 × P 870 mm. La sorgente è definita da: sorgente LED; numero di luci 1; potenza LED 37W, LED 45W e LED 54W; non dimmerabile secondo i dati di catalogo; sorgente o lampadina inclusa. Tra le combinazioni selezionabili figurano Waves – 1 sp – Bianco – Lunghezza – 94.2cm, Waves – 1 sp – Nero – Lunghezza – 94.2cm, Waves – 1 sp – Oro – Lunghezza – 94.2cm, Waves – 2 sp – Bianco – Lunghezza – 125.4cm, Waves – 2 sp – Nero – Lunghezza – 125.4cm e altre 4 configurazioni. La sospensione è indicata per tavoli da pranzo, isole cucina, banconi, reception e tavoli riunione. L’installazione è pensata per ambienti interni e va definita in base all’altezza disponibile e al progetto luce. Dimensioni, altezza regolabile, finitura, sorgente e potenza permettono di scegliere la configurazione più coerente con arredo, volume dell’ambiente e resa luminosa desiderata.</p>","<p>Ideal Lux Waves-1 sp è una lampada a sospensione per interni pensata per chi desidera una sospensione lineare che distribuisce la luce lungo superfici e percorsi visivi. Il corpo illuminante scende dal soffitto e trasforma la luce in un elemento d’arredo, utile per definire una zona, sottolineare un piano o dare identità al volume dell’ambiente senza occupare superfici. La composizione in alluminio e materiale plastico caratterizza la percezione del modello e permette di inserirlo in progetti residenziali e, dove appropriato, in spazi contract o hospitality.</p><p>La scelta della variante deve partire dalle caratteristiche reali del prodotto. La gamma comprende 9 varianti selezionabili, nelle finiture bianco, nero e oro, con misure L 942 × H min 410 / max 2093 × P 451 mm, L 1254 × H min 450 / max 2093 × P 662,5 mm e L 1556 × H min 450 / max 2093 × P 870 mm. La sorgente è definita da: sorgente LED; numero di luci 1; potenza LED 37W, LED 45W e LED 54W; non dimmerabile secondo i dati di catalogo; sorgente o lampadina inclusa. Misura e altezza di sospensione incidono direttamente sull’effetto finale: un modello regolato più vicino al piano concentra l’attenzione su tavolo o bancone, mentre una discesa più ampia valorizza soffitti alti e composizioni scenografiche. Le configurazioni presenti a catalogo comprendono Waves – 1 sp – Bianco – Lunghezza – 94.2cm, Waves – 1 sp – Nero – Lunghezza – 94.2cm, Waves – 1 sp – Oro – Lunghezza – 94.2cm, Waves – 2 sp – Bianco – Lunghezza – 125.4cm, Waves – 2 sp – Nero – Lunghezza – 125.4cm, Waves – 2 sp – Oro – Lunghezza – 125.4cm, Waves – 3 sp – Bianco – Lunghezza – 155.6cm, Waves – 3 sp – Nero – Lunghezza – 155.6cm e Waves – 3 sp – Oro – Lunghezza – 155.6cm.</p><p>La geometria lineare rende Ideal Lux Waves-1 sp adatta a tavoli da pranzo, isole cucina, banconi, reception e tavoli riunione. In cucina può accompagnare isola o penisola, nella zona pranzo segue il tavolo, mentre in un open space aiuta a differenziare le aree funzionali. In ristoranti, bar, reception, sale meeting e showroom una sospensione lineare offre ordine visivo e un’illuminazione riconoscibile. Per corridoi, camere e camerette la scelta va rapportata allo spazio libero; per il bagno vanno sempre osservati i vincoli di installazione.</p><p>Scegliere Ideal Lux Waves-1 sp significa confrontare finiture, dimensioni, numero di luci, sorgente o attacco, potenza e possibilità di dimmerazione prima dell’acquisto. Una sospensione ben dimensionata migliora la qualità della luce, valorizza arredi e materiali e contribuisce alla percezione dell’intero progetto. Questa scheda ecommerce riunisce le informazioni tecniche e d’uso utili a individuare la configurazione più adatta, con un testo orientato alla ricerca di lampade a sospensione Ideal Lux per abitazioni, locali commerciali e spazi professionali.</p>","Ideal Lux Waves-1 sp: sospensione da interno in alluminio e materiale plastico, pensata per tavolo, isola e bancone. Scopri la collezione e acquista online."
"IL-CONFIG-313","<p>Ideal Lux Yoko sp è una lampada a sospensione per interni: una sospensione lineare che distribuisce la luce lungo superfici e percorsi visivi. La struttura è realizzata in alluminio, metallo e materiale plastico. La gamma comprende 2 varianti selezionabili, nelle finiture bianco e nero, con misure L 1460 × H min 270 / max 2120 × P 20 mm. La sorgente è definita da: sorgente LED; numero di luci 1; potenza LED 17W; non dimmerabile secondo i dati di catalogo; sorgente o lampadina inclusa. Tra le combinazioni selezionabili figurano Yoko sp – Bianco e Yoko sp – Nero. La sospensione è indicata per tavoli da pranzo, isole cucina, banconi, reception e tavoli riunione. L’installazione è pensata per ambienti interni e va definita in base all’altezza disponibile e al progetto luce. Dimensioni, altezza regolabile, finitura, sorgente e potenza permettono di scegliere la configurazione più coerente con arredo, volume dell’ambiente e resa luminosa desiderata.</p>","<p>Ideal Lux Yoko sp è una lampada a sospensione per interni pensata per chi desidera una sospensione lineare che distribuisce la luce lungo superfici e percorsi visivi. Il corpo illuminante scende dal soffitto e trasforma la luce in un elemento d’arredo, utile per definire una zona, sottolineare un piano o dare identità al volume dell’ambiente senza occupare superfici. La composizione in alluminio, metallo e materiale plastico caratterizza la percezione del modello e permette di inserirlo in progetti residenziali e, dove appropriato, in spazi contract o hospitality.</p><p>La scelta della variante deve partire dalle caratteristiche reali del prodotto. La gamma comprende 2 varianti selezionabili, nelle finiture bianco e nero, con misure L 1460 × H min 270 / max 2120 × P 20 mm. La sorgente è definita da: sorgente LED; numero di luci 1; potenza LED 17W; non dimmerabile secondo i dati di catalogo; sorgente o lampadina inclusa. Misura e altezza di sospensione incidono direttamente sull’effetto finale: un modello regolato più vicino al piano concentra l’attenzione su tavolo o bancone, mentre una discesa più ampia valorizza soffitti alti e composizioni scenografiche. La scheda Ideal Lux aggiunge questi dettagli costruttivi: Rosone, montatura e supporto per il cavo in metallo verniciato opaco. Diffusore in policarbonato opale. Cavo in pvc trasparente. Colori: bianco o nero. Le configurazioni presenti a catalogo comprendono Yoko sp – Bianco e Yoko sp – Nero.</p><p>La geometria lineare rende Ideal Lux Yoko sp adatta a tavoli da pranzo, isole cucina, banconi, reception e tavoli riunione. In cucina può accompagnare isola o penisola, nella zona pranzo segue il tavolo, mentre in un open space aiuta a differenziare le aree funzionali. In ristoranti, bar, reception, sale meeting e showroom una sospensione lineare offre ordine visivo e un’illuminazione riconoscibile. Per corridoi, camere e camerette la scelta va rapportata allo spazio libero; per il bagno vanno sempre osservati i vincoli di installazione.</p><p>Scegliere Ideal Lux Yoko sp significa confrontare finiture, dimensioni, numero di luci, sorgente o attacco, potenza e possibilità di dimmerazione prima dell’acquisto. Una sospensione ben dimensionata migliora la qualità della luce, valorizza arredi e materiali e contribuisce alla percezione dell’intero progetto. Questa scheda ecommerce riunisce le informazioni tecniche e d’uso utili a individuare la configurazione più adatta, con un testo orientato alla ricerca di lampade a sospensione Ideal Lux per abitazioni, locali commerciali e spazi professionali.</p>","Ideal Lux Yoko sp: lampada a sospensione per interni in alluminio e metallo, ideale per tavolo, isola e bancone. Scopri misure e varianti: acquista online."
"IL-CONFIG-314","<p>Ideal Lux Yurta sp1 è una lampada a sospensione per interni: una sospensione compatta adatta sia come punto luce singolo sia in composizioni multiple. La struttura è realizzata in metallo. La gamma comprende 6 varianti selezionabili, nelle finiture bianco e nero, con misure Ø 210 × H min 400 / max 2150 mm, Ø 300 × H min 400 / max 2150 mm e Ø 500 × H min 420 / max 2170 mm. La sorgente è definita da: attacco E27; numero di luci 1; potenza E27 max 1 x 60W; non dimmerabile secondo i dati di catalogo; lampadina non indicata come inclusa. Tra le combinazioni selezionabili figurano Yurta sp1 – Bianco – Diametro – 21cm, Yurta sp1 – Nero – Diametro – 21cm, Yurta sp1 – Bianco – Diametro – 30cm, Yurta sp1 – Nero – Diametro – 30cm, Yurta sp1 – Bianco – Diametro – 50cm e altre 1 configurazioni. La sospensione è indicata per penisole, comodini a sospensione, corridoi, banconi bar e piccoli tavoli. L’installazione è pensata per ambienti interni e va definita in base all’altezza disponibile e al progetto luce. Dimensioni, altezza regolabile, finitura, sorgente e potenza permettono di scegliere la configurazione più coerente con arredo, volume dell’ambiente e resa luminosa desiderata.</p>","<p>Ideal Lux Yurta sp1 è una lampada a sospensione per interni pensata per chi desidera una sospensione compatta adatta sia come punto luce singolo sia in composizioni multiple. Il corpo illuminante scende dal soffitto e trasforma la luce in un elemento d’arredo, utile per definire una zona, sottolineare un piano o dare identità al volume dell’ambiente senza occupare superfici. La composizione in metallo caratterizza la percezione del modello e permette di inserirlo in progetti residenziali e, dove appropriato, in spazi contract o hospitality.</p><p>La scelta della variante deve partire dalle caratteristiche reali del prodotto. La gamma comprende 6 varianti selezionabili, nelle finiture bianco e nero, con misure Ø 210 × H min 400 / max 2150 mm, Ø 300 × H min 400 / max 2150 mm e Ø 500 × H min 420 / max 2170 mm. La sorgente è definita da: attacco E27; numero di luci 1; potenza E27 max 1 x 60W; non dimmerabile secondo i dati di catalogo; lampadina non indicata come inclusa. Misura e altezza di sospensione incidono direttamente sull’effetto finale: un modello regolato più vicino al piano concentra l’attenzione su tavolo o bancone, mentre una discesa più ampia valorizza soffitti alti e composizioni scenografiche. Le configurazioni presenti a catalogo comprendono Yurta sp1 – Bianco – Diametro – 21cm, Yurta sp1 – Nero – Diametro – 21cm, Yurta sp1 – Bianco – Diametro – 30cm, Yurta sp1 – Nero – Diametro – 30cm, Yurta sp1 – Bianco – Diametro – 50cm e Yurta sp1 – Nero – Diametro – 50cm.</p><p>Il formato compatto rende Ideal Lux Yurta sp1 particolarmente utile in penisole, comodini a sospensione, corridoi, banconi bar e piccoli tavoli. Una singola sospensione può illuminare un tavolino, un angolo lettura o una zona comodino; più elementi coordinati possono comporre un ritmo sopra penisole, banconi o percorsi. È una soluzione interessante anche per bistrot e negozi che ricercano piccoli punti luce ripetuti. Per l’uso in bagno è necessario verificare protezione, posizione e distanze previste dalle norme.</p><p>Scegliere Ideal Lux Yurta sp1 significa confrontare finiture, dimensioni, numero di luci, sorgente o attacco, potenza e possibilità di dimmerazione prima dell’acquisto. Una sospensione ben dimensionata migliora la qualità della luce, valorizza arredi e materiali e contribuisce alla percezione dell’intero progetto. Questa scheda ecommerce riunisce le informazioni tecniche e d’uso utili a individuare la configurazione più adatta, con un testo orientato alla ricerca di lampade a sospensione Ideal Lux per abitazioni, locali commerciali e spazi professionali.</p>","Ideal Lux Yurta sp1: lampada a sospensione da interno in metallo, ideale per living e spazi contract. Scopri finiture, misure e varianti e acquista online."
