sku,short_description,description,meta_description
IL-CONFIG-001,"<p>La Ideal Lux Acqua Pt1 è una lampada da terra per esterni dal design curato, ideale per illuminare giardini, terrazze, vialetti, ingressi e aree outdoor con una luce elegante e funzionale. Integra dimensioni Ø13.5cm × H60cm, struttura in alluminio e metallo, con 1 luce, attacco G9, potenza 15W, alimentazione 220-240 V AC, grado di protezione IP44, classe 1, peso netto 1,5 kg, caratteristiche che la rendono una soluzione pratica, resistente e facile da inserire in diversi progetti di illuminazione. Le configurazioni disponibili comprendono Antracite D 135 × H 600 mm e Coffee D 135 × H 600 mm. In questo modo è possibile scegliere tra finiture Antracite e Coffee in base al progetto illuminotecnico.</p>","<p>La Ideal Lux Acqua Pt1 è una lampada da terra per esterni pensata per offrire un punto luce decorativo e funzionale, capace di valorizzare giardini, terrazze, vialetti, ingressi e aree outdoor. Il design della collezione Acqua Pt1 unisce linee curate e finiture versatili, rendendola adatta a progetti di illuminazione moderni, residenziali e contract.</p><p>Il grado di protezione IP44 la rende adatta agli spazi esterni e agli ambienti esposti, mantenendo una buona affidabilità nell’uso quotidiano. Dal punto di vista tecnico, questa lampada presenta dimensioni Ø13.5cm × H60cm, struttura in alluminio e metallo, con 1 luce, attacco G9, potenza 15W, alimentazione 220-240 V AC, grado di protezione IP44, classe 1, peso netto 1,5 kg, dati che aiutano a scegliere il modello più adatto in base a dimensioni, prestazioni e contesto di installazione.</p><p>Le configurazioni disponibili comprendono Antracite D 135 × H 600 mm e Coffee D 135 × H 600 mm. In questo modo è possibile scegliere tra finiture Antracite e Coffee in base al progetto illuminotecnico.</p><p>Scegliere la Ideal Lux Acqua Pt1 significa puntare su una lampada da terra per esterni dal carattere riconoscibile, progettata per completare lo spazio con una luce piacevole, efficiente e coerente con lo stile dell’ambiente.</p>","Lampada da terra Ideal Lux Acqua Pt1 per esterni in Antracite e Coffee: IP44 15W ideale per giardino, terrazzo e vialetti, con design moderno e funzionale."
IL-CONFIG-002,"<p>La Ideal Lux Agos Pt è una lampada da terra per esterni dal design curato, ideale per illuminare giardini, terrazze, vialetti, ingressi e aree outdoor con una luce elegante e funzionale. Integra dimensioni L9.5cm × H60cm × P15cm - L9.5cm × H80cm × P15cm, struttura in alluminio e metallo, con 1 luce, attacco LED, potenza 5W, alimentazione 220-240 V AC, grado di protezione IP54, classe 1, lampadina inclusa, peso netto 0,95 kg, caratteristiche che la rendono una soluzione pratica, resistente e facile da inserire in diversi progetti di illuminazione. Le configurazioni disponibili comprendono Antracite H 60 cm 3000K, Antracite H 60 cm 4000K, Coffee H 60 cm 3000K, Nero H 60 cm 3000K, Antracite H 80 cm 3000K, Antracite H 80 cm 4000K, Coffee H 80 cm 3000K e Nero H 80 cm 3000K. In questo modo è possibile scegliere tra finiture Antracite, Coffee e Nero, diverse altezze e dimensioni in base al progetto illuminotecnico.</p>","<p>La Ideal Lux Agos Pt è una lampada da terra per esterni pensata per offrire un punto luce decorativo e funzionale, capace di valorizzare giardini, terrazze, vialetti, ingressi e aree outdoor. Il design della collezione Agos Pt unisce linee curate e finiture versatili, rendendola adatta a progetti di illuminazione moderni, residenziali e contract.</p><p>Il grado di protezione IP54 la rende adatta agli spazi esterni e agli ambienti esposti, mantenendo una buona affidabilità nell’uso quotidiano. Dal punto di vista tecnico, questa lampada presenta dimensioni L9.5cm × H60cm × P15cm - L9.5cm × H80cm × P15cm, struttura in alluminio e metallo, con 1 luce, attacco LED, potenza 5W, alimentazione 220-240 V AC, grado di protezione IP54, classe 1, lampadina inclusa, peso netto 0,95 kg, dati che aiutano a scegliere il modello più adatto in base a dimensioni, prestazioni e contesto di installazione.</p><p>Le configurazioni disponibili comprendono Antracite H 60 cm 3000K, Antracite H 60 cm 4000K, Coffee H 60 cm 3000K, Nero H 60 cm 3000K, Antracite H 80 cm 3000K, Antracite H 80 cm 4000K, Coffee H 80 cm 3000K e Nero H 80 cm 3000K. In questo modo è possibile scegliere tra finiture Antracite, Coffee e Nero, diverse altezze e dimensioni in base al progetto illuminotecnico.</p><p>Scegliere la Ideal Lux Agos Pt significa puntare su una lampada da terra per esterni dal carattere riconoscibile, progettata per completare lo spazio con una luce piacevole, efficiente e coerente con lo stile dell’ambiente.</p>","Lampada da terra Ideal Lux Agos Pt per esterni in Antracite, Coffee e Nero: IP54 5W ideale per giardino, terrazzo e vialetti, con design moderno e funzionale."
IL-CONFIG-003,"<p>La Ideal Lux Angolo Pt5 è una lampada da terra per interni dal design curato, ideale per illuminare soggiorni, camere, studi, zone living e ambienti contract con una luce elegante e funzionale. Integra dimensioni L30cm × H118cm × P30cm, struttura in alluminio, metallo e vetro, con 5 luci, attacco G9, potenza 5 x 28W, alimentazione 220-240 V AC, grado di protezione IP20, classe 2, lampadina inclusa, peso netto 2,7 kg, caratteristiche che la rendono una soluzione pratica, resistente e facile da inserire in diversi progetti di illuminazione. Le configurazioni disponibili comprendono Nero L 300 × H 1180 × P 300 mm e Ottone L 300 × H 1180 × P 300 mm. In questo modo è possibile scegliere tra finiture Nero e Ottone in base al progetto illuminotecnico.</p>","<p>La Ideal Lux Angolo Pt5 è una lampada da terra per interni pensata per offrire un punto luce decorativo e funzionale, capace di valorizzare soggiorni, camere, studi, zone living e ambienti contract. Il design della collezione Angolo Pt5 unisce linee curate e finiture versatili, rendendola adatta a progetti di illuminazione moderni, residenziali e contract.</p><p>Il grado di protezione IP20 è coerente con l’uso in ambienti interni, dove comfort visivo e resa estetica sono elementi centrali. Dal punto di vista tecnico, questa lampada presenta dimensioni L30cm × H118cm × P30cm, struttura in alluminio, metallo e vetro, con 5 luci, attacco G9, potenza 5 x 28W, alimentazione 220-240 V AC, grado di protezione IP20, classe 2, lampadina inclusa, peso netto 2,7 kg, dati che aiutano a scegliere il modello più adatto in base a dimensioni, prestazioni e contesto di installazione.</p><p>Le configurazioni disponibili comprendono Nero L 300 × H 1180 × P 300 mm e Ottone L 300 × H 1180 × P 300 mm. In questo modo è possibile scegliere tra finiture Nero e Ottone in base al progetto illuminotecnico.</p><p>Scegliere la Ideal Lux Angolo Pt5 significa puntare su una lampada da terra per interni dal carattere riconoscibile, progettata per completare lo spazio con una luce piacevole, efficiente e coerente con lo stile dell’ambiente.</p>","Lampada da terra Ideal Lux Angolo Pt5 per interni in Nero e Ottone: IP20 5 x 28W ideale per soggiorno, studio e zona living, con design moderno e funzionale."
IL-CONFIG-004,"<p>La Ideal Lux Arcadia Pt1 Antracite è una lampada da terra per esterni dal design curato, ideale per illuminare giardini, terrazze, vialetti, ingressi e aree outdoor con una luce elegante e funzionale. Integra dimensioni Ø34.7cm × H153.6cm, struttura in metallo e ps, con 1 luce, attacco E27, potenza 42W, alimentazione 220-240 V AC, grado di protezione IP44, classe 2, peso netto 6,5 kg, caratteristiche che la rendono una soluzione pratica, resistente e facile da inserire in diversi progetti di illuminazione. La configurazione disponibile è Grigio, pensata per integrarsi con finiture e materiali coordinati all’ambiente.</p>","<p>La Ideal Lux Arcadia Pt1 Antracite è una lampada da terra per esterni pensata per offrire un punto luce decorativo e funzionale, capace di valorizzare giardini, terrazze, vialetti, ingressi e aree outdoor. Il design della collezione Arcadia Pt1 unisce linee curate e finiture versatili, rendendola adatta a progetti di illuminazione moderni, residenziali e contract.</p><p>Il grado di protezione IP44 la rende adatta agli spazi esterni e agli ambienti esposti, mantenendo una buona affidabilità nell’uso quotidiano. Dal punto di vista tecnico, questa lampada presenta dimensioni Ø34.7cm × H153.6cm, struttura in metallo e ps, con 1 luce, attacco E27, potenza 42W, alimentazione 220-240 V AC, grado di protezione IP44, classe 2, peso netto 6,5 kg, dati che aiutano a scegliere il modello più adatto in base a dimensioni, prestazioni e contesto di installazione.</p><p>La configurazione disponibile è Grigio, pensata per integrarsi con finiture e materiali coordinati all’ambiente.</p><p>Scegliere la Ideal Lux Arcadia Pt1 Antracite significa puntare su una lampada da terra per esterni dal carattere riconoscibile, progettata per completare lo spazio con una luce piacevole, efficiente e coerente con lo stile dell’ambiente.</p>","Lampada da terra Ideal Lux Arcadia Pt1 Antracite per esterni in Grigio: IP44 42W ideale per giardino, terrazzo e vialetti, con design moderno e funzionale."
IL-CONFIG-005,"<p>La Ideal Lux Arcadia Pt1 è una lampada da terra per esterni dal design curato, ideale per illuminare giardini, terrazze, vialetti, ingressi e aree outdoor con una luce elegante e funzionale. Integra dimensioni Ø34.7cm × H153.6cm, struttura in metallo e ps, con 1 luce, attacco E27, potenza 42W, alimentazione 220-240 V AC, grado di protezione IP44, classe 2, peso netto 6,5 kg, caratteristiche che la rendono una soluzione pratica, resistente e facile da inserire in diversi progetti di illuminazione. La configurazione disponibile è Grigio, pensata per integrarsi con finiture e materiali coordinati all’ambiente.</p>","<p>La Ideal Lux Arcadia Pt1 è una lampada da terra per esterni pensata per offrire un punto luce decorativo e funzionale, capace di valorizzare giardini, terrazze, vialetti, ingressi e aree outdoor. Il design della collezione Arcadia Pt1 unisce linee curate e finiture versatili, rendendola adatta a progetti di illuminazione moderni, residenziali e contract.</p><p>Il grado di protezione IP44 la rende adatta agli spazi esterni e agli ambienti esposti, mantenendo una buona affidabilità nell’uso quotidiano. Dal punto di vista tecnico, questa lampada presenta dimensioni Ø34.7cm × H153.6cm, struttura in metallo e ps, con 1 luce, attacco E27, potenza 42W, alimentazione 220-240 V AC, grado di protezione IP44, classe 2, peso netto 6,5 kg, dati che aiutano a scegliere il modello più adatto in base a dimensioni, prestazioni e contesto di installazione.</p><p>La configurazione disponibile è Grigio, pensata per integrarsi con finiture e materiali coordinati all’ambiente.</p><p>Scegliere la Ideal Lux Arcadia Pt1 significa puntare su una lampada da terra per esterni dal carattere riconoscibile, progettata per completare lo spazio con una luce piacevole, efficiente e coerente con lo stile dell’ambiente.</p>","Lampada da terra Ideal Lux Arcadia Pt1 per esterni in Grigio: IP44 42W ideale per giardino, terrazzo e vialetti, con design moderno e funzionale."
IL-CONFIG-006,"<p>La Ideal Lux Atena Pt1 è una lampada da terra per esterni dal design curato, ideale per illuminare giardini, terrazze, vialetti, ingressi e aree outdoor con una luce elegante e funzionale. Integra dimensioni Ø15.5cm × H80cm, struttura in ps e resina, con 1 luce, attacco E27, potenza 23W, alimentazione 220-240 V AC, grado di protezione IP55, classe 2, lampadina inclusa, peso netto 1,07 kg, caratteristiche che la rendono una soluzione pratica, resistente e facile da inserire in diversi progetti di illuminazione. Le configurazioni disponibili comprendono Bianco D 155 × H 800 mm, Grigio D 155 × H 800 mm e Nero D 155 × H 800 mm. In questo modo è possibile scegliere tra finiture Bianco, Grigio e Nero in base al progetto illuminotecnico.</p>","<p>La Ideal Lux Atena Pt1 è una lampada da terra per esterni pensata per offrire un punto luce decorativo e funzionale, capace di valorizzare giardini, terrazze, vialetti, ingressi e aree outdoor. Il design della collezione Atena Pt1 unisce linee curate e finiture versatili, rendendola adatta a progetti di illuminazione moderni, residenziali e contract.</p><p>Il grado di protezione IP55 la rende adatta agli spazi esterni e agli ambienti esposti, mantenendo una buona affidabilità nell’uso quotidiano. Dal punto di vista tecnico, questa lampada presenta dimensioni Ø15.5cm × H80cm, struttura in ps e resina, con 1 luce, attacco E27, potenza 23W, alimentazione 220-240 V AC, grado di protezione IP55, classe 2, lampadina inclusa, peso netto 1,07 kg, dati che aiutano a scegliere il modello più adatto in base a dimensioni, prestazioni e contesto di installazione.</p><p>Le configurazioni disponibili comprendono Bianco D 155 × H 800 mm, Grigio D 155 × H 800 mm e Nero D 155 × H 800 mm. In questo modo è possibile scegliere tra finiture Bianco, Grigio e Nero in base al progetto illuminotecnico.</p><p>Scegliere la Ideal Lux Atena Pt1 significa puntare su una lampada da terra per esterni dal carattere riconoscibile, progettata per completare lo spazio con una luce piacevole, efficiente e coerente con lo stile dell’ambiente.</p>","Lampada da terra Ideal Lux Atena Pt1 per esterni in Bianco, Grigio e Nero: IP55 23W ideale per giardino, terrazzo e vialetti, con design moderno e funzionale."
IL-CONFIG-007,"<p>La Ideal Lux Axel Pt1 è una lampada da terra per interni dal design curato, ideale per illuminare soggiorni, camere, studi, zone living e ambienti contract con una luce elegante e funzionale. Integra dimensioni L30cm × H168cm × P30cm, struttura in legno e tessuto, con 1 luce, attacco E27, potenza 60W, alimentazione 220-240 V AC, grado di protezione IP20, classe 2, peso netto 5,2 kg, caratteristiche che la rendono una soluzione pratica, resistente e facile da inserire in diversi progetti di illuminazione. Le configurazioni disponibili comprendono Bianco L 300 × H 1680 × P 300 mm e Nero L 300 × H 1680 × P 300 mm. In questo modo è possibile scegliere tra finiture Bianco e Nero in base al progetto illuminotecnico.</p>","<p>La Ideal Lux Axel Pt1 è una lampada da terra per interni pensata per offrire un punto luce decorativo e funzionale, capace di valorizzare soggiorni, camere, studi, zone living e ambienti contract. Il design della collezione Axel Pt1 unisce linee curate e finiture versatili, rendendola adatta a progetti di illuminazione moderni, residenziali e contract.</p><p>Il grado di protezione IP20 è coerente con l’uso in ambienti interni, dove comfort visivo e resa estetica sono elementi centrali. Dal punto di vista tecnico, questa lampada presenta dimensioni L30cm × H168cm × P30cm, struttura in legno e tessuto, con 1 luce, attacco E27, potenza 60W, alimentazione 220-240 V AC, grado di protezione IP20, classe 2, peso netto 5,2 kg, dati che aiutano a scegliere il modello più adatto in base a dimensioni, prestazioni e contesto di installazione.</p><p>Le configurazioni disponibili comprendono Bianco L 300 × H 1680 × P 300 mm e Nero L 300 × H 1680 × P 300 mm. In questo modo è possibile scegliere tra finiture Bianco e Nero in base al progetto illuminotecnico.</p><p>Scegliere la Ideal Lux Axel Pt1 significa puntare su una lampada da terra per interni dal carattere riconoscibile, progettata per completare lo spazio con una luce piacevole, efficiente e coerente con lo stile dell’ambiente.</p>","Lampada da terra Ideal Lux Axel Pt1 per interni in Bianco e Nero: IP20 60W ideale per soggiorno, studio e zona living, con design moderno e funzionale."
IL-CONFIG-008,"<p>La Ideal Lux Binomio Pt3 è una lampada da terra per interni dal design curato, ideale per illuminare soggiorni, camere, studi, zone living e ambienti contract con una luce elegante e funzionale. Integra dimensioni Ø25cm × H160.9cm, struttura in metallo e vetro, con 3 luci, attacco G9, potenza 3 x 4W, alimentazione 220-240 V AC, grado di protezione IP20, classe 2, lampadina inclusa, peso netto 4,5 kg, caratteristiche che la rendono una soluzione pratica, resistente e facile da inserire in diversi progetti di illuminazione. Le configurazioni disponibili comprendono Bianco D 250 × H 1609 mm, Nero D 250 × H 1609 mm e Ottone D 250 × H 1609 mm. In questo modo è possibile scegliere tra finiture Bianco, Nero e Ottone in base al progetto illuminotecnico.</p>","<p>La Ideal Lux Binomio Pt3 è una lampada da terra per interni pensata per offrire un punto luce decorativo e funzionale, capace di valorizzare soggiorni, camere, studi, zone living e ambienti contract. Il design della collezione Binomio Pt3 unisce linee curate e finiture versatili, rendendola adatta a progetti di illuminazione moderni, residenziali e contract.</p><p>Il grado di protezione IP20 è coerente con l’uso in ambienti interni, dove comfort visivo e resa estetica sono elementi centrali. Dal punto di vista tecnico, questa lampada presenta dimensioni Ø25cm × H160.9cm, struttura in metallo e vetro, con 3 luci, attacco G9, potenza 3 x 4W, alimentazione 220-240 V AC, grado di protezione IP20, classe 2, lampadina inclusa, peso netto 4,5 kg, dati che aiutano a scegliere il modello più adatto in base a dimensioni, prestazioni e contesto di installazione.</p><p>Le configurazioni disponibili comprendono Bianco D 250 × H 1609 mm, Nero D 250 × H 1609 mm e Ottone D 250 × H 1609 mm. In questo modo è possibile scegliere tra finiture Bianco, Nero e Ottone in base al progetto illuminotecnico.</p><p>Scegliere la Ideal Lux Binomio Pt3 significa puntare su una lampada da terra per interni dal carattere riconoscibile, progettata per completare lo spazio con una luce piacevole, efficiente e coerente con lo stile dell’ambiente.</p>","Ideal Lux Binomio Pt3: lampada da terra per interni IP20, design moderno per soggiorno, studio e zona living. Scopri varianti e finiture."
IL-CONFIG-009,"<p>La Ideal Lux Binomio Pt4 Led è una lampada da terra per interni dal design curato, ideale per illuminare soggiorni, camere, studi, zone living e ambienti contract con una luce elegante e funzionale. Integra dimensioni L22cm × H155cm × P22cm, struttura in metallo e vetro, con 4 luci, attacco LED, potenza 12W, alimentazione 220-240 V AC, grado di protezione IP20, classe 2, lampadina inclusa, peso netto 2,5 kg, caratteristiche che la rendono una soluzione pratica, resistente e facile da inserire in diversi progetti di illuminazione. Le configurazioni disponibili comprendono Bianco L 220 × H 1550 × P 220 mm, Nero L 220 × H 1550 × P 220 mm e Ottone L 220 × H 1550 × P 220 mm. In questo modo è possibile scegliere tra finiture Bianco, Nero e Ottone in base al progetto illuminotecnico.</p>","<p>La Ideal Lux Binomio Pt4 Led è una lampada da terra per interni pensata per offrire un punto luce decorativo e funzionale, capace di valorizzare soggiorni, camere, studi, zone living e ambienti contract. Il design della collezione Binomio Pt4 Led unisce linee curate e finiture versatili, rendendola adatta a progetti di illuminazione moderni, residenziali e contract.</p><p>Il grado di protezione IP20 è coerente con l’uso in ambienti interni, dove comfort visivo e resa estetica sono elementi centrali. Dal punto di vista tecnico, questa lampada presenta dimensioni L22cm × H155cm × P22cm, struttura in metallo e vetro, con 4 luci, attacco LED, potenza 12W, alimentazione 220-240 V AC, grado di protezione IP20, classe 2, lampadina inclusa, peso netto 2,5 kg, dati che aiutano a scegliere il modello più adatto in base a dimensioni, prestazioni e contesto di installazione.</p><p>Le configurazioni disponibili comprendono Bianco L 220 × H 1550 × P 220 mm, Nero L 220 × H 1550 × P 220 mm e Ottone L 220 × H 1550 × P 220 mm. In questo modo è possibile scegliere tra finiture Bianco, Nero e Ottone in base al progetto illuminotecnico.</p><p>Scegliere la Ideal Lux Binomio Pt4 Led significa puntare su una lampada da terra per interni dal carattere riconoscibile, progettata per completare lo spazio con una luce piacevole, efficiente e coerente con lo stile dell’ambiente.</p>","Ideal Lux Binomio Pt4 Led: lampada da terra per interni IP20, design moderno per soggiorno, studio e zona living. Scopri varianti e finiture."
IL-CONFIG-010,"<p>La Ideal Lux Birds Pt5 è una lampada da terra per interni dal design curato, ideale per illuminare soggiorni, camere, studi, zone living e ambienti contract con una luce elegante e funzionale. Integra dimensioni L30cm × H160cm × P44cm, struttura in metallo e vetro, con 5 luci, attacco G9, potenza 5 x 15W, alimentazione 220-240 V AC, grado di protezione IP20, classe 2, lampadina inclusa, peso netto 5,64 kg, caratteristiche che la rendono una soluzione pratica, resistente e facile da inserire in diversi progetti di illuminazione. La configurazione disponibile è Nero, pensata per integrarsi con finiture e materiali coordinati all’ambiente.</p>","<p>La Ideal Lux Birds Pt5 è una lampada da terra per interni pensata per offrire un punto luce decorativo e funzionale, capace di valorizzare soggiorni, camere, studi, zone living e ambienti contract. Il design della collezione Birds Pt5 unisce linee curate e finiture versatili, rendendola adatta a progetti di illuminazione moderni, residenziali e contract.</p><p>Il grado di protezione IP20 è coerente con l’uso in ambienti interni, dove comfort visivo e resa estetica sono elementi centrali. Dal punto di vista tecnico, questa lampada presenta dimensioni L30cm × H160cm × P44cm, struttura in metallo e vetro, con 5 luci, attacco G9, potenza 5 x 15W, alimentazione 220-240 V AC, grado di protezione IP20, classe 2, lampadina inclusa, peso netto 5,64 kg, dati che aiutano a scegliere il modello più adatto in base a dimensioni, prestazioni e contesto di installazione.</p><p>La configurazione disponibile è Nero, pensata per integrarsi con finiture e materiali coordinati all’ambiente.</p><p>Scegliere la Ideal Lux Birds Pt5 significa puntare su una lampada da terra per interni dal carattere riconoscibile, progettata per completare lo spazio con una luce piacevole, efficiente e coerente con lo stile dell’ambiente.</p>","Lampada da terra Ideal Lux Birds Pt5 per interni in Nero: IP20 5 x 15W ideale per soggiorno, studio e zona living, con design moderno e funzionale."
IL-CONFIG-011,"<p>La Ideal Lux Blade Pt è una lampada da terra per interni dal design curato, ideale per illuminare soggiorni, camere, studi, zone living e ambienti contract con una luce elegante e funzionale. Integra dimensioni Ø25cm × H251.2cm, struttura in alluminio, metallo e pvc, con 1 luce, attacco LED, potenza 15W, alimentazione 220-240 V AC, grado di protezione IP20, classe 2, lampadina inclusa, dimmerabile, peso netto 5,8 kg, caratteristiche che la rendono una soluzione pratica, resistente e facile da inserire in diversi progetti di illuminazione. Le configurazioni disponibili comprendono Bianco D 250 × H 2512 mm, Nero D 250 × H 2512 mm, Nickel D 250 × H 2512 mm e Ottone D 250 × H 2512 mm. In questo modo è possibile scegliere tra finiture Bianco, Nero, Nickel e Ottone in base al progetto illuminotecnico.</p>","<p>La Ideal Lux Blade Pt è una lampada da terra per interni pensata per offrire un punto luce decorativo e funzionale, capace di valorizzare soggiorni, camere, studi, zone living e ambienti contract. Il design della collezione Blade Pt unisce linee curate e finiture versatili, rendendola adatta a progetti di illuminazione moderni, residenziali e contract.</p><p>Il grado di protezione IP20 è coerente con l’uso in ambienti interni, dove comfort visivo e resa estetica sono elementi centrali. Dal punto di vista tecnico, questa lampada presenta dimensioni Ø25cm × H251.2cm, struttura in alluminio, metallo e pvc, con 1 luce, attacco LED, potenza 15W, alimentazione 220-240 V AC, grado di protezione IP20, classe 2, lampadina inclusa, dimmerabile, peso netto 5,8 kg, dati che aiutano a scegliere il modello più adatto in base a dimensioni, prestazioni e contesto di installazione.</p><p>Le configurazioni disponibili comprendono Bianco D 250 × H 2512 mm, Nero D 250 × H 2512 mm, Nickel D 250 × H 2512 mm e Ottone D 250 × H 2512 mm. In questo modo è possibile scegliere tra finiture Bianco, Nero, Nickel e Ottone in base al progetto illuminotecnico.</p><p>Scegliere la Ideal Lux Blade Pt significa puntare su una lampada da terra per interni dal carattere riconoscibile, progettata per completare lo spazio con una luce piacevole, efficiente e coerente con lo stile dell’ambiente.</p>","Lampada da terra Ideal Lux Blade Pt per interni in Bianco, Nero e Ottone: IP20 15W ideale per soggiorno, studio e zona living, con design moderno e funzionale."
IL-CONFIG-012,"<p>La Ideal Lux Bloom Pt2 è una lampada da terra per interni dal design curato, ideale per illuminare soggiorni, camere, studi, zone living e ambienti contract con una luce elegante e funzionale. Integra dimensioni Ø30cm × H169.5cm, struttura in alluminio, metallo e vetro, con 2 luci, attacco LED, potenza 11W, alimentazione 220-240 V AC, grado di protezione IP20, classe 2, lampadina inclusa, peso netto 8,4 kg, caratteristiche che la rendono una soluzione pratica, resistente e facile da inserire in diversi progetti di illuminazione. Le configurazioni disponibili comprendono Nero D 300 × H 1695 mm e Ottone D 300 × H 1695 mm. In questo modo è possibile scegliere tra finiture Nero e Ottone in base al progetto illuminotecnico.</p>","<p>La Ideal Lux Bloom Pt2 è una lampada da terra per interni pensata per offrire un punto luce decorativo e funzionale, capace di valorizzare soggiorni, camere, studi, zone living e ambienti contract. Il design della collezione Bloom Pt2 unisce linee curate e finiture versatili, rendendola adatta a progetti di illuminazione moderni, residenziali e contract.</p><p>Il grado di protezione IP20 è coerente con l’uso in ambienti interni, dove comfort visivo e resa estetica sono elementi centrali. Dal punto di vista tecnico, questa lampada presenta dimensioni Ø30cm × H169.5cm, struttura in alluminio, metallo e vetro, con 2 luci, attacco LED, potenza 11W, alimentazione 220-240 V AC, grado di protezione IP20, classe 2, lampadina inclusa, peso netto 8,4 kg, dati che aiutano a scegliere il modello più adatto in base a dimensioni, prestazioni e contesto di installazione.</p><p>Le configurazioni disponibili comprendono Nero D 300 × H 1695 mm e Ottone D 300 × H 1695 mm. In questo modo è possibile scegliere tra finiture Nero e Ottone in base al progetto illuminotecnico.</p><p>Scegliere la Ideal Lux Bloom Pt2 significa puntare su una lampada da terra per interni dal carattere riconoscibile, progettata per completare lo spazio con una luce piacevole, efficiente e coerente con lo stile dell’ambiente.</p>","Lampada da terra Ideal Lux Bloom Pt2 per interni in Nero e Ottone: IP20 11W ideale per soggiorno, studio e zona living, con design moderno e funzionale."
IL-CONFIG-013,"<p>La Ideal Lux Boeing Pt è una lampada da terra per esterni dal design curato, ideale per illuminare giardini, terrazze, vialetti, ingressi e aree outdoor con una luce elegante e funzionale. Integra dimensioni Ø13cm × H15cm - Ø13cm × H40cm - Ø13cm × H70cm - Ø13cm × H100cm, struttura in metallo e vetro, con 1 luce, attacco LED, potenza 14W, alimentazione 220-240 V AC, grado di protezione IP65, classe 1, lampadina inclusa, peso netto 1,35 kg, caratteristiche che la rendono una soluzione pratica, resistente e facile da inserire in diversi progetti di illuminazione. Le configurazioni disponibili comprendono Antracite H 15 cm, Coffee H 15 cm, Nero H 15 cm, Antracite H 40 cm, Coffee H 40 cm, Nero H 40 cm, Antracite H 70 cm, Coffee H 70 cm, Nero H 70 cm, Antracite H 100 cm, Coffee H 100 cm e Nero H 100 cm. In questo modo è possibile scegliere tra finiture Antracite, Coffee e Nero, diverse altezze e dimensioni in base al progetto illuminotecnico.</p>","<p>La Ideal Lux Boeing Pt è una lampada da terra per esterni pensata per offrire un punto luce decorativo e funzionale, capace di valorizzare giardini, terrazze, vialetti, ingressi e aree outdoor. Il design della collezione Boeing Pt unisce linee curate e finiture versatili, rendendola adatta a progetti di illuminazione moderni, residenziali e contract.</p><p>Il grado di protezione IP65 la rende adatta agli spazi esterni e agli ambienti esposti, mantenendo una buona affidabilità nell’uso quotidiano. Dal punto di vista tecnico, questa lampada presenta dimensioni Ø13cm × H15cm - Ø13cm × H40cm - Ø13cm × H70cm - Ø13cm × H100cm, struttura in metallo e vetro, con 1 luce, attacco LED, potenza 14W, alimentazione 220-240 V AC, grado di protezione IP65, classe 1, lampadina inclusa, peso netto 1,35 kg, dati che aiutano a scegliere il modello più adatto in base a dimensioni, prestazioni e contesto di installazione.</p><p>Le configurazioni disponibili comprendono Antracite H 15 cm, Coffee H 15 cm, Nero H 15 cm, Antracite H 40 cm, Coffee H 40 cm, Nero H 40 cm, Antracite H 70 cm, Coffee H 70 cm, Nero H 70 cm, Antracite H 100 cm, Coffee H 100 cm e Nero H 100 cm. In questo modo è possibile scegliere tra finiture Antracite, Coffee e Nero, diverse altezze e dimensioni in base al progetto illuminotecnico.</p><p>Scegliere la Ideal Lux Boeing Pt significa puntare su una lampada da terra per esterni dal carattere riconoscibile, progettata per completare lo spazio con una luce piacevole, efficiente e coerente con lo stile dell’ambiente.</p>","Ideal Lux Boeing Pt: lampada da terra per esterni IP65, design moderno per giardino, terrazzo e vialetti. Scopri varianti e finiture."
IL-CONFIG-014,"<p>La Ideal Lux Carta Pt1 è una lampada da terra per interni dal design curato, ideale per illuminare soggiorni, camere, studi, zone living e ambienti contract con una luce elegante e funzionale. Integra dimensioni Ø30cm × H31cm - Ø40cm × H41.5cm, struttura in ps, con 1 luce, attacco E27, potenza 25W, alimentazione 220-240 V AC, grado di protezione IP20, classe 2, peso netto 1,9 kg, caratteristiche che la rendono una soluzione pratica, resistente e facile da inserire in diversi progetti di illuminazione. Le configurazioni disponibili comprendono Bianco D 300 × H 310 mm e Bianco D 400 × H 415 mm.</p>","<p>La Ideal Lux Carta Pt1 è una lampada da terra per interni pensata per offrire un punto luce decorativo e funzionale, capace di valorizzare soggiorni, camere, studi, zone living e ambienti contract. Il design della collezione Carta Pt1 unisce linee curate e finiture versatili, rendendola adatta a progetti di illuminazione moderni, residenziali e contract.</p><p>Il grado di protezione IP20 è coerente con l’uso in ambienti interni, dove comfort visivo e resa estetica sono elementi centrali. Dal punto di vista tecnico, questa lampada presenta dimensioni Ø30cm × H31cm - Ø40cm × H41.5cm, struttura in ps, con 1 luce, attacco E27, potenza 25W, alimentazione 220-240 V AC, grado di protezione IP20, classe 2, peso netto 1,9 kg, dati che aiutano a scegliere il modello più adatto in base a dimensioni, prestazioni e contesto di installazione.</p><p>Le configurazioni disponibili comprendono Bianco D 300 × H 310 mm e Bianco D 400 × H 415 mm.</p><p>Scegliere la Ideal Lux Carta Pt1 significa puntare su una lampada da terra per interni dal carattere riconoscibile, progettata per completare lo spazio con una luce piacevole, efficiente e coerente con lo stile dell’ambiente.</p>","Lampada da terra Ideal Lux Carta Pt1 per interni in Bianco: IP20 25W ideale per soggiorno, studio e zona living, con design moderno e funzionale."
IL-CONFIG-015,"<p>La Ideal Lux Cima Pt2 è una lampada da terra per interni dal design curato, ideale per illuminare soggiorni, camere, studi, zone living e ambienti contract con una luce elegante e funzionale. Integra dimensioni L83cm × H216cm × P25cm, struttura in metallo e ps, con 2 luci, attacco E27, potenza 2 x 52W, alimentazione 220-240 V AC, grado di protezione IP43, classe 1, peso netto 3,34 kg, caratteristiche che la rendono una soluzione pratica, resistente e facile da inserire in diversi progetti di illuminazione. Le configurazioni disponibili comprendono Antracite L 830 × H 2160 × P 250 mm, Coffee L 830 × H 2160 × P 250 mm e Nero L 830 × H 2160 × P 250 mm. In questo modo è possibile scegliere tra finiture Antracite, Coffee e Nero in base al progetto illuminotecnico.</p>","<p>La Ideal Lux Cima Pt2 è una lampada da terra per interni pensata per offrire un punto luce decorativo e funzionale, capace di valorizzare soggiorni, camere, studi, zone living e ambienti contract. Il design della collezione Cima Pt2 unisce linee curate e finiture versatili, rendendola adatta a progetti di illuminazione moderni, residenziali e contract.</p><p>Il grado di protezione IP43 è coerente con l’uso in ambienti interni, dove comfort visivo e resa estetica sono elementi centrali. Dal punto di vista tecnico, questa lampada presenta dimensioni L83cm × H216cm × P25cm, struttura in metallo e ps, con 2 luci, attacco E27, potenza 2 x 52W, alimentazione 220-240 V AC, grado di protezione IP43, classe 1, peso netto 3,34 kg, dati che aiutano a scegliere il modello più adatto in base a dimensioni, prestazioni e contesto di installazione.</p><p>Le configurazioni disponibili comprendono Antracite L 830 × H 2160 × P 250 mm, Coffee L 830 × H 2160 × P 250 mm e Nero L 830 × H 2160 × P 250 mm. In questo modo è possibile scegliere tra finiture Antracite, Coffee e Nero in base al progetto illuminotecnico.</p><p>Scegliere la Ideal Lux Cima Pt2 significa puntare su una lampada da terra per interni dal carattere riconoscibile, progettata per completare lo spazio con una luce piacevole, efficiente e coerente con lo stile dell’ambiente.</p>","Ideal Lux Cima Pt2: lampada da terra per interni IP43, design moderno per soggiorno, studio e zona living. Scopri varianti e finiture."
IL-CONFIG-016,"<p>La Ideal Lux Clio Mpt1 è una lampada da terra per esterni dal design curato, ideale per illuminare giardini, terrazze, vialetti, ingressi e aree outdoor con una luce elegante e funzionale. Integra dimensioni Ø13.5cm × H60cm, struttura in alluminio e metallo, con 1 luce, attacco E27, potenza 42W, alimentazione 220-240 V AC, grado di protezione IP44, classe 1, peso netto 1,36 kg, caratteristiche che la rendono una soluzione pratica, resistente e facile da inserire in diversi progetti di illuminazione. Le configurazioni disponibili comprendono Antracite D 135 × H 600 mm, Bianco D 135 × H 600 mm, Coffee D 135 × H 600 mm, Grigio D 135 × H 600 mm e Nero D 135 × H 600 mm. In questo modo è possibile scegliere tra finiture Antracite, Bianco, Coffee, Grigio e Nero in base al progetto illuminotecnico.</p>","<p>La Ideal Lux Clio Mpt1 è una lampada da terra per esterni pensata per offrire un punto luce decorativo e funzionale, capace di valorizzare giardini, terrazze, vialetti, ingressi e aree outdoor. Il design della collezione Clio Mpt1 unisce linee curate e finiture versatili, rendendola adatta a progetti di illuminazione moderni, residenziali e contract.</p><p>Il grado di protezione IP44 la rende adatta agli spazi esterni e agli ambienti esposti, mantenendo una buona affidabilità nell’uso quotidiano. Dal punto di vista tecnico, questa lampada presenta dimensioni Ø13.5cm × H60cm, struttura in alluminio e metallo, con 1 luce, attacco E27, potenza 42W, alimentazione 220-240 V AC, grado di protezione IP44, classe 1, peso netto 1,36 kg, dati che aiutano a scegliere il modello più adatto in base a dimensioni, prestazioni e contesto di installazione.</p><p>Le configurazioni disponibili comprendono Antracite D 135 × H 600 mm, Bianco D 135 × H 600 mm, Coffee D 135 × H 600 mm, Grigio D 135 × H 600 mm e Nero D 135 × H 600 mm. In questo modo è possibile scegliere tra finiture Antracite, Bianco, Coffee, Grigio e Nero in base al progetto illuminotecnico.</p><p>Scegliere la Ideal Lux Clio Mpt1 significa puntare su una lampada da terra per esterni dal carattere riconoscibile, progettata per completare lo spazio con una luce piacevole, efficiente e coerente con lo stile dell’ambiente.</p>","Lampada da terra Ideal Lux Clio Mpt1 per esterni: IP44 42W ideale per giardino, terrazzo e vialetti, con design moderno e funzionale."
IL-CONFIG-017,"<p>La Ideal Lux Clio Mpt2 è una lampada da terra per esterni dal design curato, ideale per illuminare giardini, terrazze, vialetti, ingressi e aree outdoor con una luce elegante e funzionale. Integra dimensioni L57.5cm × H197cm × P20cm, struttura in alluminio e metallo, con 2 luci, attacco E27, potenza 2 x 42W, alimentazione 220-240 V AC, grado di protezione IP44, classe 1, peso netto 7,25 kg, caratteristiche che la rendono una soluzione pratica, resistente e facile da inserire in diversi progetti di illuminazione. Le configurazioni disponibili comprendono Antracite L 575 × H 1970 × P 200 mm, Bianco L 575 × H 1970 × P 200 mm, Coffee L 575 × H 1970 × P 200 mm, Grigio L 575 × H 1970 × P 200 mm e Nero L 575 × H 1970 × P 200 mm. In questo modo è possibile scegliere tra finiture Antracite, Bianco, Coffee, Grigio e Nero in base al progetto illuminotecnico.</p>","<p>La Ideal Lux Clio Mpt2 è una lampada da terra per esterni pensata per offrire un punto luce decorativo e funzionale, capace di valorizzare giardini, terrazze, vialetti, ingressi e aree outdoor. Il design della collezione Clio Mpt2 unisce linee curate e finiture versatili, rendendola adatta a progetti di illuminazione moderni, residenziali e contract.</p><p>Il grado di protezione IP44 la rende adatta agli spazi esterni e agli ambienti esposti, mantenendo una buona affidabilità nell’uso quotidiano. Dal punto di vista tecnico, questa lampada presenta dimensioni L57.5cm × H197cm × P20cm, struttura in alluminio e metallo, con 2 luci, attacco E27, potenza 2 x 42W, alimentazione 220-240 V AC, grado di protezione IP44, classe 1, peso netto 7,25 kg, dati che aiutano a scegliere il modello più adatto in base a dimensioni, prestazioni e contesto di installazione.</p><p>Le configurazioni disponibili comprendono Antracite L 575 × H 1970 × P 200 mm, Bianco L 575 × H 1970 × P 200 mm, Coffee L 575 × H 1970 × P 200 mm, Grigio L 575 × H 1970 × P 200 mm e Nero L 575 × H 1970 × P 200 mm. In questo modo è possibile scegliere tra finiture Antracite, Bianco, Coffee, Grigio e Nero in base al progetto illuminotecnico.</p><p>Scegliere la Ideal Lux Clio Mpt2 significa puntare su una lampada da terra per esterni dal carattere riconoscibile, progettata per completare lo spazio con una luce piacevole, efficiente e coerente con lo stile dell’ambiente.</p>","Lampada da terra Ideal Lux Clio Mpt2 per esterni: IP44 2 x 42W ideale per giardino, terrazzo e vialetti, con design moderno e funzionale."
IL-CONFIG-018,"<p>La Ideal Lux Comet Pt è una lampada da terra per interni dal design curato, ideale per illuminare soggiorni, camere, studi, zone living e ambienti contract con una luce elegante e funzionale. Integra dimensioni L40cm × H210cm × P200cm, struttura in metallo, con 1 luce, attacco LED, potenza 30W, alimentazione 220-240 V AC, grado di protezione IP20, classe 2, lampadina inclusa, dimmerabile, peso netto 3,8 kg, caratteristiche che la rendono una soluzione pratica, resistente e facile da inserire in diversi progetti di illuminazione. Le configurazioni disponibili comprendono Bianco L 400 × H 2100 × P 2000 mm e Nero L 400 × H 2100 × P 2000 mm. In questo modo è possibile scegliere tra finiture Bianco e Nero in base al progetto illuminotecnico.</p>","<p>La Ideal Lux Comet Pt è una lampada da terra per interni pensata per offrire un punto luce decorativo e funzionale, capace di valorizzare soggiorni, camere, studi, zone living e ambienti contract. Il design della collezione Comet Pt unisce linee curate e finiture versatili, rendendola adatta a progetti di illuminazione moderni, residenziali e contract.</p><p>Il grado di protezione IP20 è coerente con l’uso in ambienti interni, dove comfort visivo e resa estetica sono elementi centrali. Dal punto di vista tecnico, questa lampada presenta dimensioni L40cm × H210cm × P200cm, struttura in metallo, con 1 luce, attacco LED, potenza 30W, alimentazione 220-240 V AC, grado di protezione IP20, classe 2, lampadina inclusa, dimmerabile, peso netto 3,8 kg, dati che aiutano a scegliere il modello più adatto in base a dimensioni, prestazioni e contesto di installazione.</p><p>Le configurazioni disponibili comprendono Bianco L 400 × H 2100 × P 2000 mm e Nero L 400 × H 2100 × P 2000 mm. In questo modo è possibile scegliere tra finiture Bianco e Nero in base al progetto illuminotecnico.</p><p>Scegliere la Ideal Lux Comet Pt significa puntare su una lampada da terra per interni dal carattere riconoscibile, progettata per completare lo spazio con una luce piacevole, efficiente e coerente con lo stile dell’ambiente.</p>","Lampada da terra Ideal Lux Comet Pt per interni in Bianco e Nero: IP20 30W ideale per soggiorno, studio e zona living, con design moderno e funzionale."
IL-CONFIG-019,"<p>La Ideal Lux Comfort-1 Pt è una lampada da terra per interni dal design curato, ideale per illuminare soggiorni, camere, studi, zone living e ambienti contract con una luce elegante e funzionale. Integra dimensioni L34cm × H195cm × P72cm, struttura in metallo e vetro, con 1 luce, attacco LED, potenza 76W, alimentazione 220-240 V AC, grado di protezione IP20, classe 1, lampadina inclusa, dimmerabile, peso netto 12,7 kg, caratteristiche che la rendono una soluzione pratica, resistente e facile da inserire in diversi progetti di illuminazione. Le configurazioni disponibili comprendono Bianco L 340 × H 1950 × P 720 mm 3000K, Bianco L 340 × H 1950 × P 720 mm 4000K, Nero L 340 × H 1950 × P 720 mm 3000K e Nero L 340 × H 1950 × P 720 mm 4000K. In questo modo è possibile scegliere tra finiture Bianco e Nero in base al progetto illuminotecnico.</p>","<p>La Ideal Lux Comfort-1 Pt è una lampada da terra per interni pensata per offrire un punto luce decorativo e funzionale, capace di valorizzare soggiorni, camere, studi, zone living e ambienti contract. Il design della collezione Comfort-1 Pt unisce linee curate e finiture versatili, rendendola adatta a progetti di illuminazione moderni, residenziali e contract.</p><p>Il grado di protezione IP20 è coerente con l’uso in ambienti interni, dove comfort visivo e resa estetica sono elementi centrali. Dal punto di vista tecnico, questa lampada presenta dimensioni L34cm × H195cm × P72cm, struttura in metallo e vetro, con 1 luce, attacco LED, potenza 76W, alimentazione 220-240 V AC, grado di protezione IP20, classe 1, lampadina inclusa, dimmerabile, peso netto 12,7 kg, dati che aiutano a scegliere il modello più adatto in base a dimensioni, prestazioni e contesto di installazione.</p><p>Le configurazioni disponibili comprendono Bianco L 340 × H 1950 × P 720 mm 3000K, Bianco L 340 × H 1950 × P 720 mm 4000K, Nero L 340 × H 1950 × P 720 mm 3000K e Nero L 340 × H 1950 × P 720 mm 4000K. In questo modo è possibile scegliere tra finiture Bianco e Nero in base al progetto illuminotecnico.</p><p>Scegliere la Ideal Lux Comfort-1 Pt significa puntare su una lampada da terra per interni dal carattere riconoscibile, progettata per completare lo spazio con una luce piacevole, efficiente e coerente con lo stile dell’ambiente.</p>","Lampada da terra Ideal Lux Comfort-1 Pt per interni in Bianco e Nero: IP20 76W ideale per soggiorno, studio e zona living, con design moderno e funzionale."
IL-CONFIG-020,"<p>La Ideal Lux Comfort-2 Pt è una lampada da terra per interni dal design curato, ideale per illuminare soggiorni, camere, studi, zone living e ambienti contract con una luce elegante e funzionale. Integra dimensioni L33cm × H197cm × P120cm, struttura in alluminio, metallo e ps, con 1 luce, attacco LED, potenza 76W, alimentazione 220-240 V AC, grado di protezione IP20, classe 1, lampadina inclusa, dimmerabile, peso netto 19,5 kg, caratteristiche che la rendono una soluzione pratica, resistente e facile da inserire in diversi progetti di illuminazione. Le configurazioni disponibili comprendono Bianco L 330 × H 1970 × P 1200 mm 5700K e Nero L 330 × H 1970 × P 1200 mm 5700K. In questo modo è possibile scegliere tra finiture Bianco e Nero in base al progetto illuminotecnico.</p>","<p>La Ideal Lux Comfort-2 Pt è una lampada da terra per interni pensata per offrire un punto luce decorativo e funzionale, capace di valorizzare soggiorni, camere, studi, zone living e ambienti contract. Il design della collezione Comfort-2 Pt unisce linee curate e finiture versatili, rendendola adatta a progetti di illuminazione moderni, residenziali e contract.</p><p>Il grado di protezione IP20 è coerente con l’uso in ambienti interni, dove comfort visivo e resa estetica sono elementi centrali. Dal punto di vista tecnico, questa lampada presenta dimensioni L33cm × H197cm × P120cm, struttura in alluminio, metallo e ps, con 1 luce, attacco LED, potenza 76W, alimentazione 220-240 V AC, grado di protezione IP20, classe 1, lampadina inclusa, dimmerabile, peso netto 19,5 kg, dati che aiutano a scegliere il modello più adatto in base a dimensioni, prestazioni e contesto di installazione.</p><p>Le configurazioni disponibili comprendono Bianco L 330 × H 1970 × P 1200 mm 5700K e Nero L 330 × H 1970 × P 1200 mm 5700K. In questo modo è possibile scegliere tra finiture Bianco e Nero in base al progetto illuminotecnico.</p><p>Scegliere la Ideal Lux Comfort-2 Pt significa puntare su una lampada da terra per interni dal carattere riconoscibile, progettata per completare lo spazio con una luce piacevole, efficiente e coerente con lo stile dell’ambiente.</p>","Lampada da terra Ideal Lux Comfort-2 Pt per interni in Bianco e Nero: IP20 76W ideale per soggiorno, studio e zona living, con design moderno e funzionale."
IL-CONFIG-021,"<p>La Ideal Lux Cosmo Pt1 è una lampada da terra per esterni dal design curato, ideale per illuminare giardini, terrazze, vialetti, ingressi e aree outdoor con una luce elegante e funzionale. Integra dimensioni L17.5cm × H80cm × P17.5cm, struttura in ps e resina, con 1 luce, attacco GX53, potenza 10W, alimentazione 220-240 V AC, grado di protezione IP55, classe 2, lampadina inclusa, peso netto 2,15 kg, caratteristiche che la rendono una soluzione pratica, resistente e facile da inserire in diversi progetti di illuminazione. Le configurazioni disponibili comprendono Bianco L 175 × H 800 × P 175 mm, Grigio L 175 × H 800 × P 175 mm e Nero L 175 × H 800 × P 175 mm. In questo modo è possibile scegliere tra finiture Bianco, Grigio e Nero in base al progetto illuminotecnico.</p>","<p>La Ideal Lux Cosmo Pt1 è una lampada da terra per esterni pensata per offrire un punto luce decorativo e funzionale, capace di valorizzare giardini, terrazze, vialetti, ingressi e aree outdoor. Il design della collezione Cosmo Pt1 unisce linee curate e finiture versatili, rendendola adatta a progetti di illuminazione moderni, residenziali e contract.</p><p>Il grado di protezione IP55 la rende adatta agli spazi esterni e agli ambienti esposti, mantenendo una buona affidabilità nell’uso quotidiano. Dal punto di vista tecnico, questa lampada presenta dimensioni L17.5cm × H80cm × P17.5cm, struttura in ps e resina, con 1 luce, attacco GX53, potenza 10W, alimentazione 220-240 V AC, grado di protezione IP55, classe 2, lampadina inclusa, peso netto 2,15 kg, dati che aiutano a scegliere il modello più adatto in base a dimensioni, prestazioni e contesto di installazione.</p><p>Le configurazioni disponibili comprendono Bianco L 175 × H 800 × P 175 mm, Grigio L 175 × H 800 × P 175 mm e Nero L 175 × H 800 × P 175 mm. In questo modo è possibile scegliere tra finiture Bianco, Grigio e Nero in base al progetto illuminotecnico.</p><p>Scegliere la Ideal Lux Cosmo Pt1 significa puntare su una lampada da terra per esterni dal carattere riconoscibile, progettata per completare lo spazio con una luce piacevole, efficiente e coerente con lo stile dell’ambiente.</p>","Lampada da terra Ideal Lux Cosmo Pt1 per esterni in Bianco, Grigio e Nero: IP55 10W ideale per giardino, terrazzo e vialetti, con design moderno e funzionale."
IL-CONFIG-022,"<p>La Ideal Lux Craft Pt è una lampada da terra per interni dal design curato, ideale per illuminare soggiorni, camere, studi, zone living e ambienti contract con una luce elegante e funzionale. Integra dimensioni L15cm × H161cm × P22cm, struttura in legno, metallo e vetro, con 1 luce, attacco LED, potenza 26W, alimentazione 220-240 V AC, grado di protezione IP20, classe 2, lampadina inclusa, dimmerabile, peso netto 3,5 kg, caratteristiche che la rendono una soluzione pratica, resistente e facile da inserire in diversi progetti di illuminazione. La configurazione disponibile è Legno, pensata per integrarsi con finiture e materiali coordinati all’ambiente.</p>","<p>La Ideal Lux Craft Pt è una lampada da terra per interni pensata per offrire un punto luce decorativo e funzionale, capace di valorizzare soggiorni, camere, studi, zone living e ambienti contract. Il design della collezione Craft Pt unisce linee curate e finiture versatili, rendendola adatta a progetti di illuminazione moderni, residenziali e contract.</p><p>Il grado di protezione IP20 è coerente con l’uso in ambienti interni, dove comfort visivo e resa estetica sono elementi centrali. Dal punto di vista tecnico, questa lampada presenta dimensioni L15cm × H161cm × P22cm, struttura in legno, metallo e vetro, con 1 luce, attacco LED, potenza 26W, alimentazione 220-240 V AC, grado di protezione IP20, classe 2, lampadina inclusa, dimmerabile, peso netto 3,5 kg, dati che aiutano a scegliere il modello più adatto in base a dimensioni, prestazioni e contesto di installazione.</p><p>La configurazione disponibile è Legno, pensata per integrarsi con finiture e materiali coordinati all’ambiente.</p><p>Scegliere la Ideal Lux Craft Pt significa puntare su una lampada da terra per interni dal carattere riconoscibile, progettata per completare lo spazio con una luce piacevole, efficiente e coerente con lo stile dell’ambiente.</p>","Lampada da terra Ideal Lux Craft Pt per interni: IP20 26W ideale per soggiorno, studio e zona living, con design moderno e funzionale."
IL-CONFIG-023,"<p>La Ideal Lux Cylinder Pt2 è una lampada da terra per interni dal design curato, ideale per illuminare soggiorni, camere, studi, zone living e ambienti contract con una luce elegante e funzionale. Integra dimensioni Ø40cm × H175cm, struttura in metallo e vetro, con 2 luci, attacco E27, potenza 2 x 60W, alimentazione 220-240 V AC, grado di protezione IP20, classe 2, peso netto 10,01 kg, caratteristiche che la rendono una soluzione pratica, resistente e facile da inserire in diversi progetti di illuminazione. La configurazione disponibile è Bianco, pensata per integrarsi con finiture e materiali coordinati all’ambiente.</p>","<p>La Ideal Lux Cylinder Pt2 è una lampada da terra per interni pensata per offrire un punto luce decorativo e funzionale, capace di valorizzare soggiorni, camere, studi, zone living e ambienti contract. Il design della collezione Cylinder Pt2 unisce linee curate e finiture versatili, rendendola adatta a progetti di illuminazione moderni, residenziali e contract.</p><p>Il grado di protezione IP20 è coerente con l’uso in ambienti interni, dove comfort visivo e resa estetica sono elementi centrali. Dal punto di vista tecnico, questa lampada presenta dimensioni Ø40cm × H175cm, struttura in metallo e vetro, con 2 luci, attacco E27, potenza 2 x 60W, alimentazione 220-240 V AC, grado di protezione IP20, classe 2, peso netto 10,01 kg, dati che aiutano a scegliere il modello più adatto in base a dimensioni, prestazioni e contesto di installazione.</p><p>La configurazione disponibile è Bianco, pensata per integrarsi con finiture e materiali coordinati all’ambiente.</p><p>Scegliere la Ideal Lux Cylinder Pt2 significa puntare su una lampada da terra per interni dal carattere riconoscibile, progettata per completare lo spazio con una luce piacevole, efficiente e coerente con lo stile dell’ambiente.</p>","Lampada da terra Ideal Lux Cylinder Pt2 per interni in Bianco: IP20 2 x 60W ideale per soggiorno, studio e zona living, con design moderno e funzionale."
IL-CONFIG-024,"<p>La Ideal Lux Daddy Pt1 è una lampada da terra per interni dal design curato, ideale per illuminare soggiorni, camere, studi, zone living e ambienti contract con una luce elegante e funzionale. Integra dimensioni L118cm × H197cm × P40cm, struttura in metallo e tessuto, con 1 luce, attacco E27, potenza 60W, alimentazione 220-240 V AC, grado di protezione IP20, classe 2, peso netto 7,25 kg, caratteristiche che la rendono una soluzione pratica, resistente e facile da inserire in diversi progetti di illuminazione. Le configurazioni disponibili comprendono Bianco L 1180 × H 1970 × P 400 mm e Nero L 1180 × H 1970 × P 400 mm. In questo modo è possibile scegliere tra finiture Bianco e Nero in base al progetto illuminotecnico.</p>","<p>La Ideal Lux Daddy Pt1 è una lampada da terra per interni pensata per offrire un punto luce decorativo e funzionale, capace di valorizzare soggiorni, camere, studi, zone living e ambienti contract. Il design della collezione Daddy Pt1 unisce linee curate e finiture versatili, rendendola adatta a progetti di illuminazione moderni, residenziali e contract.</p><p>Il grado di protezione IP20 è coerente con l’uso in ambienti interni, dove comfort visivo e resa estetica sono elementi centrali. Dal punto di vista tecnico, questa lampada presenta dimensioni L118cm × H197cm × P40cm, struttura in metallo e tessuto, con 1 luce, attacco E27, potenza 60W, alimentazione 220-240 V AC, grado di protezione IP20, classe 2, peso netto 7,25 kg, dati che aiutano a scegliere il modello più adatto in base a dimensioni, prestazioni e contesto di installazione.</p><p>Le configurazioni disponibili comprendono Bianco L 1180 × H 1970 × P 400 mm e Nero L 1180 × H 1970 × P 400 mm. In questo modo è possibile scegliere tra finiture Bianco e Nero in base al progetto illuminotecnico.</p><p>Scegliere la Ideal Lux Daddy Pt1 significa puntare su una lampada da terra per interni dal carattere riconoscibile, progettata per completare lo spazio con una luce piacevole, efficiente e coerente con lo stile dell’ambiente.</p>","Lampada da terra Ideal Lux Daddy Pt1 per interni in Bianco e Nero: IP20 60W ideale per soggiorno, studio e zona living, con design moderno e funzionale."
IL-CONFIG-025,"<p>La Ideal Lux Dafne Pt1 è una lampada da terra per esterni dal design curato, ideale per illuminare giardini, terrazze, vialetti, ingressi e aree outdoor con una luce elegante e funzionale. Integra dimensioni Ø22cm × H110cm, struttura in ps e resina, con 1 luce, attacco E27, potenza 23W, alimentazione 220-240 V AC, grado di protezione IP55, classe 2, lampadina inclusa, peso netto 2,5 kg, caratteristiche che la rendono una soluzione pratica, resistente e facile da inserire in diversi progetti di illuminazione. Le configurazioni disponibili comprendono Bianco D 220 × H 1100 mm e Nero D 220 × H 1100 mm. In questo modo è possibile scegliere tra finiture Bianco e Nero in base al progetto illuminotecnico.</p>","<p>La Ideal Lux Dafne Pt1 è una lampada da terra per esterni pensata per offrire un punto luce decorativo e funzionale, capace di valorizzare giardini, terrazze, vialetti, ingressi e aree outdoor. Il design della collezione Dafne Pt1 unisce linee curate e finiture versatili, rendendola adatta a progetti di illuminazione moderni, residenziali e contract.</p><p>Il grado di protezione IP55 la rende adatta agli spazi esterni e agli ambienti esposti, mantenendo una buona affidabilità nell’uso quotidiano. Dal punto di vista tecnico, questa lampada presenta dimensioni Ø22cm × H110cm, struttura in ps e resina, con 1 luce, attacco E27, potenza 23W, alimentazione 220-240 V AC, grado di protezione IP55, classe 2, lampadina inclusa, peso netto 2,5 kg, dati che aiutano a scegliere il modello più adatto in base a dimensioni, prestazioni e contesto di installazione.</p><p>Le configurazioni disponibili comprendono Bianco D 220 × H 1100 mm e Nero D 220 × H 1100 mm. In questo modo è possibile scegliere tra finiture Bianco e Nero in base al progetto illuminotecnico.</p><p>Scegliere la Ideal Lux Dafne Pt1 significa puntare su una lampada da terra per esterni dal carattere riconoscibile, progettata per completare lo spazio con una luce piacevole, efficiente e coerente con lo stile dell’ambiente.</p>","Lampada da terra Ideal Lux Dafne Pt1 per esterni in Bianco e Nero: IP55 23W ideale per giardino, terrazzo e vialetti, con design moderno e funzionale."
IL-CONFIG-026,"<p>La Ideal Lux Diesis Pt è una lampada da terra per interni dal design curato, ideale per illuminare soggiorni, camere, studi, zone living e ambienti contract con una luce elegante e funzionale. Integra dimensioni L28cm × H151cm × P45cm, struttura in metallo, con 1 luce, attacco LED, potenza 5W, alimentazione 220-240 V AC, grado di protezione IP20, classe 2, lampadina inclusa, peso netto 3,5 kg, caratteristiche che la rendono una soluzione pratica, resistente e facile da inserire in diversi progetti di illuminazione. Le configurazioni disponibili comprendono Nero L 280 × H 1510 × P 450 mm, Nickel L 280 × H 1510 × P 450 mm e Ottone L 280 × H 1510 × P 450 mm. In questo modo è possibile scegliere tra finiture Nero, Nickel e Ottone in base al progetto illuminotecnico.</p>","<p>La Ideal Lux Diesis Pt è una lampada da terra per interni pensata per offrire un punto luce decorativo e funzionale, capace di valorizzare soggiorni, camere, studi, zone living e ambienti contract. Il design della collezione Diesis Pt unisce linee curate e finiture versatili, rendendola adatta a progetti di illuminazione moderni, residenziali e contract.</p><p>Il grado di protezione IP20 è coerente con l’uso in ambienti interni, dove comfort visivo e resa estetica sono elementi centrali. Dal punto di vista tecnico, questa lampada presenta dimensioni L28cm × H151cm × P45cm, struttura in metallo, con 1 luce, attacco LED, potenza 5W, alimentazione 220-240 V AC, grado di protezione IP20, classe 2, lampadina inclusa, peso netto 3,5 kg, dati che aiutano a scegliere il modello più adatto in base a dimensioni, prestazioni e contesto di installazione.</p><p>Le configurazioni disponibili comprendono Nero L 280 × H 1510 × P 450 mm, Nickel L 280 × H 1510 × P 450 mm e Ottone L 280 × H 1510 × P 450 mm. In questo modo è possibile scegliere tra finiture Nero, Nickel e Ottone in base al progetto illuminotecnico.</p><p>Scegliere la Ideal Lux Diesis Pt significa puntare su una lampada da terra per interni dal carattere riconoscibile, progettata per completare lo spazio con una luce piacevole, efficiente e coerente con lo stile dell’ambiente.</p>","Lampada da terra Ideal Lux Diesis Pt per interni in Nero e Ottone: IP20 5W ideale per soggiorno, studio e zona living, con design moderno e funzionale."
IL-CONFIG-027,"<p>La Ideal Lux Dodo Pt1 è una lampada da terra per interni dal design curato, ideale per illuminare soggiorni, camere, studi, zone living e ambienti contract con una luce elegante e funzionale. Integra dimensioni L20cm × H118cm × P20cm, struttura in alluminio e metallo, con 1 luce, attacco GX53, potenza 9W, alimentazione 220-240 V AC, grado di protezione IP20, classe 2, lampadina inclusa, dimmerabile, peso netto 2,2 kg, caratteristiche che la rendono una soluzione pratica, resistente e facile da inserire in diversi progetti di illuminazione. Le configurazioni disponibili comprendono Bianco L 200 × H 1180 × P 200 mm, Nero L 200 × H 1180 × P 200 mm e Ottone L 200 × H 1180 × P 200 mm. In questo modo è possibile scegliere tra finiture Bianco, Nero e Ottone in base al progetto illuminotecnico.</p>","<p>La Ideal Lux Dodo Pt1 è una lampada da terra per interni pensata per offrire un punto luce decorativo e funzionale, capace di valorizzare soggiorni, camere, studi, zone living e ambienti contract. Il design della collezione Dodo Pt1 unisce linee curate e finiture versatili, rendendola adatta a progetti di illuminazione moderni, residenziali e contract.</p><p>Il grado di protezione IP20 è coerente con l’uso in ambienti interni, dove comfort visivo e resa estetica sono elementi centrali. Dal punto di vista tecnico, questa lampada presenta dimensioni L20cm × H118cm × P20cm, struttura in alluminio e metallo, con 1 luce, attacco GX53, potenza 9W, alimentazione 220-240 V AC, grado di protezione IP20, classe 2, lampadina inclusa, dimmerabile, peso netto 2,2 kg, dati che aiutano a scegliere il modello più adatto in base a dimensioni, prestazioni e contesto di installazione.</p><p>Le configurazioni disponibili comprendono Bianco L 200 × H 1180 × P 200 mm, Nero L 200 × H 1180 × P 200 mm e Ottone L 200 × H 1180 × P 200 mm. In questo modo è possibile scegliere tra finiture Bianco, Nero e Ottone in base al progetto illuminotecnico.</p><p>Scegliere la Ideal Lux Dodo Pt1 significa puntare su una lampada da terra per interni dal carattere riconoscibile, progettata per completare lo spazio con una luce piacevole, efficiente e coerente con lo stile dell’ambiente.</p>","Lampada da terra Ideal Lux Dodo Pt1 per interni in Bianco, Nero e Ottone: IP20 9W ideale per soggiorno, studio e zona living, con design moderno e funzionale."
IL-CONFIG-028,"<p>La Ideal Lux Dorica Pt1 è una lampada da terra per interni dal design curato, ideale per illuminare soggiorni, camere, studi, zone living e ambienti contract con una luce elegante e funzionale. Integra dimensioni Ø25cm × H190cm, struttura in alluminio e metallo, con 1 luce, attacco LED, potenza 50W, alimentazione 220-240 V AC, grado di protezione IP20, classe 2, lampadina inclusa, dimmerabile, peso netto 5 kg, caratteristiche che la rendono una soluzione pratica, resistente e facile da inserire in diversi progetti di illuminazione. Le configurazioni disponibili comprendono Acciaio D 250 × H 1900 mm, Arancione D 250 × H 1900 mm, Bianco D 250 × H 1900 mm, Blu D 250 × H 1900 mm, Bronzo D 250 × H 1900 mm, Grigio D 250 × H 1900 mm, Nero D 250 × H 1900 mm, Ottone D 250 × H 1900 mm e Rame D 250 × H 1900 mm. In questo modo è possibile scegliere tra finiture Acciaio, Arancione, Bianco, Blu, Bronzo, Grigio, Nero, Ottone e Rame in base al progetto illuminotecnico.</p>","<p>La Ideal Lux Dorica Pt1 è una lampada da terra per interni pensata per offrire un punto luce decorativo e funzionale, capace di valorizzare soggiorni, camere, studi, zone living e ambienti contract. Il design della collezione Dorica Pt1 unisce linee curate e finiture versatili, rendendola adatta a progetti di illuminazione moderni, residenziali e contract.</p><p>Il grado di protezione IP20 è coerente con l’uso in ambienti interni, dove comfort visivo e resa estetica sono elementi centrali. Dal punto di vista tecnico, questa lampada presenta dimensioni Ø25cm × H190cm, struttura in alluminio e metallo, con 1 luce, attacco LED, potenza 50W, alimentazione 220-240 V AC, grado di protezione IP20, classe 2, lampadina inclusa, dimmerabile, peso netto 5 kg, dati che aiutano a scegliere il modello più adatto in base a dimensioni, prestazioni e contesto di installazione.</p><p>Le configurazioni disponibili comprendono Acciaio D 250 × H 1900 mm, Arancione D 250 × H 1900 mm, Bianco D 250 × H 1900 mm, Blu D 250 × H 1900 mm, Bronzo D 250 × H 1900 mm, Grigio D 250 × H 1900 mm, Nero D 250 × H 1900 mm, Ottone D 250 × H 1900 mm e Rame D 250 × H 1900 mm. In questo modo è possibile scegliere tra finiture Acciaio, Arancione, Bianco, Blu, Bronzo, Grigio, Nero, Ottone e Rame in base al progetto illuminotecnico.</p><p>Scegliere la Ideal Lux Dorica Pt1 significa puntare su una lampada da terra per interni dal carattere riconoscibile, progettata per completare lo spazio con una luce piacevole, efficiente e coerente con lo stile dell’ambiente.</p>","Ideal Lux Dorica Pt1: lampada da terra per interni IP20, design moderno per soggiorno, studio e zona living. Scopri varianti e finiture."
IL-CONFIG-029,"<p>La Ideal Lux Dorica Pt3 è una lampada da terra per interni dal design curato, ideale per illuminare soggiorni, camere, studi, zone living e ambienti contract con una luce elegante e funzionale. Integra dimensioni Ø30cm × H190cm, struttura in alluminio e metallo, con 3 luci, attacco LED, potenza 66W, alimentazione 220-240 V AC, grado di protezione IP20, classe 2, lampadina inclusa, dimmerabile, peso netto 9,3 kg, caratteristiche che la rendono una soluzione pratica, resistente e facile da inserire in diversi progetti di illuminazione. Le configurazioni disponibili comprendono Bianco D 300 × H 1900 mm, Nero D 300 × H 1900 mm e Ottone D 300 × H 1900 mm. In questo modo è possibile scegliere tra finiture Bianco, Nero e Ottone in base al progetto illuminotecnico.</p>","<p>La Ideal Lux Dorica Pt3 è una lampada da terra per interni pensata per offrire un punto luce decorativo e funzionale, capace di valorizzare soggiorni, camere, studi, zone living e ambienti contract. Il design della collezione Dorica Pt3 unisce linee curate e finiture versatili, rendendola adatta a progetti di illuminazione moderni, residenziali e contract.</p><p>Il grado di protezione IP20 è coerente con l’uso in ambienti interni, dove comfort visivo e resa estetica sono elementi centrali. Dal punto di vista tecnico, questa lampada presenta dimensioni Ø30cm × H190cm, struttura in alluminio e metallo, con 3 luci, attacco LED, potenza 66W, alimentazione 220-240 V AC, grado di protezione IP20, classe 2, lampadina inclusa, dimmerabile, peso netto 9,3 kg, dati che aiutano a scegliere il modello più adatto in base a dimensioni, prestazioni e contesto di installazione.</p><p>Le configurazioni disponibili comprendono Bianco D 300 × H 1900 mm, Nero D 300 × H 1900 mm e Ottone D 300 × H 1900 mm. In questo modo è possibile scegliere tra finiture Bianco, Nero e Ottone in base al progetto illuminotecnico.</p><p>Scegliere la Ideal Lux Dorica Pt3 significa puntare su una lampada da terra per interni dal carattere riconoscibile, progettata per completare lo spazio con una luce piacevole, efficiente e coerente con lo stile dell’ambiente.</p>","Ideal Lux Dorica Pt3: lampada da terra per interni IP20, design moderno per soggiorno, studio e zona living. Scopri varianti e finiture."
IL-CONFIG-030,"<p>La Ideal Lux Doris Pt1 è una lampada da terra per esterni dal design curato, ideale per illuminare giardini, terrazze, vialetti, ingressi e aree outdoor con una luce elegante e funzionale. Integra dimensioni Ø30cm × H30cm - Ø48cm × H48.5cm - Ø58cm × H59cm - Ø78cm × H78cm, struttura in ps, con 1 luce, attacco E27, potenza 60W, alimentazione 220-240 V AC, grado di protezione IP44, classe 2, peso netto 1,21 kg, caratteristiche che la rendono una soluzione pratica, resistente e facile da inserire in diversi progetti di illuminazione. Le configurazioni disponibili comprendono Bianco D 300 × H 300 mm, Bianco D 480 × H 485 mm, Bianco D 580 × H 590 mm e Bianco D 780 × H 780 mm.</p>","<p>La Ideal Lux Doris Pt1 è una lampada da terra per esterni pensata per offrire un punto luce decorativo e funzionale, capace di valorizzare giardini, terrazze, vialetti, ingressi e aree outdoor. Il design della collezione Doris Pt1 unisce linee curate e finiture versatili, rendendola adatta a progetti di illuminazione moderni, residenziali e contract.</p><p>Il grado di protezione IP44 la rende adatta agli spazi esterni e agli ambienti esposti, mantenendo una buona affidabilità nell’uso quotidiano. Dal punto di vista tecnico, questa lampada presenta dimensioni Ø30cm × H30cm - Ø48cm × H48.5cm - Ø58cm × H59cm - Ø78cm × H78cm, struttura in ps, con 1 luce, attacco E27, potenza 60W, alimentazione 220-240 V AC, grado di protezione IP44, classe 2, peso netto 1,21 kg, dati che aiutano a scegliere il modello più adatto in base a dimensioni, prestazioni e contesto di installazione.</p><p>Le configurazioni disponibili comprendono Bianco D 300 × H 300 mm, Bianco D 480 × H 485 mm, Bianco D 580 × H 590 mm e Bianco D 780 × H 780 mm.</p><p>Scegliere la Ideal Lux Doris Pt1 significa puntare su una lampada da terra per esterni dal carattere riconoscibile, progettata per completare lo spazio con una luce piacevole, efficiente e coerente con lo stile dell’ambiente.</p>","Lampada da terra Ideal Lux Doris Pt1 per esterni in Bianco: IP44 60W ideale per giardino, terrazzo e vialetti, con design moderno e funzionale."
IL-CONFIG-031,"<p>La Ideal Lux Dorsale Mpt1 è una lampada da terra per interni dal design curato, ideale per illuminare soggiorni, camere, studi, zone living e ambienti contract con una luce elegante e funzionale. Integra dimensioni L50cm × H228cm × P234cm, struttura in metallo, con 1 luce, attacco E27, potenza 60W, alimentazione 220-240 V AC, grado di protezione IP20, classe 2, peso netto 12 kg, caratteristiche che la rendono una soluzione pratica, resistente e facile da inserire in diversi progetti di illuminazione. Le configurazioni disponibili comprendono Bianco L 500 × H 2280 × P 2340 mm, Cromo L 500 × H 2280 × P 2340 mm e Nero L 500 × H 2280 × P 2340 mm. In questo modo è possibile scegliere tra finiture Bianco, Cromo e Nero in base al progetto illuminotecnico.</p>","<p>La Ideal Lux Dorsale Mpt1 è una lampada da terra per interni pensata per offrire un punto luce decorativo e funzionale, capace di valorizzare soggiorni, camere, studi, zone living e ambienti contract. Il design della collezione Dorsale Mpt1 unisce linee curate e finiture versatili, rendendola adatta a progetti di illuminazione moderni, residenziali e contract.</p><p>Il grado di protezione IP20 è coerente con l’uso in ambienti interni, dove comfort visivo e resa estetica sono elementi centrali. Dal punto di vista tecnico, questa lampada presenta dimensioni L50cm × H228cm × P234cm, struttura in metallo, con 1 luce, attacco E27, potenza 60W, alimentazione 220-240 V AC, grado di protezione IP20, classe 2, peso netto 12 kg, dati che aiutano a scegliere il modello più adatto in base a dimensioni, prestazioni e contesto di installazione.</p><p>Le configurazioni disponibili comprendono Bianco L 500 × H 2280 × P 2340 mm, Cromo L 500 × H 2280 × P 2340 mm e Nero L 500 × H 2280 × P 2340 mm. In questo modo è possibile scegliere tra finiture Bianco, Cromo e Nero in base al progetto illuminotecnico.</p><p>Scegliere la Ideal Lux Dorsale Mpt1 significa puntare su una lampada da terra per interni dal carattere riconoscibile, progettata per completare lo spazio con una luce piacevole, efficiente e coerente con lo stile dell’ambiente.</p>","Ideal Lux Dorsale Mpt1: lampada da terra per interni IP20, design moderno per soggiorno, studio e zona living. Scopri varianti e finiture."
IL-CONFIG-032,"<p>La Ideal Lux Driftwood Pt1 è una lampada da terra per interni dal design curato, ideale per illuminare soggiorni, camere, studi, zone living e ambienti contract con una luce elegante e funzionale. Integra dimensioni Ø55cm × H157.5cm, struttura in legno e tessuto, con 1 luce, attacco E27, potenza 60W, alimentazione 220-240 V AC, grado di protezione IP20, classe 2, peso netto 5,83 kg, caratteristiche che la rendono una soluzione pratica, resistente e facile da inserire in diversi progetti di illuminazione. La configurazione disponibile è Legno, pensata per integrarsi con finiture e materiali coordinati all’ambiente.</p>","<p>La Ideal Lux Driftwood Pt1 è una lampada da terra per interni pensata per offrire un punto luce decorativo e funzionale, capace di valorizzare soggiorni, camere, studi, zone living e ambienti contract. Il design della collezione Driftwood Pt1 unisce linee curate e finiture versatili, rendendola adatta a progetti di illuminazione moderni, residenziali e contract.</p><p>Il grado di protezione IP20 è coerente con l’uso in ambienti interni, dove comfort visivo e resa estetica sono elementi centrali. Dal punto di vista tecnico, questa lampada presenta dimensioni Ø55cm × H157.5cm, struttura in legno e tessuto, con 1 luce, attacco E27, potenza 60W, alimentazione 220-240 V AC, grado di protezione IP20, classe 2, peso netto 5,83 kg, dati che aiutano a scegliere il modello più adatto in base a dimensioni, prestazioni e contesto di installazione.</p><p>La configurazione disponibile è Legno, pensata per integrarsi con finiture e materiali coordinati all’ambiente.</p><p>Scegliere la Ideal Lux Driftwood Pt1 significa puntare su una lampada da terra per interni dal carattere riconoscibile, progettata per completare lo spazio con una luce piacevole, efficiente e coerente con lo stile dell’ambiente.</p>","Lampada da terra Ideal Lux Driftwood Pt1 per interni: IP20 60W ideale per soggiorno, studio e zona living, con design moderno e funzionale."
IL-CONFIG-033,"<p>La Ideal Lux Driftwood Pt3 è una lampada da terra per interni dal design curato, ideale per illuminare soggiorni, camere, studi, zone living e ambienti contract con una luce elegante e funzionale. Integra dimensioni L28cm × H156cm × P28cm, struttura in legno, con 3 luci, attacco E27, potenza 3 x 60W, alimentazione 220-240 V AC, grado di protezione IP20, classe 2, peso netto 24 kg, caratteristiche che la rendono una soluzione pratica, resistente e facile da inserire in diversi progetti di illuminazione. La configurazione disponibile è Legno, pensata per integrarsi con finiture e materiali coordinati all’ambiente.</p>","<p>La Ideal Lux Driftwood Pt3 è una lampada da terra per interni pensata per offrire un punto luce decorativo e funzionale, capace di valorizzare soggiorni, camere, studi, zone living e ambienti contract. Il design della collezione Driftwood Pt3 unisce linee curate e finiture versatili, rendendola adatta a progetti di illuminazione moderni, residenziali e contract.</p><p>Il grado di protezione IP20 è coerente con l’uso in ambienti interni, dove comfort visivo e resa estetica sono elementi centrali. Dal punto di vista tecnico, questa lampada presenta dimensioni L28cm × H156cm × P28cm, struttura in legno, con 3 luci, attacco E27, potenza 3 x 60W, alimentazione 220-240 V AC, grado di protezione IP20, classe 2, peso netto 24 kg, dati che aiutano a scegliere il modello più adatto in base a dimensioni, prestazioni e contesto di installazione.</p><p>La configurazione disponibile è Legno, pensata per integrarsi con finiture e materiali coordinati all’ambiente.</p><p>Scegliere la Ideal Lux Driftwood Pt3 significa puntare su una lampada da terra per interni dal carattere riconoscibile, progettata per completare lo spazio con una luce piacevole, efficiente e coerente con lo stile dell’ambiente.</p>","Lampada da terra Ideal Lux Driftwood Pt3 per interni: IP20 3 x 60W ideale per soggiorno, studio e zona living, con design moderno e funzionale."
IL-CONFIG-034,"<p>La Ideal Lux Easy Pt è una lampada da terra per interni dal design curato, ideale per illuminare soggiorni, camere, studi, zone living e ambienti contract con una luce elegante e funzionale. Integra dimensioni L22cm × H128cm × P49cm, struttura in metallo, con 1 luce, attacco LED, potenza 5W, alimentazione 220-240 V AC, grado di protezione IP20, classe 2, lampadina inclusa, peso netto 3 kg, caratteristiche che la rendono una soluzione pratica, resistente e facile da inserire in diversi progetti di illuminazione. Le configurazioni disponibili comprendono Bianco L 220 × H 1280 × P 490 mm, Nero L 220 × H 1280 × P 490 mm e Ottone L 220 × H 1280 × P 490 mm. In questo modo è possibile scegliere tra finiture Bianco, Nero e Ottone in base al progetto illuminotecnico.</p>","<p>La Ideal Lux Easy Pt è una lampada da terra per interni pensata per offrire un punto luce decorativo e funzionale, capace di valorizzare soggiorni, camere, studi, zone living e ambienti contract. Il design della collezione Easy Pt unisce linee curate e finiture versatili, rendendola adatta a progetti di illuminazione moderni, residenziali e contract.</p><p>Il grado di protezione IP20 è coerente con l’uso in ambienti interni, dove comfort visivo e resa estetica sono elementi centrali. Dal punto di vista tecnico, questa lampada presenta dimensioni L22cm × H128cm × P49cm, struttura in metallo, con 1 luce, attacco LED, potenza 5W, alimentazione 220-240 V AC, grado di protezione IP20, classe 2, lampadina inclusa, peso netto 3 kg, dati che aiutano a scegliere il modello più adatto in base a dimensioni, prestazioni e contesto di installazione.</p><p>Le configurazioni disponibili comprendono Bianco L 220 × H 1280 × P 490 mm, Nero L 220 × H 1280 × P 490 mm e Ottone L 220 × H 1280 × P 490 mm. In questo modo è possibile scegliere tra finiture Bianco, Nero e Ottone in base al progetto illuminotecnico.</p><p>Scegliere la Ideal Lux Easy Pt significa puntare su una lampada da terra per interni dal carattere riconoscibile, progettata per completare lo spazio con una luce piacevole, efficiente e coerente con lo stile dell’ambiente.</p>","Lampada da terra Ideal Lux Easy Pt per interni in Bianco, Nero e Ottone: IP20 5W ideale per soggiorno, studio e zona living, con design moderno e funzionale."
IL-CONFIG-035,"<p>La Ideal Lux Edo Pt1 Round è una lampada da terra per esterni dal design curato, ideale per illuminare giardini, terrazze, vialetti, ingressi e aree outdoor con una luce elegante e funzionale. Integra dimensioni Ø15.5cm × H80cm, struttura in alluminio, metallo e ps, con 1 luce, attacco GX53, potenza 15W, alimentazione 220-240 V AC, grado di protezione IP65, classe 1, peso netto 1,6 kg, caratteristiche che la rendono una soluzione pratica, resistente e facile da inserire in diversi progetti di illuminazione. Le configurazioni disponibili comprendono Antracite H 80 cm, Bianco H 80 cm e Coffee H 80 cm. In questo modo è possibile scegliere tra finiture Antracite, Bianco e Coffee in base al progetto illuminotecnico.</p>","<p>La Ideal Lux Edo Pt1 Round è una lampada da terra per esterni pensata per offrire un punto luce decorativo e funzionale, capace di valorizzare giardini, terrazze, vialetti, ingressi e aree outdoor. Il design della collezione Edo Pt1 Round unisce linee curate e finiture versatili, rendendola adatta a progetti di illuminazione moderni, residenziali e contract.</p><p>Il grado di protezione IP65 la rende adatta agli spazi esterni e agli ambienti esposti, mantenendo una buona affidabilità nell’uso quotidiano. Dal punto di vista tecnico, questa lampada presenta dimensioni Ø15.5cm × H80cm, struttura in alluminio, metallo e ps, con 1 luce, attacco GX53, potenza 15W, alimentazione 220-240 V AC, grado di protezione IP65, classe 1, peso netto 1,6 kg, dati che aiutano a scegliere il modello più adatto in base a dimensioni, prestazioni e contesto di installazione.</p><p>Le configurazioni disponibili comprendono Antracite H 80 cm, Bianco H 80 cm e Coffee H 80 cm. In questo modo è possibile scegliere tra finiture Antracite, Bianco e Coffee in base al progetto illuminotecnico.</p><p>Scegliere la Ideal Lux Edo Pt1 Round significa puntare su una lampada da terra per esterni dal carattere riconoscibile, progettata per completare lo spazio con una luce piacevole, efficiente e coerente con lo stile dell’ambiente.</p>","Ideal Lux Edo Pt1 Round: lampada da terra per esterni IP65, design moderno per giardino, terrazzo e vialetti. Scopri varianti e finiture."
IL-CONFIG-036,"<p>La Ideal Lux Edo Pt1 Square è una lampada da terra per esterni dal design curato, ideale per illuminare giardini, terrazze, vialetti, ingressi e aree outdoor con una luce elegante e funzionale. Integra dimensioni L15cm × H79cm × P15cm, struttura in alluminio, metallo e ps, con 1 luce, attacco GX53, potenza 15W, alimentazione 220-240 V AC, grado di protezione IP65, classe 1, peso netto 2,67 kg, caratteristiche che la rendono una soluzione pratica, resistente e facile da inserire in diversi progetti di illuminazione. Le configurazioni disponibili comprendono Antracite H 79 cm, Bianco H 79 cm e Coffee H 79 cm. In questo modo è possibile scegliere tra finiture Antracite, Bianco e Coffee in base al progetto illuminotecnico.</p>","<p>La Ideal Lux Edo Pt1 Square è una lampada da terra per esterni pensata per offrire un punto luce decorativo e funzionale, capace di valorizzare giardini, terrazze, vialetti, ingressi e aree outdoor. Il design della collezione Edo Pt1 Square unisce linee curate e finiture versatili, rendendola adatta a progetti di illuminazione moderni, residenziali e contract.</p><p>Il grado di protezione IP65 la rende adatta agli spazi esterni e agli ambienti esposti, mantenendo una buona affidabilità nell’uso quotidiano. Dal punto di vista tecnico, questa lampada presenta dimensioni L15cm × H79cm × P15cm, struttura in alluminio, metallo e ps, con 1 luce, attacco GX53, potenza 15W, alimentazione 220-240 V AC, grado di protezione IP65, classe 1, peso netto 2,67 kg, dati che aiutano a scegliere il modello più adatto in base a dimensioni, prestazioni e contesto di installazione.</p><p>Le configurazioni disponibili comprendono Antracite H 79 cm, Bianco H 79 cm e Coffee H 79 cm. In questo modo è possibile scegliere tra finiture Antracite, Bianco e Coffee in base al progetto illuminotecnico.</p><p>Scegliere la Ideal Lux Edo Pt1 Square significa puntare su una lampada da terra per esterni dal carattere riconoscibile, progettata per completare lo spazio con una luce piacevole, efficiente e coerente con lo stile dell’ambiente.</p>","Ideal Lux Edo Pt1 Square: lampada da terra per esterni IP65, design moderno per giardino, terrazzo e vialetti. Scopri varianti e finiture."
IL-CONFIG-037,"<p>La Ideal Lux Ego Pt è una lampada da terra per interni dal design curato, ideale per illuminare soggiorni, camere, studi, zone living e ambienti contract con una luce elegante e funzionale. Integra dimensioni L24cm × H201cm × P30cm, struttura in alluminio e metallo, con 0 luci, potenza nan, alimentazione 220-240 V AC, grado di protezione IP20, classe 1, dimmerabile, peso netto 10,6 kg, caratteristiche che la rendono una soluzione pratica, resistente e facile da inserire in diversi progetti di illuminazione. La configurazione disponibile è Nero, pensata per integrarsi con finiture e materiali coordinati all’ambiente.</p>","<p>La Ideal Lux Ego Pt è una lampada da terra per interni pensata per offrire un punto luce decorativo e funzionale, capace di valorizzare soggiorni, camere, studi, zone living e ambienti contract. Il design della collezione Ego Pt unisce linee curate e finiture versatili, rendendola adatta a progetti di illuminazione moderni, residenziali e contract.</p><p>Il grado di protezione IP20 è coerente con l’uso in ambienti interni, dove comfort visivo e resa estetica sono elementi centrali. Dal punto di vista tecnico, questa lampada presenta dimensioni L24cm × H201cm × P30cm, struttura in alluminio e metallo, con 0 luci, potenza nan, alimentazione 220-240 V AC, grado di protezione IP20, classe 1, dimmerabile, peso netto 10,6 kg, dati che aiutano a scegliere il modello più adatto in base a dimensioni, prestazioni e contesto di installazione.</p><p>La configurazione disponibile è Nero, pensata per integrarsi con finiture e materiali coordinati all’ambiente.</p><p>Scegliere la Ideal Lux Ego Pt significa puntare su una lampada da terra per interni dal carattere riconoscibile, progettata per completare lo spazio con una luce piacevole, efficiente e coerente con lo stile dell’ambiente.</p>","Lampada da terra Ideal Lux Ego Pt per interni in Nero: IP20 nan ideale per soggiorno, studio e zona living, con design moderno e funzionale."
IL-CONFIG-038,"<p>La Ideal Lux Equinoxe Pt4 Ambra Sfumato è una lampada da terra per interni dal design curato, ideale per illuminare soggiorni, camere, studi, zone living e ambienti contract con una luce elegante e funzionale. Integra dimensioni Ø56cm × H166cm, struttura in metallo e vetro, con 4 luci, attacco G4, potenza 4 x 2W, alimentazione 220-240 V AC, grado di protezione IP20, classe 2, peso netto 6,5 kg, caratteristiche che la rendono una soluzione pratica, resistente e facile da inserire in diversi progetti di illuminazione. La configurazione disponibile è Ambra Sfumato, pensata per integrarsi con finiture e materiali coordinati all’ambiente.</p>","<p>La Ideal Lux Equinoxe Pt4 Ambra Sfumato è una lampada da terra per interni pensata per offrire un punto luce decorativo e funzionale, capace di valorizzare soggiorni, camere, studi, zone living e ambienti contract. Il design della collezione Equinoxe Pt4 Ambra Sfumato unisce linee curate e finiture versatili, rendendola adatta a progetti di illuminazione moderni, residenziali e contract.</p><p>Il grado di protezione IP20 è coerente con l’uso in ambienti interni, dove comfort visivo e resa estetica sono elementi centrali. Dal punto di vista tecnico, questa lampada presenta dimensioni Ø56cm × H166cm, struttura in metallo e vetro, con 4 luci, attacco G4, potenza 4 x 2W, alimentazione 220-240 V AC, grado di protezione IP20, classe 2, peso netto 6,5 kg, dati che aiutano a scegliere il modello più adatto in base a dimensioni, prestazioni e contesto di installazione.</p><p>La configurazione disponibile è Ambra Sfumato, pensata per integrarsi con finiture e materiali coordinati all’ambiente.</p><p>Scegliere la Ideal Lux Equinoxe Pt4 Ambra Sfumato significa puntare su una lampada da terra per interni dal carattere riconoscibile, progettata per completare lo spazio con una luce piacevole, efficiente e coerente con lo stile dell’ambiente.</p>","Lampada da terra Ideal Lux Equinoxe Pt4 Ambra Sfumato per interni: IP20 4 x 2W ideale per soggiorno, studio e zona living, con design moderno e funzionale."
IL-CONFIG-039,"<p>La Ideal Lux Equinoxe Pt4 Fume&#x27; Sfumato è una lampada da terra per interni dal design curato, ideale per illuminare soggiorni, camere, studi, zone living e ambienti contract con una luce elegante e funzionale. Integra dimensioni Ø56cm × H166cm, struttura in metallo e vetro, con 4 luci, attacco G4, potenza 4 x 2W, alimentazione 220-240 V AC, grado di protezione IP20, classe 2, peso netto 6,5 kg, caratteristiche che la rendono una soluzione pratica, resistente e facile da inserire in diversi progetti di illuminazione. La configurazione disponibile è Fume&#x27; Sfumato, pensata per integrarsi con finiture e materiali coordinati all’ambiente.</p>","<p>La Ideal Lux Equinoxe Pt4 Fume&#x27; Sfumato è una lampada da terra per interni pensata per offrire un punto luce decorativo e funzionale, capace di valorizzare soggiorni, camere, studi, zone living e ambienti contract. Il design della collezione Equinoxe Pt4 unisce linee curate e finiture versatili, rendendola adatta a progetti di illuminazione moderni, residenziali e contract.</p><p>Il grado di protezione IP20 è coerente con l’uso in ambienti interni, dove comfort visivo e resa estetica sono elementi centrali. Dal punto di vista tecnico, questa lampada presenta dimensioni Ø56cm × H166cm, struttura in metallo e vetro, con 4 luci, attacco G4, potenza 4 x 2W, alimentazione 220-240 V AC, grado di protezione IP20, classe 2, peso netto 6,5 kg, dati che aiutano a scegliere il modello più adatto in base a dimensioni, prestazioni e contesto di installazione.</p><p>La configurazione disponibile è Fume&#x27; Sfumato, pensata per integrarsi con finiture e materiali coordinati all’ambiente.</p><p>Scegliere la Ideal Lux Equinoxe Pt4 Fume&#x27; Sfumato significa puntare su una lampada da terra per interni dal carattere riconoscibile, progettata per completare lo spazio con una luce piacevole, efficiente e coerente con lo stile dell’ambiente.</p>","Lampada da terra Ideal Lux Equinoxe Pt4 Fume' Sfumato per interni: IP20 4 x 2W ideale per soggiorno, studio e zona living, con design moderno e funzionale."
IL-CONFIG-040,"<p>La Ideal Lux Equinoxe Pt4 è una lampada da terra per interni dal design curato, ideale per illuminare soggiorni, camere, studi, zone living e ambienti contract con una luce elegante e funzionale. Integra dimensioni Ø56cm × H166cm, struttura in metallo e vetro, con 4 luci, attacco G4, potenza 4 x 2W, alimentazione 220-240 V AC, grado di protezione IP20, classe 2, lampadina inclusa, peso netto 6,5 kg, caratteristiche che la rendono una soluzione pratica, resistente e facile da inserire in diversi progetti di illuminazione. Le configurazioni disponibili comprendono Cromo D 560 × H 1660 mm e Ottone D 560 × H 1660 mm. In questo modo è possibile scegliere tra finiture Cromo e Ottone in base al progetto illuminotecnico.</p>","<p>La Ideal Lux Equinoxe Pt4 è una lampada da terra per interni pensata per offrire un punto luce decorativo e funzionale, capace di valorizzare soggiorni, camere, studi, zone living e ambienti contract. Il design della collezione Equinoxe Pt4 unisce linee curate e finiture versatili, rendendola adatta a progetti di illuminazione moderni, residenziali e contract.</p><p>Il grado di protezione IP20 è coerente con l’uso in ambienti interni, dove comfort visivo e resa estetica sono elementi centrali. Dal punto di vista tecnico, questa lampada presenta dimensioni Ø56cm × H166cm, struttura in metallo e vetro, con 4 luci, attacco G4, potenza 4 x 2W, alimentazione 220-240 V AC, grado di protezione IP20, classe 2, lampadina inclusa, peso netto 6,5 kg, dati che aiutano a scegliere il modello più adatto in base a dimensioni, prestazioni e contesto di installazione.</p><p>Le configurazioni disponibili comprendono Cromo D 560 × H 1660 mm e Ottone D 560 × H 1660 mm. In questo modo è possibile scegliere tra finiture Cromo e Ottone in base al progetto illuminotecnico.</p><p>Scegliere la Ideal Lux Equinoxe Pt4 significa puntare su una lampada da terra per interni dal carattere riconoscibile, progettata per completare lo spazio con una luce piacevole, efficiente e coerente con lo stile dell’ambiente.</p>","Lampada da terra Ideal Lux Equinoxe Pt4 per interni in Cromo e Ottone: IP20 4 x 2W ideale per soggiorno, studio e zona living, con design moderno e funzionale."
IL-CONFIG-041,"<p>La Ideal Lux Essence Pt Round è una lampada da terra per interni dal design curato, ideale per illuminare soggiorni, camere, studi, zone living e ambienti contract con una luce elegante e funzionale. Integra dimensioni L9cm × H160.5cm × P10cm, struttura in metallo e vetro, con 1 luce, attacco LED, potenza 24W, alimentazione 220-240 V AC, grado di protezione IP20, classe 2, lampadina inclusa, dimmerabile, peso netto 1,6 kg, caratteristiche che la rendono una soluzione pratica, resistente e facile da inserire in diversi progetti di illuminazione. Le configurazioni disponibili comprendono Bianco L 90 × H 1605 × P 100 mm e Nero L 90 × H 1605 × P 100 mm. In questo modo è possibile scegliere tra finiture Bianco e Nero in base al progetto illuminotecnico.</p>","<p>La Ideal Lux Essence Pt Round è una lampada da terra per interni pensata per offrire un punto luce decorativo e funzionale, capace di valorizzare soggiorni, camere, studi, zone living e ambienti contract. Il design della collezione Essence Pt Round unisce linee curate e finiture versatili, rendendola adatta a progetti di illuminazione moderni, residenziali e contract.</p><p>Il grado di protezione IP20 è coerente con l’uso in ambienti interni, dove comfort visivo e resa estetica sono elementi centrali. Dal punto di vista tecnico, questa lampada presenta dimensioni L9cm × H160.5cm × P10cm, struttura in metallo e vetro, con 1 luce, attacco LED, potenza 24W, alimentazione 220-240 V AC, grado di protezione IP20, classe 2, lampadina inclusa, dimmerabile, peso netto 1,6 kg, dati che aiutano a scegliere il modello più adatto in base a dimensioni, prestazioni e contesto di installazione.</p><p>Le configurazioni disponibili comprendono Bianco L 90 × H 1605 × P 100 mm e Nero L 90 × H 1605 × P 100 mm. In questo modo è possibile scegliere tra finiture Bianco e Nero in base al progetto illuminotecnico.</p><p>Scegliere la Ideal Lux Essence Pt Round significa puntare su una lampada da terra per interni dal carattere riconoscibile, progettata per completare lo spazio con una luce piacevole, efficiente e coerente con lo stile dell’ambiente.</p>","Lampada da terra Ideal Lux Essence Pt Round per interni in Bianco e Nero: IP20 24W ideale per soggiorno, studio e zona living, con design moderno e funzionale."
IL-CONFIG-042,"<p>La Ideal Lux Essence Pt Square è una lampada da terra per interni dal design curato, ideale per illuminare soggiorni, camere, studi, zone living e ambienti contract con una luce elegante e funzionale. Integra dimensioni L9cm × H160.5cm × P10cm, struttura in metallo e vetro, con 1 luce, attacco LED, potenza 24W, alimentazione 220-240 V AC, grado di protezione IP20, classe 2, lampadina inclusa, dimmerabile, peso netto 1,7 kg, caratteristiche che la rendono una soluzione pratica, resistente e facile da inserire in diversi progetti di illuminazione. Le configurazioni disponibili comprendono Bianco L 90 × H 1605 × P 100 mm e Nero L 90 × H 1605 × P 100 mm. In questo modo è possibile scegliere tra finiture Bianco e Nero in base al progetto illuminotecnico.</p>","<p>La Ideal Lux Essence Pt Square è una lampada da terra per interni pensata per offrire un punto luce decorativo e funzionale, capace di valorizzare soggiorni, camere, studi, zone living e ambienti contract. Il design della collezione Essence Pt Square unisce linee curate e finiture versatili, rendendola adatta a progetti di illuminazione moderni, residenziali e contract.</p><p>Il grado di protezione IP20 è coerente con l’uso in ambienti interni, dove comfort visivo e resa estetica sono elementi centrali. Dal punto di vista tecnico, questa lampada presenta dimensioni L9cm × H160.5cm × P10cm, struttura in metallo e vetro, con 1 luce, attacco LED, potenza 24W, alimentazione 220-240 V AC, grado di protezione IP20, classe 2, lampadina inclusa, dimmerabile, peso netto 1,7 kg, dati che aiutano a scegliere il modello più adatto in base a dimensioni, prestazioni e contesto di installazione.</p><p>Le configurazioni disponibili comprendono Bianco L 90 × H 1605 × P 100 mm e Nero L 90 × H 1605 × P 100 mm. In questo modo è possibile scegliere tra finiture Bianco e Nero in base al progetto illuminotecnico.</p><p>Scegliere la Ideal Lux Essence Pt Square significa puntare su una lampada da terra per interni dal carattere riconoscibile, progettata per completare lo spazio con una luce piacevole, efficiente e coerente con lo stile dell’ambiente.</p>","Lampada da terra Ideal Lux Essence Pt Square per interni in Bianco e Nero: IP20 24W ideale per soggiorno, studio e zona living, con design moderno e funzionale."
IL-CONFIG-043,"<p>La Ideal Lux Etere Pt è una lampada da terra per esterni dal design curato, ideale per illuminare giardini, terrazze, vialetti, ingressi e aree outdoor con una luce elegante e funzionale. Integra dimensioni Ø12cm × H60.5cm, struttura in alluminio, metallo e ps, con 1 luce, attacco LED, potenza 5W, alimentazione 220-240 V AC, grado di protezione IP44, classe 1, lampadina inclusa, peso netto 1,1 kg, caratteristiche che la rendono una soluzione pratica, resistente e facile da inserire in diversi progetti di illuminazione. Le configurazioni disponibili comprendono Antracite D 120 × H 605 mm 3000K, Antracite D 120 × H 605 mm 4000K, Coffee D 120 × H 605 mm 3000K, Coffee D 120 × H 605 mm 4000K, Nero D 120 × H 605 mm 3000K e Nero D 120 × H 605 mm 4000K. In questo modo è possibile scegliere tra finiture Antracite, Coffee e Nero in base al progetto illuminotecnico.</p>","<p>La Ideal Lux Etere Pt è una lampada da terra per esterni pensata per offrire un punto luce decorativo e funzionale, capace di valorizzare giardini, terrazze, vialetti, ingressi e aree outdoor. Il design della collezione Etere Pt unisce linee curate e finiture versatili, rendendola adatta a progetti di illuminazione moderni, residenziali e contract.</p><p>Il grado di protezione IP44 la rende adatta agli spazi esterni e agli ambienti esposti, mantenendo una buona affidabilità nell’uso quotidiano. Dal punto di vista tecnico, questa lampada presenta dimensioni Ø12cm × H60.5cm, struttura in alluminio, metallo e ps, con 1 luce, attacco LED, potenza 5W, alimentazione 220-240 V AC, grado di protezione IP44, classe 1, lampadina inclusa, peso netto 1,1 kg, dati che aiutano a scegliere il modello più adatto in base a dimensioni, prestazioni e contesto di installazione.</p><p>Le configurazioni disponibili comprendono Antracite D 120 × H 605 mm 3000K, Antracite D 120 × H 605 mm 4000K, Coffee D 120 × H 605 mm 3000K, Coffee D 120 × H 605 mm 4000K, Nero D 120 × H 605 mm 3000K e Nero D 120 × H 605 mm 4000K. In questo modo è possibile scegliere tra finiture Antracite, Coffee e Nero in base al progetto illuminotecnico.</p><p>Scegliere la Ideal Lux Etere Pt significa puntare su una lampada da terra per esterni dal carattere riconoscibile, progettata per completare lo spazio con una luce piacevole, efficiente e coerente con lo stile dell’ambiente.</p>","Lampada da terra Ideal Lux Etere Pt per esterni in Antracite, Coffee e Nero: IP44 5W ideale per giardino, terrazzo e vialetti, con design moderno e funzionale."
IL-CONFIG-044,"<p>La Ideal Lux Eva Pt1 è una lampada da terra per interni dal design curato, ideale per illuminare soggiorni, camere, studi, zone living e ambienti contract con una luce elegante e funzionale. Integra dimensioni Ø13cm × H180.5cm, struttura in marmo e metallo, con 1 luce, attacco E27, potenza 60W, alimentazione 220-240 V AC, grado di protezione IP20, classe 2, peso netto 8,5 kg, caratteristiche che la rendono una soluzione pratica, resistente e facile da inserire in diversi progetti di illuminazione. La configurazione disponibile è Nero, pensata per integrarsi con finiture e materiali coordinati all’ambiente.</p>","<p>La Ideal Lux Eva Pt1 è una lampada da terra per interni pensata per offrire un punto luce decorativo e funzionale, capace di valorizzare soggiorni, camere, studi, zone living e ambienti contract. Il design della collezione Eva Pt1 unisce linee curate e finiture versatili, rendendola adatta a progetti di illuminazione moderni, residenziali e contract.</p><p>Il grado di protezione IP20 è coerente con l’uso in ambienti interni, dove comfort visivo e resa estetica sono elementi centrali. Dal punto di vista tecnico, questa lampada presenta dimensioni Ø13cm × H180.5cm, struttura in marmo e metallo, con 1 luce, attacco E27, potenza 60W, alimentazione 220-240 V AC, grado di protezione IP20, classe 2, peso netto 8,5 kg, dati che aiutano a scegliere il modello più adatto in base a dimensioni, prestazioni e contesto di installazione.</p><p>La configurazione disponibile è Nero, pensata per integrarsi con finiture e materiali coordinati all’ambiente.</p><p>Scegliere la Ideal Lux Eva Pt1 significa puntare su una lampada da terra per interni dal carattere riconoscibile, progettata per completare lo spazio con una luce piacevole, efficiente e coerente con lo stile dell’ambiente.</p>","Lampada da terra Ideal Lux Eva Pt1 per interni in Nero: IP20 60W ideale per soggiorno, studio e zona living, con design moderno e funzionale."
IL-CONFIG-045,"<p>La Ideal Lux Firenze Pt1 è una lampada da terra per interni dal design curato, ideale per illuminare soggiorni, camere, studi, zone living e ambienti contract con una luce elegante e funzionale. Integra dimensioni Ø42cm × H165cm, struttura in metallo, resina e tessuto, con 1 luce, attacco E27, potenza 60W, alimentazione 220-240 V AC, grado di protezione IP20, classe 2, peso netto 5,6 kg, caratteristiche che la rendono una soluzione pratica, resistente e facile da inserire in diversi progetti di illuminazione. Le configurazioni disponibili comprendono Bianco D 420 × H 1650 mm e Oro D 420 × H 1650 mm. In questo modo è possibile scegliere tra finiture Bianco e Oro in base al progetto illuminotecnico.</p>","<p>La Ideal Lux Firenze Pt1 è una lampada da terra per interni pensata per offrire un punto luce decorativo e funzionale, capace di valorizzare soggiorni, camere, studi, zone living e ambienti contract. Il design della collezione Firenze Pt1 unisce linee curate e finiture versatili, rendendola adatta a progetti di illuminazione moderni, residenziali e contract.</p><p>Il grado di protezione IP20 è coerente con l’uso in ambienti interni, dove comfort visivo e resa estetica sono elementi centrali. Dal punto di vista tecnico, questa lampada presenta dimensioni Ø42cm × H165cm, struttura in metallo, resina e tessuto, con 1 luce, attacco E27, potenza 60W, alimentazione 220-240 V AC, grado di protezione IP20, classe 2, peso netto 5,6 kg, dati che aiutano a scegliere il modello più adatto in base a dimensioni, prestazioni e contesto di installazione.</p><p>Le configurazioni disponibili comprendono Bianco D 420 × H 1650 mm e Oro D 420 × H 1650 mm. In questo modo è possibile scegliere tra finiture Bianco e Oro in base al progetto illuminotecnico.</p><p>Scegliere la Ideal Lux Firenze Pt1 significa puntare su una lampada da terra per interni dal carattere riconoscibile, progettata per completare lo spazio con una luce piacevole, efficiente e coerente con lo stile dell’ambiente.</p>","Lampada da terra Ideal Lux Firenze Pt1 per interni in Bianco e Oro: IP20 60W ideale per soggiorno, studio e zona living, con design moderno e funzionale."
IL-CONFIG-046,"<p>La Ideal Lux Frame Pt è una lampada da terra per interni dal design curato, ideale per illuminare soggiorni, camere, studi, zone living e ambienti contract con una luce elegante e funzionale. Integra dimensioni L30cm × H150.5cm × P30cm, struttura in metallo e ps, con 1 luce, attacco LED, potenza 30W, alimentazione 220-240 V AC, grado di protezione IP20, classe 2, lampadina inclusa, peso netto 10,3 kg, caratteristiche che la rendono una soluzione pratica, resistente e facile da inserire in diversi progetti di illuminazione. Le configurazioni disponibili comprendono Bianco L 300 × H 1505 × P 300 mm e Nero L 300 × H 1505 × P 300 mm. In questo modo è possibile scegliere tra finiture Bianco e Nero in base al progetto illuminotecnico.</p>","<p>La Ideal Lux Frame Pt è una lampada da terra per interni pensata per offrire un punto luce decorativo e funzionale, capace di valorizzare soggiorni, camere, studi, zone living e ambienti contract. Il design della collezione Frame Pt unisce linee curate e finiture versatili, rendendola adatta a progetti di illuminazione moderni, residenziali e contract.</p><p>Il grado di protezione IP20 è coerente con l’uso in ambienti interni, dove comfort visivo e resa estetica sono elementi centrali. Dal punto di vista tecnico, questa lampada presenta dimensioni L30cm × H150.5cm × P30cm, struttura in metallo e ps, con 1 luce, attacco LED, potenza 30W, alimentazione 220-240 V AC, grado di protezione IP20, classe 2, lampadina inclusa, peso netto 10,3 kg, dati che aiutano a scegliere il modello più adatto in base a dimensioni, prestazioni e contesto di installazione.</p><p>Le configurazioni disponibili comprendono Bianco L 300 × H 1505 × P 300 mm e Nero L 300 × H 1505 × P 300 mm. In questo modo è possibile scegliere tra finiture Bianco e Nero in base al progetto illuminotecnico.</p><p>Scegliere la Ideal Lux Frame Pt significa puntare su una lampada da terra per interni dal carattere riconoscibile, progettata per completare lo spazio con una luce piacevole, efficiente e coerente con lo stile dell’ambiente.</p>","Lampada da terra Ideal Lux Frame Pt per interni in Bianco e Nero: IP20 30W ideale per soggiorno, studio e zona living, con design moderno e funzionale."
IL-CONFIG-047,"<p>La Ideal Lux Futura Pt è una lampada da terra per interni dal design curato, ideale per illuminare soggiorni, camere, studi, zone living e ambienti contract con una luce elegante e funzionale. Integra dimensioni L67cm × H145cm × P25cm, struttura in alluminio, metallo e ps, con 1 luce, attacco LED, potenza 5W, alimentazione 100-240 V AC, grado di protezione IP20, classe 2, lampadina inclusa, dimmerabile, peso netto 4,44 kg, caratteristiche che la rendono una soluzione pratica, resistente e facile da inserire in diversi progetti di illuminazione. Le configurazioni disponibili comprendono Alluminio L 670 × H 1450 × P 250 mm, Bianco L 670 × H 1450 × P 250 mm e Nero L 670 × H 1450 × P 250 mm. In questo modo è possibile scegliere tra finiture Alluminio, Bianco e Nero in base al progetto illuminotecnico.</p>","<p>La Ideal Lux Futura Pt è una lampada da terra per interni pensata per offrire un punto luce decorativo e funzionale, capace di valorizzare soggiorni, camere, studi, zone living e ambienti contract. Il design della collezione Futura Pt unisce linee curate e finiture versatili, rendendola adatta a progetti di illuminazione moderni, residenziali e contract.</p><p>Il grado di protezione IP20 è coerente con l’uso in ambienti interni, dove comfort visivo e resa estetica sono elementi centrali. Dal punto di vista tecnico, questa lampada presenta dimensioni L67cm × H145cm × P25cm, struttura in alluminio, metallo e ps, con 1 luce, attacco LED, potenza 5W, alimentazione 100-240 V AC, grado di protezione IP20, classe 2, lampadina inclusa, dimmerabile, peso netto 4,44 kg, dati che aiutano a scegliere il modello più adatto in base a dimensioni, prestazioni e contesto di installazione.</p><p>Le configurazioni disponibili comprendono Alluminio L 670 × H 1450 × P 250 mm, Bianco L 670 × H 1450 × P 250 mm e Nero L 670 × H 1450 × P 250 mm. In questo modo è possibile scegliere tra finiture Alluminio, Bianco e Nero in base al progetto illuminotecnico.</p><p>Scegliere la Ideal Lux Futura Pt significa puntare su una lampada da terra per interni dal carattere riconoscibile, progettata per completare lo spazio con una luce piacevole, efficiente e coerente con lo stile dell’ambiente.</p>","Lampada da terra Ideal Lux Futura Pt per interni in Bianco e Nero: IP20 5W ideale per soggiorno, studio e zona living, con design moderno e funzionale."
IL-CONFIG-048,"<p>La Ideal Lux Gas Pt1 è una lampada da terra per interni dal design curato, ideale per illuminare soggiorni, camere, studi, zone living e ambienti contract con una luce elegante e funzionale. Integra dimensioni L11.5cm × H80cm × P20.5cm, struttura in alluminio e metallo, con 1 luce, attacco GU10, potenza 35W, alimentazione 220-240 V AC, grado di protezione IP43, classe 1, peso netto 1,79 kg, caratteristiche che la rendono una soluzione pratica, resistente e facile da inserire in diversi progetti di illuminazione. Le configurazioni disponibili comprendono Antracite L 115 × H 800 × P 205 mm, Coffee L 115 × H 800 × P 205 mm e Nero L 115 × H 800 × P 205 mm. In questo modo è possibile scegliere tra finiture Antracite, Coffee e Nero in base al progetto illuminotecnico.</p>","<p>La Ideal Lux Gas Pt1 è una lampada da terra per interni pensata per offrire un punto luce decorativo e funzionale, capace di valorizzare soggiorni, camere, studi, zone living e ambienti contract. Il design della collezione Gas Pt1 unisce linee curate e finiture versatili, rendendola adatta a progetti di illuminazione moderni, residenziali e contract.</p><p>Il grado di protezione IP43 è coerente con l’uso in ambienti interni, dove comfort visivo e resa estetica sono elementi centrali. Dal punto di vista tecnico, questa lampada presenta dimensioni L11.5cm × H80cm × P20.5cm, struttura in alluminio e metallo, con 1 luce, attacco GU10, potenza 35W, alimentazione 220-240 V AC, grado di protezione IP43, classe 1, peso netto 1,79 kg, dati che aiutano a scegliere il modello più adatto in base a dimensioni, prestazioni e contesto di installazione.</p><p>Le configurazioni disponibili comprendono Antracite L 115 × H 800 × P 205 mm, Coffee L 115 × H 800 × P 205 mm e Nero L 115 × H 800 × P 205 mm. In questo modo è possibile scegliere tra finiture Antracite, Coffee e Nero in base al progetto illuminotecnico.</p><p>Scegliere la Ideal Lux Gas Pt1 significa puntare su una lampada da terra per interni dal carattere riconoscibile, progettata per completare lo spazio con una luce piacevole, efficiente e coerente con lo stile dell’ambiente.</p>","Ideal Lux Gas Pt1: lampada da terra per interni IP43, design moderno per soggiorno, studio e zona living. Scopri varianti e finiture."
IL-CONFIG-049,"<p>La Ideal Lux Ginger Pt1 è una lampada da terra per interni dal design curato, ideale per illuminare soggiorni, camere, studi, zone living e ambienti contract con una luce elegante e funzionale. Integra dimensioni L15cm × H122cm × P22cm, struttura in metallo, con 1 luce, attacco GU10, potenza 28W, alimentazione 220-240 V AC, grado di protezione IP20, classe 2, lampadina inclusa, peso netto 2,65 kg, caratteristiche che la rendono una soluzione pratica, resistente e facile da inserire in diversi progetti di illuminazione. Le configurazioni disponibili comprendono Bianco L 150 × H 1220 × P 220 mm e Nero L 150 × H 1220 × P 220 mm. In questo modo è possibile scegliere tra finiture Bianco e Nero in base al progetto illuminotecnico.</p>","<p>La Ideal Lux Ginger Pt1 è una lampada da terra per interni pensata per offrire un punto luce decorativo e funzionale, capace di valorizzare soggiorni, camere, studi, zone living e ambienti contract. Il design della collezione Ginger Pt1 unisce linee curate e finiture versatili, rendendola adatta a progetti di illuminazione moderni, residenziali e contract.</p><p>Il grado di protezione IP20 è coerente con l’uso in ambienti interni, dove comfort visivo e resa estetica sono elementi centrali. Dal punto di vista tecnico, questa lampada presenta dimensioni L15cm × H122cm × P22cm, struttura in metallo, con 1 luce, attacco GU10, potenza 28W, alimentazione 220-240 V AC, grado di protezione IP20, classe 2, lampadina inclusa, peso netto 2,65 kg, dati che aiutano a scegliere il modello più adatto in base a dimensioni, prestazioni e contesto di installazione.</p><p>Le configurazioni disponibili comprendono Bianco L 150 × H 1220 × P 220 mm e Nero L 150 × H 1220 × P 220 mm. In questo modo è possibile scegliere tra finiture Bianco e Nero in base al progetto illuminotecnico.</p><p>Scegliere la Ideal Lux Ginger Pt1 significa puntare su una lampada da terra per interni dal carattere riconoscibile, progettata per completare lo spazio con una luce piacevole, efficiente e coerente con lo stile dell’ambiente.</p>","Lampada da terra Ideal Lux Ginger Pt1 per interni in Bianco e Nero: IP20 28W ideale per soggiorno, studio e zona living, con design moderno e funzionale."
IL-CONFIG-050,"<p>La Ideal Lux Ginger Pt2 è una lampada da terra per interni dal design curato, ideale per illuminare soggiorni, camere, studi, zone living e ambienti contract con una luce elegante e funzionale. Integra dimensioni L18cm × H211.5cm × P32cm, struttura in metallo, con 2 luci, attacco GU10, potenza 2 x 28W, alimentazione 220-240 V AC, grado di protezione IP20, classe 2, lampadina inclusa, peso netto 5,6 kg, caratteristiche che la rendono una soluzione pratica, resistente e facile da inserire in diversi progetti di illuminazione. Le configurazioni disponibili comprendono Bianco L 180 × H 2115 × P 320 mm e Nero L 180 × H 2115 × P 320 mm. In questo modo è possibile scegliere tra finiture Bianco e Nero in base al progetto illuminotecnico.</p>","<p>La Ideal Lux Ginger Pt2 è una lampada da terra per interni pensata per offrire un punto luce decorativo e funzionale, capace di valorizzare soggiorni, camere, studi, zone living e ambienti contract. Il design della collezione Ginger Pt2 unisce linee curate e finiture versatili, rendendola adatta a progetti di illuminazione moderni, residenziali e contract.</p><p>Il grado di protezione IP20 è coerente con l’uso in ambienti interni, dove comfort visivo e resa estetica sono elementi centrali. Dal punto di vista tecnico, questa lampada presenta dimensioni L18cm × H211.5cm × P32cm, struttura in metallo, con 2 luci, attacco GU10, potenza 2 x 28W, alimentazione 220-240 V AC, grado di protezione IP20, classe 2, lampadina inclusa, peso netto 5,6 kg, dati che aiutano a scegliere il modello più adatto in base a dimensioni, prestazioni e contesto di installazione.</p><p>Le configurazioni disponibili comprendono Bianco L 180 × H 2115 × P 320 mm e Nero L 180 × H 2115 × P 320 mm. In questo modo è possibile scegliere tra finiture Bianco e Nero in base al progetto illuminotecnico.</p><p>Scegliere la Ideal Lux Ginger Pt2 significa puntare su una lampada da terra per interni dal carattere riconoscibile, progettata per completare lo spazio con una luce piacevole, efficiente e coerente con lo stile dell’ambiente.</p>","Lampada da terra Ideal Lux Ginger Pt2 per interni in Bianco e Nero: IP20 2 x 28W ideale per soggiorno, studio e zona living, con design moderno e funzionale."
IL-CONFIG-051,"<p>La Ideal Lux Hub Pt è una lampada da terra per esterni dal design curato, ideale per illuminare giardini, terrazze, vialetti, ingressi e aree outdoor con una luce elegante e funzionale. Integra dimensioni L7cm × H74.5cm × P12cm - L7cm × H110cm × P12cm, struttura in alluminio e metallo, con 1 luce, attacco LED, potenza 5W, alimentazione 220-240 V AC, grado di protezione IP54, classe 1, lampadina inclusa, peso netto 0,72 kg, caratteristiche che la rendono una soluzione pratica, resistente e facile da inserire in diversi progetti di illuminazione. Le configurazioni disponibili comprendono Antracite L 70 × H 745 × P 120 mm e Antracite H 110 cm.</p>","<p>La Ideal Lux Hub Pt è una lampada da terra per esterni pensata per offrire un punto luce decorativo e funzionale, capace di valorizzare giardini, terrazze, vialetti, ingressi e aree outdoor. Il design della collezione Hub Pt unisce linee curate e finiture versatili, rendendola adatta a progetti di illuminazione moderni, residenziali e contract.</p><p>Il grado di protezione IP54 la rende adatta agli spazi esterni e agli ambienti esposti, mantenendo una buona affidabilità nell’uso quotidiano. Dal punto di vista tecnico, questa lampada presenta dimensioni L7cm × H74.5cm × P12cm - L7cm × H110cm × P12cm, struttura in alluminio e metallo, con 1 luce, attacco LED, potenza 5W, alimentazione 220-240 V AC, grado di protezione IP54, classe 1, lampadina inclusa, peso netto 0,72 kg, dati che aiutano a scegliere il modello più adatto in base a dimensioni, prestazioni e contesto di installazione.</p><p>Le configurazioni disponibili comprendono Antracite L 70 × H 745 × P 120 mm e Antracite H 110 cm.</p><p>Scegliere la Ideal Lux Hub Pt significa puntare su una lampada da terra per esterni dal carattere riconoscibile, progettata per completare lo spazio con una luce piacevole, efficiente e coerente con lo stile dell’ambiente.</p>","Lampada da terra Ideal Lux Hub Pt per esterni in Antracite: IP54 5W ideale per giardino, terrazzo e vialetti, con design moderno e funzionale."
IL-CONFIG-052,"<p>La Ideal Lux Ipotesi Pt Bianco è una lampada da terra per esterni dal design curato, ideale per illuminare giardini, terrazze, vialetti, ingressi e aree outdoor con una luce elegante e funzionale. Integra dimensioni L35cm × H73cm × P35cm, struttura in alluminio e metallo, con 1 luce, attacco LED, potenza 16W, alimentazione 220-240 V AC, grado di protezione IP44, classe 1, lampadina inclusa, peso netto 4,94 kg, caratteristiche che la rendono una soluzione pratica, resistente e facile da inserire in diversi progetti di illuminazione. La configurazione disponibile è Bianco, pensata per integrarsi con finiture e materiali coordinati all’ambiente.</p>","<p>La Ideal Lux Ipotesi Pt Bianco è una lampada da terra per esterni pensata per offrire un punto luce decorativo e funzionale, capace di valorizzare giardini, terrazze, vialetti, ingressi e aree outdoor. Il design della collezione Ipotesi Pt unisce linee curate e finiture versatili, rendendola adatta a progetti di illuminazione moderni, residenziali e contract.</p><p>Il grado di protezione IP44 la rende adatta agli spazi esterni e agli ambienti esposti, mantenendo una buona affidabilità nell’uso quotidiano. Dal punto di vista tecnico, questa lampada presenta dimensioni L35cm × H73cm × P35cm, struttura in alluminio e metallo, con 1 luce, attacco LED, potenza 16W, alimentazione 220-240 V AC, grado di protezione IP44, classe 1, lampadina inclusa, peso netto 4,94 kg, dati che aiutano a scegliere il modello più adatto in base a dimensioni, prestazioni e contesto di installazione.</p><p>La configurazione disponibile è Bianco, pensata per integrarsi con finiture e materiali coordinati all’ambiente.</p><p>Scegliere la Ideal Lux Ipotesi Pt Bianco significa puntare su una lampada da terra per esterni dal carattere riconoscibile, progettata per completare lo spazio con una luce piacevole, efficiente e coerente con lo stile dell’ambiente.</p>","Lampada da terra Ideal Lux Ipotesi Pt Bianco per esterni in Bianco: IP44 16W ideale per giardino, terrazzo e vialetti, con design moderno e funzionale."
IL-CONFIG-053,"<p>La Ideal Lux Ipotesi Pt è una lampada da terra per esterni dal design curato, ideale per illuminare giardini, terrazze, vialetti, ingressi e aree outdoor con una luce elegante e funzionale. Integra dimensioni L50cm × H50cm × P50cm - L35cm × H73cm × P35cm, struttura in alluminio e metallo, con 1 luce, attacco LED, potenza 16W, alimentazione 220-240 V AC, grado di protezione IP44, classe 2, lampadina inclusa, peso netto 4,94 kg, caratteristiche che la rendono una soluzione pratica, resistente e facile da inserire in diversi progetti di illuminazione. Le configurazioni disponibili comprendono Nero H 50 cm, Bianco H 50 cm e Bianco H 73 cm. In questo modo è possibile scegliere tra finiture Nero e Bianco in base al progetto illuminotecnico.</p>","<p>La Ideal Lux Ipotesi Pt è una lampada da terra per esterni pensata per offrire un punto luce decorativo e funzionale, capace di valorizzare giardini, terrazze, vialetti, ingressi e aree outdoor. Il design della collezione Ipotesi Pt unisce linee curate e finiture versatili, rendendola adatta a progetti di illuminazione moderni, residenziali e contract.</p><p>Il grado di protezione IP44 la rende adatta agli spazi esterni e agli ambienti esposti, mantenendo una buona affidabilità nell’uso quotidiano. Dal punto di vista tecnico, questa lampada presenta dimensioni L50cm × H50cm × P50cm - L35cm × H73cm × P35cm, struttura in alluminio e metallo, con 1 luce, attacco LED, potenza 16W, alimentazione 220-240 V AC, grado di protezione IP44, classe 2, lampadina inclusa, peso netto 4,94 kg, dati che aiutano a scegliere il modello più adatto in base a dimensioni, prestazioni e contesto di installazione.</p><p>Le configurazioni disponibili comprendono Nero H 50 cm, Bianco H 50 cm e Bianco H 73 cm. In questo modo è possibile scegliere tra finiture Nero e Bianco in base al progetto illuminotecnico.</p><p>Scegliere la Ideal Lux Ipotesi Pt significa puntare su una lampada da terra per esterni dal carattere riconoscibile, progettata per completare lo spazio con una luce piacevole, efficiente e coerente con lo stile dell’ambiente.</p>","Lampada da terra Ideal Lux Ipotesi Pt per esterni in Nero e Bianco: IP44 16W ideale per giardino, terrazzo e vialetti, con design moderno e funzionale."
IL-CONFIG-054,"<p>La Ideal Lux Itaca Pt1 è una lampada da terra per esterni dal design curato, ideale per illuminare giardini, terrazze, vialetti, ingressi e aree outdoor con una luce elegante e funzionale. Integra dimensioni Ø39cm × H169.5cm, struttura in metallo e ps, con 1 luce, attacco E27, potenza 60W, alimentazione 220-240 V AC, grado di protezione IP44, classe 2, peso netto 8,84 kg, caratteristiche che la rendono una soluzione pratica, resistente e facile da inserire in diversi progetti di illuminazione. La configurazione disponibile è Bianco, pensata per integrarsi con finiture e materiali coordinati all’ambiente.</p>","<p>La Ideal Lux Itaca Pt1 è una lampada da terra per esterni pensata per offrire un punto luce decorativo e funzionale, capace di valorizzare giardini, terrazze, vialetti, ingressi e aree outdoor. Il design della collezione Itaca Pt1 unisce linee curate e finiture versatili, rendendola adatta a progetti di illuminazione moderni, residenziali e contract.</p><p>Il grado di protezione IP44 la rende adatta agli spazi esterni e agli ambienti esposti, mantenendo una buona affidabilità nell’uso quotidiano. Dal punto di vista tecnico, questa lampada presenta dimensioni Ø39cm × H169.5cm, struttura in metallo e ps, con 1 luce, attacco E27, potenza 60W, alimentazione 220-240 V AC, grado di protezione IP44, classe 2, peso netto 8,84 kg, dati che aiutano a scegliere il modello più adatto in base a dimensioni, prestazioni e contesto di installazione.</p><p>La configurazione disponibile è Bianco, pensata per integrarsi con finiture e materiali coordinati all’ambiente.</p><p>Scegliere la Ideal Lux Itaca Pt1 significa puntare su una lampada da terra per esterni dal carattere riconoscibile, progettata per completare lo spazio con una luce piacevole, efficiente e coerente con lo stile dell’ambiente.</p>","Lampada da terra Ideal Lux Itaca Pt1 per esterni in Bianco: IP44 60W ideale per giardino, terrazzo e vialetti, con design moderno e funzionale."
IL-CONFIG-055,"<p>La Ideal Lux Jedi Pt è una lampada da terra per esterni dal design curato, ideale per illuminare giardini, terrazze, vialetti, ingressi e aree outdoor con una luce elegante e funzionale. Integra dimensioni L2.6cm × H40cm × P2.6cm - L2.5cm × H80.5cm × P2.5cm - L2.5cm × H120.5cm × P2.5cm - L2.5cm × H160.5cm × P2.5cm, struttura in metallo e vetro, con 1 luce, attacco LED, potenza 12W - 19W - 25W - 7W, alimentazione 220-240 V AC, grado di protezione IP65, classe 2, lampadina inclusa, peso netto 0,44 kg, caratteristiche che la rendono una soluzione pratica, resistente e facile da inserire in diversi progetti di illuminazione. Le configurazioni disponibili comprendono Antracite H 40 cm, Coffee H 40 cm, Nero H 40 cm, Antracite L 25 × H 805 × P 25 mm, Coffee L 25 × H 805 × P 25 mm, Nero L 25 × H 805 × P 25 mm, Antracite L 25 × H 1205 × P 25 mm, Coffee L 25 × H 1205 × P 25 mm, Nero L 25 × H 1205 × P 25 mm, Antracite L 25 × H 1605 × P 25 mm, Coffee L 25 × H 1605 × P 25 mm e Nero L 25 × H 1605 × P 25 mm. In questo modo è possibile scegliere tra finiture Antracite, Coffee e Nero, diverse altezze e dimensioni in base al progetto illuminotecnico.</p>","<p>La Ideal Lux Jedi Pt è una lampada da terra per esterni pensata per offrire un punto luce decorativo e funzionale, capace di valorizzare giardini, terrazze, vialetti, ingressi e aree outdoor. Il design della collezione Jedi Pt unisce linee curate e finiture versatili, rendendola adatta a progetti di illuminazione moderni, residenziali e contract.</p><p>Il grado di protezione IP65 la rende adatta agli spazi esterni e agli ambienti esposti, mantenendo una buona affidabilità nell’uso quotidiano. Dal punto di vista tecnico, questa lampada presenta dimensioni L2.6cm × H40cm × P2.6cm - L2.5cm × H80.5cm × P2.5cm - L2.5cm × H120.5cm × P2.5cm - L2.5cm × H160.5cm × P2.5cm, struttura in metallo e vetro, con 1 luce, attacco LED, potenza 12W - 19W - 25W - 7W, alimentazione 220-240 V AC, grado di protezione IP65, classe 2, lampadina inclusa, peso netto 0,44 kg, dati che aiutano a scegliere il modello più adatto in base a dimensioni, prestazioni e contesto di installazione.</p><p>Le configurazioni disponibili comprendono Antracite H 40 cm, Coffee H 40 cm, Nero H 40 cm, Antracite L 25 × H 805 × P 25 mm, Coffee L 25 × H 805 × P 25 mm, Nero L 25 × H 805 × P 25 mm, Antracite L 25 × H 1205 × P 25 mm, Coffee L 25 × H 1205 × P 25 mm, Nero L 25 × H 1205 × P 25 mm, Antracite L 25 × H 1605 × P 25 mm, Coffee L 25 × H 1605 × P 25 mm e Nero L 25 × H 1605 × P 25 mm. In questo modo è possibile scegliere tra finiture Antracite, Coffee e Nero, diverse altezze e dimensioni in base al progetto illuminotecnico.</p><p>Scegliere la Ideal Lux Jedi Pt significa puntare su una lampada da terra per esterni dal carattere riconoscibile, progettata per completare lo spazio con una luce piacevole, efficiente e coerente con lo stile dell’ambiente.</p>","Ideal Lux Jedi Pt: lampada da terra per esterni IP65, design moderno per giardino, terrazzo e vialetti. Scopri varianti e finiture."
IL-CONFIG-056,"<p>La Ideal Lux Klimt Pt1 è una lampada da terra per interni dal design curato, ideale per illuminare soggiorni, camere, studi, zone living e ambienti contract con una luce elegante e funzionale. Integra dimensioni Ø49.5cm × H161cm, struttura in legno e tessuto, con 1 luce, attacco E27, potenza 60W, alimentazione 220-240 V AC, grado di protezione IP20, classe 2, peso netto 3,87 kg, caratteristiche che la rendono una soluzione pratica, resistente e facile da inserire in diversi progetti di illuminazione. La configurazione disponibile è Legno, pensata per integrarsi con finiture e materiali coordinati all’ambiente.</p>","<p>La Ideal Lux Klimt Pt1 è una lampada da terra per interni pensata per offrire un punto luce decorativo e funzionale, capace di valorizzare soggiorni, camere, studi, zone living e ambienti contract. Il design della collezione Klimt Pt1 unisce linee curate e finiture versatili, rendendola adatta a progetti di illuminazione moderni, residenziali e contract.</p><p>Il grado di protezione IP20 è coerente con l’uso in ambienti interni, dove comfort visivo e resa estetica sono elementi centrali. Dal punto di vista tecnico, questa lampada presenta dimensioni Ø49.5cm × H161cm, struttura in legno e tessuto, con 1 luce, attacco E27, potenza 60W, alimentazione 220-240 V AC, grado di protezione IP20, classe 2, peso netto 3,87 kg, dati che aiutano a scegliere il modello più adatto in base a dimensioni, prestazioni e contesto di installazione.</p><p>La configurazione disponibile è Legno, pensata per integrarsi con finiture e materiali coordinati all’ambiente.</p><p>Scegliere la Ideal Lux Klimt Pt1 significa puntare su una lampada da terra per interni dal carattere riconoscibile, progettata per completare lo spazio con una luce piacevole, efficiente e coerente con lo stile dell’ambiente.</p>","Lampada da terra Ideal Lux Klimt Pt1 per interni: IP20 60W ideale per soggiorno, studio e zona living, con design moderno e funzionale."
IL-CONFIG-057,"<p>La Ideal Lux Kurt Pt è una lampada da terra per esterni dal design curato, ideale per illuminare giardini, terrazze, vialetti, ingressi e aree outdoor con una luce elegante e funzionale. Integra dimensioni L8.5cm × H65cm × P8.5cm, struttura in metallo, con 1 luce, attacco LED, potenza 11W, alimentazione 100-240 V AC, grado di protezione IP54, classe 1, lampadina inclusa, peso netto 1,93 kg, caratteristiche che la rendono una soluzione pratica, resistente e facile da inserire in diversi progetti di illuminazione. Le configurazioni disponibili comprendono Antracite L 85 × H 650 × P 85 mm 3000K, Antracite L 85 × H 650 × P 85 mm 4000K, Bianco L 85 × H 650 × P 85 mm 3000K, Bianco L 85 × H 650 × P 85 mm 4000K, Coffee L 85 × H 650 × P 85 mm 3000K, Coffee L 85 × H 650 × P 85 mm 4000K, Nero L 85 × H 650 × P 85 mm 3000K e Nero L 85 × H 650 × P 85 mm 4000K. In questo modo è possibile scegliere tra finiture Antracite, Bianco, Coffee e Nero in base al progetto illuminotecnico.</p>","<p>La Ideal Lux Kurt Pt è una lampada da terra per esterni pensata per offrire un punto luce decorativo e funzionale, capace di valorizzare giardini, terrazze, vialetti, ingressi e aree outdoor. Il design della collezione Kurt Pt unisce linee curate e finiture versatili, rendendola adatta a progetti di illuminazione moderni, residenziali e contract.</p><p>Il grado di protezione IP54 la rende adatta agli spazi esterni e agli ambienti esposti, mantenendo una buona affidabilità nell’uso quotidiano. Dal punto di vista tecnico, questa lampada presenta dimensioni L8.5cm × H65cm × P8.5cm, struttura in metallo, con 1 luce, attacco LED, potenza 11W, alimentazione 100-240 V AC, grado di protezione IP54, classe 1, lampadina inclusa, peso netto 1,93 kg, dati che aiutano a scegliere il modello più adatto in base a dimensioni, prestazioni e contesto di installazione.</p><p>Le configurazioni disponibili comprendono Antracite L 85 × H 650 × P 85 mm 3000K, Antracite L 85 × H 650 × P 85 mm 4000K, Bianco L 85 × H 650 × P 85 mm 3000K, Bianco L 85 × H 650 × P 85 mm 4000K, Coffee L 85 × H 650 × P 85 mm 3000K, Coffee L 85 × H 650 × P 85 mm 4000K, Nero L 85 × H 650 × P 85 mm 3000K e Nero L 85 × H 650 × P 85 mm 4000K. In questo modo è possibile scegliere tra finiture Antracite, Bianco, Coffee e Nero in base al progetto illuminotecnico.</p><p>Scegliere la Ideal Lux Kurt Pt significa puntare su una lampada da terra per esterni dal carattere riconoscibile, progettata per completare lo spazio con una luce piacevole, efficiente e coerente con lo stile dell’ambiente.</p>","Ideal Lux Kurt Pt: lampada da terra per esterni IP54, design moderno per giardino, terrazzo e vialetti. Scopri varianti e finiture."
IL-CONFIG-058,"<p>La Ideal Lux London Pt1 è una lampada da terra per interni dal design curato, ideale per illuminare soggiorni, camere, studi, zone living e ambienti contract con una luce elegante e funzionale. Integra dimensioni Ø50cm × H174cm, struttura in metallo, ps e tessuto, con 1 luce, attacco E27, potenza 60W, alimentazione 220-240 V AC, grado di protezione IP20, classe 2, peso netto 7,12 kg, caratteristiche che la rendono una soluzione pratica, resistente e facile da inserire in diversi progetti di illuminazione. Le configurazioni disponibili comprendono Bianco D 500 × H 1740 mm, Cromo D 500 × H 1740 mm e Nero D 500 × H 1740 mm. In questo modo è possibile scegliere tra finiture Bianco, Cromo e Nero in base al progetto illuminotecnico.</p>","<p>La Ideal Lux London Pt1 è una lampada da terra per interni pensata per offrire un punto luce decorativo e funzionale, capace di valorizzare soggiorni, camere, studi, zone living e ambienti contract. Il design della collezione London Pt1 unisce linee curate e finiture versatili, rendendola adatta a progetti di illuminazione moderni, residenziali e contract.</p><p>Il grado di protezione IP20 è coerente con l’uso in ambienti interni, dove comfort visivo e resa estetica sono elementi centrali. Dal punto di vista tecnico, questa lampada presenta dimensioni Ø50cm × H174cm, struttura in metallo, ps e tessuto, con 1 luce, attacco E27, potenza 60W, alimentazione 220-240 V AC, grado di protezione IP20, classe 2, peso netto 7,12 kg, dati che aiutano a scegliere il modello più adatto in base a dimensioni, prestazioni e contesto di installazione.</p><p>Le configurazioni disponibili comprendono Bianco D 500 × H 1740 mm, Cromo D 500 × H 1740 mm e Nero D 500 × H 1740 mm. In questo modo è possibile scegliere tra finiture Bianco, Cromo e Nero in base al progetto illuminotecnico.</p><p>Scegliere la Ideal Lux London Pt1 significa puntare su una lampada da terra per interni dal carattere riconoscibile, progettata per completare lo spazio con una luce piacevole, efficiente e coerente con lo stile dell’ambiente.</p>","Lampada da terra Ideal Lux London Pt1 per interni in Bianco, Cromo e Nero: IP20 60W ideale per soggiorno, studio e zona living, con design moderno e funzionale."
IL-CONFIG-059,"<p>La Ideal Lux Look Pt1 Round è una lampada da terra per interni dal design curato, ideale per illuminare soggiorni, camere, studi, zone living e ambienti contract con una luce elegante e funzionale. Integra dimensioni Ø30cm × H180cm, struttura in metallo, con 1 luce, attacco LED, potenza 24W, alimentazione 220-240 V AC, grado di protezione IP20, classe 2, lampadina inclusa, dimmerabile, peso netto 5,08 kg, caratteristiche che la rendono una soluzione pratica, resistente e facile da inserire in diversi progetti di illuminazione. Le configurazioni disponibili comprendono Bianco D 300 × H 1800 mm e Nero D 300 × H 1800 mm. In questo modo è possibile scegliere tra finiture Bianco e Nero in base al progetto illuminotecnico.</p>","<p>La Ideal Lux Look Pt1 Round è una lampada da terra per interni pensata per offrire un punto luce decorativo e funzionale, capace di valorizzare soggiorni, camere, studi, zone living e ambienti contract. Il design della collezione Look Pt1 Round unisce linee curate e finiture versatili, rendendola adatta a progetti di illuminazione moderni, residenziali e contract.</p><p>Il grado di protezione IP20 è coerente con l’uso in ambienti interni, dove comfort visivo e resa estetica sono elementi centrali. Dal punto di vista tecnico, questa lampada presenta dimensioni Ø30cm × H180cm, struttura in metallo, con 1 luce, attacco LED, potenza 24W, alimentazione 220-240 V AC, grado di protezione IP20, classe 2, lampadina inclusa, dimmerabile, peso netto 5,08 kg, dati che aiutano a scegliere il modello più adatto in base a dimensioni, prestazioni e contesto di installazione.</p><p>Le configurazioni disponibili comprendono Bianco D 300 × H 1800 mm e Nero D 300 × H 1800 mm. In questo modo è possibile scegliere tra finiture Bianco e Nero in base al progetto illuminotecnico.</p><p>Scegliere la Ideal Lux Look Pt1 Round significa puntare su una lampada da terra per interni dal carattere riconoscibile, progettata per completare lo spazio con una luce piacevole, efficiente e coerente con lo stile dell’ambiente.</p>","Lampada da terra Ideal Lux Look Pt1 Round per interni in Bianco e Nero: IP20 24W ideale per soggiorno, studio e zona living, con design moderno e funzionale."
IL-CONFIG-060,"<p>La Ideal Lux Lumiere Pt è una lampada da terra per interni dal design curato, ideale per illuminare soggiorni, camere, studi, zone living e ambienti contract con una luce elegante e funzionale. Integra dimensioni Ø28cm × H155cm, struttura in metallo e vetro, con 1 luce, attacco LED, potenza 58W, alimentazione 220-240 V AC, grado di protezione IP20, classe 2, lampadina inclusa, peso netto 8,66 kg, caratteristiche che la rendono una soluzione pratica, resistente e facile da inserire in diversi progetti di illuminazione. La configurazione disponibile è Bianco, pensata per integrarsi con finiture e materiali coordinati all’ambiente.</p>","<p>La Ideal Lux Lumiere Pt è una lampada da terra per interni pensata per offrire un punto luce decorativo e funzionale, capace di valorizzare soggiorni, camere, studi, zone living e ambienti contract. Il design della collezione Lumiere Pt unisce linee curate e finiture versatili, rendendola adatta a progetti di illuminazione moderni, residenziali e contract.</p><p>Il grado di protezione IP20 è coerente con l’uso in ambienti interni, dove comfort visivo e resa estetica sono elementi centrali. Dal punto di vista tecnico, questa lampada presenta dimensioni Ø28cm × H155cm, struttura in metallo e vetro, con 1 luce, attacco LED, potenza 58W, alimentazione 220-240 V AC, grado di protezione IP20, classe 2, lampadina inclusa, peso netto 8,66 kg, dati che aiutano a scegliere il modello più adatto in base a dimensioni, prestazioni e contesto di installazione.</p><p>La configurazione disponibile è Bianco, pensata per integrarsi con finiture e materiali coordinati all’ambiente.</p><p>Scegliere la Ideal Lux Lumiere Pt significa puntare su una lampada da terra per interni dal carattere riconoscibile, progettata per completare lo spazio con una luce piacevole, efficiente e coerente con lo stile dell’ambiente.</p>","Lampada da terra Ideal Lux Lumiere Pt per interni in Bianco: IP20 58W ideale per soggiorno, studio e zona living, con design moderno e funzionale."
IL-CONFIG-061,"<p>La Ideal Lux Luna Pt1 è una lampada da terra per esterni dal design curato, ideale per illuminare giardini, terrazze, vialetti, ingressi e aree outdoor con una luce elegante e funzionale. Integra dimensioni L30cm × H30cm × P30cm - L40cm × H40cm × P40cm - L50cm × H50cm × P50cm, struttura in ps, con 1 luce, attacco E27, potenza 60W, alimentazione 220-240 V AC, grado di protezione IP44, classe 2, peso netto 2,7 kg, caratteristiche che la rendono una soluzione pratica, resistente e facile da inserire in diversi progetti di illuminazione. Le configurazioni disponibili comprendono Bianco L 300 × H 300 × P 300 mm, Bianco L 400 × H 400 × P 400 mm e Bianco L 500 × H 500 × P 500 mm.</p>","<p>La Ideal Lux Luna Pt1 è una lampada da terra per esterni pensata per offrire un punto luce decorativo e funzionale, capace di valorizzare giardini, terrazze, vialetti, ingressi e aree outdoor. Il design della collezione Luna Pt1 unisce linee curate e finiture versatili, rendendola adatta a progetti di illuminazione moderni, residenziali e contract.</p><p>Il grado di protezione IP44 la rende adatta agli spazi esterni e agli ambienti esposti, mantenendo una buona affidabilità nell’uso quotidiano. Dal punto di vista tecnico, questa lampada presenta dimensioni L30cm × H30cm × P30cm - L40cm × H40cm × P40cm - L50cm × H50cm × P50cm, struttura in ps, con 1 luce, attacco E27, potenza 60W, alimentazione 220-240 V AC, grado di protezione IP44, classe 2, peso netto 2,7 kg, dati che aiutano a scegliere il modello più adatto in base a dimensioni, prestazioni e contesto di installazione.</p><p>Le configurazioni disponibili comprendono Bianco L 300 × H 300 × P 300 mm, Bianco L 400 × H 400 × P 400 mm e Bianco L 500 × H 500 × P 500 mm.</p><p>Scegliere la Ideal Lux Luna Pt1 significa puntare su una lampada da terra per esterni dal carattere riconoscibile, progettata per completare lo spazio con una luce piacevole, efficiente e coerente con lo stile dell’ambiente.</p>","Lampada da terra Ideal Lux Luna Pt1 per esterni in Bianco: IP44 60W ideale per giardino, terrazzo e vialetti, con design moderno e funzionale."
IL-CONFIG-062,"<p>La Ideal Lux Mercurio Pt1 è una lampada da terra per esterni dal design curato, ideale per illuminare giardini, terrazze, vialetti, ingressi e aree outdoor con una luce elegante e funzionale. Integra dimensioni L5cm × H60cm × P10cm, struttura in alluminio e metallo, con 1 luce, attacco G9, potenza 15W, alimentazione 220-240 V AC, grado di protezione IP44, classe 1, peso netto 1,54 kg, caratteristiche che la rendono una soluzione pratica, resistente e facile da inserire in diversi progetti di illuminazione. La configurazione disponibile è Antracite, pensata per integrarsi con finiture e materiali coordinati all’ambiente.</p>","<p>La Ideal Lux Mercurio Pt1 è una lampada da terra per esterni pensata per offrire un punto luce decorativo e funzionale, capace di valorizzare giardini, terrazze, vialetti, ingressi e aree outdoor. Il design della collezione Mercurio Pt1 unisce linee curate e finiture versatili, rendendola adatta a progetti di illuminazione moderni, residenziali e contract.</p><p>Il grado di protezione IP44 la rende adatta agli spazi esterni e agli ambienti esposti, mantenendo una buona affidabilità nell’uso quotidiano. Dal punto di vista tecnico, questa lampada presenta dimensioni L5cm × H60cm × P10cm, struttura in alluminio e metallo, con 1 luce, attacco G9, potenza 15W, alimentazione 220-240 V AC, grado di protezione IP44, classe 1, peso netto 1,54 kg, dati che aiutano a scegliere il modello più adatto in base a dimensioni, prestazioni e contesto di installazione.</p><p>La configurazione disponibile è Antracite, pensata per integrarsi con finiture e materiali coordinati all’ambiente.</p><p>Scegliere la Ideal Lux Mercurio Pt1 significa puntare su una lampada da terra per esterni dal carattere riconoscibile, progettata per completare lo spazio con una luce piacevole, efficiente e coerente con lo stile dell’ambiente.</p>","Lampada da terra Ideal Lux Mercurio Pt1 per esterni in Antracite: IP44 15W ideale per giardino, terrazzo e vialetti, con design moderno e funzionale."
IL-CONFIG-063,"<p>La Ideal Lux Mix Up Mpt1 è una lampada da terra per interni dal design curato, ideale per illuminare soggiorni, camere, studi, zone living e ambienti contract con una luce elegante e funzionale. Integra dimensioni Ø30cm × H169.5cm, struttura in alluminio, metallo e ps, con 1 luce, attacco E27, potenza 42W, alimentazione 220-240 V AC, grado di protezione IP20, classe 2, peso netto 8,5 kg, caratteristiche che la rendono una soluzione pratica, resistente e facile da inserire in diversi progetti di illuminazione. Le configurazioni disponibili comprendono Bianco D 300 × H 1695 mm e Nero D 300 × H 1695 mm. In questo modo è possibile scegliere tra finiture Bianco e Nero in base al progetto illuminotecnico.</p>","<p>La Ideal Lux Mix Up Mpt1 è una lampada da terra per interni pensata per offrire un punto luce decorativo e funzionale, capace di valorizzare soggiorni, camere, studi, zone living e ambienti contract. Il design della collezione Mix Up Mpt1 unisce linee curate e finiture versatili, rendendola adatta a progetti di illuminazione moderni, residenziali e contract.</p><p>Il grado di protezione IP20 è coerente con l’uso in ambienti interni, dove comfort visivo e resa estetica sono elementi centrali. Dal punto di vista tecnico, questa lampada presenta dimensioni Ø30cm × H169.5cm, struttura in alluminio, metallo e ps, con 1 luce, attacco E27, potenza 42W, alimentazione 220-240 V AC, grado di protezione IP20, classe 2, peso netto 8,5 kg, dati che aiutano a scegliere il modello più adatto in base a dimensioni, prestazioni e contesto di installazione.</p><p>Le configurazioni disponibili comprendono Bianco D 300 × H 1695 mm e Nero D 300 × H 1695 mm. In questo modo è possibile scegliere tra finiture Bianco e Nero in base al progetto illuminotecnico.</p><p>Scegliere la Ideal Lux Mix Up Mpt1 significa puntare su una lampada da terra per interni dal carattere riconoscibile, progettata per completare lo spazio con una luce piacevole, efficiente e coerente con lo stile dell’ambiente.</p>","Lampada da terra Ideal Lux Mix Up Mpt1 per interni in Bianco e Nero: IP20 42W ideale per soggiorno, studio e zona living, con design moderno e funzionale."
IL-CONFIG-064,"<p>La Ideal Lux Newton Pt1 è una lampada da terra per interni dal design curato, ideale per illuminare soggiorni, camere, studi, zone living e ambienti contract con una luce elegante e funzionale. Integra dimensioni Ø90cm × H150cm, struttura in metallo, con 1 luce, attacco E27, potenza 42W, alimentazione 220-240 V AC, grado di protezione IP20, classe 2, peso netto 5,27 kg, caratteristiche che la rendono una soluzione pratica, resistente e facile da inserire in diversi progetti di illuminazione. Le configurazioni disponibili comprendono Nero D 900 × H 1500 mm e Nickel D 900 × H 1500 mm. In questo modo è possibile scegliere tra finiture Nero e Nickel in base al progetto illuminotecnico.</p>","<p>La Ideal Lux Newton Pt1 è una lampada da terra per interni pensata per offrire un punto luce decorativo e funzionale, capace di valorizzare soggiorni, camere, studi, zone living e ambienti contract. Il design della collezione Newton Pt1 unisce linee curate e finiture versatili, rendendola adatta a progetti di illuminazione moderni, residenziali e contract.</p><p>Il grado di protezione IP20 è coerente con l’uso in ambienti interni, dove comfort visivo e resa estetica sono elementi centrali. Dal punto di vista tecnico, questa lampada presenta dimensioni Ø90cm × H150cm, struttura in metallo, con 1 luce, attacco E27, potenza 42W, alimentazione 220-240 V AC, grado di protezione IP20, classe 2, peso netto 5,27 kg, dati che aiutano a scegliere il modello più adatto in base a dimensioni, prestazioni e contesto di installazione.</p><p>Le configurazioni disponibili comprendono Nero D 900 × H 1500 mm e Nickel D 900 × H 1500 mm. In questo modo è possibile scegliere tra finiture Nero e Nickel in base al progetto illuminotecnico.</p><p>Scegliere la Ideal Lux Newton Pt1 significa puntare su una lampada da terra per interni dal carattere riconoscibile, progettata per completare lo spazio con una luce piacevole, efficiente e coerente con lo stile dell’ambiente.</p>","Lampada da terra Ideal Lux Newton Pt1 per interni in Nero: IP20 42W ideale per soggiorno, studio e zona living, con design moderno e funzionale."
IL-CONFIG-065,"<p>La Ideal Lux Nordik Pt1 è una lampada da terra per interni dal design curato, ideale per illuminare soggiorni, camere, studi, zone living e ambienti contract con una luce elegante e funzionale. Integra dimensioni Ø40cm × H162cm, struttura in metallo e tessuto, con 1 luce, attacco E27, potenza 60W, alimentazione 220-240 V AC, grado di protezione IP20, classe 2, peso netto 3,62 kg, caratteristiche che la rendono una soluzione pratica, resistente e facile da inserire in diversi progetti di illuminazione. La configurazione disponibile è Nero, pensata per integrarsi con finiture e materiali coordinati all’ambiente.</p>","<p>La Ideal Lux Nordik Pt1 è una lampada da terra per interni pensata per offrire un punto luce decorativo e funzionale, capace di valorizzare soggiorni, camere, studi, zone living e ambienti contract. Il design della collezione Nordik Pt1 unisce linee curate e finiture versatili, rendendola adatta a progetti di illuminazione moderni, residenziali e contract.</p><p>Il grado di protezione IP20 è coerente con l’uso in ambienti interni, dove comfort visivo e resa estetica sono elementi centrali. Dal punto di vista tecnico, questa lampada presenta dimensioni Ø40cm × H162cm, struttura in metallo e tessuto, con 1 luce, attacco E27, potenza 60W, alimentazione 220-240 V AC, grado di protezione IP20, classe 2, peso netto 3,62 kg, dati che aiutano a scegliere il modello più adatto in base a dimensioni, prestazioni e contesto di installazione.</p><p>La configurazione disponibile è Nero, pensata per integrarsi con finiture e materiali coordinati all’ambiente.</p><p>Scegliere la Ideal Lux Nordik Pt1 significa puntare su una lampada da terra per interni dal carattere riconoscibile, progettata per completare lo spazio con una luce piacevole, efficiente e coerente con lo stile dell’ambiente.</p>","Lampada da terra Ideal Lux Nordik Pt1 per interni in Nero: IP20 60W ideale per soggiorno, studio e zona living, con design moderno e funzionale."
IL-CONFIG-066,"<p>La Ideal Lux Opera Pt1 è una lampada da terra per interni dal design curato, ideale per illuminare soggiorni, camere, studi, zone living e ambienti contract con una luce elegante e funzionale. Integra dimensioni Ø38.5cm × H163cm, struttura in cristallo, metallo, tessuto e vetro, con 1 luce, attacco E27, potenza 60W, alimentazione 220-240 V AC, grado di protezione IP20, classe 2, peso netto 5,72 kg, caratteristiche che la rendono una soluzione pratica, resistente e facile da inserire in diversi progetti di illuminazione. La configurazione disponibile è Bianco, pensata per integrarsi con finiture e materiali coordinati all’ambiente.</p>","<p>La Ideal Lux Opera Pt1 è una lampada da terra per interni pensata per offrire un punto luce decorativo e funzionale, capace di valorizzare soggiorni, camere, studi, zone living e ambienti contract. Il design della collezione Opera Pt1 unisce linee curate e finiture versatili, rendendola adatta a progetti di illuminazione moderni, residenziali e contract.</p><p>Il grado di protezione IP20 è coerente con l’uso in ambienti interni, dove comfort visivo e resa estetica sono elementi centrali. Dal punto di vista tecnico, questa lampada presenta dimensioni Ø38.5cm × H163cm, struttura in cristallo, metallo, tessuto e vetro, con 1 luce, attacco E27, potenza 60W, alimentazione 220-240 V AC, grado di protezione IP20, classe 2, peso netto 5,72 kg, dati che aiutano a scegliere il modello più adatto in base a dimensioni, prestazioni e contesto di installazione.</p><p>La configurazione disponibile è Bianco, pensata per integrarsi con finiture e materiali coordinati all’ambiente.</p><p>Scegliere la Ideal Lux Opera Pt1 significa puntare su una lampada da terra per interni dal carattere riconoscibile, progettata per completare lo spazio con una luce piacevole, efficiente e coerente con lo stile dell’ambiente.</p>","Lampada da terra Ideal Lux Opera Pt1 per interni in Bianco: IP20 60W ideale per soggiorno, studio e zona living, con design moderno e funzionale."
IL-CONFIG-067,"<p>La Ideal Lux Pagoda Pt1 è una lampada da terra per interni dal design curato, ideale per illuminare soggiorni, camere, studi, zone living e ambienti contract con una luce elegante e funzionale. Integra dimensioni L97.5cm × H184cm × P47cm, struttura in metallo e tessuto, con 1 luce, attacco E27, potenza 60W, alimentazione 220-240 V AC, grado di protezione IP20, classe 2, peso netto 10,87 kg, caratteristiche che la rendono una soluzione pratica, resistente e facile da inserire in diversi progetti di illuminazione. Le configurazioni disponibili comprendono Bianco L 975 × H 1840 × P 470 mm e Nero L 975 × H 1840 × P 470 mm. In questo modo è possibile scegliere tra finiture Bianco e Nero in base al progetto illuminotecnico.</p>","<p>La Ideal Lux Pagoda Pt1 è una lampada da terra per interni pensata per offrire un punto luce decorativo e funzionale, capace di valorizzare soggiorni, camere, studi, zone living e ambienti contract. Il design della collezione Pagoda Pt1 unisce linee curate e finiture versatili, rendendola adatta a progetti di illuminazione moderni, residenziali e contract.</p><p>Il grado di protezione IP20 è coerente con l’uso in ambienti interni, dove comfort visivo e resa estetica sono elementi centrali. Dal punto di vista tecnico, questa lampada presenta dimensioni L97.5cm × H184cm × P47cm, struttura in metallo e tessuto, con 1 luce, attacco E27, potenza 60W, alimentazione 220-240 V AC, grado di protezione IP20, classe 2, peso netto 10,87 kg, dati che aiutano a scegliere il modello più adatto in base a dimensioni, prestazioni e contesto di installazione.</p><p>Le configurazioni disponibili comprendono Bianco L 975 × H 1840 × P 470 mm e Nero L 975 × H 1840 × P 470 mm. In questo modo è possibile scegliere tra finiture Bianco e Nero in base al progetto illuminotecnico.</p><p>Scegliere la Ideal Lux Pagoda Pt1 significa puntare su una lampada da terra per interni dal carattere riconoscibile, progettata per completare lo spazio con una luce piacevole, efficiente e coerente con lo stile dell’ambiente.</p>","Lampada da terra Ideal Lux Pagoda Pt1 per interni in Bianco e Nero: IP20 60W ideale per soggiorno, studio e zona living, con design moderno e funzionale."
IL-CONFIG-068,"<p>La Ideal Lux Perlage Pt4 è una lampada da terra per interni dal design curato, ideale per illuminare soggiorni, camere, studi, zone living e ambienti contract con una luce elegante e funzionale. Integra dimensioni L32cm × H164cm × P29.5cm, struttura in metallo e vetro, con 4 luci, attacco G9, potenza 4 x 15W, alimentazione 220-240 V AC, grado di protezione IP20, classe 2, lampadina inclusa, peso netto 4,8 kg, caratteristiche che la rendono una soluzione pratica, resistente e facile da inserire in diversi progetti di illuminazione. Le configurazioni disponibili comprendono Ambra L 320 × H 1640 × P 295 mm, Bianco L 320 × H 1640 × P 295 mm e Fume&#x27; L 320 × H 1640 × P 295 mm. In questo modo è possibile scegliere tra finiture Ambra, Bianco e Fume&#x27; in base al progetto illuminotecnico.</p>","<p>La Ideal Lux Perlage Pt4 è una lampada da terra per interni pensata per offrire un punto luce decorativo e funzionale, capace di valorizzare soggiorni, camere, studi, zone living e ambienti contract. Il design della collezione Perlage Pt4 unisce linee curate e finiture versatili, rendendola adatta a progetti di illuminazione moderni, residenziali e contract.</p><p>Il grado di protezione IP20 è coerente con l’uso in ambienti interni, dove comfort visivo e resa estetica sono elementi centrali. Dal punto di vista tecnico, questa lampada presenta dimensioni L32cm × H164cm × P29.5cm, struttura in metallo e vetro, con 4 luci, attacco G9, potenza 4 x 15W, alimentazione 220-240 V AC, grado di protezione IP20, classe 2, lampadina inclusa, peso netto 4,8 kg, dati che aiutano a scegliere il modello più adatto in base a dimensioni, prestazioni e contesto di installazione.</p><p>Le configurazioni disponibili comprendono Ambra L 320 × H 1640 × P 295 mm, Bianco L 320 × H 1640 × P 295 mm e Fume&#x27; L 320 × H 1640 × P 295 mm. In questo modo è possibile scegliere tra finiture Ambra, Bianco e Fume&#x27; in base al progetto illuminotecnico.</p><p>Scegliere la Ideal Lux Perlage Pt4 significa puntare su una lampada da terra per interni dal carattere riconoscibile, progettata per completare lo spazio con una luce piacevole, efficiente e coerente con lo stile dell’ambiente.</p>","Lampada da terra Ideal Lux Perlage Pt4 per interni in Bianco: IP20 4 x 15W ideale per soggiorno, studio e zona living, con design moderno e funzionale."
IL-CONFIG-069,"<p>La Ideal Lux Polly Pt2 è una lampada da terra per interni dal design curato, ideale per illuminare soggiorni, camere, studi, zone living e ambienti contract con una luce elegante e funzionale. Integra dimensioni Ø22cm × H154cm, struttura in metallo, con 2 luci, attacco E27, potenza 2 x 60W, alimentazione 220-240 V AC, grado di protezione IP20, classe 2, peso netto 3,5 kg, caratteristiche che la rendono una soluzione pratica, resistente e facile da inserire in diversi progetti di illuminazione. Le configurazioni disponibili comprendono Argento D 220 × H 1540 mm, Cromo D 220 × H 1540 mm e Nero D 220 × H 1540 mm. In questo modo è possibile scegliere tra finiture Argento, Cromo e Nero in base al progetto illuminotecnico.</p>","<p>La Ideal Lux Polly Pt2 è una lampada da terra per interni pensata per offrire un punto luce decorativo e funzionale, capace di valorizzare soggiorni, camere, studi, zone living e ambienti contract. Il design della collezione Polly Pt2 unisce linee curate e finiture versatili, rendendola adatta a progetti di illuminazione moderni, residenziali e contract.</p><p>Il grado di protezione IP20 è coerente con l’uso in ambienti interni, dove comfort visivo e resa estetica sono elementi centrali. Dal punto di vista tecnico, questa lampada presenta dimensioni Ø22cm × H154cm, struttura in metallo, con 2 luci, attacco E27, potenza 2 x 60W, alimentazione 220-240 V AC, grado di protezione IP20, classe 2, peso netto 3,5 kg, dati che aiutano a scegliere il modello più adatto in base a dimensioni, prestazioni e contesto di installazione.</p><p>Le configurazioni disponibili comprendono Argento D 220 × H 1540 mm, Cromo D 220 × H 1540 mm e Nero D 220 × H 1540 mm. In questo modo è possibile scegliere tra finiture Argento, Cromo e Nero in base al progetto illuminotecnico.</p><p>Scegliere la Ideal Lux Polly Pt2 significa puntare su una lampada da terra per interni dal carattere riconoscibile, progettata per completare lo spazio con una luce piacevole, efficiente e coerente con lo stile dell’ambiente.</p>","Lampada da terra Ideal Lux Polly Pt2 per interni in Cromo e Nero: IP20 2 x 60W ideale per soggiorno, studio e zona living, con design moderno e funzionale."
IL-CONFIG-070,"<p>La Ideal Lux Pulsar Pt1 è una lampada da terra per esterni dal design curato, ideale per illuminare giardini, terrazze, vialetti, ingressi e aree outdoor con una luce elegante e funzionale. Integra dimensioni L10.5cm × H80cm × P10cm, struttura in alluminio e metallo, con 1 luce, attacco E27, potenza 42W, alimentazione 220-240 V AC, grado di protezione IP44, classe 1, peso netto 1,9 kg, caratteristiche che la rendono una soluzione pratica, resistente e facile da inserire in diversi progetti di illuminazione. La configurazione disponibile è Antracite, pensata per integrarsi con finiture e materiali coordinati all’ambiente.</p>","<p>La Ideal Lux Pulsar Pt1 è una lampada da terra per esterni pensata per offrire un punto luce decorativo e funzionale, capace di valorizzare giardini, terrazze, vialetti, ingressi e aree outdoor. Il design della collezione Pulsar Pt1 unisce linee curate e finiture versatili, rendendola adatta a progetti di illuminazione moderni, residenziali e contract.</p><p>Il grado di protezione IP44 la rende adatta agli spazi esterni e agli ambienti esposti, mantenendo una buona affidabilità nell’uso quotidiano. Dal punto di vista tecnico, questa lampada presenta dimensioni L10.5cm × H80cm × P10cm, struttura in alluminio e metallo, con 1 luce, attacco E27, potenza 42W, alimentazione 220-240 V AC, grado di protezione IP44, classe 1, peso netto 1,9 kg, dati che aiutano a scegliere il modello più adatto in base a dimensioni, prestazioni e contesto di installazione.</p><p>La configurazione disponibile è Antracite, pensata per integrarsi con finiture e materiali coordinati all’ambiente.</p><p>Scegliere la Ideal Lux Pulsar Pt1 significa puntare su una lampada da terra per esterni dal carattere riconoscibile, progettata per completare lo spazio con una luce piacevole, efficiente e coerente con lo stile dell’ambiente.</p>","Lampada da terra Ideal Lux Pulsar Pt1 per esterni in Antracite: IP44 42W ideale per giardino, terrazzo e vialetti, con design moderno e funzionale."
IL-CONFIG-071,"<p>La Ideal Lux Pure Pt è una lampada da terra per esterni dal design curato, ideale per illuminare giardini, terrazze, vialetti, ingressi e aree outdoor con una luce elegante e funzionale. Integra dimensioni L14cm × H115cm × P14cm, struttura in metallo, con 1 luce, attacco LED, potenza 5W, alimentazione 3.7 V DC, grado di protezione IP54, classe 3, lampadina inclusa, dimmerabile, peso netto 1,58 kg, caratteristiche che la rendono una soluzione pratica, resistente e facile da inserire in diversi progetti di illuminazione. Le configurazioni disponibili comprendono Bianco L 140 × H 1150 × P 140 mm, Coffee L 140 × H 1150 × P 140 mm e Nero L 140 × H 1150 × P 140 mm. In questo modo è possibile scegliere tra finiture Bianco, Coffee e Nero in base al progetto illuminotecnico.</p>","<p>La Ideal Lux Pure Pt è una lampada da terra per esterni pensata per offrire un punto luce decorativo e funzionale, capace di valorizzare giardini, terrazze, vialetti, ingressi e aree outdoor. Il design della collezione Pure Pt unisce linee curate e finiture versatili, rendendola adatta a progetti di illuminazione moderni, residenziali e contract.</p><p>Il grado di protezione IP54 la rende adatta agli spazi esterni e agli ambienti esposti, mantenendo una buona affidabilità nell’uso quotidiano. Dal punto di vista tecnico, questa lampada presenta dimensioni L14cm × H115cm × P14cm, struttura in metallo, con 1 luce, attacco LED, potenza 5W, alimentazione 3.7 V DC, grado di protezione IP54, classe 3, lampadina inclusa, dimmerabile, peso netto 1,58 kg, dati che aiutano a scegliere il modello più adatto in base a dimensioni, prestazioni e contesto di installazione.</p><p>Le configurazioni disponibili comprendono Bianco L 140 × H 1150 × P 140 mm, Coffee L 140 × H 1150 × P 140 mm e Nero L 140 × H 1150 × P 140 mm. In questo modo è possibile scegliere tra finiture Bianco, Coffee e Nero in base al progetto illuminotecnico.</p><p>Scegliere la Ideal Lux Pure Pt significa puntare su una lampada da terra per esterni dal carattere riconoscibile, progettata per completare lo spazio con una luce piacevole, efficiente e coerente con lo stile dell’ambiente.</p>","Lampada da terra Ideal Lux Pure Pt per esterni in Bianco, Coffee e Nero: IP54 5W ideale per giardino, terrazzo e vialetti, con design moderno e funzionale."
IL-CONFIG-072,"<p>La Ideal Lux Queen Pt1 è una lampada da terra per interni dal design curato, ideale per illuminare soggiorni, camere, studi, zone living e ambienti contract con una luce elegante e funzionale. Integra dimensioni Ø35cm × H157.5cm, struttura in metallo, tessuto e vetro, con 1 luce, attacco E27, potenza 60W, alimentazione 220-240 V AC, grado di protezione IP20, classe 2, peso netto 4,9 kg, caratteristiche che la rendono una soluzione pratica, resistente e facile da inserire in diversi progetti di illuminazione. La configurazione disponibile è Oro, pensata per integrarsi con finiture e materiali coordinati all’ambiente.</p>","<p>La Ideal Lux Queen Pt1 è una lampada da terra per interni pensata per offrire un punto luce decorativo e funzionale, capace di valorizzare soggiorni, camere, studi, zone living e ambienti contract. Il design della collezione Queen Pt1 unisce linee curate e finiture versatili, rendendola adatta a progetti di illuminazione moderni, residenziali e contract.</p><p>Il grado di protezione IP20 è coerente con l’uso in ambienti interni, dove comfort visivo e resa estetica sono elementi centrali. Dal punto di vista tecnico, questa lampada presenta dimensioni Ø35cm × H157.5cm, struttura in metallo, tessuto e vetro, con 1 luce, attacco E27, potenza 60W, alimentazione 220-240 V AC, grado di protezione IP20, classe 2, peso netto 4,9 kg, dati che aiutano a scegliere il modello più adatto in base a dimensioni, prestazioni e contesto di installazione.</p><p>La configurazione disponibile è Oro, pensata per integrarsi con finiture e materiali coordinati all’ambiente.</p><p>Scegliere la Ideal Lux Queen Pt1 significa puntare su una lampada da terra per interni dal carattere riconoscibile, progettata per completare lo spazio con una luce piacevole, efficiente e coerente con lo stile dell’ambiente.</p>","Lampada da terra Ideal Lux Queen Pt1 per interni in Oro: IP20 60W ideale per soggiorno, studio e zona living, con design moderno e funzionale."
IL-CONFIG-073,"<p>La Ideal Lux Regol Pt1 è una lampada da terra per interni dal design curato, ideale per illuminare soggiorni, camere, studi, zone living e ambienti contract con una luce elegante e funzionale. Integra dimensioni Ø32cm × H163cm, struttura in metallo e tessuto, con 1 luce, attacco E27, potenza 60W, alimentazione 220-240 V AC, grado di protezione IP20, classe 2, peso netto 5,42 kg, caratteristiche che la rendono una soluzione pratica, resistente e facile da inserire in diversi progetti di illuminazione. La configurazione disponibile è Bianco, pensata per integrarsi con finiture e materiali coordinati all’ambiente.</p>","<p>La Ideal Lux Regol Pt1 è una lampada da terra per interni pensata per offrire un punto luce decorativo e funzionale, capace di valorizzare soggiorni, camere, studi, zone living e ambienti contract. Il design della collezione Regol Pt1 unisce linee curate e finiture versatili, rendendola adatta a progetti di illuminazione moderni, residenziali e contract.</p><p>Il grado di protezione IP20 è coerente con l’uso in ambienti interni, dove comfort visivo e resa estetica sono elementi centrali. Dal punto di vista tecnico, questa lampada presenta dimensioni Ø32cm × H163cm, struttura in metallo e tessuto, con 1 luce, attacco E27, potenza 60W, alimentazione 220-240 V AC, grado di protezione IP20, classe 2, peso netto 5,42 kg, dati che aiutano a scegliere il modello più adatto in base a dimensioni, prestazioni e contesto di installazione.</p><p>La configurazione disponibile è Bianco, pensata per integrarsi con finiture e materiali coordinati all’ambiente.</p><p>Scegliere la Ideal Lux Regol Pt1 significa puntare su una lampada da terra per interni dal carattere riconoscibile, progettata per completare lo spazio con una luce piacevole, efficiente e coerente con lo stile dell’ambiente.</p>","Lampada da terra Ideal Lux Regol Pt1 per interni in Bianco: IP20 60W ideale per soggiorno, studio e zona living, con design moderno e funzionale."
IL-CONFIG-074,"<p>La Ideal Lux Sasso Pt1 è una lampada da terra per esterni dal design curato, ideale per illuminare giardini, terrazze, vialetti, ingressi e aree outdoor con una luce elegante e funzionale. Integra dimensioni L25cm × H18cm × P20cm - L33cm × H19cm × P25cm - L41cm × H24.5cm × P32cm, struttura in ps, con 1 luce, attacco G9, potenza 15W - 40W, alimentazione 220-240 V AC, grado di protezione IP44, classe 2, peso netto 0,71 kg, caratteristiche che la rendono una soluzione pratica, resistente e facile da inserire in diversi progetti di illuminazione. Le configurazioni disponibili comprendono Bianco L 250 × H 180 × P 200 mm, Bianco L 330 × H 190 × P 250 mm e Bianco L 410 × H 245 × P 320 mm.</p>","<p>La Ideal Lux Sasso Pt1 è una lampada da terra per esterni pensata per offrire un punto luce decorativo e funzionale, capace di valorizzare giardini, terrazze, vialetti, ingressi e aree outdoor. Il design della collezione Sasso Pt1 unisce linee curate e finiture versatili, rendendola adatta a progetti di illuminazione moderni, residenziali e contract.</p><p>Il grado di protezione IP44 la rende adatta agli spazi esterni e agli ambienti esposti, mantenendo una buona affidabilità nell’uso quotidiano. Dal punto di vista tecnico, questa lampada presenta dimensioni L25cm × H18cm × P20cm - L33cm × H19cm × P25cm - L41cm × H24.5cm × P32cm, struttura in ps, con 1 luce, attacco G9, potenza 15W - 40W, alimentazione 220-240 V AC, grado di protezione IP44, classe 2, peso netto 0,71 kg, dati che aiutano a scegliere il modello più adatto in base a dimensioni, prestazioni e contesto di installazione.</p><p>Le configurazioni disponibili comprendono Bianco L 250 × H 180 × P 200 mm, Bianco L 330 × H 190 × P 250 mm e Bianco L 410 × H 245 × P 320 mm.</p><p>Scegliere la Ideal Lux Sasso Pt1 significa puntare su una lampada da terra per esterni dal carattere riconoscibile, progettata per completare lo spazio con una luce piacevole, efficiente e coerente con lo stile dell’ambiente.</p>","Lampada da terra Ideal Lux Sasso Pt1 per esterni in Bianco: IP44 15W - 40W ideale per giardino, terrazzo e vialetti, con design moderno e funzionale."
IL-CONFIG-075,"<p>La Ideal Lux Set Up Mpt1 è una lampada da terra per interni dal design curato, ideale per illuminare soggiorni, camere, studi, zone living e ambienti contract con una luce elegante e funzionale. Integra dimensioni Ø28cm × H145cm, struttura in alluminio e metallo, con 1 luce, attacco E27, potenza 42W, alimentazione 220-240 V AC, grado di protezione IP20, classe 2, peso netto 2,64 kg, caratteristiche che la rendono una soluzione pratica, resistente e facile da inserire in diversi progetti di illuminazione. Le configurazioni disponibili comprendono Bianco D 280 × H 1450 mm, Nero D 280 × H 1450 mm, Nickel D 280 × H 1450 mm e Ottone D 280 × H 1450 mm. In questo modo è possibile scegliere tra finiture Bianco, Nero, Nickel e Ottone in base al progetto illuminotecnico.</p>","<p>La Ideal Lux Set Up Mpt1 è una lampada da terra per interni pensata per offrire un punto luce decorativo e funzionale, capace di valorizzare soggiorni, camere, studi, zone living e ambienti contract. Il design della collezione Set Up Mpt1 unisce linee curate e finiture versatili, rendendola adatta a progetti di illuminazione moderni, residenziali e contract.</p><p>Il grado di protezione IP20 è coerente con l’uso in ambienti interni, dove comfort visivo e resa estetica sono elementi centrali. Dal punto di vista tecnico, questa lampada presenta dimensioni Ø28cm × H145cm, struttura in alluminio e metallo, con 1 luce, attacco E27, potenza 42W, alimentazione 220-240 V AC, grado di protezione IP20, classe 2, peso netto 2,64 kg, dati che aiutano a scegliere il modello più adatto in base a dimensioni, prestazioni e contesto di installazione.</p><p>Le configurazioni disponibili comprendono Bianco D 280 × H 1450 mm, Nero D 280 × H 1450 mm, Nickel D 280 × H 1450 mm e Ottone D 280 × H 1450 mm. In questo modo è possibile scegliere tra finiture Bianco, Nero, Nickel e Ottone in base al progetto illuminotecnico.</p><p>Scegliere la Ideal Lux Set Up Mpt1 significa puntare su una lampada da terra per interni dal carattere riconoscibile, progettata per completare lo spazio con una luce piacevole, efficiente e coerente con lo stile dell’ambiente.</p>","Ideal Lux Set Up Mpt1: lampada da terra per interni IP20, design moderno per soggiorno, studio e zona living. Scopri varianti e finiture."
IL-CONFIG-076,"<p>La Ideal Lux Sirio Pt1 Led è una lampada da terra per esterni dal design curato, ideale per illuminare giardini, terrazze, vialetti, ingressi e aree outdoor con una luce elegante e funzionale. Integra dimensioni L10cm × H60cm × P16cm - L10cm × H80cm × P16cm - L10cm × H30cm × P16cm - L10cm × H60cm × P15cm, struttura in alluminio, metallo e vetro, con 1 luce, attacco LED, potenza 13W - 9W, alimentazione 100-240 V AC, grado di protezione IP65, classe 1, lampadina inclusa, peso netto 1,76 kg, caratteristiche che la rendono una soluzione pratica, resistente e facile da inserire in diversi progetti di illuminazione. Le configurazioni disponibili comprendono Antracite H 60 cm, Bianco H 60 cm, Coffee H 60 cm, Grigio H 60 cm, Nero H 60 cm, Antracite H 80 cm, Bianco H 80 cm, Coffee H 80 cm, Grigio H 80 cm, Nero H 80 cm, Antracite H 30 cm e Bianco H 30 cm e altre varianti della stessa collezione. In questo modo è possibile scegliere tra finiture Antracite, Bianco, Coffee, Grigio e Nero, diverse altezze e dimensioni in base al progetto illuminotecnico.</p>","<p>La Ideal Lux Sirio Pt1 Led è una lampada da terra per esterni pensata per offrire un punto luce decorativo e funzionale, capace di valorizzare giardini, terrazze, vialetti, ingressi e aree outdoor. Il design della collezione Sirio Pt1 Led unisce linee curate e finiture versatili, rendendola adatta a progetti di illuminazione moderni, residenziali e contract.</p><p>Il grado di protezione IP65 la rende adatta agli spazi esterni e agli ambienti esposti, mantenendo una buona affidabilità nell’uso quotidiano. Dal punto di vista tecnico, questa lampada presenta dimensioni L10cm × H60cm × P16cm - L10cm × H80cm × P16cm - L10cm × H30cm × P16cm - L10cm × H60cm × P15cm, struttura in alluminio, metallo e vetro, con 1 luce, attacco LED, potenza 13W - 9W, alimentazione 100-240 V AC, grado di protezione IP65, classe 1, lampadina inclusa, peso netto 1,76 kg, dati che aiutano a scegliere il modello più adatto in base a dimensioni, prestazioni e contesto di installazione.</p><p>Le configurazioni disponibili comprendono Antracite H 60 cm, Bianco H 60 cm, Coffee H 60 cm, Grigio H 60 cm, Nero H 60 cm, Antracite H 80 cm, Bianco H 80 cm, Coffee H 80 cm, Grigio H 80 cm, Nero H 80 cm, Antracite H 30 cm e Bianco H 30 cm e altre varianti della stessa collezione. In questo modo è possibile scegliere tra finiture Antracite, Bianco, Coffee, Grigio e Nero, diverse altezze e dimensioni in base al progetto illuminotecnico.</p><p>Scegliere la Ideal Lux Sirio Pt1 Led significa puntare su una lampada da terra per esterni dal carattere riconoscibile, progettata per completare lo spazio con una luce piacevole, efficiente e coerente con lo stile dell’ambiente.</p>","Lampada da terra Ideal Lux Sirio Pt1 Led per esterni: IP65 13W - 9W ideale per giardino, terrazzo e vialetti, con design moderno e funzionale."
IL-CONFIG-077,"<p>La Ideal Lux Sole Pt1 è una lampada da terra per esterni dal design curato, ideale per illuminare giardini, terrazze, vialetti, ingressi e aree outdoor con una luce elegante e funzionale. Integra dimensioni Ø20cm × H20cm - Ø30cm × H30cm - Ø40cm × H38cm - Ø50cm × H48cm, struttura in ps, con 1 luce, attacco E27, potenza 42W, alimentazione 220-240 V AC, grado di protezione IP44, classe 2, peso netto 1,2 kg, caratteristiche che la rendono una soluzione pratica, resistente e facile da inserire in diversi progetti di illuminazione. Le configurazioni disponibili comprendono Bianco D 200 × H 200 mm, Bianco D 300 × H 300 mm, Bianco D 400 × H 380 mm e Bianco D 500 × H 480 mm.</p>","<p>La Ideal Lux Sole Pt1 è una lampada da terra per esterni pensata per offrire un punto luce decorativo e funzionale, capace di valorizzare giardini, terrazze, vialetti, ingressi e aree outdoor. Il design della collezione Sole Pt1 unisce linee curate e finiture versatili, rendendola adatta a progetti di illuminazione moderni, residenziali e contract.</p><p>Il grado di protezione IP44 la rende adatta agli spazi esterni e agli ambienti esposti, mantenendo una buona affidabilità nell’uso quotidiano. Dal punto di vista tecnico, questa lampada presenta dimensioni Ø20cm × H20cm - Ø30cm × H30cm - Ø40cm × H38cm - Ø50cm × H48cm, struttura in ps, con 1 luce, attacco E27, potenza 42W, alimentazione 220-240 V AC, grado di protezione IP44, classe 2, peso netto 1,2 kg, dati che aiutano a scegliere il modello più adatto in base a dimensioni, prestazioni e contesto di installazione.</p><p>Le configurazioni disponibili comprendono Bianco D 200 × H 200 mm, Bianco D 300 × H 300 mm, Bianco D 400 × H 380 mm e Bianco D 500 × H 480 mm.</p><p>Scegliere la Ideal Lux Sole Pt1 significa puntare su una lampada da terra per esterni dal carattere riconoscibile, progettata per completare lo spazio con una luce piacevole, efficiente e coerente con lo stile dell’ambiente.</p>","Lampada da terra Ideal Lux Sole Pt1 per esterni in Bianco: IP44 42W ideale per giardino, terrazzo e vialetti, con design moderno e funzionale."
IL-CONFIG-078,"<p>La Ideal Lux Style Pt è una lampada da terra per esterni dal design curato, ideale per illuminare giardini, terrazze, vialetti, ingressi e aree outdoor con una luce elegante e funzionale. Integra dimensioni L13.8cm × H30cm × P12.3cm - L13.8cm × H50cm × P12.3cm - L13.8cm × H100cm × P12.3cm, struttura in alluminio e metallo, con 1 luce, attacco LED, potenza 5W, alimentazione 100-240 V AC, grado di protezione IP54, classe 1, lampadina inclusa, peso netto 0,62 kg, caratteristiche che la rendono una soluzione pratica, resistente e facile da inserire in diversi progetti di illuminazione. Le configurazioni disponibili comprendono Antracite H 30 cm 3000K, Bianco H 30 cm 3000K, Coffee H 30 cm 3000K, Grigio H 30 cm 3000K, Nero H 30 cm 3000K, Antracite H 50 cm 3000K, Antracite H 50 cm 4000K, Bianco H 50 cm 3000K, Bianco H 50 cm 4000K, Coffee H 50 cm 3000K, Coffee H 50 cm 4000K e Grigio H 50 cm 3000K e altre varianti della stessa collezione. In questo modo è possibile scegliere tra finiture Antracite, Bianco, Coffee, Grigio e Nero, diverse altezze e dimensioni in base al progetto illuminotecnico.</p>","<p>La Ideal Lux Style Pt è una lampada da terra per esterni pensata per offrire un punto luce decorativo e funzionale, capace di valorizzare giardini, terrazze, vialetti, ingressi e aree outdoor. Il design della collezione Style Pt unisce linee curate e finiture versatili, rendendola adatta a progetti di illuminazione moderni, residenziali e contract.</p><p>Il grado di protezione IP54 la rende adatta agli spazi esterni e agli ambienti esposti, mantenendo una buona affidabilità nell’uso quotidiano. Dal punto di vista tecnico, questa lampada presenta dimensioni L13.8cm × H30cm × P12.3cm - L13.8cm × H50cm × P12.3cm - L13.8cm × H100cm × P12.3cm, struttura in alluminio e metallo, con 1 luce, attacco LED, potenza 5W, alimentazione 100-240 V AC, grado di protezione IP54, classe 1, lampadina inclusa, peso netto 0,62 kg, dati che aiutano a scegliere il modello più adatto in base a dimensioni, prestazioni e contesto di installazione.</p><p>Le configurazioni disponibili comprendono Antracite H 30 cm 3000K, Bianco H 30 cm 3000K, Coffee H 30 cm 3000K, Grigio H 30 cm 3000K, Nero H 30 cm 3000K, Antracite H 50 cm 3000K, Antracite H 50 cm 4000K, Bianco H 50 cm 3000K, Bianco H 50 cm 4000K, Coffee H 50 cm 3000K, Coffee H 50 cm 4000K e Grigio H 50 cm 3000K e altre varianti della stessa collezione. In questo modo è possibile scegliere tra finiture Antracite, Bianco, Coffee, Grigio e Nero, diverse altezze e dimensioni in base al progetto illuminotecnico.</p><p>Scegliere la Ideal Lux Style Pt significa puntare su una lampada da terra per esterni dal carattere riconoscibile, progettata per completare lo spazio con una luce piacevole, efficiente e coerente con lo stile dell’ambiente.</p>","Lampada da terra Ideal Lux Style Pt per esterni: IP54 5W ideale per giardino, terrazzo e vialetti, con design moderno e funzionale."
IL-CONFIG-079,"<p>La Ideal Lux Tesla Pt4 è una lampada da terra per esterni dal design curato, ideale per illuminare giardini, terrazze, vialetti, ingressi e aree outdoor con una luce elegante e funzionale. Integra dimensioni Ø20.5cm × H60cm - Ø20.5cm × H80cm, struttura in alluminio e metallo, con 4 luci, attacco G9, potenza 4 x 15W, alimentazione 220-240 V AC, grado di protezione IP44, classe 1, peso netto 2,56 kg, caratteristiche che la rendono una soluzione pratica, resistente e facile da inserire in diversi progetti di illuminazione. Le configurazioni disponibili comprendono Antracite H 60 cm, Bianco H 60 cm, Coffee H 60 cm, Nero H 60 cm, Antracite H 80 cm, Bianco H 80 cm, Coffee H 80 cm e Nero H 80 cm. In questo modo è possibile scegliere tra finiture Antracite, Bianco, Coffee e Nero, diverse altezze e dimensioni in base al progetto illuminotecnico.</p>","<p>La Ideal Lux Tesla Pt4 è una lampada da terra per esterni pensata per offrire un punto luce decorativo e funzionale, capace di valorizzare giardini, terrazze, vialetti, ingressi e aree outdoor. Il design della collezione Tesla Pt4 unisce linee curate e finiture versatili, rendendola adatta a progetti di illuminazione moderni, residenziali e contract.</p><p>Il grado di protezione IP44 la rende adatta agli spazi esterni e agli ambienti esposti, mantenendo una buona affidabilità nell’uso quotidiano. Dal punto di vista tecnico, questa lampada presenta dimensioni Ø20.5cm × H60cm - Ø20.5cm × H80cm, struttura in alluminio e metallo, con 4 luci, attacco G9, potenza 4 x 15W, alimentazione 220-240 V AC, grado di protezione IP44, classe 1, peso netto 2,56 kg, dati che aiutano a scegliere il modello più adatto in base a dimensioni, prestazioni e contesto di installazione.</p><p>Le configurazioni disponibili comprendono Antracite H 60 cm, Bianco H 60 cm, Coffee H 60 cm, Nero H 60 cm, Antracite H 80 cm, Bianco H 80 cm, Coffee H 80 cm e Nero H 80 cm. In questo modo è possibile scegliere tra finiture Antracite, Bianco, Coffee e Nero, diverse altezze e dimensioni in base al progetto illuminotecnico.</p><p>Scegliere la Ideal Lux Tesla Pt4 significa puntare su una lampada da terra per esterni dal carattere riconoscibile, progettata per completare lo spazio con una luce piacevole, efficiente e coerente con lo stile dell’ambiente.</p>","Ideal Lux Tesla Pt4: lampada da terra per esterni IP44, design moderno per giardino, terrazzo e vialetti. Scopri varianti e finiture."
IL-CONFIG-080,"<p>La Ideal Lux Tifone Pt è una lampada da terra per esterni dal design curato, ideale per illuminare giardini, terrazze, vialetti, ingressi e aree outdoor con una luce elegante e funzionale. Integra dimensioni L8.5cm × H35cm × P8.5cm - L8.5cm × H65.5cm × P8.5cm, struttura in alluminio, metallo e vetro, con 1 luce, attacco LED, potenza 5W, alimentazione 220-240 V AC, grado di protezione IP65, classe 1, lampadina inclusa, peso netto 1,01 kg, caratteristiche che la rendono una soluzione pratica, resistente e facile da inserire in diversi progetti di illuminazione. Le configurazioni disponibili comprendono Antracite H 35 cm e Antracite L 85 × H 655 × P 85 mm.</p>","<p>La Ideal Lux Tifone Pt è una lampada da terra per esterni pensata per offrire un punto luce decorativo e funzionale, capace di valorizzare giardini, terrazze, vialetti, ingressi e aree outdoor. Il design della collezione Tifone Pt unisce linee curate e finiture versatili, rendendola adatta a progetti di illuminazione moderni, residenziali e contract.</p><p>Il grado di protezione IP65 la rende adatta agli spazi esterni e agli ambienti esposti, mantenendo una buona affidabilità nell’uso quotidiano. Dal punto di vista tecnico, questa lampada presenta dimensioni L8.5cm × H35cm × P8.5cm - L8.5cm × H65.5cm × P8.5cm, struttura in alluminio, metallo e vetro, con 1 luce, attacco LED, potenza 5W, alimentazione 220-240 V AC, grado di protezione IP65, classe 1, lampadina inclusa, peso netto 1,01 kg, dati che aiutano a scegliere il modello più adatto in base a dimensioni, prestazioni e contesto di installazione.</p><p>Le configurazioni disponibili comprendono Antracite H 35 cm e Antracite L 85 × H 655 × P 85 mm.</p><p>Scegliere la Ideal Lux Tifone Pt significa puntare su una lampada da terra per esterni dal carattere riconoscibile, progettata per completare lo spazio con una luce piacevole, efficiente e coerente con lo stile dell’ambiente.</p>","Lampada da terra Ideal Lux Tifone Pt per esterni in Antracite: IP65 5W ideale per giardino, terrazzo e vialetti, con design moderno e funzionale."
IL-CONFIG-081,"<p>La Ideal Lux Titano Pt è una lampada da terra per esterni dal design curato, ideale per illuminare giardini, terrazze, vialetti, ingressi e aree outdoor con una luce elegante e funzionale. Integra dimensioni L18cm × H49cm × P18cm - L18cm × H74cm × P18cm, struttura in metallo, ps e resina, con 1 luce, attacco LED, potenza 5W, alimentazione 100-240 V AC, grado di protezione IP55, classe 2, lampadina inclusa, peso netto 6,8 kg, caratteristiche che la rendono una soluzione pratica, resistente e facile da inserire in diversi progetti di illuminazione. Le configurazioni disponibili comprendono Granito H 49 cm 3000K, Granito H 49 cm 4000K, Granito H 74 cm 3000K e Granito H 74 cm 4000K.</p>","<p>La Ideal Lux Titano Pt è una lampada da terra per esterni pensata per offrire un punto luce decorativo e funzionale, capace di valorizzare giardini, terrazze, vialetti, ingressi e aree outdoor. Il design della collezione Titano Pt unisce linee curate e finiture versatili, rendendola adatta a progetti di illuminazione moderni, residenziali e contract.</p><p>Il grado di protezione IP55 la rende adatta agli spazi esterni e agli ambienti esposti, mantenendo una buona affidabilità nell’uso quotidiano. Dal punto di vista tecnico, questa lampada presenta dimensioni L18cm × H49cm × P18cm - L18cm × H74cm × P18cm, struttura in metallo, ps e resina, con 1 luce, attacco LED, potenza 5W, alimentazione 100-240 V AC, grado di protezione IP55, classe 2, lampadina inclusa, peso netto 6,8 kg, dati che aiutano a scegliere il modello più adatto in base a dimensioni, prestazioni e contesto di installazione.</p><p>Le configurazioni disponibili comprendono Granito H 49 cm 3000K, Granito H 49 cm 4000K, Granito H 74 cm 3000K e Granito H 74 cm 4000K.</p><p>Scegliere la Ideal Lux Titano Pt significa puntare su una lampada da terra per esterni dal carattere riconoscibile, progettata per completare lo spazio con una luce piacevole, efficiente e coerente con lo stile dell’ambiente.</p>","Lampada da terra Ideal Lux Titano Pt per esterni: IP55 5W ideale per giardino, terrazzo e vialetti, con design moderno e funzionale."
IL-CONFIG-082,"<p>La Ideal Lux Torre Pt1 è una lampada da terra per esterni dal design curato, ideale per illuminare giardini, terrazze, vialetti, ingressi e aree outdoor con una luce elegante e funzionale. Integra dimensioni Ø14cm × H22cm - Ø18cm × H60cm - Ø18cm × H80cm, struttura in alluminio e metallo, con 1 luce, attacco E27, potenza 15W, alimentazione 220-240 V AC, grado di protezione IP65 - IP44, classe 1, peso netto 0,87 kg, caratteristiche che la rendono una soluzione pratica, resistente e facile da inserire in diversi progetti di illuminazione. Le configurazioni disponibili comprendono Antracite H 22 cm, Coffee H 22 cm, Grigio H 22 cm, Nero H 22 cm, Antracite H 60 cm, Coffee H 60 cm, Grigio H 60 cm, Nero H 60 cm, Antracite H 80 cm, Coffee H 80 cm, Grigio H 80 cm e Nero H 80 cm. In questo modo è possibile scegliere tra finiture Antracite, Coffee, Grigio e Nero, diverse altezze e dimensioni in base al progetto illuminotecnico.</p>","<p>La Ideal Lux Torre Pt1 è una lampada da terra per esterni pensata per offrire un punto luce decorativo e funzionale, capace di valorizzare giardini, terrazze, vialetti, ingressi e aree outdoor. Il design della collezione Torre Pt1 unisce linee curate e finiture versatili, rendendola adatta a progetti di illuminazione moderni, residenziali e contract.</p><p>Il grado di protezione IP65 - IP44 la rende adatta agli spazi esterni e agli ambienti esposti, mantenendo una buona affidabilità nell’uso quotidiano. Dal punto di vista tecnico, questa lampada presenta dimensioni Ø14cm × H22cm - Ø18cm × H60cm - Ø18cm × H80cm, struttura in alluminio e metallo, con 1 luce, attacco E27, potenza 15W, alimentazione 220-240 V AC, grado di protezione IP65 - IP44, classe 1, peso netto 0,87 kg, dati che aiutano a scegliere il modello più adatto in base a dimensioni, prestazioni e contesto di installazione.</p><p>Le configurazioni disponibili comprendono Antracite H 22 cm, Coffee H 22 cm, Grigio H 22 cm, Nero H 22 cm, Antracite H 60 cm, Coffee H 60 cm, Grigio H 60 cm, Nero H 60 cm, Antracite H 80 cm, Coffee H 80 cm, Grigio H 80 cm e Nero H 80 cm. In questo modo è possibile scegliere tra finiture Antracite, Coffee, Grigio e Nero, diverse altezze e dimensioni in base al progetto illuminotecnico.</p><p>Scegliere la Ideal Lux Torre Pt1 significa puntare su una lampada da terra per esterni dal carattere riconoscibile, progettata per completare lo spazio con una luce piacevole, efficiente e coerente con lo stile dell’ambiente.</p>","Ideal Lux Torre Pt1: lampada da terra per esterni IP65 - IP44, design moderno per giardino, terrazzo e vialetti. Scopri varianti e finiture."
IL-CONFIG-083,"<p>La Ideal Lux Tronco Pt1 è una lampada da terra per esterni dal design curato, ideale per illuminare giardini, terrazze, vialetti, ingressi e aree outdoor con una luce elegante e funzionale. Integra dimensioni Ø15.5cm × H25cm - Ø15.5cm × H40.5cm - Ø15.5cm × H60.5cm - Ø15.5cm × H80.5cm, struttura in alluminio e metallo, con 1 luce, attacco E27, potenza 42W, alimentazione 220-240 V AC, grado di protezione IP65, classe 1, peso netto 1,2 kg, caratteristiche che la rendono una soluzione pratica, resistente e facile da inserire in diversi progetti di illuminazione. Le configurazioni disponibili comprendono Antracite H 25 cm, Bianco H 25 cm, Coffee H 25 cm, Grigio H 25 cm, Nero H 25 cm, Antracite D 155 × H 405 mm, Bianco D 155 × H 405 mm, Coffee D 155 × H 405 mm, Grigio D 155 × H 405 mm, Nero D 155 × H 405 mm, Antracite D 155 × H 605 mm e Bianco D 155 × H 605 mm e altre varianti della stessa collezione. In questo modo è possibile scegliere tra finiture Antracite, Bianco, Coffee, Grigio e Nero, diverse altezze e dimensioni in base al progetto illuminotecnico.</p>","<p>La Ideal Lux Tronco Pt1 è una lampada da terra per esterni pensata per offrire un punto luce decorativo e funzionale, capace di valorizzare giardini, terrazze, vialetti, ingressi e aree outdoor. Il design della collezione Tronco Pt1 unisce linee curate e finiture versatili, rendendola adatta a progetti di illuminazione moderni, residenziali e contract.</p><p>Il grado di protezione IP65 la rende adatta agli spazi esterni e agli ambienti esposti, mantenendo una buona affidabilità nell’uso quotidiano. Dal punto di vista tecnico, questa lampada presenta dimensioni Ø15.5cm × H25cm - Ø15.5cm × H40.5cm - Ø15.5cm × H60.5cm - Ø15.5cm × H80.5cm, struttura in alluminio e metallo, con 1 luce, attacco E27, potenza 42W, alimentazione 220-240 V AC, grado di protezione IP65, classe 1, peso netto 1,2 kg, dati che aiutano a scegliere il modello più adatto in base a dimensioni, prestazioni e contesto di installazione.</p><p>Le configurazioni disponibili comprendono Antracite H 25 cm, Bianco H 25 cm, Coffee H 25 cm, Grigio H 25 cm, Nero H 25 cm, Antracite D 155 × H 405 mm, Bianco D 155 × H 405 mm, Coffee D 155 × H 405 mm, Grigio D 155 × H 405 mm, Nero D 155 × H 405 mm, Antracite D 155 × H 605 mm e Bianco D 155 × H 605 mm e altre varianti della stessa collezione. In questo modo è possibile scegliere tra finiture Antracite, Bianco, Coffee, Grigio e Nero, diverse altezze e dimensioni in base al progetto illuminotecnico.</p><p>Scegliere la Ideal Lux Tronco Pt1 significa puntare su una lampada da terra per esterni dal carattere riconoscibile, progettata per completare lo spazio con una luce piacevole, efficiente e coerente con lo stile dell’ambiente.</p>","Lampada da terra Ideal Lux Tronco Pt1 per esterni: IP65 42W ideale per giardino, terrazzo e vialetti, con design moderno e funzionale."
IL-CONFIG-084,"<p>La Ideal Lux Twiggy Line Pt è una lampada da terra per esterni dal design curato, ideale per illuminare giardini, terrazze, vialetti, ingressi e aree outdoor con una luce elegante e funzionale. Integra dimensioni Ø1.8cm × H74cm - Ø1.8cm × H99cm, struttura in alluminio, metallo e vetro, con 1 luce, attacco LED, potenza 5W, alimentazione 3 V DC, grado di protezione IP65, classe 3, lampadina inclusa, peso netto 0,21 kg, caratteristiche che la rendono una soluzione pratica, resistente e facile da inserire in diversi progetti di illuminazione. Le configurazioni disponibili comprendono Coffee H 74 cm, Nero H 74 cm, Coffee H 99 cm e Nero H 99 cm. In questo modo è possibile scegliere tra finiture Coffee e Nero in base al progetto illuminotecnico.</p>","<p>La Ideal Lux Twiggy Line Pt è una lampada da terra per esterni pensata per offrire un punto luce decorativo e funzionale, capace di valorizzare giardini, terrazze, vialetti, ingressi e aree outdoor. Il design della collezione Twiggy Line Pt unisce linee curate e finiture versatili, rendendola adatta a progetti di illuminazione moderni, residenziali e contract.</p><p>Il grado di protezione IP65 la rende adatta agli spazi esterni e agli ambienti esposti, mantenendo una buona affidabilità nell’uso quotidiano. Dal punto di vista tecnico, questa lampada presenta dimensioni Ø1.8cm × H74cm - Ø1.8cm × H99cm, struttura in alluminio, metallo e vetro, con 1 luce, attacco LED, potenza 5W, alimentazione 3 V DC, grado di protezione IP65, classe 3, lampadina inclusa, peso netto 0,21 kg, dati che aiutano a scegliere il modello più adatto in base a dimensioni, prestazioni e contesto di installazione.</p><p>Le configurazioni disponibili comprendono Coffee H 74 cm, Nero H 74 cm, Coffee H 99 cm e Nero H 99 cm. In questo modo è possibile scegliere tra finiture Coffee e Nero in base al progetto illuminotecnico.</p><p>Scegliere la Ideal Lux Twiggy Line Pt significa puntare su una lampada da terra per esterni dal carattere riconoscibile, progettata per completare lo spazio con una luce piacevole, efficiente e coerente con lo stile dell’ambiente.</p>","Lampada da terra Ideal Lux Twiggy Line Pt per esterni in Coffee e Nero: IP65 5W ideale per giardino, terrazzo e vialetti, con design moderno e funzionale."
IL-CONFIG-085,"<p>La Ideal Lux Twiggy Sphere Pt è una lampada da terra per esterni dal design curato, ideale per illuminare giardini, terrazze, vialetti, ingressi e aree outdoor con una luce elegante e funzionale. Integra dimensioni Ø4.5cm × H65cm - Ø4.5cm × H90cm, struttura in alluminio, metallo e vetro, con 1 luce, attacco LED, potenza 5W, alimentazione 3 V DC, grado di protezione IP65, classe 3, lampadina inclusa, peso netto 0,23 kg, caratteristiche che la rendono una soluzione pratica, resistente e facile da inserire in diversi progetti di illuminazione. Le configurazioni disponibili comprendono Coffee H 65 cm, Nero H 65 cm, Coffee H 90 cm e Nero H 90 cm. In questo modo è possibile scegliere tra finiture Coffee e Nero in base al progetto illuminotecnico.</p>","<p>La Ideal Lux Twiggy Sphere Pt è una lampada da terra per esterni pensata per offrire un punto luce decorativo e funzionale, capace di valorizzare giardini, terrazze, vialetti, ingressi e aree outdoor. Il design della collezione Twiggy Sphere Pt unisce linee curate e finiture versatili, rendendola adatta a progetti di illuminazione moderni, residenziali e contract.</p><p>Il grado di protezione IP65 la rende adatta agli spazi esterni e agli ambienti esposti, mantenendo una buona affidabilità nell’uso quotidiano. Dal punto di vista tecnico, questa lampada presenta dimensioni Ø4.5cm × H65cm - Ø4.5cm × H90cm, struttura in alluminio, metallo e vetro, con 1 luce, attacco LED, potenza 5W, alimentazione 3 V DC, grado di protezione IP65, classe 3, lampadina inclusa, peso netto 0,23 kg, dati che aiutano a scegliere il modello più adatto in base a dimensioni, prestazioni e contesto di installazione.</p><p>Le configurazioni disponibili comprendono Coffee H 65 cm, Nero H 65 cm, Coffee H 90 cm e Nero H 90 cm. In questo modo è possibile scegliere tra finiture Coffee e Nero in base al progetto illuminotecnico.</p><p>Scegliere la Ideal Lux Twiggy Sphere Pt significa puntare su una lampada da terra per esterni dal carattere riconoscibile, progettata per completare lo spazio con una luce piacevole, efficiente e coerente con lo stile dell’ambiente.</p>","Lampada da terra Ideal Lux Twiggy Sphere Pt per esterni in Coffee e Nero: IP65 5W ideale per giardino, terrazzo e vialetti, con design moderno e funzionale."
IL-CONFIG-086,"<p>La Ideal Lux Vega Pt1 è una lampada da terra per esterni dal design curato, ideale per illuminare giardini, terrazze, vialetti, ingressi e aree outdoor con una luce elegante e funzionale. Integra dimensioni L15cm × H80cm × P5cm, struttura in alluminio e metallo, con 1 luce, attacco G9, potenza 15W, alimentazione 220-240 V AC, grado di protezione IP44, classe 1, peso netto 1,15 kg, caratteristiche che la rendono una soluzione pratica, resistente e facile da inserire in diversi progetti di illuminazione. Le configurazioni disponibili comprendono Antracite L 150 × H 800 × P 50 mm, Bianco L 150 × H 800 × P 50 mm, Coffee L 150 × H 800 × P 50 mm, Grigio L 150 × H 800 × P 50 mm e Nero L 150 × H 800 × P 50 mm. In questo modo è possibile scegliere tra finiture Antracite, Bianco, Coffee, Grigio e Nero in base al progetto illuminotecnico.</p>","<p>La Ideal Lux Vega Pt1 è una lampada da terra per esterni pensata per offrire un punto luce decorativo e funzionale, capace di valorizzare giardini, terrazze, vialetti, ingressi e aree outdoor. Il design della collezione Vega Pt1 unisce linee curate e finiture versatili, rendendola adatta a progetti di illuminazione moderni, residenziali e contract.</p><p>Il grado di protezione IP44 la rende adatta agli spazi esterni e agli ambienti esposti, mantenendo una buona affidabilità nell’uso quotidiano. Dal punto di vista tecnico, questa lampada presenta dimensioni L15cm × H80cm × P5cm, struttura in alluminio e metallo, con 1 luce, attacco G9, potenza 15W, alimentazione 220-240 V AC, grado di protezione IP44, classe 1, peso netto 1,15 kg, dati che aiutano a scegliere il modello più adatto in base a dimensioni, prestazioni e contesto di installazione.</p><p>Le configurazioni disponibili comprendono Antracite L 150 × H 800 × P 50 mm, Bianco L 150 × H 800 × P 50 mm, Coffee L 150 × H 800 × P 50 mm, Grigio L 150 × H 800 × P 50 mm e Nero L 150 × H 800 × P 50 mm. In questo modo è possibile scegliere tra finiture Antracite, Bianco, Coffee, Grigio e Nero in base al progetto illuminotecnico.</p><p>Scegliere la Ideal Lux Vega Pt1 significa puntare su una lampada da terra per esterni dal carattere riconoscibile, progettata per completare lo spazio con una luce piacevole, efficiente e coerente con lo stile dell’ambiente.</p>","Lampada da terra Ideal Lux Vega Pt1 per esterni: IP44 15W ideale per giardino, terrazzo e vialetti, con design moderno e funzionale."
IL-CONFIG-087,"<p>La Ideal Lux Wally Pt1 Total Black è una lampada da terra per interni dal design curato, ideale per illuminare soggiorni, camere, studi, zone living e ambienti contract con una luce elegante e funzionale. Integra dimensioni L28cm × H160cm × P70cm, struttura in metallo, con 1 luce, attacco E27, potenza 42W, alimentazione 220-240 V AC, grado di protezione IP20, classe 2, peso netto 8,5 kg, caratteristiche che la rendono una soluzione pratica, resistente e facile da inserire in diversi progetti di illuminazione. La configurazione disponibile è Nero, pensata per integrarsi con finiture e materiali coordinati all’ambiente.</p>","<p>La Ideal Lux Wally Pt1 Total Black è una lampada da terra per interni pensata per offrire un punto luce decorativo e funzionale, capace di valorizzare soggiorni, camere, studi, zone living e ambienti contract. Il design della collezione Wally Pt1 Total Black unisce linee curate e finiture versatili, rendendola adatta a progetti di illuminazione moderni, residenziali e contract.</p><p>Il grado di protezione IP20 è coerente con l’uso in ambienti interni, dove comfort visivo e resa estetica sono elementi centrali. Dal punto di vista tecnico, questa lampada presenta dimensioni L28cm × H160cm × P70cm, struttura in metallo, con 1 luce, attacco E27, potenza 42W, alimentazione 220-240 V AC, grado di protezione IP20, classe 2, peso netto 8,5 kg, dati che aiutano a scegliere il modello più adatto in base a dimensioni, prestazioni e contesto di installazione.</p><p>La configurazione disponibile è Nero, pensata per integrarsi con finiture e materiali coordinati all’ambiente.</p><p>Scegliere la Ideal Lux Wally Pt1 Total Black significa puntare su una lampada da terra per interni dal carattere riconoscibile, progettata per completare lo spazio con una luce piacevole, efficiente e coerente con lo stile dell’ambiente.</p>","Lampada da terra Ideal Lux Wally Pt1 Total Black per interni in Nero: IP20 42W ideale per soggiorno, studio e zona living, con design moderno e funzionale."
IL-CONFIG-088,"<p>La Ideal Lux Yoko Pt è una lampada da terra per interni dal design curato, ideale per illuminare soggiorni, camere, studi, zone living e ambienti contract con una luce elegante e funzionale. Integra dimensioni Ø20cm × H146.5cm, struttura in alluminio, metallo e ps, con 1 luce, attacco LED, potenza 16W, alimentazione 220-240 V AC, grado di protezione IP20, classe 2, lampadina inclusa, dimmerabile, peso netto 1,65 kg, caratteristiche che la rendono una soluzione pratica, resistente e facile da inserire in diversi progetti di illuminazione. Le configurazioni disponibili comprendono Bianco D 200 × H 1465 mm e Nero D 200 × H 1465 mm. In questo modo è possibile scegliere tra finiture Bianco e Nero in base al progetto illuminotecnico.</p>","<p>La Ideal Lux Yoko Pt è una lampada da terra per interni pensata per offrire un punto luce decorativo e funzionale, capace di valorizzare soggiorni, camere, studi, zone living e ambienti contract. Il design della collezione Yoko Pt unisce linee curate e finiture versatili, rendendola adatta a progetti di illuminazione moderni, residenziali e contract.</p><p>Il grado di protezione IP20 è coerente con l’uso in ambienti interni, dove comfort visivo e resa estetica sono elementi centrali. Dal punto di vista tecnico, questa lampada presenta dimensioni Ø20cm × H146.5cm, struttura in alluminio, metallo e ps, con 1 luce, attacco LED, potenza 16W, alimentazione 220-240 V AC, grado di protezione IP20, classe 2, lampadina inclusa, dimmerabile, peso netto 1,65 kg, dati che aiutano a scegliere il modello più adatto in base a dimensioni, prestazioni e contesto di installazione.</p><p>Le configurazioni disponibili comprendono Bianco D 200 × H 1465 mm e Nero D 200 × H 1465 mm. In questo modo è possibile scegliere tra finiture Bianco e Nero in base al progetto illuminotecnico.</p><p>Scegliere la Ideal Lux Yoko Pt significa puntare su una lampada da terra per interni dal carattere riconoscibile, progettata per completare lo spazio con una luce piacevole, efficiente e coerente con lo stile dell’ambiente.</p>","Lampada da terra Ideal Lux Yoko Pt per interni in Bianco e Nero: IP20 16W ideale per soggiorno, studio e zona living, con design moderno e funzionale."
IL-CONFIG-089,"<p>La Ideal Lux York Pt1 è una lampada da terra per interni dal design curato, ideale per illuminare soggiorni, camere, studi, zone living e ambienti contract con una luce elegante e funzionale. Integra dimensioni Ø48cm × H164cm, struttura in legno e tessuto, con 1 luce, attacco E27, potenza 42W, alimentazione 220-240 V AC, grado di protezione IP20, classe 2, peso netto 2,81 kg, caratteristiche che la rendono una soluzione pratica, resistente e facile da inserire in diversi progetti di illuminazione. Le configurazioni disponibili comprendono Bianco D 480 × H 1640 mm e Nero D 480 × H 1640 mm. In questo modo è possibile scegliere tra finiture Bianco e Nero in base al progetto illuminotecnico.</p>","<p>La Ideal Lux York Pt1 è una lampada da terra per interni pensata per offrire un punto luce decorativo e funzionale, capace di valorizzare soggiorni, camere, studi, zone living e ambienti contract. Il design della collezione York Pt1 unisce linee curate e finiture versatili, rendendola adatta a progetti di illuminazione moderni, residenziali e contract.</p><p>Il grado di protezione IP20 è coerente con l’uso in ambienti interni, dove comfort visivo e resa estetica sono elementi centrali. Dal punto di vista tecnico, questa lampada presenta dimensioni Ø48cm × H164cm, struttura in legno e tessuto, con 1 luce, attacco E27, potenza 42W, alimentazione 220-240 V AC, grado di protezione IP20, classe 2, peso netto 2,81 kg, dati che aiutano a scegliere il modello più adatto in base a dimensioni, prestazioni e contesto di installazione.</p><p>Le configurazioni disponibili comprendono Bianco D 480 × H 1640 mm e Nero D 480 × H 1640 mm. In questo modo è possibile scegliere tra finiture Bianco e Nero in base al progetto illuminotecnico.</p><p>Scegliere la Ideal Lux York Pt1 significa puntare su una lampada da terra per interni dal carattere riconoscibile, progettata per completare lo spazio con una luce piacevole, efficiente e coerente con lo stile dell’ambiente.</p>","Lampada da terra Ideal Lux York Pt1 per interni in Bianco e Nero: IP20 42W ideale per soggiorno, studio e zona living, con design moderno e funzionale."
IL-CONFIG-090,"<p>La Ideal Lux York Pt1 Wood è una lampada da terra per interni dal design curato, ideale per illuminare soggiorni, camere, studi, zone living e ambienti contract con una luce elegante e funzionale. Integra dimensioni Ø48cm × H164cm, struttura in legno e tessuto, con 1 luce, attacco E27, potenza 42W, alimentazione 220-240 V AC, grado di protezione IP20, classe 2, peso netto 2,81 kg, caratteristiche che la rendono una soluzione pratica, resistente e facile da inserire in diversi progetti di illuminazione. La configurazione disponibile è Legno, pensata per integrarsi con finiture e materiali coordinati all’ambiente.</p>","<p>La Ideal Lux York Pt1 Wood è una lampada da terra per interni pensata per offrire un punto luce decorativo e funzionale, capace di valorizzare soggiorni, camere, studi, zone living e ambienti contract. Il design della collezione York Pt1 Wood unisce linee curate e finiture versatili, rendendola adatta a progetti di illuminazione moderni, residenziali e contract.</p><p>Il grado di protezione IP20 è coerente con l’uso in ambienti interni, dove comfort visivo e resa estetica sono elementi centrali. Dal punto di vista tecnico, questa lampada presenta dimensioni Ø48cm × H164cm, struttura in legno e tessuto, con 1 luce, attacco E27, potenza 42W, alimentazione 220-240 V AC, grado di protezione IP20, classe 2, peso netto 2,81 kg, dati che aiutano a scegliere il modello più adatto in base a dimensioni, prestazioni e contesto di installazione.</p><p>La configurazione disponibile è Legno, pensata per integrarsi con finiture e materiali coordinati all’ambiente.</p><p>Scegliere la Ideal Lux York Pt1 Wood significa puntare su una lampada da terra per interni dal carattere riconoscibile, progettata per completare lo spazio con una luce piacevole, efficiente e coerente con lo stile dell’ambiente.</p>","Lampada da terra Ideal Lux York Pt1 Wood per interni: IP20 42W ideale per soggiorno, studio e zona living, con design moderno e funzionale."
