sku,short_description,description,meta_description
IL-CONFIG-479,"Ideal Lux Admiral è una plafoniera decorativa per salotti, sale da pranzo e ambienti hospitality. La famiglia comprende 2 configurazioni con struttura in metallo, vetro e cristallo. Misure: L 300 × H 300 × P 145 mm e L 510 × H 510 × P 145 mm. Finiture: cromo. Sorgenti: portalampada G9. Punti luce: 4 e 8. Potenze: G9 max 4 x 40W e G9 max 8 x 40W. Una soluzione pensata per scegliere la plafoniera in base a metratura, altezza del soffitto, stile dell’arredo e funzione dell’ambiente. Per una scelta consapevole, confronta ingombro, numero di punti luce, finitura e tecnologia della sorgente con la superficie da illuminare e con gli altri apparecchi presenti nel progetto.","La plafoniera Ideal Lux Admiral propone una lettura decorativa dell’illuminazione a soffitto, con una composizione studiata per aggiungere riflessi, profondità e presenza scenica all’ambiente. La struttura utilizza metallo, vetro e cristallo; materiali e finiture concorrono a definire la qualità visiva del prodotto sia da acceso sia da spento.

Le dimensioni disponibili sono L 300 × H 300 × P 145 mm e L 510 × H 510 × P 145 mm. Le finiture disponibili comprendono cromo. Le sorgenti previste sono portalampada G9. Le potenze specifiche delle configurazioni sono G9 max 4 x 40W e G9 max 8 x 40W. Il numero di punti luce varia tra 4 e 8.

Le versioni con portalampada G9 consentono di scegliere sorgenti compatibili in base a flusso luminoso, temperatura colore e resa cromatica desiderati. Le configurazioni prevedono 4 e 8 punti luce, permettendo di modulare la presenza luminosa in base a dimensioni e destinazione dell’ambiente. Le potenze dichiarate per le varianti sono G9 max 4 x 40W e G9 max 8 x 40W.

Pensata per ambienti interni rappresentativi, la plafoniera Admiral può diventare il punto focale di un salone, di una zona pranzo, di una camera matrimoniale o di un ingresso con soffitti non troppo alti. La presenza decorativa la rende adatta anche a boutique, reception, lounge, hall di hotel, ristoranti, sale cerimonia e spazi hospitality in cui l’illuminazione contribuisce all’atmosfera oltre che alla visibilità. Per ottenere un risultato equilibrato conviene dimensionare numero di luci e ingombro rispetto al tavolo, al divano o alla zona di accoglienza da valorizzare.

Nella scelta della plafoniera Admiral è utile considerare il diametro o l’ingombro più proporzionato, la finitura prevista dalla collezione e la sorgente più adatta al livello di luce richiesto. In un soggiorno ampio o in una sala commerciale può essere opportuno abbinare la lampada a soffitto a ulteriori fonti di luce, mentre in corridoi, ingressi e zone di servizio una configurazione compatta può offrire un risultato più misurato. Il montaggio a soffitto mantiene libero lo spazio a parete e contribuisce a rendere più leggibile l’architettura degli interni.

Con Ideal Lux Admiral, la lampada da soffitto diventa un elemento utile per costruire una luce stratificata e coerente: illuminazione generale, accento sugli arredi e comfort visivo possono convivere nello stesso progetto. La varietà di configurazioni rende la collezione una scelta efficace per chi cerca una plafoniera adatta sia al rinnovo di un singolo ambiente sia a un intervento coordinato su casa, studio, negozio o struttura ricettiva.","Plafoniera Ideal Lux Admiral: portalampada G9, finiture cromo. Ideale per salotti, sale da pranzo, hotel e ristoranti. Disponibile online. Per interni eleganti."
IL-CONFIG-480,"Ideal Lux Angolo è una plafoniera con diffusione luminosa confortevole per soggiorni, camere, ingressi e locali accoglienti. La famiglia comprende 2 configurazioni con struttura in alluminio, metallo e vetro. Misure: L 686 × H 250 × P 200 mm. Finiture: nero e ottone; rosoni/dettagli ottone. Sorgenti: portalampada G9. Punti luce: 3. Potenze: G9 max 3 x 28W. Una soluzione pensata per scegliere la plafoniera in base a metratura, altezza del soffitto, stile dell’arredo e funzione dell’ambiente. Per una scelta consapevole, confronta ingombro, numero di punti luce, finitura e tecnologia della sorgente con la superficie da illuminare e con gli altri apparecchi presenti nel progetto.","Ideal Lux Angolo è una plafoniera che unisce una forma compatta a una luce addolcita dai materiali diffusori, ideale quando l’illuminazione generale deve risultare confortevole e decorativa. La struttura utilizza alluminio, metallo e vetro; materiali e finiture concorrono a definire la qualità visiva del prodotto sia da acceso sia da spento.

Le dimensioni disponibili sono L 686 × H 250 × P 200 mm. Le finiture disponibili comprendono nero e ottone; i rosoni e i dettagli possono essere ottone. Le sorgenti previste sono portalampada G9. Le potenze specifiche delle configurazioni sono G9 max 3 x 28W. Il numero di punti luce è pari a 3.

Le versioni con portalampada G9 consentono di scegliere sorgenti compatibili in base a flusso luminoso, temperatura colore e resa cromatica desiderati. Il numero di punti luce è pari a 3, un dato utile per valutare il contributo della plafoniera all’illuminazione generale o d’accento. Le potenze dichiarate per le varianti sono G9 max 3 x 28W.

La lampada a soffitto Angolo si inserisce con naturalezza in soggiorni, salotti, cucine, camere da letto, camerette, corridoi e ingressi, dove una luce diffusa rende più confortevoli le attività quotidiane. Può essere scelta anche per B&B, piccoli hotel, ristoranti, sale colazione, studi medici e locali commerciali che desiderano un’illuminazione accogliente senza rinunciare a un elemento decorativo. La selezione della dimensione e del numero di sorgenti consente di adattare la presenza della plafoniera alla metratura dell’ambiente e all’altezza utile del soffitto.

Nella scelta della plafoniera Angolo è utile considerare la misura disponibile, la finitura che dialoga con arredi e serramenti e la sorgente più adatta al livello di luce richiesto. In un soggiorno ampio o in una sala commerciale può essere opportuno abbinare la lampada a soffitto a ulteriori fonti di luce, mentre in corridoi, ingressi e zone di servizio una configurazione compatta può offrire un risultato più misurato. Il montaggio a soffitto mantiene libero lo spazio a parete e contribuisce a rendere più leggibile l’architettura degli interni.

Con Ideal Lux Angolo, la lampada da soffitto diventa un elemento utile per costruire una luce stratificata e coerente: illuminazione generale, accento sugli arredi e comfort visivo possono convivere nello stesso progetto. La varietà di configurazioni rende la collezione una scelta efficace per chi cerca una plafoniera adatta sia al rinnovo di un singolo ambiente sia a un intervento coordinato su casa, studio, negozio o struttura ricettiva.","Lampada da soffitto Ideal Lux Angolo: portalampada G9, finiture nero e ottone. Ideale per soggiorni, camere, cucine, ingressi e locali commerciali. Per interni."
IL-CONFIG-481,"Ideal Lux Arizona è una plafoniera con diffusione luminosa confortevole per soggiorni, camere, ingressi e locali accoglienti. La famiglia comprende 3 configurazioni con struttura in vetro. Misure: D 300 × H 180 mm, D 400 × H 210 mm e D 500 × H 250 mm. Finiture: bianco. Sorgenti: portalampada GX53. Punti luce: 2, 3 e 5. Potenze: GX53 max 2 x 9W, GX53 max 3 x 9W e GX53 max 5 x 9W. Una soluzione pensata per scegliere la plafoniera in base a metratura, altezza del soffitto, stile dell’arredo e funzione dell’ambiente. Per una scelta consapevole, confronta ingombro, numero di punti luce, finitura e tecnologia della sorgente con la superficie da illuminare e con gli altri apparecchi presenti nel progetto.","Ideal Lux Arizona è una plafoniera che unisce una forma compatta a una luce addolcita dai materiali diffusori, ideale quando l’illuminazione generale deve risultare confortevole e decorativa. La struttura utilizza vetro; materiali e finiture concorrono a definire la qualità visiva del prodotto sia da acceso sia da spento. Le informazioni della famiglia descrivono inoltre Montatura in metallo rifinito in ottone satinato. Diffusore in vetro bianco soffiato, acidato e con rigature decorative in rilievo.

Le dimensioni disponibili sono D 300 × H 180 mm, D 400 × H 210 mm e D 500 × H 250 mm. Le finiture disponibili comprendono bianco. Le sorgenti previste sono portalampada GX53. Le potenze specifiche delle configurazioni sono GX53 max 2 x 9W, GX53 max 3 x 9W e GX53 max 5 x 9W. Il numero di punti luce varia tra 2, 3 e 5.

Le versioni con portalampada GX53 consentono di scegliere sorgenti compatibili in base a flusso luminoso, temperatura colore e resa cromatica desiderati. Le configurazioni prevedono 2, 3 e 5 punti luce, permettendo di modulare la presenza luminosa in base a dimensioni e destinazione dell’ambiente. Le potenze dichiarate per le varianti sono GX53 max 2 x 9W, GX53 max 3 x 9W e GX53 max 5 x 9W.

La lampada a soffitto Arizona si inserisce con naturalezza in soggiorni, salotti, cucine, camere da letto, camerette, corridoi e ingressi, dove una luce diffusa rende più confortevoli le attività quotidiane. Può essere scelta anche per B&B, piccoli hotel, ristoranti, sale colazione, studi medici e locali commerciali che desiderano un’illuminazione accogliente senza rinunciare a un elemento decorativo. La selezione della dimensione e del numero di sorgenti consente di adattare la presenza della plafoniera alla metratura dell’ambiente e all’altezza utile del soffitto.

Nella scelta della plafoniera Arizona è utile considerare il diametro o l’ingombro più proporzionato, la finitura prevista dalla collezione e la sorgente più adatta al livello di luce richiesto. In un soggiorno ampio o in una sala commerciale può essere opportuno abbinare la lampada a soffitto a ulteriori fonti di luce, mentre in corridoi, ingressi e zone di servizio una configurazione compatta può offrire un risultato più misurato. Il montaggio a soffitto mantiene libero lo spazio a parete e contribuisce a rendere più leggibile l’architettura degli interni.

Con Ideal Lux Arizona, la lampada da soffitto diventa un elemento utile per costruire una luce stratificata e coerente: illuminazione generale, accento sugli arredi e comfort visivo possono convivere nello stesso progetto. La varietà di configurazioni rende la collezione una scelta efficace per chi cerca una plafoniera adatta sia al rinnovo di un singolo ambiente sia a un intervento coordinato su casa, studio, negozio o struttura ricettiva.","Plafoniera Ideal Lux Arizona, portalampada GX53. Ideale per soggiorni, camere, cucine, ingressi e locali commerciali. Disponibile online. In più configurazioni."
IL-CONFIG-482,"Ideal Lux Armony è una plafoniera LED per ambienti residenziali, uffici, negozi e zone living. La famiglia comprende 3 configurazioni con struttura in metallo e vetro. Misure: D 500 × H 320 mm, D 600 × H 320 mm e D 750 × H 320 mm. Finiture: bianco. Sorgenti: LED integrato. Punti luce: 1. Potenze: LED 48W, LED 56W e LED 70W. Versioni dimmerabili per modulare l’intensità luminosa. Una soluzione pensata per scegliere la plafoniera in base a metratura, altezza del soffitto, stile dell’arredo e funzione dell’ambiente. Per una scelta consapevole, confronta ingombro, numero di punti luce, finitura e tecnologia della sorgente con la superficie da illuminare e con gli altri apparecchi presenti nel progetto.","Ideal Lux Armony è una plafoniera LED progettata per integrare illuminazione e architettura d’interni con un ingombro controllato e un’emissione adatta alla vita quotidiana. La struttura utilizza metallo e vetro; materiali e finiture concorrono a definire la qualità visiva del prodotto sia da acceso sia da spento.

Le dimensioni disponibili sono D 500 × H 320 mm, D 600 × H 320 mm e D 750 × H 320 mm. Le finiture disponibili comprendono bianco. Le sorgenti previste sono LED integrato. Le potenze specifiche delle configurazioni sono LED 48W, LED 56W e LED 70W. Il numero di punti luce è pari a 1. Tutte le configurazioni sono dimmerabili.

La famiglia adotta una sorgente LED integrata, soluzione che mantiene la superficie della plafoniera ordinata e riduce la necessità di lampadine visibili. Il numero di punti luce è pari a 1, un dato utile per valutare il contributo della plafoniera all’illuminazione generale o d’accento. Le potenze dichiarate per le varianti sono LED 48W, LED 56W e LED 70W. Tutte le varianti sono dimmerabili, caratteristica utile per adattare l’intensità luminosa a momenti di relax, lavoro, accoglienza o servizio.

Armony è pensata per soggiorni, cucine, camere, camerette, corridoi, ingressi, studi domestici e zone living che richiedono un’illuminazione ordinata e continua. In un progetto professionale può trovare collocazione in uffici, sale riunioni, reception, negozi, showroom, aree di servizio, spazi di attesa e locali destinati alla ristorazione. La scelta dell’ingombro e della potenza consente di graduare la luce in base alla superficie, alla presenza di altri punti luminosi e al colore delle finiture interne.

Nella scelta della plafoniera Armony è utile considerare il diametro o l’ingombro più proporzionato, la finitura prevista dalla collezione e la potenza e la temperatura colore più coerenti con l’uso dello spazio. In un soggiorno ampio o in una sala commerciale può essere opportuno abbinare la lampada a soffitto a ulteriori fonti di luce, mentre in corridoi, ingressi e zone di servizio una configurazione compatta può offrire un risultato più misurato. Il montaggio a soffitto mantiene libero lo spazio a parete e contribuisce a rendere più leggibile l’architettura degli interni. La dimmerazione consente inoltre di accompagnare la giornata con scenari luminosi diversi, dalla luce piena per le attività alla luce attenuata per la convivialità.

Con Ideal Lux Armony, la lampada da soffitto diventa un elemento utile per costruire una luce stratificata e coerente: illuminazione generale, accento sugli arredi e comfort visivo possono convivere nello stesso progetto. La varietà di configurazioni rende la collezione una scelta efficace per chi cerca una plafoniera adatta sia al rinnovo di un singolo ambiente sia a un intervento coordinato su casa, studio, negozio o struttura ricettiva.","Plafoniera Ideal Lux Armony in metallo e vetro, finiture bianco, LED integrato. Ideale per living, camere, cucine, uffici e spazi commerciali. Con più finiture."
IL-CONFIG-483,"Ideal Lux Atlas è una plafoniera con diffusione luminosa confortevole per soggiorni, camere, ingressi e locali accoglienti. La famiglia comprende 6 configurazioni con struttura in metallo e vetro. Misure: L 500 × H 165 × P 600 mm e L 1060 × H 265 × P 545 mm. Finiture: bianco, nero e oro. Sorgenti: portalampada G9. Punti luce: 3 e 5. Potenze: G9 max 3 x 4W e G9 max 5 x 4W. Una soluzione pensata per scegliere la plafoniera in base a metratura, altezza del soffitto, stile dell’arredo e funzione dell’ambiente. Per una scelta consapevole, confronta ingombro, numero di punti luce, finitura e tecnologia della sorgente con la superficie da illuminare e con gli altri apparecchi presenti nel progetto.","Ideal Lux Atlas è una plafoniera che unisce una forma compatta a una luce addolcita dai materiali diffusori, ideale quando l’illuminazione generale deve risultare confortevole e decorativa. La struttura utilizza metallo e vetro; materiali e finiture concorrono a definire la qualità visiva del prodotto sia da acceso sia da spento.

Le dimensioni disponibili sono L 500 × H 165 × P 600 mm e L 1060 × H 265 × P 545 mm. Le finiture disponibili comprendono bianco, nero e oro. Le sorgenti previste sono portalampada G9. Le potenze specifiche delle configurazioni sono G9 max 3 x 4W e G9 max 5 x 4W. Il numero di punti luce varia tra 3 e 5.

Le versioni con portalampada G9 consentono di scegliere sorgenti compatibili in base a flusso luminoso, temperatura colore e resa cromatica desiderati. Le configurazioni prevedono 3 e 5 punti luce, permettendo di modulare la presenza luminosa in base a dimensioni e destinazione dell’ambiente. Le potenze dichiarate per le varianti sono G9 max 3 x 4W e G9 max 5 x 4W.

La lampada a soffitto Atlas si inserisce con naturalezza in soggiorni, salotti, cucine, camere da letto, camerette, corridoi e ingressi, dove una luce diffusa rende più confortevoli le attività quotidiane. Può essere scelta anche per B&B, piccoli hotel, ristoranti, sale colazione, studi medici e locali commerciali che desiderano un’illuminazione accogliente senza rinunciare a un elemento decorativo. La selezione della dimensione e del numero di sorgenti consente di adattare la presenza della plafoniera alla metratura dell’ambiente e all’altezza utile del soffitto.

Nella scelta della plafoniera Atlas è utile considerare il diametro o l’ingombro più proporzionato, la finitura che dialoga con arredi e serramenti e la sorgente più adatta al livello di luce richiesto. In un soggiorno ampio o in una sala commerciale può essere opportuno abbinare la lampada a soffitto a ulteriori fonti di luce, mentre in corridoi, ingressi e zone di servizio una configurazione compatta può offrire un risultato più misurato. Il montaggio a soffitto mantiene libero lo spazio a parete e contribuisce a rendere più leggibile l’architettura degli interni.

Con Ideal Lux Atlas, la lampada da soffitto diventa un elemento utile per costruire una luce stratificata e coerente: illuminazione generale, accento sugli arredi e comfort visivo possono convivere nello stesso progetto. La varietà di configurazioni rende la collezione una scelta efficace per chi cerca una plafoniera adatta sia al rinnovo di un singolo ambiente sia a un intervento coordinato su casa, studio, negozio o struttura ricettiva.","Plafoniera Ideal Lux Atlas: portalampada G9, finiture bianco, nero e oro. Ideale per soggiorni, camere, cucine, ingressi e locali commerciali. Con più finiture."
IL-CONFIG-484,"Ideal Lux Atrium è una plafoniera LED per ambienti residenziali, uffici, negozi e zone living. La famiglia comprende 3 configurazioni con struttura in alluminio, vetro e materiale plastico. Misure: D 350 × H 140 mm, D 450 × H 170 mm e D 550 × H 200 mm. Finiture: bianco. Sorgenti: LED integrato. Punti luce: 1. Potenze: LED 16W, LED 22W e LED 29W. Una soluzione pensata per scegliere la plafoniera in base a metratura, altezza del soffitto, stile dell’arredo e funzione dell’ambiente. Per una scelta consapevole, confronta ingombro, numero di punti luce, finitura e tecnologia della sorgente con la superficie da illuminare e con gli altri apparecchi presenti nel progetto.","Ideal Lux Atrium è una plafoniera LED progettata per integrare illuminazione e architettura d’interni con un ingombro controllato e un’emissione adatta alla vita quotidiana. La struttura utilizza alluminio, vetro e materiale plastico; materiali e finiture concorrono a definire la qualità visiva del prodotto sia da acceso sia da spento.

Le dimensioni disponibili sono D 350 × H 140 mm, D 450 × H 170 mm e D 550 × H 200 mm. Le finiture disponibili comprendono bianco. Le sorgenti previste sono LED integrato. Le potenze specifiche delle configurazioni sono LED 16W, LED 22W e LED 29W. Il numero di punti luce è pari a 1.

La famiglia adotta una sorgente LED integrata, soluzione che mantiene la superficie della plafoniera ordinata e riduce la necessità di lampadine visibili. Il numero di punti luce è pari a 1, un dato utile per valutare il contributo della plafoniera all’illuminazione generale o d’accento. Le potenze dichiarate per le varianti sono LED 16W, LED 22W e LED 29W.

Atrium è pensata per soggiorni, cucine, camere, camerette, corridoi, ingressi, studi domestici e zone living che richiedono un’illuminazione ordinata e continua. In un progetto professionale può trovare collocazione in uffici, sale riunioni, reception, negozi, showroom, aree di servizio, spazi di attesa e locali destinati alla ristorazione. La scelta dell’ingombro e della potenza consente di graduare la luce in base alla superficie, alla presenza di altri punti luminosi e al colore delle finiture interne.

Nella scelta della plafoniera Atrium è utile considerare il diametro o l’ingombro più proporzionato, la finitura prevista dalla collezione e la potenza e la temperatura colore più coerenti con l’uso dello spazio. In un soggiorno ampio o in una sala commerciale può essere opportuno abbinare la lampada a soffitto a ulteriori fonti di luce, mentre in corridoi, ingressi e zone di servizio una configurazione compatta può offrire un risultato più misurato. Il montaggio a soffitto mantiene libero lo spazio a parete e contribuisce a rendere più leggibile l’architettura degli interni.

Con Ideal Lux Atrium, la lampada da soffitto diventa un elemento utile per costruire una luce stratificata e coerente: illuminazione generale, accento sugli arredi e comfort visivo possono convivere nello stesso progetto. La varietà di configurazioni rende la collezione una scelta efficace per chi cerca una plafoniera adatta sia al rinnovo di un singolo ambiente sia a un intervento coordinato su casa, studio, negozio o struttura ricettiva.","Plafoniera Ideal Lux Atrium: LED integrato, finiture bianco. Ideale per living, camere, cucine, uffici e spazi commerciali. In diverse misure. Con più finiture."
IL-CONFIG-485,"Ideal Lux Binomio Ap è una plafoniera con diffusione luminosa confortevole per soggiorni, camere, ingressi e locali accoglienti. La famiglia comprende 3 configurazioni con struttura in metallo e vetro. Misure: L 333 × H 120 × P 150 mm. Finiture: bianco, nero e ottone. Sorgenti: portalampada G9. Punti luce: 1. Potenze: G9 max 1 x 4W. Una soluzione pensata per scegliere la plafoniera in base a metratura, altezza del soffitto, stile dell’arredo e funzione dell’ambiente. Per una scelta consapevole, confronta ingombro, numero di punti luce, finitura e tecnologia della sorgente con la superficie da illuminare e con gli altri apparecchi presenti nel progetto.","Ideal Lux Binomio Ap è una plafoniera che unisce una forma compatta a una luce addolcita dai materiali diffusori, ideale quando l’illuminazione generale deve risultare confortevole e decorativa. La struttura utilizza metallo e vetro; materiali e finiture concorrono a definire la qualità visiva del prodotto sia da acceso sia da spento.

Le dimensioni disponibili sono L 333 × H 120 × P 150 mm. Le finiture disponibili comprendono bianco, nero e ottone. Le sorgenti previste sono portalampada G9. Le potenze specifiche delle configurazioni sono G9 max 1 x 4W. Il numero di punti luce è pari a 1.

Le versioni con portalampada G9 consentono di scegliere sorgenti compatibili in base a flusso luminoso, temperatura colore e resa cromatica desiderati. Il numero di punti luce è pari a 1, un dato utile per valutare il contributo della plafoniera all’illuminazione generale o d’accento. Le potenze dichiarate per le varianti sono G9 max 1 x 4W.

La lampada a soffitto Binomio Ap si inserisce con naturalezza in soggiorni, salotti, cucine, camere da letto, camerette, corridoi e ingressi, dove una luce diffusa rende più confortevoli le attività quotidiane. Può essere scelta anche per B&B, piccoli hotel, ristoranti, sale colazione, studi medici e locali commerciali che desiderano un’illuminazione accogliente senza rinunciare a un elemento decorativo. La selezione della dimensione e del numero di sorgenti consente di adattare la presenza della plafoniera alla metratura dell’ambiente e all’altezza utile del soffitto.

Nella scelta della plafoniera Binomio Ap è utile considerare la misura disponibile, la finitura che dialoga con arredi e serramenti e la sorgente più adatta al livello di luce richiesto. In un soggiorno ampio o in una sala commerciale può essere opportuno abbinare la lampada a soffitto a ulteriori fonti di luce, mentre in corridoi, ingressi e zone di servizio una configurazione compatta può offrire un risultato più misurato. Il montaggio a soffitto mantiene libero lo spazio a parete e contribuisce a rendere più leggibile l’architettura degli interni.

Con Ideal Lux Binomio Ap, la lampada da soffitto diventa un elemento utile per costruire una luce stratificata e coerente: illuminazione generale, accento sugli arredi e comfort visivo possono convivere nello stesso progetto. La varietà di configurazioni rende la collezione una scelta efficace per chi cerca una plafoniera adatta sia al rinnovo di un singolo ambiente sia a un intervento coordinato su casa, studio, negozio o struttura ricettiva.","Plafoniera Ideal Lux Binomio Ap, portalampada G9. Ideale per soggiorni, camere, cucine, ingressi e locali commerciali. In più configurazioni. In diverse misure."
IL-CONFIG-486,"Ideal Lux Binomio Led pl è una plafoniera LED per ambienti residenziali, uffici, negozi e zone living. La famiglia comprende 6 configurazioni con struttura in metallo e vetro. Misure: L 309 × H 90 × P 60 mm e L 435 × H 90 × P 60 mm. Finiture: bianco, nero e ottone. Sorgenti: LED integrato. Punti luce: 4 e 6. Potenze: LED 12W e LED 18W. Una soluzione pensata per scegliere la plafoniera in base a metratura, altezza del soffitto, stile dell’arredo e funzione dell’ambiente. Per una scelta consapevole, confronta ingombro, numero di punti luce, finitura e tecnologia della sorgente con la superficie da illuminare e con gli altri apparecchi presenti nel progetto.","Ideal Lux Binomio Led pl è una plafoniera LED progettata per integrare illuminazione e architettura d’interni con un ingombro controllato e un’emissione adatta alla vita quotidiana. La struttura utilizza metallo e vetro; materiali e finiture concorrono a definire la qualità visiva del prodotto sia da acceso sia da spento.

Le dimensioni disponibili sono L 309 × H 90 × P 60 mm e L 435 × H 90 × P 60 mm. Le finiture disponibili comprendono bianco, nero e ottone. Le sorgenti previste sono LED integrato. Le potenze specifiche delle configurazioni sono LED 12W e LED 18W. Il numero di punti luce varia tra 4 e 6.

La famiglia adotta una sorgente LED integrata, soluzione che mantiene la superficie della plafoniera ordinata e riduce la necessità di lampadine visibili. Le configurazioni prevedono 4 e 6 punti luce, permettendo di modulare la presenza luminosa in base a dimensioni e destinazione dell’ambiente. Le potenze dichiarate per le varianti sono LED 12W e LED 18W.

Binomio Led pl è pensata per soggiorni, cucine, camere, camerette, corridoi, ingressi, studi domestici e zone living che richiedono un’illuminazione ordinata e continua. In un progetto professionale può trovare collocazione in uffici, sale riunioni, reception, negozi, showroom, aree di servizio, spazi di attesa e locali destinati alla ristorazione. La scelta dell’ingombro e della potenza consente di graduare la luce in base alla superficie, alla presenza di altri punti luminosi e al colore delle finiture interne.

Nella scelta della plafoniera Binomio Led pl è utile considerare il diametro o l’ingombro più proporzionato, la finitura che dialoga con arredi e serramenti e la potenza e la temperatura colore più coerenti con l’uso dello spazio. In un soggiorno ampio o in una sala commerciale può essere opportuno abbinare la lampada a soffitto a ulteriori fonti di luce, mentre in corridoi, ingressi e zone di servizio una configurazione compatta può offrire un risultato più misurato. Il montaggio a soffitto mantiene libero lo spazio a parete e contribuisce a rendere più leggibile l’architettura degli interni.

Con Ideal Lux Binomio Led pl, la lampada da soffitto diventa un elemento utile per costruire una luce stratificata e coerente: illuminazione generale, accento sugli arredi e comfort visivo possono convivere nello stesso progetto. La varietà di configurazioni rende la collezione una scelta efficace per chi cerca una plafoniera adatta sia al rinnovo di un singolo ambiente sia a un intervento coordinato su casa, studio, negozio o struttura ricettiva.","Plafoniera Ideal Lux Binomio Led pl: LED integrato, finiture bianco, nero e ottone. Ideale per living, camere, cucine, uffici e spazi commerciali. Per interni."
IL-CONFIG-487,"Ideal Lux Binomio Pl è una plafoniera con diffusione luminosa confortevole per soggiorni, camere, ingressi e locali accoglienti. La famiglia comprende 6 configurazioni con struttura in metallo e vetro. Misure: L 557 × H 150 × P 120 mm e L 860 × H 150 × P 120 mm. Finiture: bianco, nero e ottone. Sorgenti: portalampada G9. Punti luce: 2 e 4. Potenze: G9 max 2 x 4W e G9 max 4 x 4W. Una soluzione pensata per scegliere la plafoniera in base a metratura, altezza del soffitto, stile dell’arredo e funzione dell’ambiente. Per una scelta consapevole, confronta ingombro, numero di punti luce, finitura e tecnologia della sorgente con la superficie da illuminare e con gli altri apparecchi presenti nel progetto.","Ideal Lux Binomio Pl è una plafoniera che unisce una forma compatta a una luce addolcita dai materiali diffusori, ideale quando l’illuminazione generale deve risultare confortevole e decorativa. La struttura utilizza metallo e vetro; materiali e finiture concorrono a definire la qualità visiva del prodotto sia da acceso sia da spento.

Le dimensioni disponibili sono L 557 × H 150 × P 120 mm e L 860 × H 150 × P 120 mm. Le finiture disponibili comprendono bianco, nero e ottone. Le sorgenti previste sono portalampada G9. Le potenze specifiche delle configurazioni sono G9 max 2 x 4W e G9 max 4 x 4W. Il numero di punti luce varia tra 2 e 4.

Le versioni con portalampada G9 consentono di scegliere sorgenti compatibili in base a flusso luminoso, temperatura colore e resa cromatica desiderati. Le configurazioni prevedono 2 e 4 punti luce, permettendo di modulare la presenza luminosa in base a dimensioni e destinazione dell’ambiente. Le potenze dichiarate per le varianti sono G9 max 2 x 4W e G9 max 4 x 4W.

La lampada a soffitto Binomio Pl si inserisce con naturalezza in soggiorni, salotti, cucine, camere da letto, camerette, corridoi e ingressi, dove una luce diffusa rende più confortevoli le attività quotidiane. Può essere scelta anche per B&B, piccoli hotel, ristoranti, sale colazione, studi medici e locali commerciali che desiderano un’illuminazione accogliente senza rinunciare a un elemento decorativo. La selezione della dimensione e del numero di sorgenti consente di adattare la presenza della plafoniera alla metratura dell’ambiente e all’altezza utile del soffitto.

Nella scelta della plafoniera Binomio Pl è utile considerare il diametro o l’ingombro più proporzionato, la finitura che dialoga con arredi e serramenti e la sorgente più adatta al livello di luce richiesto. In un soggiorno ampio o in una sala commerciale può essere opportuno abbinare la lampada a soffitto a ulteriori fonti di luce, mentre in corridoi, ingressi e zone di servizio una configurazione compatta può offrire un risultato più misurato. Il montaggio a soffitto mantiene libero lo spazio a parete e contribuisce a rendere più leggibile l’architettura degli interni.

Con Ideal Lux Binomio Pl, la lampada da soffitto diventa un elemento utile per costruire una luce stratificata e coerente: illuminazione generale, accento sugli arredi e comfort visivo possono convivere nello stesso progetto. La varietà di configurazioni rende la collezione una scelta efficace per chi cerca una plafoniera adatta sia al rinnovo di un singolo ambiente sia a un intervento coordinato su casa, studio, negozio o struttura ricettiva.","Plafoniera Ideal Lux Binomio Pl, portalampada G9. Ideale per soggiorni, camere, cucine, ingressi e locali commerciali. In più configurazioni. In diverse misure."
IL-CONFIG-488,"Ideal Lux Bloom è una plafoniera con diffusione luminosa confortevole per soggiorni, camere, ingressi e locali accoglienti. La famiglia comprende 4 configurazioni con struttura in vetro, metallo e alluminio. Misure: D 220 × H 215 mm e D 300 × H 290 mm. Finiture: nero e ottone. Sorgenti: portalampada E27. Punti luce: 1. Potenze: E27 max 1 x 42W. Una soluzione pensata per scegliere la plafoniera in base a metratura, altezza del soffitto, stile dell’arredo e funzione dell’ambiente. Per una scelta consapevole, confronta ingombro, numero di punti luce, finitura e tecnologia della sorgente con la superficie da illuminare e con gli altri apparecchi presenti nel progetto.","Ideal Lux Bloom è una plafoniera che unisce una forma compatta a una luce addolcita dai materiali diffusori, ideale quando l’illuminazione generale deve risultare confortevole e decorativa. La struttura utilizza vetro, metallo e alluminio; materiali e finiture concorrono a definire la qualità visiva del prodotto sia da acceso sia da spento.

Le dimensioni disponibili sono D 220 × H 215 mm e D 300 × H 290 mm. Le finiture disponibili comprendono nero e ottone. Le sorgenti previste sono portalampada E27. Le potenze specifiche delle configurazioni sono E27 max 1 x 42W. Il numero di punti luce è pari a 1.

Le versioni con portalampada E27 consentono di scegliere sorgenti compatibili in base a flusso luminoso, temperatura colore e resa cromatica desiderati. Il numero di punti luce è pari a 1, un dato utile per valutare il contributo della plafoniera all’illuminazione generale o d’accento. Le potenze dichiarate per le varianti sono E27 max 1 x 42W.

La lampada a soffitto Bloom si inserisce con naturalezza in soggiorni, salotti, cucine, camere da letto, camerette, corridoi e ingressi, dove una luce diffusa rende più confortevoli le attività quotidiane. Può essere scelta anche per B&B, piccoli hotel, ristoranti, sale colazione, studi medici e locali commerciali che desiderano un’illuminazione accogliente senza rinunciare a un elemento decorativo. La selezione della dimensione e del numero di sorgenti consente di adattare la presenza della plafoniera alla metratura dell’ambiente e all’altezza utile del soffitto.

Nella scelta della plafoniera Bloom è utile considerare il diametro o l’ingombro più proporzionato, la finitura che dialoga con arredi e serramenti e la sorgente più adatta al livello di luce richiesto. In un soggiorno ampio o in una sala commerciale può essere opportuno abbinare la lampada a soffitto a ulteriori fonti di luce, mentre in corridoi, ingressi e zone di servizio una configurazione compatta può offrire un risultato più misurato. Il montaggio a soffitto mantiene libero lo spazio a parete e contribuisce a rendere più leggibile l’architettura degli interni.

Con Ideal Lux Bloom, la lampada da soffitto diventa un elemento utile per costruire una luce stratificata e coerente: illuminazione generale, accento sugli arredi e comfort visivo possono convivere nello stesso progetto. La varietà di configurazioni rende la collezione una scelta efficace per chi cerca una plafoniera adatta sia al rinnovo di un singolo ambiente sia a un intervento coordinato su casa, studio, negozio o struttura ricettiva.","Lampada da soffitto Ideal Lux Bloom: portalampada E27, finiture nero e ottone. Ideale per soggiorni, camere, cucine, ingressi e locali commerciali. Per interni."
IL-CONFIG-489,"Ideal Lux Bubble è una lampada da soffitto per bagni, zone di passaggio e spazi esterni riparati. La famiglia comprende 2 configurazioni con struttura in alluminio, metallo e materiale plastico. Misure: D 150 × P 90 mm e D 335 × H 170 mm. Finiture: bianco. Sorgenti: portalampada G9 e E27. Punti luce: 1 e 2. Potenze: G9 max 2 x 15W e E27 max 1 x 60W. Una soluzione pensata per scegliere la plafoniera in base a metratura, altezza del soffitto, stile dell’arredo e funzione dell’ambiente. Per una scelta consapevole, confronta ingombro, numero di punti luce, finitura e tecnologia della sorgente con la superficie da illuminare e con gli altri apparecchi presenti nel progetto.","Ideal Lux Bubble è una lampada da soffitto pensata per ambienti che richiedono una soluzione affidabile, ordinata e adatta anche a contesti con maggiore umidità o a spazi riparati. La struttura utilizza alluminio, metallo e materiale plastico; materiali e finiture concorrono a definire la qualità visiva del prodotto sia da acceso sia da spento.

Le dimensioni disponibili sono D 150 × P 90 mm e D 335 × H 170 mm. Le finiture disponibili comprendono bianco. Le sorgenti previste sono portalampada G9 e E27. Le potenze specifiche delle configurazioni sono G9 max 2 x 15W e E27 max 1 x 60W. Il numero di punti luce varia tra 1 e 2.

Le versioni con portalampada G9 e E27 consentono di scegliere sorgenti compatibili in base a flusso luminoso, temperatura colore e resa cromatica desiderati. Le configurazioni prevedono 1 e 2 punti luce, permettendo di modulare la presenza luminosa in base a dimensioni e destinazione dell’ambiente. Le potenze dichiarate per le varianti sono G9 max 2 x 15W e E27 max 1 x 60W.

Per caratteristiche costruttive, Bubble è una soluzione adatta a bagni, lavanderie, disimpegni e zone d’ingresso, oltre a balconi e terrazze coperte, portici e verande riparate. Nei contesti residenziali può illuminare in modo ordinato corridoi, cabine armadio e passaggi; in ambito professionale è utile in servizi di hotel, spogliatoi, sale d’attesa e aree comuni. La posizione esatta di posa va sempre definita verificando le prescrizioni dell’impianto e della scheda tecnica del prodotto.

Nella scelta della plafoniera Bubble è utile considerare il diametro o l’ingombro più proporzionato, la finitura prevista dalla collezione e la tipologia di sorgente più coerente con l’effetto luminoso desiderato. In un soggiorno ampio o in una sala commerciale può essere opportuno abbinare la lampada a soffitto a ulteriori fonti di luce, mentre in corridoi, ingressi e zone di servizio una configurazione compatta può offrire un risultato più misurato. Il montaggio a soffitto mantiene libero lo spazio a parete e contribuisce a rendere più leggibile l’architettura degli interni.

Con Ideal Lux Bubble, la lampada da soffitto diventa un elemento utile per costruire una luce stratificata e coerente: illuminazione generale, accento sugli arredi e comfort visivo possono convivere nello stesso progetto. La varietà di configurazioni rende la collezione una scelta efficace per chi cerca una plafoniera adatta sia al rinnovo di un singolo ambiente sia a un intervento coordinato su casa, studio, negozio o struttura ricettiva.","Lampada da soffitto Ideal Lux Bubble: portalampada G9 e E27, finiture bianco. Ideale per bagni, ingressi, lavanderie e terrazze coperte. In più configurazioni."
IL-CONFIG-490,"Ideal Lux Carlton è una plafoniera decorativa per salotti, sale da pranzo e ambienti hospitality. La famiglia comprende 3 configurazioni con struttura in metallo, vetro e cristallo. Misure: D 500 × H 690 mm e D 400 × H 660 mm. Finiture: cromo e oro. Sorgenti: portalampada E14. Punti luce: 8 e 12. Potenze: E14 max 12 x 40W e E14 max 8 x 40W. Una soluzione pensata per scegliere la plafoniera in base a metratura, altezza del soffitto, stile dell’arredo e funzione dell’ambiente. Per una scelta consapevole, confronta ingombro, numero di punti luce, finitura e tecnologia della sorgente con la superficie da illuminare e con gli altri apparecchi presenti nel progetto.","La plafoniera Ideal Lux Carlton propone una lettura decorativa dell’illuminazione a soffitto, con una composizione studiata per aggiungere riflessi, profondità e presenza scenica all’ambiente. La struttura utilizza metallo, vetro e cristallo; materiali e finiture concorrono a definire la qualità visiva del prodotto sia da acceso sia da spento. Le informazioni della famiglia descrivono inoltre Montatura in metallo cromato o dorato. Elementi decorativi con catene di ottagoni e barre in cristallo molato trasparente.

Le dimensioni disponibili sono D 500 × H 690 mm e D 400 × H 660 mm. Le finiture disponibili comprendono cromo e oro. Le sorgenti previste sono portalampada E14. Le potenze specifiche delle configurazioni sono E14 max 12 x 40W e E14 max 8 x 40W. Il numero di punti luce varia tra 8 e 12.

Le versioni con portalampada E14 consentono di scegliere sorgenti compatibili in base a flusso luminoso, temperatura colore e resa cromatica desiderati. Le configurazioni prevedono 8 e 12 punti luce, permettendo di modulare la presenza luminosa in base a dimensioni e destinazione dell’ambiente. Le potenze dichiarate per le varianti sono E14 max 12 x 40W e E14 max 8 x 40W.

Pensata per ambienti interni rappresentativi, la plafoniera Carlton può diventare il punto focale di un salone, di una zona pranzo, di una camera matrimoniale o di un ingresso con soffitti non troppo alti. La presenza decorativa la rende adatta anche a boutique, reception, lounge, hall di hotel, ristoranti, sale cerimonia e spazi hospitality in cui l’illuminazione contribuisce all’atmosfera oltre che alla visibilità. Per ottenere un risultato equilibrato conviene dimensionare numero di luci e ingombro rispetto al tavolo, al divano o alla zona di accoglienza da valorizzare.

Nella scelta della plafoniera Carlton è utile considerare il diametro o l’ingombro più proporzionato, la finitura che dialoga con arredi e serramenti e la sorgente più adatta al livello di luce richiesto. In un soggiorno ampio o in una sala commerciale può essere opportuno abbinare la lampada a soffitto a ulteriori fonti di luce, mentre in corridoi, ingressi e zone di servizio una configurazione compatta può offrire un risultato più misurato. Il montaggio a soffitto mantiene libero lo spazio a parete e contribuisce a rendere più leggibile l’architettura degli interni.

Con Ideal Lux Carlton, la lampada da soffitto diventa un elemento utile per costruire una luce stratificata e coerente: illuminazione generale, accento sugli arredi e comfort visivo possono convivere nello stesso progetto. La varietà di configurazioni rende la collezione una scelta efficace per chi cerca una plafoniera adatta sia al rinnovo di un singolo ambiente sia a un intervento coordinato su casa, studio, negozio o struttura ricettiva.","Lampada da soffitto Ideal Lux Carlton: portalampada E14, finiture cromo e oro. Ideale per salotti, sale da pranzo, hotel e ristoranti. In più configurazioni."
IL-CONFIG-491,"Ideal Lux Celine è una plafoniera con diffusione luminosa confortevole per soggiorni, camere, ingressi e locali accoglienti. La famiglia comprende 3 configurazioni con struttura in vetro. Misure: L 295 × H 80 × P 295 mm, L 390 × H 90 × P 390 mm e L 490 × H 100 × P 490 mm. Finiture: bianco. Sorgenti: portalampada E27. Punti luce: 2, 3 e 4. Potenze: E27 max 2 x 60W, E27 max 3 x 60W e E27 max 4 x 60W. Una soluzione pensata per scegliere la plafoniera in base a metratura, altezza del soffitto, stile dell’arredo e funzione dell’ambiente. Per una scelta consapevole, confronta ingombro, numero di punti luce, finitura e tecnologia della sorgente con la superficie da illuminare e con gli altri apparecchi presenti nel progetto.","Ideal Lux Celine è una plafoniera che unisce una forma compatta a una luce addolcita dai materiali diffusori, ideale quando l’illuminazione generale deve risultare confortevole e decorativa. La struttura utilizza vetro; materiali e finiture concorrono a definire la qualità visiva del prodotto sia da acceso sia da spento. Le informazioni della famiglia descrivono inoltre Base in metallo smaltato. Diffusore in vetro trasparente sabbiato. Viti ferma vetro in metallo cromato.

Le dimensioni disponibili sono L 295 × H 80 × P 295 mm, L 390 × H 90 × P 390 mm e L 490 × H 100 × P 490 mm. Le finiture disponibili comprendono bianco. Le sorgenti previste sono portalampada E27. Le potenze specifiche delle configurazioni sono E27 max 2 x 60W, E27 max 3 x 60W e E27 max 4 x 60W. Il numero di punti luce varia tra 2, 3 e 4.

Le versioni con portalampada E27 consentono di scegliere sorgenti compatibili in base a flusso luminoso, temperatura colore e resa cromatica desiderati. Le configurazioni prevedono 2, 3 e 4 punti luce, permettendo di modulare la presenza luminosa in base a dimensioni e destinazione dell’ambiente. Le potenze dichiarate per le varianti sono E27 max 2 x 60W, E27 max 3 x 60W e E27 max 4 x 60W.

La lampada a soffitto Celine si inserisce con naturalezza in soggiorni, salotti, cucine, camere da letto, camerette, corridoi e ingressi, dove una luce diffusa rende più confortevoli le attività quotidiane. Può essere scelta anche per B&B, piccoli hotel, ristoranti, sale colazione, studi medici e locali commerciali che desiderano un’illuminazione accogliente senza rinunciare a un elemento decorativo. La selezione della dimensione e del numero di sorgenti consente di adattare la presenza della plafoniera alla metratura dell’ambiente e all’altezza utile del soffitto.

Nella scelta della plafoniera Celine è utile considerare il diametro o l’ingombro più proporzionato, la finitura prevista dalla collezione e la sorgente più adatta al livello di luce richiesto. In un soggiorno ampio o in una sala commerciale può essere opportuno abbinare la lampada a soffitto a ulteriori fonti di luce, mentre in corridoi, ingressi e zone di servizio una configurazione compatta può offrire un risultato più misurato. Il montaggio a soffitto mantiene libero lo spazio a parete e contribuisce a rendere più leggibile l’architettura degli interni.

Con Ideal Lux Celine, la lampada da soffitto diventa un elemento utile per costruire una luce stratificata e coerente: illuminazione generale, accento sugli arredi e comfort visivo possono convivere nello stesso progetto. La varietà di configurazioni rende la collezione una scelta efficace per chi cerca una plafoniera adatta sia al rinnovo di un singolo ambiente sia a un intervento coordinato su casa, studio, negozio o struttura ricettiva.","Plafoniera Ideal Lux Celine in vetro, finiture bianco, portalampada E27. Ideale per soggiorni, camere, cucine, ingressi e locali commerciali. In diverse misure."
IL-CONFIG-492,"Ideal Lux Clio è una lampada da soffitto per bagni, zone di passaggio e spazi esterni riparati. La famiglia comprende 3 configurazioni con struttura in alluminio e metallo. Misure: D 90 × H 40 mm. Finiture: antracite, bianco e nero. Sorgenti: portalampada E27. Punti luce: 1. Potenze: E27 max 1 x 42W. Una soluzione pensata per scegliere la plafoniera in base a metratura, altezza del soffitto, stile dell’arredo e funzione dell’ambiente. Per una scelta consapevole, confronta ingombro, numero di punti luce, finitura e tecnologia della sorgente con la superficie da illuminare e con gli altri apparecchi presenti nel progetto.","Ideal Lux Clio è una lampada da soffitto pensata per ambienti che richiedono una soluzione affidabile, ordinata e adatta anche a contesti con maggiore umidità o a spazi riparati. La struttura utilizza alluminio e metallo; materiali e finiture concorrono a definire la qualità visiva del prodotto sia da acceso sia da spento. Le informazioni della famiglia descrivono inoltre Articolo componibile con montatura in alluminio estruso e tornito, rifinito con vernici a polveri di colore antracite, bianco, nero e coffee. Diffusore in materiale plastico bianco opaco.

Le dimensioni disponibili sono D 90 × H 40 mm. Le finiture disponibili comprendono antracite, bianco e nero. Le sorgenti previste sono portalampada E27. Le potenze specifiche delle configurazioni sono E27 max 1 x 42W. Il numero di punti luce è pari a 1.

Le versioni con portalampada E27 consentono di scegliere sorgenti compatibili in base a flusso luminoso, temperatura colore e resa cromatica desiderati. Il numero di punti luce è pari a 1, un dato utile per valutare il contributo della plafoniera all’illuminazione generale o d’accento. Le potenze dichiarate per le varianti sono E27 max 1 x 42W.

Per caratteristiche costruttive, Clio è una soluzione adatta a bagni, lavanderie, disimpegni e zone d’ingresso, oltre a balconi e terrazze coperte, portici e verande riparate. Nei contesti residenziali può illuminare in modo ordinato corridoi, cabine armadio e passaggi; in ambito professionale è utile in servizi di hotel, spogliatoi, sale d’attesa e aree comuni. La posizione esatta di posa va sempre definita verificando le prescrizioni dell’impianto e della scheda tecnica del prodotto.

Nella scelta della plafoniera Clio è utile considerare la misura disponibile, la finitura che dialoga con arredi e serramenti e la sorgente più adatta al livello di luce richiesto. In un soggiorno ampio o in una sala commerciale può essere opportuno abbinare la lampada a soffitto a ulteriori fonti di luce, mentre in corridoi, ingressi e zone di servizio una configurazione compatta può offrire un risultato più misurato. Il montaggio a soffitto mantiene libero lo spazio a parete e contribuisce a rendere più leggibile l’architettura degli interni.

Con Ideal Lux Clio, la lampada da soffitto diventa un elemento utile per costruire una luce stratificata e coerente: illuminazione generale, accento sugli arredi e comfort visivo possono convivere nello stesso progetto. La varietà di configurazioni rende la collezione una scelta efficace per chi cerca una plafoniera adatta sia al rinnovo di un singolo ambiente sia a un intervento coordinato su casa, studio, negozio o struttura ricettiva.","Plafoniera Ideal Lux Clio: portalampada E27, finiture antracite, bianco e nero. Ideale per bagni, ingressi, lavanderie e terrazze coperte. Disponibile online."
IL-CONFIG-493,"Ideal Lux Compo è una plafoniera con diffusione luminosa confortevole per soggiorni, camere, ingressi e locali accoglienti. La famiglia comprende 2 configurazioni con struttura in metallo e vetro. Misure: D 735 × H 350 mm e D 560 × H 350 mm. Finiture: bianco. Sorgenti: portalampada E27. Punti luce: 6 e 10. Potenze: E27 max 10 x 52W e E27 max 6 x 52W. Una soluzione pensata per scegliere la plafoniera in base a metratura, altezza del soffitto, stile dell’arredo e funzione dell’ambiente. Per una scelta consapevole, confronta ingombro, numero di punti luce, finitura e tecnologia della sorgente con la superficie da illuminare e con gli altri apparecchi presenti nel progetto.","Ideal Lux Compo è una plafoniera che unisce una forma compatta a una luce addolcita dai materiali diffusori, ideale quando l’illuminazione generale deve risultare confortevole e decorativa. La struttura utilizza metallo e vetro; materiali e finiture concorrono a definire la qualità visiva del prodotto sia da acceso sia da spento. Le informazioni della famiglia descrivono inoltre Montatura in metallo cromato o verniciato bianco opaco. Elementi diffusori in vetro soffiato bianco incamiciato e acidato o trasparente fume'. In pratica, i diffusori in vetro soffiato valorizzano una luce più morbida e decorativa.

Le dimensioni disponibili sono D 735 × H 350 mm e D 560 × H 350 mm. Le finiture disponibili comprendono bianco. Le sorgenti previste sono portalampada E27. Le potenze specifiche delle configurazioni sono E27 max 10 x 52W e E27 max 6 x 52W. Il numero di punti luce varia tra 6 e 10.

Le versioni con portalampada E27 consentono di scegliere sorgenti compatibili in base a flusso luminoso, temperatura colore e resa cromatica desiderati. Le configurazioni prevedono 6 e 10 punti luce, permettendo di modulare la presenza luminosa in base a dimensioni e destinazione dell’ambiente. Le potenze dichiarate per le varianti sono E27 max 10 x 52W e E27 max 6 x 52W.

La lampada a soffitto Compo si inserisce con naturalezza in soggiorni, salotti, cucine, camere da letto, camerette, corridoi e ingressi, dove una luce diffusa rende più confortevoli le attività quotidiane. Può essere scelta anche per B&B, piccoli hotel, ristoranti, sale colazione, studi medici e locali commerciali che desiderano un’illuminazione accogliente senza rinunciare a un elemento decorativo. La selezione della dimensione e del numero di sorgenti consente di adattare la presenza della plafoniera alla metratura dell’ambiente e all’altezza utile del soffitto.

Nella scelta della plafoniera Compo è utile considerare il diametro o l’ingombro più proporzionato, la finitura prevista dalla collezione e la sorgente più adatta al livello di luce richiesto. In un soggiorno ampio o in una sala commerciale può essere opportuno abbinare la lampada a soffitto a ulteriori fonti di luce, mentre in corridoi, ingressi e zone di servizio una configurazione compatta può offrire un risultato più misurato. Il montaggio a soffitto mantiene libero lo spazio a parete e contribuisce a rendere più leggibile l’architettura degli interni.

Con Ideal Lux Compo, la lampada da soffitto diventa un elemento utile per costruire una luce stratificata e coerente: illuminazione generale, accento sugli arredi e comfort visivo possono convivere nello stesso progetto. La varietà di configurazioni rende la collezione una scelta efficace per chi cerca una plafoniera adatta sia al rinnovo di un singolo ambiente sia a un intervento coordinato su casa, studio, negozio o struttura ricettiva.","Lampada da soffitto Ideal Lux Compo: portalampada E27, finiture bianco. Ideale per soggiorni, camere, cucine, ingressi e locali commerciali. Disponibile online."
IL-CONFIG-494,"Ideal Lux Cosmopolitan è una plafoniera con diffusione luminosa confortevole per soggiorni, camere, ingressi e locali accoglienti. La famiglia comprende 3 configurazioni con struttura in metallo e vetro. Misure: D 1240 × H 535 mm, D 1450 × H 535 mm e D 640 × H 420 mm. Finiture: nero. Sorgenti: portalampada G9. Punti luce: 8, 10 e 12. Potenze: G9 max 10 x 15W, G9 max 12 x 15W e G9 max 8 x 15W. Una soluzione pensata per scegliere la plafoniera in base a metratura, altezza del soffitto, stile dell’arredo e funzione dell’ambiente. Per una scelta consapevole, confronta ingombro, numero di punti luce, finitura e tecnologia della sorgente con la superficie da illuminare e con gli altri apparecchi presenti nel progetto.","Ideal Lux Cosmopolitan è una plafoniera che unisce una forma compatta a una luce addolcita dai materiali diffusori, ideale quando l’illuminazione generale deve risultare confortevole e decorativa. La struttura utilizza metallo e vetro; materiali e finiture concorrono a definire la qualità visiva del prodotto sia da acceso sia da spento.

Le dimensioni disponibili sono D 1240 × H 535 mm, D 1450 × H 535 mm e D 640 × H 420 mm. Le finiture disponibili comprendono nero. Le sorgenti previste sono portalampada G9. Le potenze specifiche delle configurazioni sono G9 max 10 x 15W, G9 max 12 x 15W e G9 max 8 x 15W. Il numero di punti luce varia tra 8, 10 e 12.

Le versioni con portalampada G9 consentono di scegliere sorgenti compatibili in base a flusso luminoso, temperatura colore e resa cromatica desiderati. Le configurazioni prevedono 8, 10 e 12 punti luce, permettendo di modulare la presenza luminosa in base a dimensioni e destinazione dell’ambiente. Le potenze dichiarate per le varianti sono G9 max 10 x 15W, G9 max 12 x 15W e G9 max 8 x 15W.

La lampada a soffitto Cosmopolitan si inserisce con naturalezza in soggiorni, salotti, cucine, camere da letto, camerette, corridoi e ingressi, dove una luce diffusa rende più confortevoli le attività quotidiane. Può essere scelta anche per B&B, piccoli hotel, ristoranti, sale colazione, studi medici e locali commerciali che desiderano un’illuminazione accogliente senza rinunciare a un elemento decorativo. La selezione della dimensione e del numero di sorgenti consente di adattare la presenza della plafoniera alla metratura dell’ambiente e all’altezza utile del soffitto.

Nella scelta della plafoniera Cosmopolitan è utile considerare il diametro o l’ingombro più proporzionato, la finitura prevista dalla collezione e la sorgente più adatta al livello di luce richiesto. In un soggiorno ampio o in una sala commerciale può essere opportuno abbinare la lampada a soffitto a ulteriori fonti di luce, mentre in corridoi, ingressi e zone di servizio una configurazione compatta può offrire un risultato più misurato. Il montaggio a soffitto mantiene libero lo spazio a parete e contribuisce a rendere più leggibile l’architettura degli interni.

Con Ideal Lux Cosmopolitan, la lampada da soffitto diventa un elemento utile per costruire una luce stratificata e coerente: illuminazione generale, accento sugli arredi e comfort visivo possono convivere nello stesso progetto. La varietà di configurazioni rende la collezione una scelta efficace per chi cerca una plafoniera adatta sia al rinnovo di un singolo ambiente sia a un intervento coordinato su casa, studio, negozio o struttura ricettiva.","Plafoniera Ideal Lux Cosmopolitan, portalampada G9. Ideale per soggiorni, camere, cucine, ingressi e locali commerciali. Disponibile online. Scopri le varianti."
IL-CONFIG-495,"Ideal Lux Cotton è una plafoniera con diffusione luminosa confortevole per soggiorni, camere, ingressi e locali accoglienti. La famiglia comprende 3 configurazioni con struttura in alluminio, vetro e metallo. Misure: D 130 × H 130 mm, D 300 × H 250 mm e D 400 × H 330 mm. Finiture: bianco. Sorgenti: portalampada G9 e E27. Punti luce: 1. Potenze: G9 max 1 x 4W e E27 max 1 x 42W. Una soluzione pensata per scegliere la plafoniera in base a metratura, altezza del soffitto, stile dell’arredo e funzione dell’ambiente. Per una scelta consapevole, confronta ingombro, numero di punti luce, finitura e tecnologia della sorgente con la superficie da illuminare e con gli altri apparecchi presenti nel progetto.","Ideal Lux Cotton è una plafoniera che unisce una forma compatta a una luce addolcita dai materiali diffusori, ideale quando l’illuminazione generale deve risultare confortevole e decorativa. La struttura utilizza alluminio, vetro e metallo; materiali e finiture concorrono a definire la qualità visiva del prodotto sia da acceso sia da spento.

Le dimensioni disponibili sono D 130 × H 130 mm, D 300 × H 250 mm e D 400 × H 330 mm. Le finiture disponibili comprendono bianco. Le sorgenti previste sono portalampada G9 e E27. Le potenze specifiche delle configurazioni sono G9 max 1 x 4W e E27 max 1 x 42W. Il numero di punti luce è pari a 1.

Le versioni con portalampada G9 e E27 consentono di scegliere sorgenti compatibili in base a flusso luminoso, temperatura colore e resa cromatica desiderati. Il numero di punti luce è pari a 1, un dato utile per valutare il contributo della plafoniera all’illuminazione generale o d’accento. Le potenze dichiarate per le varianti sono G9 max 1 x 4W e E27 max 1 x 42W.

La lampada a soffitto Cotton si inserisce con naturalezza in soggiorni, salotti, cucine, camere da letto, camerette, corridoi e ingressi, dove una luce diffusa rende più confortevoli le attività quotidiane. Può essere scelta anche per B&B, piccoli hotel, ristoranti, sale colazione, studi medici e locali commerciali che desiderano un’illuminazione accogliente senza rinunciare a un elemento decorativo. La selezione della dimensione e del numero di sorgenti consente di adattare la presenza della plafoniera alla metratura dell’ambiente e all’altezza utile del soffitto.

Nella scelta della plafoniera Cotton è utile considerare il diametro o l’ingombro più proporzionato, la finitura prevista dalla collezione e la tipologia di sorgente più coerente con l’effetto luminoso desiderato. In un soggiorno ampio o in una sala commerciale può essere opportuno abbinare la lampada a soffitto a ulteriori fonti di luce, mentre in corridoi, ingressi e zone di servizio una configurazione compatta può offrire un risultato più misurato. Il montaggio a soffitto mantiene libero lo spazio a parete e contribuisce a rendere più leggibile l’architettura degli interni.

Con Ideal Lux Cotton, la lampada da soffitto diventa un elemento utile per costruire una luce stratificata e coerente: illuminazione generale, accento sugli arredi e comfort visivo possono convivere nello stesso progetto. La varietà di configurazioni rende la collezione una scelta efficace per chi cerca una plafoniera adatta sia al rinnovo di un singolo ambiente sia a un intervento coordinato su casa, studio, negozio o struttura ricettiva.","Plafoniera Ideal Lux Cotton, portalampada G9 e E27. Ideale per soggiorni, camere, cucine, ingressi e locali commerciali. Disponibile online. Scopri le varianti."
IL-CONFIG-496,"Ideal Lux Dubai è una plafoniera decorativa per salotti, sale da pranzo e ambienti hospitality. La famiglia comprende 6 configurazioni con struttura in metallo, vetro e cristallo. Misure: D 780 × H 525 mm, D 320 × H 355 mm e D 520 × H 440 mm. Finiture: cromo e ottone; rosoni/dettagli cromo, oro e ottone. Sorgenti: portalampada E14. Punti luce: 3, 6 e 24. Potenze: E14 max 24 x 28W, E14 max 3 x 28W e E14 max 6 x 28W. Una soluzione pensata per scegliere la plafoniera in base a metratura, altezza del soffitto, stile dell’arredo e funzione dell’ambiente. Per una scelta consapevole, confronta ingombro, numero di punti luce, finitura e tecnologia della sorgente con la superficie da illuminare e con gli altri apparecchi presenti nel progetto.","La plafoniera Ideal Lux Dubai propone una lettura decorativa dell’illuminazione a soffitto, con una composizione studiata per aggiungere riflessi, profondità e presenza scenica all’ambiente. La struttura utilizza metallo, vetro e cristallo; materiali e finiture concorrono a definire la qualità visiva del prodotto sia da acceso sia da spento. Le informazioni della famiglia descrivono inoltre Montatura in metallo con finitura cromo o ottone. Elementi decorativi con perle, ottagoni e prismi in cristallo molato trasparente.

Le dimensioni disponibili sono D 780 × H 525 mm, D 320 × H 355 mm e D 520 × H 440 mm. Le finiture disponibili comprendono cromo e ottone; i rosoni e i dettagli possono essere cromo, oro e ottone. Le sorgenti previste sono portalampada E14. Le potenze specifiche delle configurazioni sono E14 max 24 x 28W, E14 max 3 x 28W e E14 max 6 x 28W. Il numero di punti luce varia tra 3, 6 e 24.

Le versioni con portalampada E14 consentono di scegliere sorgenti compatibili in base a flusso luminoso, temperatura colore e resa cromatica desiderati. Le configurazioni prevedono 3, 6 e 24 punti luce, permettendo di modulare la presenza luminosa in base a dimensioni e destinazione dell’ambiente. Le potenze dichiarate per le varianti sono E14 max 24 x 28W, E14 max 3 x 28W e E14 max 6 x 28W.

Pensata per ambienti interni rappresentativi, la plafoniera Dubai può diventare il punto focale di un salone, di una zona pranzo, di una camera matrimoniale o di un ingresso con soffitti non troppo alti. La presenza decorativa la rende adatta anche a boutique, reception, lounge, hall di hotel, ristoranti, sale cerimonia e spazi hospitality in cui l’illuminazione contribuisce all’atmosfera oltre che alla visibilità. Per ottenere un risultato equilibrato conviene dimensionare numero di luci e ingombro rispetto al tavolo, al divano o alla zona di accoglienza da valorizzare.

Nella scelta della plafoniera Dubai è utile considerare il diametro o l’ingombro più proporzionato, la finitura che dialoga con arredi e serramenti e la sorgente più adatta al livello di luce richiesto. In un soggiorno ampio o in una sala commerciale può essere opportuno abbinare la lampada a soffitto a ulteriori fonti di luce, mentre in corridoi, ingressi e zone di servizio una configurazione compatta può offrire un risultato più misurato. Il montaggio a soffitto mantiene libero lo spazio a parete e contribuisce a rendere più leggibile l’architettura degli interni.

Con Ideal Lux Dubai, la lampada da soffitto diventa un elemento utile per costruire una luce stratificata e coerente: illuminazione generale, accento sugli arredi e comfort visivo possono convivere nello stesso progetto. La varietà di configurazioni rende la collezione una scelta efficace per chi cerca una plafoniera adatta sia al rinnovo di un singolo ambiente sia a un intervento coordinato su casa, studio, negozio o struttura ricettiva.","Lampada da soffitto Ideal Lux Dubai: portalampada E14, finiture cromo e ottone. Ideale per salotti, sale da pranzo, hotel e ristoranti. In più configurazioni."
IL-CONFIG-497,"Ideal Lux Dynamite Ap1 è una lampada da soffitto per illuminazione mirata di cucine, corridoi, studi e spazi commerciali. La famiglia comprende 3 configurazioni con struttura in metallo. Misure: D 55 × P 165 mm. Finiture: bianco, nero e ottone; rosoni/dettagli bianco e nero. Sorgenti: portalampada GU10. Punti luce: 1. Potenze: GU10 max 1 x 28W. Una soluzione pensata per scegliere la plafoniera in base a metratura, altezza del soffitto, stile dell’arredo e funzione dell’ambiente. Per una scelta consapevole, confronta ingombro, numero di punti luce, finitura e tecnologia della sorgente con la superficie da illuminare e con gli altri apparecchi presenti nel progetto.","Ideal Lux Dynamite Ap1 è una lampada da soffitto pensata per organizzare la luce con precisione, offrendo un segno essenziale e una presenza tecnica adatta agli interni contemporanei. La struttura utilizza metallo; materiali e finiture concorrono a definire la qualità visiva del prodotto sia da acceso sia da spento. Le informazioni della famiglia descrivono inoltre Montatura in metallo rifinito con vernice a polveri o placcato e spazzolato. Diffusori orientabili.

Le dimensioni disponibili sono D 55 × P 165 mm. Le finiture disponibili comprendono bianco, nero e ottone; i rosoni e i dettagli possono essere bianco e nero. Le sorgenti previste sono portalampada GU10. Le potenze specifiche delle configurazioni sono GU10 max 1 x 28W. Il numero di punti luce è pari a 1.

Le versioni con portalampada GU10 consentono di scegliere sorgenti compatibili in base a flusso luminoso, temperatura colore e resa cromatica desiderati. Il numero di punti luce è pari a 1, un dato utile per valutare il contributo della plafoniera all’illuminazione generale o d’accento. Le potenze dichiarate per le varianti sono GU10 max 1 x 28W.

La configurazione a soffitto di Dynamite Ap1 è indicata per illuminazione mirata di cucine, piani di lavoro, corridoi, ingressi, cabine armadio, studi e camerette. Negli spazi commerciali può contribuire a illuminare scaffalature, banconi, percorsi di vendita, vetrine interne, nicchie espositive e pareti comunicative di negozi, showroom, studi professionali e gallerie. Il risultato dipende dalla lampadina scelta e dalla disposizione dei punti luce: per questo è utile combinare ottiche e temperatura colore coerenti con il compito visivo dell’area.

Nella scelta della plafoniera Dynamite Ap1 è utile considerare la misura disponibile, la finitura che dialoga con arredi e serramenti e la sorgente più adatta al livello di luce richiesto. In un soggiorno ampio o in una sala commerciale può essere opportuno abbinare la lampada a soffitto a ulteriori fonti di luce, mentre in corridoi, ingressi e zone di servizio una configurazione compatta può offrire un risultato più misurato. Il montaggio a soffitto mantiene libero lo spazio a parete e contribuisce a rendere più leggibile l’architettura degli interni.

Con Ideal Lux Dynamite Ap1, la lampada da soffitto diventa un elemento utile per costruire una luce stratificata e coerente: illuminazione generale, accento sugli arredi e comfort visivo possono convivere nello stesso progetto. La varietà di configurazioni rende la collezione una scelta efficace per chi cerca una plafoniera adatta sia al rinnovo di un singolo ambiente sia a un intervento coordinato su casa, studio, negozio o struttura ricettiva.","Plafoniera Ideal Lux Dynamite Ap1: portalampada GU10, finiture bianco, nero e ottone. Ideale per cucine, corridoi, studi, negozi e showroom. Disponibile online."
IL-CONFIG-498,"Ideal Lux Dynamite Ap1 mini è una lampada da soffitto per illuminazione mirata di cucine, corridoi, studi e spazi commerciali. La famiglia comprende 3 configurazioni con struttura in metallo e alluminio. Misure: D 40 × P 126 mm. Finiture: bianco, nero e ottone. Sorgenti: portalampada GU10. Punti luce: 1. Potenze: GU10 max 1 x 28W. Una soluzione pensata per scegliere la plafoniera in base a metratura, altezza del soffitto, stile dell’arredo e funzione dell’ambiente. Per una scelta consapevole, confronta ingombro, numero di punti luce, finitura e tecnologia della sorgente con la superficie da illuminare e con gli altri apparecchi presenti nel progetto.","Ideal Lux Dynamite Ap1 mini è una lampada da soffitto pensata per organizzare la luce con precisione, offrendo un segno essenziale e una presenza tecnica adatta agli interni contemporanei. La struttura utilizza metallo e alluminio; materiali e finiture concorrono a definire la qualità visiva del prodotto sia da acceso sia da spento. Le informazioni della famiglia descrivono inoltre Montatura in metallo rifinito con vernice a polveri o placcato e spazzolato. Diffusori orientabili.

Le dimensioni disponibili sono D 40 × P 126 mm. Le finiture disponibili comprendono bianco, nero e ottone. Le sorgenti previste sono portalampada GU10. Le potenze specifiche delle configurazioni sono GU10 max 1 x 28W. Il numero di punti luce è pari a 1.

Le versioni con portalampada GU10 consentono di scegliere sorgenti compatibili in base a flusso luminoso, temperatura colore e resa cromatica desiderati. Il numero di punti luce è pari a 1, un dato utile per valutare il contributo della plafoniera all’illuminazione generale o d’accento. Le potenze dichiarate per le varianti sono GU10 max 1 x 28W.

La configurazione a soffitto di Dynamite Ap1 mini è indicata per illuminazione mirata di cucine, piani di lavoro, corridoi, ingressi, cabine armadio, studi e camerette. Negli spazi commerciali può contribuire a illuminare scaffalature, banconi, percorsi di vendita, vetrine interne, nicchie espositive e pareti comunicative di negozi, showroom, studi professionali e gallerie. Il risultato dipende dalla lampadina scelta e dalla disposizione dei punti luce: per questo è utile combinare ottiche e temperatura colore coerenti con il compito visivo dell’area.

Nella scelta della plafoniera Dynamite Ap1 mini è utile considerare la misura disponibile, la finitura che dialoga con arredi e serramenti e la sorgente più adatta al livello di luce richiesto. In un soggiorno ampio o in una sala commerciale può essere opportuno abbinare la lampada a soffitto a ulteriori fonti di luce, mentre in corridoi, ingressi e zone di servizio una configurazione compatta può offrire un risultato più misurato. Il montaggio a soffitto mantiene libero lo spazio a parete e contribuisce a rendere più leggibile l’architettura degli interni.

Con Ideal Lux Dynamite Ap1 mini, la lampada da soffitto diventa un elemento utile per costruire una luce stratificata e coerente: illuminazione generale, accento sugli arredi e comfort visivo possono convivere nello stesso progetto. La varietà di configurazioni rende la collezione una scelta efficace per chi cerca una plafoniera adatta sia al rinnovo di un singolo ambiente sia a un intervento coordinato su casa, studio, negozio o struttura ricettiva.","Plafoniera Ideal Lux Dynamite Ap1 mini, portalampada GU10. Ideale per cucine, corridoi, studi, negozi e showroom. Disponibile online. In più configurazioni."
IL-CONFIG-499,"Ideal Lux Dynamite Linear è una lampada da soffitto per illuminazione mirata di cucine, corridoi, studi e spazi commerciali. La famiglia comprende 10 configurazioni con struttura in metallo e alluminio. Misure: L 275 × H 141 × P 57 mm e L 385 × H 141 × P 57 mm. Finiture: nero, ottone e bianco. Sorgenti: portalampada GU10. Punti luce: 3 e 4. Potenze: GU10 max 3 x 28W e GU10 max 4 x 28W. Una soluzione pensata per scegliere la plafoniera in base a metratura, altezza del soffitto, stile dell’arredo e funzione dell’ambiente. Per una scelta consapevole, confronta ingombro, numero di punti luce, finitura e tecnologia della sorgente con la superficie da illuminare e con gli altri apparecchi presenti nel progetto.","Ideal Lux Dynamite Linear è una lampada da soffitto pensata per organizzare la luce con precisione, offrendo un segno essenziale e una presenza tecnica adatta agli interni contemporanei. La struttura utilizza metallo e alluminio; materiali e finiture concorrono a definire la qualità visiva del prodotto sia da acceso sia da spento. Le informazioni della famiglia descrivono inoltre Montatura in metallo rifinito con vernice a polveri o placcato e spazzolato. Diffusori orientabili.

Le dimensioni disponibili sono L 275 × H 141 × P 57 mm e L 385 × H 141 × P 57 mm. Le finiture disponibili comprendono nero, ottone e bianco. Le sorgenti previste sono portalampada GU10. Le potenze specifiche delle configurazioni sono GU10 max 3 x 28W e GU10 max 4 x 28W. Il numero di punti luce varia tra 3 e 4.

Le versioni con portalampada GU10 consentono di scegliere sorgenti compatibili in base a flusso luminoso, temperatura colore e resa cromatica desiderati. Le configurazioni prevedono 3 e 4 punti luce, permettendo di modulare la presenza luminosa in base a dimensioni e destinazione dell’ambiente. Le potenze dichiarate per le varianti sono GU10 max 3 x 28W e GU10 max 4 x 28W.

La configurazione a soffitto di Dynamite Linear è indicata per illuminazione mirata di cucine, piani di lavoro, corridoi, ingressi, cabine armadio, studi e camerette. Negli spazi commerciali può contribuire a illuminare scaffalature, banconi, percorsi di vendita, vetrine interne, nicchie espositive e pareti comunicative di negozi, showroom, studi professionali e gallerie. Il risultato dipende dalla lampadina scelta e dalla disposizione dei punti luce: per questo è utile combinare ottiche e temperatura colore coerenti con il compito visivo dell’area.

Nella scelta della plafoniera Dynamite Linear è utile considerare il diametro o l’ingombro più proporzionato, la finitura che dialoga con arredi e serramenti e la sorgente più adatta al livello di luce richiesto. In un soggiorno ampio o in una sala commerciale può essere opportuno abbinare la lampada a soffitto a ulteriori fonti di luce, mentre in corridoi, ingressi e zone di servizio una configurazione compatta può offrire un risultato più misurato. Il montaggio a soffitto mantiene libero lo spazio a parete e contribuisce a rendere più leggibile l’architettura degli interni.

Con Ideal Lux Dynamite Linear, la lampada da soffitto diventa un elemento utile per costruire una luce stratificata e coerente: illuminazione generale, accento sugli arredi e comfort visivo possono convivere nello stesso progetto. La varietà di configurazioni rende la collezione una scelta efficace per chi cerca una plafoniera adatta sia al rinnovo di un singolo ambiente sia a un intervento coordinato su casa, studio, negozio o struttura ricettiva.","Plafoniera Ideal Lux Dynamite Linear: portalampada GU10, finiture nero, ottone e bianco. Ideale per cucine, corridoi, studi, negozi e showroom. Per luce mirata."
IL-CONFIG-500,"Ideal Lux Dynamite Pl round è una lampada da soffitto per illuminazione mirata di cucine, corridoi, studi e spazi commerciali. La famiglia comprende 3 configurazioni con struttura in metallo e alluminio. Misure: L 135 × H 141 × P 135 mm. Finiture: bianco, nero e ottone. Sorgenti: portalampada GU10. Punti luce: 4. Potenze: GU10 max 4 x 28W. Una soluzione pensata per scegliere la plafoniera in base a metratura, altezza del soffitto, stile dell’arredo e funzione dell’ambiente. Per una scelta consapevole, confronta ingombro, numero di punti luce, finitura e tecnologia della sorgente con la superficie da illuminare e con gli altri apparecchi presenti nel progetto.","Ideal Lux Dynamite Pl round è una lampada da soffitto pensata per organizzare la luce con precisione, offrendo un segno essenziale e una presenza tecnica adatta agli interni contemporanei. La struttura utilizza metallo e alluminio; materiali e finiture concorrono a definire la qualità visiva del prodotto sia da acceso sia da spento. Le informazioni della famiglia descrivono inoltre Montatura in metallo rifinito con vernice a polveri o placcato e spazzolato. Diffusori orientabili.

Le dimensioni disponibili sono L 135 × H 141 × P 135 mm. Le finiture disponibili comprendono bianco, nero e ottone. Le sorgenti previste sono portalampada GU10. Le potenze specifiche delle configurazioni sono GU10 max 4 x 28W. Il numero di punti luce è pari a 4.

Le versioni con portalampada GU10 consentono di scegliere sorgenti compatibili in base a flusso luminoso, temperatura colore e resa cromatica desiderati. Il numero di punti luce è pari a 4, un dato utile per valutare il contributo della plafoniera all’illuminazione generale o d’accento. Le potenze dichiarate per le varianti sono GU10 max 4 x 28W.

La configurazione a soffitto di Dynamite Pl round è indicata per illuminazione mirata di cucine, piani di lavoro, corridoi, ingressi, cabine armadio, studi e camerette. Negli spazi commerciali può contribuire a illuminare scaffalature, banconi, percorsi di vendita, vetrine interne, nicchie espositive e pareti comunicative di negozi, showroom, studi professionali e gallerie. Il risultato dipende dalla lampadina scelta e dalla disposizione dei punti luce: per questo è utile combinare ottiche e temperatura colore coerenti con il compito visivo dell’area.

Nella scelta della plafoniera Dynamite Pl round è utile considerare la misura disponibile, la finitura che dialoga con arredi e serramenti e la sorgente più adatta al livello di luce richiesto. In un soggiorno ampio o in una sala commerciale può essere opportuno abbinare la lampada a soffitto a ulteriori fonti di luce, mentre in corridoi, ingressi e zone di servizio una configurazione compatta può offrire un risultato più misurato. Il montaggio a soffitto mantiene libero lo spazio a parete e contribuisce a rendere più leggibile l’architettura degli interni.

Con Ideal Lux Dynamite Pl round, la lampada da soffitto diventa un elemento utile per costruire una luce stratificata e coerente: illuminazione generale, accento sugli arredi e comfort visivo possono convivere nello stesso progetto. La varietà di configurazioni rende la collezione una scelta efficace per chi cerca una plafoniera adatta sia al rinnovo di un singolo ambiente sia a un intervento coordinato su casa, studio, negozio o struttura ricettiva.","Plafoniera Ideal Lux Dynamite Pl round, portalampada GU10. Ideale per cucine, corridoi, studi, negozi e showroom. Disponibile online. In più configurazioni."
IL-CONFIG-501,"Ideal Lux Dynamite Pl square è una lampada da soffitto per illuminazione mirata di cucine, corridoi, studi e spazi commerciali. La famiglia comprende 3 configurazioni con struttura in metallo e alluminio. Misure: L 135 × H 141 × P 135 mm. Finiture: bianco, nero e ottone. Sorgenti: portalampada GU10. Punti luce: 4. Potenze: GU10 max 4 x 28W. Una soluzione pensata per scegliere la plafoniera in base a metratura, altezza del soffitto, stile dell’arredo e funzione dell’ambiente. Per una scelta consapevole, confronta ingombro, numero di punti luce, finitura e tecnologia della sorgente con la superficie da illuminare e con gli altri apparecchi presenti nel progetto.","Ideal Lux Dynamite Pl square è una lampada da soffitto pensata per organizzare la luce con precisione, offrendo un segno essenziale e una presenza tecnica adatta agli interni contemporanei. La struttura utilizza metallo e alluminio; materiali e finiture concorrono a definire la qualità visiva del prodotto sia da acceso sia da spento. Le informazioni della famiglia descrivono inoltre Montatura in metallo rifinito con vernice a polveri o placcato e spazzolato. Diffusori orientabili.

Le dimensioni disponibili sono L 135 × H 141 × P 135 mm. Le finiture disponibili comprendono bianco, nero e ottone. Le sorgenti previste sono portalampada GU10. Le potenze specifiche delle configurazioni sono GU10 max 4 x 28W. Il numero di punti luce è pari a 4.

Le versioni con portalampada GU10 consentono di scegliere sorgenti compatibili in base a flusso luminoso, temperatura colore e resa cromatica desiderati. Il numero di punti luce è pari a 4, un dato utile per valutare il contributo della plafoniera all’illuminazione generale o d’accento. Le potenze dichiarate per le varianti sono GU10 max 4 x 28W.

La configurazione a soffitto di Dynamite Pl square è indicata per illuminazione mirata di cucine, piani di lavoro, corridoi, ingressi, cabine armadio, studi e camerette. Negli spazi commerciali può contribuire a illuminare scaffalature, banconi, percorsi di vendita, vetrine interne, nicchie espositive e pareti comunicative di negozi, showroom, studi professionali e gallerie. Il risultato dipende dalla lampadina scelta e dalla disposizione dei punti luce: per questo è utile combinare ottiche e temperatura colore coerenti con il compito visivo dell’area.

Nella scelta della plafoniera Dynamite Pl square è utile considerare la misura disponibile, la finitura che dialoga con arredi e serramenti e la sorgente più adatta al livello di luce richiesto. In un soggiorno ampio o in una sala commerciale può essere opportuno abbinare la lampada a soffitto a ulteriori fonti di luce, mentre in corridoi, ingressi e zone di servizio una configurazione compatta può offrire un risultato più misurato. Il montaggio a soffitto mantiene libero lo spazio a parete e contribuisce a rendere più leggibile l’architettura degli interni.

Con Ideal Lux Dynamite Pl square, la lampada da soffitto diventa un elemento utile per costruire una luce stratificata e coerente: illuminazione generale, accento sugli arredi e comfort visivo possono convivere nello stesso progetto. La varietà di configurazioni rende la collezione una scelta efficace per chi cerca una plafoniera adatta sia al rinnovo di un singolo ambiente sia a un intervento coordinato su casa, studio, negozio o struttura ricettiva.","Plafoniera Ideal Lux Dynamite Pl square, portalampada GU10. Ideale per cucine, corridoi, studi, negozi e showroom. Disponibile online. In più configurazioni."
IL-CONFIG-502,"Ideal Lux Fly è una plafoniera LED per ambienti residenziali, uffici, negozi e zone living. La famiglia comprende 36 configurazioni con struttura in alluminio, metallo e materiale plastico. Misure: D 350 × H 78 mm, D 450 × H 78 mm, D 600 × H 80 mm, D 900 × H 80 mm, D 350 × H 42 mm, D 450 × H 42 mm, D 600 × H 44 mm e D 900 × H 44 mm. Finiture: bianco e nero. Sorgenti: LED integrato. Punti luce: 1. Potenze: 18W, 26W, 53W e 68W. Temperature colore: 2700 K, 3000 K e 4000 K. Una soluzione pensata per scegliere la plafoniera in base a metratura, altezza del soffitto, stile dell’arredo e funzione dell’ambiente. Per una scelta consapevole, confronta ingombro, numero di punti luce, finitura e tecnologia della sorgente con la superficie da illuminare e con gli altri apparecchi presenti nel progetto.","Ideal Lux Fly è una plafoniera LED progettata per integrare illuminazione e architettura d’interni con un ingombro controllato e un’emissione adatta alla vita quotidiana. La struttura utilizza alluminio, metallo e materiale plastico; materiali e finiture concorrono a definire la qualità visiva del prodotto sia da acceso sia da spento. Le informazioni della famiglia descrivono inoltre Famiglia di lampade a plafone con base circolare, disponibile in quattro diametri diversi (350 mm, 450 mm, 600 mm, 900 mm) oltre che nella variante SLIM dall'altezza piu' compatta.

Le dimensioni disponibili sono D 350 × H 78 mm, D 450 × H 78 mm, D 600 × H 80 mm, D 900 × H 80 mm, D 350 × H 42 mm, D 450 × H 42 mm, D 600 × H 44 mm e D 900 × H 44 mm. Le finiture disponibili comprendono bianco e nero. Le sorgenti previste sono LED integrato. Le potenze specifiche delle configurazioni sono 18W, 26W, 53W e 68W. Il numero di punti luce è pari a 1. Le temperature colore disponibili sono 2700 K, 3000 K e 4000 K.

La famiglia adotta una sorgente LED integrata, soluzione che mantiene la superficie della plafoniera ordinata e riduce la necessità di lampadine visibili. Il numero di punti luce è pari a 1, un dato utile per valutare il contributo della plafoniera all’illuminazione generale o d’accento. Le potenze dichiarate per le varianti sono 18W, 26W, 53W e 68W. Sono disponibili versioni con 2.700 K, luce calda, 3.000 K, bianco caldo e 4.000 K, luce neutra.

Fly è pensata per soggiorni, cucine, camere, camerette, corridoi, ingressi, studi domestici e zone living che richiedono un’illuminazione ordinata e continua. In un progetto professionale può trovare collocazione in uffici, sale riunioni, reception, negozi, showroom, aree di servizio, spazi di attesa e locali destinati alla ristorazione. La disponibilità di tonalità 2700 K, 3000 K e 4000 K permette di orientare la scelta tra un’atmosfera più calda o una luce più neutra, in relazione alla destinazione d’uso. La scelta dell’ingombro e della potenza consente di graduare la luce in base alla superficie, alla presenza di altri punti luminosi e al colore delle finiture interne.

Nella scelta della plafoniera Fly è utile considerare il diametro o l’ingombro più proporzionato, la finitura che dialoga con arredi e serramenti e la potenza e la temperatura colore più coerenti con l’uso dello spazio. In un soggiorno ampio o in una sala commerciale può essere opportuno abbinare la lampada a soffitto a ulteriori fonti di luce, mentre in corridoi, ingressi e zone di servizio una configurazione compatta può offrire un risultato più misurato. Il montaggio a soffitto mantiene libero lo spazio a parete e contribuisce a rendere più leggibile l’architettura degli interni.

Con Ideal Lux Fly, la lampada da soffitto diventa un elemento utile per costruire una luce stratificata e coerente: illuminazione generale, accento sugli arredi e comfort visivo possono convivere nello stesso progetto. La varietà di configurazioni rende la collezione una scelta efficace per chi cerca una plafoniera adatta sia al rinnovo di un singolo ambiente sia a un intervento coordinato su casa, studio, negozio o struttura ricettiva.","Plafoniera Ideal Lux Fly: LED integrato, finiture bianco e nero. Ideale per living, camere, cucine, uffici e spazi commerciali. Disponibile online. Per interni."
IL-CONFIG-503,"Ideal Lux Frame è una plafoniera LED per ambienti residenziali, uffici, negozi e zone living. La famiglia comprende 9 configurazioni con struttura in metallo e materiale plastico. Misure: L 610 × H 100 × P 560 mm, L 533 × H 58 × P 558 mm e L 625 × H 60 × P 410 mm. Finiture: bianco e nero. Sorgenti: LED integrato. Punti luce: 1. Potenze: LED 41W e LED 33W. Temperature colore: 2700 K e 3000 K. Una soluzione pensata per scegliere la plafoniera in base a metratura, altezza del soffitto, stile dell’arredo e funzione dell’ambiente. Per una scelta consapevole, confronta ingombro, numero di punti luce, finitura e tecnologia della sorgente con la superficie da illuminare e con gli altri apparecchi presenti nel progetto.","Ideal Lux Frame è una plafoniera LED progettata per integrare illuminazione e architettura d’interni con un ingombro controllato e un’emissione adatta alla vita quotidiana. La struttura utilizza metallo e materiale plastico; materiali e finiture concorrono a definire la qualità visiva del prodotto sia da acceso sia da spento. Le informazioni della famiglia descrivono inoltre Base e montatura in metallo verniciato bianco opaco o nero opaco. Diffusori in materiale plastico colore OPALE. Emissione luce diretta. In pratica, il diffusore opale favorisce una distribuzione luminosa omogenea.

Le dimensioni disponibili sono L 610 × H 100 × P 560 mm, L 533 × H 58 × P 558 mm e L 625 × H 60 × P 410 mm. Le finiture disponibili comprendono bianco e nero. Le sorgenti previste sono LED integrato. Le potenze specifiche delle configurazioni sono LED 41W e LED 33W. Il numero di punti luce è pari a 1. Le temperature colore disponibili sono 2700 K e 3000 K.

La famiglia adotta una sorgente LED integrata, soluzione che mantiene la superficie della plafoniera ordinata e riduce la necessità di lampadine visibili. Il numero di punti luce è pari a 1, un dato utile per valutare il contributo della plafoniera all’illuminazione generale o d’accento. Le potenze dichiarate per le varianti sono LED 41W e LED 33W. Sono disponibili versioni con 2.700 K, luce calda e 3.000 K, bianco caldo.

Frame è pensata per soggiorni, cucine, camere, camerette, corridoi, ingressi, studi domestici e zone living che richiedono un’illuminazione ordinata e continua. In un progetto professionale può trovare collocazione in uffici, sale riunioni, reception, negozi, showroom, aree di servizio, spazi di attesa e locali destinati alla ristorazione. La disponibilità di tonalità 2700 K e 3000 K permette di orientare la scelta tra un’atmosfera più calda o una luce più neutra, in relazione alla destinazione d’uso. La scelta dell’ingombro e della potenza consente di graduare la luce in base alla superficie, alla presenza di altri punti luminosi e al colore delle finiture interne.

Nella scelta della plafoniera Frame è utile considerare il diametro o l’ingombro più proporzionato, la finitura che dialoga con arredi e serramenti e la potenza e la temperatura colore più coerenti con l’uso dello spazio. In un soggiorno ampio o in una sala commerciale può essere opportuno abbinare la lampada a soffitto a ulteriori fonti di luce, mentre in corridoi, ingressi e zone di servizio una configurazione compatta può offrire un risultato più misurato. Il montaggio a soffitto mantiene libero lo spazio a parete e contribuisce a rendere più leggibile l’architettura degli interni.

Con Ideal Lux Frame, la lampada da soffitto diventa un elemento utile per costruire una luce stratificata e coerente: illuminazione generale, accento sugli arredi e comfort visivo possono convivere nello stesso progetto. La varietà di configurazioni rende la collezione una scelta efficace per chi cerca una plafoniera adatta sia al rinnovo di un singolo ambiente sia a un intervento coordinato su casa, studio, negozio o struttura ricettiva.","Plafoniera Ideal Lux Frame: LED integrato, finiture bianco e nero. Ideale per living, camere, cucine, uffici e spazi commerciali. Per interni. Con più finiture."
IL-CONFIG-504,"Ideal Lux Geko è una plafoniera con diffusione luminosa confortevole per soggiorni, camere, ingressi e locali accoglienti. La famiglia comprende 3 configurazioni con struttura in metallo e vetro. Misure: L 300 × H 70 × P 230 mm, L 405 × H 65 × P 305 mm e L 560 × H 65 × P 400 mm. Finiture: bianco; rosoni/dettagli cromo. Sorgenti: portalampada E27. Punti luce: 2, 3 e 4. Potenze: E27 max 2 x 60W, E27 max 3 x 60W e E27 max 4 x 60W. Una soluzione pensata per scegliere la plafoniera in base a metratura, altezza del soffitto, stile dell’arredo e funzione dell’ambiente. Per una scelta consapevole, confronta ingombro, numero di punti luce, finitura e tecnologia della sorgente con la superficie da illuminare e con gli altri apparecchi presenti nel progetto.","Ideal Lux Geko è una plafoniera che unisce una forma compatta a una luce addolcita dai materiali diffusori, ideale quando l’illuminazione generale deve risultare confortevole e decorativa. La struttura utilizza metallo e vetro; materiali e finiture concorrono a definire la qualità visiva del prodotto sia da acceso sia da spento. Le informazioni della famiglia descrivono inoltre Montatura in metallo smaltato bianco. Diffusore con vetro trasparente serigrafato in bianco. Elemento centrale fissa vetro in metallo cromato.

Le dimensioni disponibili sono L 300 × H 70 × P 230 mm, L 405 × H 65 × P 305 mm e L 560 × H 65 × P 400 mm. Le finiture disponibili comprendono bianco; i rosoni e i dettagli possono essere cromo. Le sorgenti previste sono portalampada E27. Le potenze specifiche delle configurazioni sono E27 max 2 x 60W, E27 max 3 x 60W e E27 max 4 x 60W. Il numero di punti luce varia tra 2, 3 e 4.

Le versioni con portalampada E27 consentono di scegliere sorgenti compatibili in base a flusso luminoso, temperatura colore e resa cromatica desiderati. Le configurazioni prevedono 2, 3 e 4 punti luce, permettendo di modulare la presenza luminosa in base a dimensioni e destinazione dell’ambiente. Le potenze dichiarate per le varianti sono E27 max 2 x 60W, E27 max 3 x 60W e E27 max 4 x 60W.

La lampada a soffitto Geko si inserisce con naturalezza in soggiorni, salotti, cucine, camere da letto, camerette, corridoi e ingressi, dove una luce diffusa rende più confortevoli le attività quotidiane. Può essere scelta anche per B&B, piccoli hotel, ristoranti, sale colazione, studi medici e locali commerciali che desiderano un’illuminazione accogliente senza rinunciare a un elemento decorativo. La selezione della dimensione e del numero di sorgenti consente di adattare la presenza della plafoniera alla metratura dell’ambiente e all’altezza utile del soffitto.

Nella scelta della plafoniera Geko è utile considerare il diametro o l’ingombro più proporzionato, la finitura prevista dalla collezione e la sorgente più adatta al livello di luce richiesto. In un soggiorno ampio o in una sala commerciale può essere opportuno abbinare la lampada a soffitto a ulteriori fonti di luce, mentre in corridoi, ingressi e zone di servizio una configurazione compatta può offrire un risultato più misurato. Il montaggio a soffitto mantiene libero lo spazio a parete e contribuisce a rendere più leggibile l’architettura degli interni.

Con Ideal Lux Geko, la lampada da soffitto diventa un elemento utile per costruire una luce stratificata e coerente: illuminazione generale, accento sugli arredi e comfort visivo possono convivere nello stesso progetto. La varietà di configurazioni rende la collezione una scelta efficace per chi cerca una plafoniera adatta sia al rinnovo di un singolo ambiente sia a un intervento coordinato su casa, studio, negozio o struttura ricettiva.","Lampada da soffitto Ideal Lux Geko: portalampada E27, finiture bianco. Ideale per soggiorni, camere, cucine, ingressi e locali commerciali. Disponibile online."
IL-CONFIG-505,"Ideal Lux Gemini è una plafoniera LED per ambienti residenziali, uffici, negozi e zone living. La famiglia comprende 33 configurazioni con struttura in metallo e materiale plastico. Misure: D 425 × H 65 mm, D 610 × H 65 mm e D 810 × H 65 mm. Finiture: bianco, nero e ottone. Sorgenti: LED integrato. Punti luce: 1. Potenze: 24W, 28W, 30W e 42W. Temperature colore: 2700 K, 3000 K e 4000 K. Disponibili anche versioni dimmerabili secondo la configurazione scelta. Una soluzione pensata per scegliere la plafoniera in base a metratura, altezza del soffitto, stile dell’arredo e funzione dell’ambiente. Per una scelta consapevole, confronta ingombro, numero di punti luce, finitura e tecnologia della sorgente con la superficie da illuminare e con gli altri apparecchi presenti nel progetto.","Ideal Lux Gemini è una plafoniera LED progettata per integrare illuminazione e architettura d’interni con un ingombro controllato e un’emissione adatta alla vita quotidiana. La struttura utilizza metallo e materiale plastico; materiali e finiture concorrono a definire la qualità visiva del prodotto sia da acceso sia da spento.

Le dimensioni disponibili sono D 425 × H 65 mm, D 610 × H 65 mm e D 810 × H 65 mm. Le finiture disponibili comprendono bianco, nero e ottone. Le sorgenti previste sono LED integrato. Le potenze specifiche delle configurazioni sono 24W, 28W, 30W e 42W. Il numero di punti luce è pari a 1. Le temperature colore disponibili sono 2700 K, 3000 K e 4000 K. Sono presenti configurazioni dimmerabili, da selezionare in base all’impianto e al comando di controllo previsto.

La famiglia adotta una sorgente LED integrata, soluzione che mantiene la superficie della plafoniera ordinata e riduce la necessità di lampadine visibili. Il numero di punti luce è pari a 1, un dato utile per valutare il contributo della plafoniera all’illuminazione generale o d’accento. Le potenze dichiarate per le varianti sono 24W, 28W, 30W e 42W. Sono disponibili versioni con 2.700 K, luce calda, 3.000 K, bianco caldo e 4.000 K, luce neutra. La famiglia include anche versioni dimmerabili: la regolazione dell’intensità va verificata nella configurazione selezionata e nel sistema di controllo installato.

Gemini è pensata per soggiorni, cucine, camere, camerette, corridoi, ingressi, studi domestici e zone living che richiedono un’illuminazione ordinata e continua. In un progetto professionale può trovare collocazione in uffici, sale riunioni, reception, negozi, showroom, aree di servizio, spazi di attesa e locali destinati alla ristorazione. La disponibilità di tonalità 2700 K, 3000 K e 4000 K permette di orientare la scelta tra un’atmosfera più calda o una luce più neutra, in relazione alla destinazione d’uso. La scelta dell’ingombro e della potenza consente di graduare la luce in base alla superficie, alla presenza di altri punti luminosi e al colore delle finiture interne.

Nella scelta della plafoniera Gemini è utile considerare il diametro o l’ingombro più proporzionato, la finitura che dialoga con arredi e serramenti e la potenza e la temperatura colore più coerenti con l’uso dello spazio. In un soggiorno ampio o in una sala commerciale può essere opportuno abbinare la lampada a soffitto a ulteriori fonti di luce, mentre in corridoi, ingressi e zone di servizio una configurazione compatta può offrire un risultato più misurato. Il montaggio a soffitto mantiene libero lo spazio a parete e contribuisce a rendere più leggibile l’architettura degli interni. Per le versioni predisposte alla regolazione, la dimmerazione può essere integrata nel progetto verificando compatibilità tra apparecchio e comando.

Con Ideal Lux Gemini, la lampada da soffitto diventa un elemento utile per costruire una luce stratificata e coerente: illuminazione generale, accento sugli arredi e comfort visivo possono convivere nello stesso progetto. La varietà di configurazioni rende la collezione una scelta efficace per chi cerca una plafoniera adatta sia al rinnovo di un singolo ambiente sia a un intervento coordinato su casa, studio, negozio o struttura ricettiva.","Lampada da soffitto Ideal Lux Gemini: LED integrato, finiture bianco, nero e ottone. Ideale per living, camere, cucine, uffici e spazi commerciali. Per interni."
IL-CONFIG-506,"Ideal Lux Glim è una lampada da soffitto per illuminazione mirata di cucine, corridoi, studi e spazi commerciali. La famiglia comprende 6 configurazioni con struttura in metallo. Misure: L 130 × H 190 × P 120 mm, L 310 × H 190 × P 120 mm e L 655 × H 190 × P 120 mm. Finiture: bianco e nero. Sorgenti: portalampada GU10. Punti luce: 1, 2 e 4. Potenze: GU10 max 1 x 50W, GU10 max 2 x 50W e GU10 max 4 x 50W. Una soluzione pensata per scegliere la plafoniera in base a metratura, altezza del soffitto, stile dell’arredo e funzione dell’ambiente. Per una scelta consapevole, confronta ingombro, numero di punti luce, finitura e tecnologia della sorgente con la superficie da illuminare e con gli altri apparecchi presenti nel progetto.","Ideal Lux Glim è una lampada da soffitto pensata per organizzare la luce con precisione, offrendo un segno essenziale e una presenza tecnica adatta agli interni contemporanei. La struttura utilizza metallo; materiali e finiture concorrono a definire la qualità visiva del prodotto sia da acceso sia da spento. Le informazioni della famiglia descrivono inoltre Montatura interamente in metallo verniciato a polveri di colore bianco o nero. Diffusore orientabile con lampadina sostituibile. In pratica, i corpi luminosi consentono di indirizzare la luce verso zone e dettagli selezionati.

Le dimensioni disponibili sono L 130 × H 190 × P 120 mm, L 310 × H 190 × P 120 mm e L 655 × H 190 × P 120 mm. Le finiture disponibili comprendono bianco e nero. Le sorgenti previste sono portalampada GU10. Le potenze specifiche delle configurazioni sono GU10 max 1 x 50W, GU10 max 2 x 50W e GU10 max 4 x 50W. Il numero di punti luce varia tra 1, 2 e 4.

Le versioni con portalampada GU10 consentono di scegliere sorgenti compatibili in base a flusso luminoso, temperatura colore e resa cromatica desiderati. Le configurazioni prevedono 1, 2 e 4 punti luce, permettendo di modulare la presenza luminosa in base a dimensioni e destinazione dell’ambiente. Le potenze dichiarate per le varianti sono GU10 max 1 x 50W, GU10 max 2 x 50W e GU10 max 4 x 50W.

La configurazione a soffitto di Glim è indicata per illuminazione mirata di cucine, piani di lavoro, corridoi, ingressi, cabine armadio, studi e camerette. Negli spazi commerciali può contribuire a illuminare scaffalature, banconi, percorsi di vendita, vetrine interne, nicchie espositive e pareti comunicative di negozi, showroom, studi professionali e gallerie. Il risultato dipende dalla lampadina scelta e dalla disposizione dei punti luce: per questo è utile combinare ottiche e temperatura colore coerenti con il compito visivo dell’area.

Nella scelta della plafoniera Glim è utile considerare il diametro o l’ingombro più proporzionato, la finitura che dialoga con arredi e serramenti e la sorgente più adatta al livello di luce richiesto. In un soggiorno ampio o in una sala commerciale può essere opportuno abbinare la lampada a soffitto a ulteriori fonti di luce, mentre in corridoi, ingressi e zone di servizio una configurazione compatta può offrire un risultato più misurato. Il montaggio a soffitto mantiene libero lo spazio a parete e contribuisce a rendere più leggibile l’architettura degli interni.

Con Ideal Lux Glim, la lampada da soffitto diventa un elemento utile per costruire una luce stratificata e coerente: illuminazione generale, accento sugli arredi e comfort visivo possono convivere nello stesso progetto. La varietà di configurazioni rende la collezione una scelta efficace per chi cerca una plafoniera adatta sia al rinnovo di un singolo ambiente sia a un intervento coordinato su casa, studio, negozio o struttura ricettiva.","Plafoniera Ideal Lux Glim: portalampada GU10, finiture bianco e nero. Ideale per cucine, corridoi, studi, negozi e showroom. Per luce mirata. In diverse misure."
IL-CONFIG-507,"Ideal Lux Glory è una plafoniera con diffusione luminosa confortevole per soggiorni, camere, ingressi e locali accoglienti. La famiglia comprende 3 configurazioni con struttura in vetro. Misure: D 400 × H 150 mm, D 500 × H 175 mm e D 600 × H 175 mm. Finiture: bianco. Sorgenti: portalampada E27. Punti luce: 2, 3 e 5. Potenze: E27 max 2 x 60W, E27 max 3 x 60W e E27 max 5 x 60W. Una soluzione pensata per scegliere la plafoniera in base a metratura, altezza del soffitto, stile dell’arredo e funzione dell’ambiente. Per una scelta consapevole, confronta ingombro, numero di punti luce, finitura e tecnologia della sorgente con la superficie da illuminare e con gli altri apparecchi presenti nel progetto.","Ideal Lux Glory è una plafoniera che unisce una forma compatta a una luce addolcita dai materiali diffusori, ideale quando l’illuminazione generale deve risultare confortevole e decorativa. La struttura utilizza vetro; materiali e finiture concorrono a definire la qualità visiva del prodotto sia da acceso sia da spento. Le informazioni della famiglia descrivono inoltre Montatura in metallo con finitura nickel satinato. Diffusore in vetro bianco soffiato e acidato.

Le dimensioni disponibili sono D 400 × H 150 mm, D 500 × H 175 mm e D 600 × H 175 mm. Le finiture disponibili comprendono bianco. Le sorgenti previste sono portalampada E27. Le potenze specifiche delle configurazioni sono E27 max 2 x 60W, E27 max 3 x 60W e E27 max 5 x 60W. Il numero di punti luce varia tra 2, 3 e 5.

Le versioni con portalampada E27 consentono di scegliere sorgenti compatibili in base a flusso luminoso, temperatura colore e resa cromatica desiderati. Le configurazioni prevedono 2, 3 e 5 punti luce, permettendo di modulare la presenza luminosa in base a dimensioni e destinazione dell’ambiente. Le potenze dichiarate per le varianti sono E27 max 2 x 60W, E27 max 3 x 60W e E27 max 5 x 60W.

La lampada a soffitto Glory si inserisce con naturalezza in soggiorni, salotti, cucine, camere da letto, camerette, corridoi e ingressi, dove una luce diffusa rende più confortevoli le attività quotidiane. Può essere scelta anche per B&B, piccoli hotel, ristoranti, sale colazione, studi medici e locali commerciali che desiderano un’illuminazione accogliente senza rinunciare a un elemento decorativo. La selezione della dimensione e del numero di sorgenti consente di adattare la presenza della plafoniera alla metratura dell’ambiente e all’altezza utile del soffitto.

Nella scelta della plafoniera Glory è utile considerare il diametro o l’ingombro più proporzionato, la finitura prevista dalla collezione e la sorgente più adatta al livello di luce richiesto. In un soggiorno ampio o in una sala commerciale può essere opportuno abbinare la lampada a soffitto a ulteriori fonti di luce, mentre in corridoi, ingressi e zone di servizio una configurazione compatta può offrire un risultato più misurato. Il montaggio a soffitto mantiene libero lo spazio a parete e contribuisce a rendere più leggibile l’architettura degli interni.

Con Ideal Lux Glory, la lampada da soffitto diventa un elemento utile per costruire una luce stratificata e coerente: illuminazione generale, accento sugli arredi e comfort visivo possono convivere nello stesso progetto. La varietà di configurazioni rende la collezione una scelta efficace per chi cerca una plafoniera adatta sia al rinnovo di un singolo ambiente sia a un intervento coordinato su casa, studio, negozio o struttura ricettiva.","Plafoniera Ideal Lux Glory in vetro, finiture bianco, portalampada E27. Ideale per soggiorni, camere, cucine, ingressi e locali commerciali. Disponibile online."
IL-CONFIG-508,"Ideal Lux Gourmet è una plafoniera con diffusione luminosa confortevole per soggiorni, camere, ingressi e locali accoglienti. La famiglia comprende 2 configurazioni con struttura in metallo e vetro. Misure: D 1000 × H 820 mm e D 1315 × H 930 mm. Finiture: nero; rosoni/dettagli ottone. Sorgenti: portalampada E14. Punti luce: 6 e 9. Potenze: E14 max 6 x 28W e E14 max 9 x 28W. Una soluzione pensata per scegliere la plafoniera in base a metratura, altezza del soffitto, stile dell’arredo e funzione dell’ambiente. Per una scelta consapevole, confronta ingombro, numero di punti luce, finitura e tecnologia della sorgente con la superficie da illuminare e con gli altri apparecchi presenti nel progetto.","Ideal Lux Gourmet è una plafoniera che unisce una forma compatta a una luce addolcita dai materiali diffusori, ideale quando l’illuminazione generale deve risultare confortevole e decorativa. La struttura utilizza metallo e vetro; materiali e finiture concorrono a definire la qualità visiva del prodotto sia da acceso sia da spento.

Le dimensioni disponibili sono D 1000 × H 820 mm e D 1315 × H 930 mm. Le finiture disponibili comprendono nero; i rosoni e i dettagli possono essere ottone. Le sorgenti previste sono portalampada E14. Le potenze specifiche delle configurazioni sono E14 max 6 x 28W e E14 max 9 x 28W. Il numero di punti luce varia tra 6 e 9.

Le versioni con portalampada E14 consentono di scegliere sorgenti compatibili in base a flusso luminoso, temperatura colore e resa cromatica desiderati. Le configurazioni prevedono 6 e 9 punti luce, permettendo di modulare la presenza luminosa in base a dimensioni e destinazione dell’ambiente. Le potenze dichiarate per le varianti sono E14 max 6 x 28W e E14 max 9 x 28W.

La lampada a soffitto Gourmet si inserisce con naturalezza in soggiorni, salotti, cucine, camere da letto, camerette, corridoi e ingressi, dove una luce diffusa rende più confortevoli le attività quotidiane. Può essere scelta anche per B&B, piccoli hotel, ristoranti, sale colazione, studi medici e locali commerciali che desiderano un’illuminazione accogliente senza rinunciare a un elemento decorativo. La selezione della dimensione e del numero di sorgenti consente di adattare la presenza della plafoniera alla metratura dell’ambiente e all’altezza utile del soffitto.

Nella scelta della plafoniera Gourmet è utile considerare il diametro o l’ingombro più proporzionato, la finitura prevista dalla collezione e la sorgente più adatta al livello di luce richiesto. In un soggiorno ampio o in una sala commerciale può essere opportuno abbinare la lampada a soffitto a ulteriori fonti di luce, mentre in corridoi, ingressi e zone di servizio una configurazione compatta può offrire un risultato più misurato. Il montaggio a soffitto mantiene libero lo spazio a parete e contribuisce a rendere più leggibile l’architettura degli interni.

Con Ideal Lux Gourmet, la lampada da soffitto diventa un elemento utile per costruire una luce stratificata e coerente: illuminazione generale, accento sugli arredi e comfort visivo possono convivere nello stesso progetto. La varietà di configurazioni rende la collezione una scelta efficace per chi cerca una plafoniera adatta sia al rinnovo di un singolo ambiente sia a un intervento coordinato su casa, studio, negozio o struttura ricettiva.","Lampada da soffitto Ideal Lux Gourmet: portalampada E14, finiture nero. Ideale per soggiorni, camere, cucine, ingressi e locali commerciali. Disponibile online."
IL-CONFIG-509,"Ideal Lux Gun è una lampada a soffitto per ingressi, portici, balconi, terrazze, verande e spazi esterni. La famiglia comprende 6 configurazioni con struttura in alluminio e metallo. Misure: D 110 × H 115 mm. Finiture: alluminio, antracite, bianco, coffee, grigio e nero. Sorgenti: portalampada GU10. Punti luce: 1. Potenze: GU10 max 1 x 28W. Una soluzione pensata per scegliere la plafoniera in base a metratura, altezza del soffitto, stile dell’arredo e funzione dell’ambiente. Per una scelta consapevole, confronta ingombro, numero di punti luce, finitura e tecnologia della sorgente con la superficie da illuminare e con gli altri apparecchi presenti nel progetto.","Ideal Lux Gun è una lampada da soffitto per esterni che combina funzionalità, continuità estetica e una struttura studiata per completare ingressi e spazi outdoor. La struttura utilizza alluminio e metallo; materiali e finiture concorrono a definire la qualità visiva del prodotto sia da acceso sia da spento. Le informazioni della famiglia descrivono inoltre Corpo luce in alluminio con finitura naturale spazzolata o in vernice con varie finiture. Diffusore in vetro pirex trasparente.

Le dimensioni disponibili sono D 110 × H 115 mm. Le finiture disponibili comprendono alluminio, antracite, bianco, coffee, grigio e nero. Le sorgenti previste sono portalampada GU10. Le potenze specifiche delle configurazioni sono GU10 max 1 x 28W. Il numero di punti luce è pari a 1.

Le versioni con portalampada GU10 consentono di scegliere sorgenti compatibili in base a flusso luminoso, temperatura colore e resa cromatica desiderati. Il numero di punti luce è pari a 1, un dato utile per valutare il contributo della plafoniera all’illuminazione generale o d’accento. Le potenze dichiarate per le varianti sono GU10 max 1 x 28W.

La lampada da soffitto Gun è indicata per portici, balconi, terrazze, verande, ingressi coperti, dehor, camminamenti e zone di passaggio esterne. Può completare l’illuminazione di giardini, aree piscina e accessi carrabili quando il progetto richiede un punto luce compatto e ben integrato nell’architettura. La scelta della finitura consente di coordinare la plafoniera con infissi, pergole, facciate e arredi outdoor; per installazioni esposte è opportuno rispettare le indicazioni tecniche del produttore e affidare il montaggio a personale qualificato.

Nella scelta della plafoniera Gun è utile considerare la misura disponibile, la finitura che dialoga con arredi e serramenti e la sorgente più adatta al livello di luce richiesto. In un soggiorno ampio o in una sala commerciale può essere opportuno abbinare la lampada a soffitto a ulteriori fonti di luce, mentre in corridoi, ingressi e zone di servizio una configurazione compatta può offrire un risultato più misurato. Il montaggio a soffitto mantiene libero lo spazio a parete e contribuisce a rendere più leggibile l’architettura degli interni.

Acquistare Ideal Lux Gun significa scegliere un corpo illuminante da soffitto capace di dare continuità all’illuminazione tra architettura, percorsi e aree di accoglienza esterne. La scelta della variante corretta permette di ottenere un punto luce funzionale, ben inserito nella facciata o nella copertura e coerente con il carattere dell’abitazione o dell’attività commerciale.","Plafoniera Ideal Lux Gun: portalampada GU10, finiture alluminio, antracite e bianco. Ideale per portici, balconi, terrazze, ingressi e dehor. Per spazi outdoor."
IL-CONFIG-510,"Ideal Lux Halo è una plafoniera LED per ambienti residenziali, uffici, negozi e zone living. La famiglia comprende 6 configurazioni con struttura in alluminio e metallo. Misure: D 350 × H 90 mm, D 350 × H 72 mm, D 450 × H 81 mm, D 450 × H 90 mm e D 600 × H 90 mm. Finiture: bianco. Sorgenti: LED integrato. Punti luce: 1. Potenze: 22W, 32W e 46W. Temperature colore: 3000 K e 4000 K. Una soluzione pensata per scegliere la plafoniera in base a metratura, altezza del soffitto, stile dell’arredo e funzione dell’ambiente. Per una scelta consapevole, confronta ingombro, numero di punti luce, finitura e tecnologia della sorgente con la superficie da illuminare e con gli altri apparecchi presenti nel progetto.","Ideal Lux Halo è una plafoniera LED progettata per integrare illuminazione e architettura d’interni con un ingombro controllato e un’emissione adatta alla vita quotidiana. La struttura utilizza alluminio e metallo; materiali e finiture concorrono a definire la qualità visiva del prodotto sia da acceso sia da spento. Le informazioni della famiglia descrivono inoltre Lampada a plafone con base circolare e corpo luce in alluminio verniciato a polveri. Diffusore OPALE in policarbonato. Disponibile in tre diversi diametri di colore bianco. In pratica, il diffusore opale favorisce una distribuzione luminosa omogenea.

Le dimensioni disponibili sono D 350 × H 90 mm, D 350 × H 72 mm, D 450 × H 81 mm, D 450 × H 90 mm e D 600 × H 90 mm. Le finiture disponibili comprendono bianco. Le sorgenti previste sono LED integrato. Le potenze specifiche delle configurazioni sono 22W, 32W e 46W. Il numero di punti luce è pari a 1. Le temperature colore disponibili sono 3000 K e 4000 K.

La famiglia adotta una sorgente LED integrata, soluzione che mantiene la superficie della plafoniera ordinata e riduce la necessità di lampadine visibili. Il numero di punti luce è pari a 1, un dato utile per valutare il contributo della plafoniera all’illuminazione generale o d’accento. Le potenze dichiarate per le varianti sono 22W, 32W e 46W. Sono disponibili versioni con 3.000 K, bianco caldo e 4.000 K, luce neutra.

Halo è pensata per soggiorni, cucine, camere, camerette, corridoi, ingressi, studi domestici e zone living che richiedono un’illuminazione ordinata e continua. In un progetto professionale può trovare collocazione in uffici, sale riunioni, reception, negozi, showroom, aree di servizio, spazi di attesa e locali destinati alla ristorazione. La disponibilità di tonalità 3000 K e 4000 K permette di orientare la scelta tra un’atmosfera più calda o una luce più neutra, in relazione alla destinazione d’uso. La scelta dell’ingombro e della potenza consente di graduare la luce in base alla superficie, alla presenza di altri punti luminosi e al colore delle finiture interne.

Nella scelta della plafoniera Halo è utile considerare il diametro o l’ingombro più proporzionato, la finitura prevista dalla collezione e la potenza e la temperatura colore più coerenti con l’uso dello spazio. In un soggiorno ampio o in una sala commerciale può essere opportuno abbinare la lampada a soffitto a ulteriori fonti di luce, mentre in corridoi, ingressi e zone di servizio una configurazione compatta può offrire un risultato più misurato. Il montaggio a soffitto mantiene libero lo spazio a parete e contribuisce a rendere più leggibile l’architettura degli interni.

Con Ideal Lux Halo, la lampada da soffitto diventa un elemento utile per costruire una luce stratificata e coerente: illuminazione generale, accento sugli arredi e comfort visivo possono convivere nello stesso progetto. La varietà di configurazioni rende la collezione una scelta efficace per chi cerca una plafoniera adatta sia al rinnovo di un singolo ambiente sia a un intervento coordinato su casa, studio, negozio o struttura ricettiva.","Plafoniera Ideal Lux Halo: LED integrato, finiture bianco. Ideale per living, camere, cucine, uffici e spazi commerciali. Disponibile online. In diverse misure."
IL-CONFIG-511,"Ideal Lux Hermes è una plafoniera con diffusione luminosa confortevole per soggiorni, camere, ingressi e locali accoglienti. La famiglia comprende 8 configurazioni con struttura in metallo e vetro. Misure: D 600 × H 180 mm e D 900 × H 200 mm. Finiture: bianco e ottone. Sorgenti: portalampada G9. Punti luce: 3 e 5. Potenze: G9 max 3 x 28W e G9 max 5 x 28W. Una soluzione pensata per scegliere la plafoniera in base a metratura, altezza del soffitto, stile dell’arredo e funzione dell’ambiente. Per una scelta consapevole, confronta ingombro, numero di punti luce, finitura e tecnologia della sorgente con la superficie da illuminare e con gli altri apparecchi presenti nel progetto.","Ideal Lux Hermes è una plafoniera che unisce una forma compatta a una luce addolcita dai materiali diffusori, ideale quando l’illuminazione generale deve risultare confortevole e decorativa. La struttura utilizza metallo e vetro; materiali e finiture concorrono a definire la qualità visiva del prodotto sia da acceso sia da spento.

Le dimensioni disponibili sono D 600 × H 180 mm e D 900 × H 200 mm. Le finiture disponibili comprendono bianco e ottone. Le sorgenti previste sono portalampada G9. Le potenze specifiche delle configurazioni sono G9 max 3 x 28W e G9 max 5 x 28W. Il numero di punti luce varia tra 3 e 5.

Le versioni con portalampada G9 consentono di scegliere sorgenti compatibili in base a flusso luminoso, temperatura colore e resa cromatica desiderati. Le configurazioni prevedono 3 e 5 punti luce, permettendo di modulare la presenza luminosa in base a dimensioni e destinazione dell’ambiente. Le potenze dichiarate per le varianti sono G9 max 3 x 28W e G9 max 5 x 28W.

La lampada a soffitto Hermes si inserisce con naturalezza in soggiorni, salotti, cucine, camere da letto, camerette, corridoi e ingressi, dove una luce diffusa rende più confortevoli le attività quotidiane. Può essere scelta anche per B&B, piccoli hotel, ristoranti, sale colazione, studi medici e locali commerciali che desiderano un’illuminazione accogliente senza rinunciare a un elemento decorativo. La selezione della dimensione e del numero di sorgenti consente di adattare la presenza della plafoniera alla metratura dell’ambiente e all’altezza utile del soffitto.

Nella scelta della plafoniera Hermes è utile considerare il diametro o l’ingombro più proporzionato, la finitura che dialoga con arredi e serramenti e la sorgente più adatta al livello di luce richiesto. In un soggiorno ampio o in una sala commerciale può essere opportuno abbinare la lampada a soffitto a ulteriori fonti di luce, mentre in corridoi, ingressi e zone di servizio una configurazione compatta può offrire un risultato più misurato. Il montaggio a soffitto mantiene libero lo spazio a parete e contribuisce a rendere più leggibile l’architettura degli interni.

Con Ideal Lux Hermes, la lampada da soffitto diventa un elemento utile per costruire una luce stratificata e coerente: illuminazione generale, accento sugli arredi e comfort visivo possono convivere nello stesso progetto. La varietà di configurazioni rende la collezione una scelta efficace per chi cerca una plafoniera adatta sia al rinnovo di un singolo ambiente sia a un intervento coordinato su casa, studio, negozio o struttura ricettiva.","Plafoniera Ideal Lux Hermes: portalampada G9, finiture bianco e ottone. Ideale per soggiorni, camere, cucine, ingressi e locali commerciali. Disponibile online."
IL-CONFIG-512,"Ideal Lux Iride è una plafoniera LED per ambienti residenziali, uffici, negozi e zone living. La famiglia comprende 2 configurazioni con struttura in metallo e materiale plastico. Misure: D 500 × H 40 mm e D 600 × H 45 mm. Finiture: bianco. Sorgenti: LED integrato. Punti luce: 1. Potenze: LED 18W e LED 22W. Versioni dimmerabili per modulare l’intensità luminosa. Una soluzione pensata per scegliere la plafoniera in base a metratura, altezza del soffitto, stile dell’arredo e funzione dell’ambiente. Per una scelta consapevole, confronta ingombro, numero di punti luce, finitura e tecnologia della sorgente con la superficie da illuminare e con gli altri apparecchi presenti nel progetto.","Ideal Lux Iride è una plafoniera LED progettata per integrare illuminazione e architettura d’interni con un ingombro controllato e un’emissione adatta alla vita quotidiana. La struttura utilizza metallo e materiale plastico; materiali e finiture concorrono a definire la qualità visiva del prodotto sia da acceso sia da spento.

Le dimensioni disponibili sono D 500 × H 40 mm e D 600 × H 45 mm. Le finiture disponibili comprendono bianco. Le sorgenti previste sono LED integrato. Le potenze specifiche delle configurazioni sono LED 18W e LED 22W. Il numero di punti luce è pari a 1. Tutte le configurazioni sono dimmerabili.

La famiglia adotta una sorgente LED integrata, soluzione che mantiene la superficie della plafoniera ordinata e riduce la necessità di lampadine visibili. Il numero di punti luce è pari a 1, un dato utile per valutare il contributo della plafoniera all’illuminazione generale o d’accento. Le potenze dichiarate per le varianti sono LED 18W e LED 22W. Tutte le varianti sono dimmerabili, caratteristica utile per adattare l’intensità luminosa a momenti di relax, lavoro, accoglienza o servizio.

Iride è pensata per soggiorni, cucine, camere, camerette, corridoi, ingressi, studi domestici e zone living che richiedono un’illuminazione ordinata e continua. In un progetto professionale può trovare collocazione in uffici, sale riunioni, reception, negozi, showroom, aree di servizio, spazi di attesa e locali destinati alla ristorazione. La scelta dell’ingombro e della potenza consente di graduare la luce in base alla superficie, alla presenza di altri punti luminosi e al colore delle finiture interne.

Nella scelta della plafoniera Iride è utile considerare il diametro o l’ingombro più proporzionato, la finitura prevista dalla collezione e la potenza e la temperatura colore più coerenti con l’uso dello spazio. In un soggiorno ampio o in una sala commerciale può essere opportuno abbinare la lampada a soffitto a ulteriori fonti di luce, mentre in corridoi, ingressi e zone di servizio una configurazione compatta può offrire un risultato più misurato. Il montaggio a soffitto mantiene libero lo spazio a parete e contribuisce a rendere più leggibile l’architettura degli interni. La dimmerazione consente inoltre di accompagnare la giornata con scenari luminosi diversi, dalla luce piena per le attività alla luce attenuata per la convivialità.

Con Ideal Lux Iride, la lampada da soffitto diventa un elemento utile per costruire una luce stratificata e coerente: illuminazione generale, accento sugli arredi e comfort visivo possono convivere nello stesso progetto. La varietà di configurazioni rende la collezione una scelta efficace per chi cerca una plafoniera adatta sia al rinnovo di un singolo ambiente sia a un intervento coordinato su casa, studio, negozio o struttura ricettiva.","Plafoniera Ideal Lux Iride: LED integrato, finiture bianco. Ideale per living, camere, cucine, uffici e spazi commerciali. Disponibile online. Con più finiture."
IL-CONFIG-513,"Ideal Lux King è una plafoniera decorativa per salotti, sale da pranzo e ambienti hospitality. La famiglia comprende 6 configurazioni con struttura in metallo, vetro e cristallo. Misure: D 255 × H 160 mm, D 380 × H 160 mm e D 535 × H 190 mm. Finiture: cromo e oro. Sorgenti: portalampada G9. Punti luce: 3, 5 e 9. Potenze: G9 max 3 x 40W, G9 max 5 x 40W e G9 max 9 x 40W. Una soluzione pensata per scegliere la plafoniera in base a metratura, altezza del soffitto, stile dell’arredo e funzione dell’ambiente. Per una scelta consapevole, confronta ingombro, numero di punti luce, finitura e tecnologia della sorgente con la superficie da illuminare e con gli altri apparecchi presenti nel progetto.","La plafoniera Ideal Lux King propone una lettura decorativa dell’illuminazione a soffitto, con una composizione studiata per aggiungere riflessi, profondità e presenza scenica all’ambiente. La struttura utilizza metallo, vetro e cristallo; materiali e finiture concorrono a definire la qualità visiva del prodotto sia da acceso sia da spento. Le informazioni della famiglia descrivono inoltre Diffusore composto da anelli in metallo cromato o dorato con ottagoni di cristallo incastonati all'interno.

Le dimensioni disponibili sono D 255 × H 160 mm, D 380 × H 160 mm e D 535 × H 190 mm. Le finiture disponibili comprendono cromo e oro. Le sorgenti previste sono portalampada G9. Le potenze specifiche delle configurazioni sono G9 max 3 x 40W, G9 max 5 x 40W e G9 max 9 x 40W. Il numero di punti luce varia tra 3, 5 e 9.

Le versioni con portalampada G9 consentono di scegliere sorgenti compatibili in base a flusso luminoso, temperatura colore e resa cromatica desiderati. Le configurazioni prevedono 3, 5 e 9 punti luce, permettendo di modulare la presenza luminosa in base a dimensioni e destinazione dell’ambiente. Le potenze dichiarate per le varianti sono G9 max 3 x 40W, G9 max 5 x 40W e G9 max 9 x 40W.

Pensata per ambienti interni rappresentativi, la plafoniera King può diventare il punto focale di un salone, di una zona pranzo, di una camera matrimoniale o di un ingresso con soffitti non troppo alti. La presenza decorativa la rende adatta anche a boutique, reception, lounge, hall di hotel, ristoranti, sale cerimonia e spazi hospitality in cui l’illuminazione contribuisce all’atmosfera oltre che alla visibilità. Per ottenere un risultato equilibrato conviene dimensionare numero di luci e ingombro rispetto al tavolo, al divano o alla zona di accoglienza da valorizzare.

Nella scelta della plafoniera King è utile considerare il diametro o l’ingombro più proporzionato, la finitura che dialoga con arredi e serramenti e la sorgente più adatta al livello di luce richiesto. In un soggiorno ampio o in una sala commerciale può essere opportuno abbinare la lampada a soffitto a ulteriori fonti di luce, mentre in corridoi, ingressi e zone di servizio una configurazione compatta può offrire un risultato più misurato. Il montaggio a soffitto mantiene libero lo spazio a parete e contribuisce a rendere più leggibile l’architettura degli interni.

Con Ideal Lux King, la lampada da soffitto diventa un elemento utile per costruire una luce stratificata e coerente: illuminazione generale, accento sugli arredi e comfort visivo possono convivere nello stesso progetto. La varietà di configurazioni rende la collezione una scelta efficace per chi cerca una plafoniera adatta sia al rinnovo di un singolo ambiente sia a un intervento coordinato su casa, studio, negozio o struttura ricettiva.","Plafoniera Ideal Lux King in metallo e vetro, finiture cromo e oro, portalampada G9. Ideale per salotti, sale da pranzo, hotel e ristoranti. Disponibile online."
IL-CONFIG-514,"Ideal Lux Kubiko è una plafoniera LED per ambienti residenziali, uffici, negozi e zone living. La famiglia comprende 2 configurazioni con struttura in metallo e materiale plastico. Misure: L 100 × H 115 × P 100 mm. Finiture: bianco e nero. Sorgenti: LED integrato. Punti luce: 1. Potenze: LED 10W. Una soluzione pensata per scegliere la plafoniera in base a metratura, altezza del soffitto, stile dell’arredo e funzione dell’ambiente. Per una scelta consapevole, confronta ingombro, numero di punti luce, finitura e tecnologia della sorgente con la superficie da illuminare e con gli altri apparecchi presenti nel progetto.","Ideal Lux Kubiko è una plafoniera LED progettata per integrare illuminazione e architettura d’interni con un ingombro controllato e un’emissione adatta alla vita quotidiana. La struttura utilizza metallo e materiale plastico; materiali e finiture concorrono a definire la qualità visiva del prodotto sia da acceso sia da spento.

Le dimensioni disponibili sono L 100 × H 115 × P 100 mm. Le finiture disponibili comprendono bianco e nero. Le sorgenti previste sono LED integrato. Le potenze specifiche delle configurazioni sono LED 10W. Il numero di punti luce è pari a 1.

La famiglia adotta una sorgente LED integrata, soluzione che mantiene la superficie della plafoniera ordinata e riduce la necessità di lampadine visibili. Il numero di punti luce è pari a 1, un dato utile per valutare il contributo della plafoniera all’illuminazione generale o d’accento. Le potenze dichiarate per le varianti sono LED 10W.

Kubiko è pensata per soggiorni, cucine, camere, camerette, corridoi, ingressi, studi domestici e zone living che richiedono un’illuminazione ordinata e continua. In un progetto professionale può trovare collocazione in uffici, sale riunioni, reception, negozi, showroom, aree di servizio, spazi di attesa e locali destinati alla ristorazione. La scelta dell’ingombro e della potenza consente di graduare la luce in base alla superficie, alla presenza di altri punti luminosi e al colore delle finiture interne.

Nella scelta della plafoniera Kubiko è utile considerare la misura disponibile, la finitura che dialoga con arredi e serramenti e la potenza e la temperatura colore più coerenti con l’uso dello spazio. In un soggiorno ampio o in una sala commerciale può essere opportuno abbinare la lampada a soffitto a ulteriori fonti di luce, mentre in corridoi, ingressi e zone di servizio una configurazione compatta può offrire un risultato più misurato. Il montaggio a soffitto mantiene libero lo spazio a parete e contribuisce a rendere più leggibile l’architettura degli interni.

Con Ideal Lux Kubiko, la lampada da soffitto diventa un elemento utile per costruire una luce stratificata e coerente: illuminazione generale, accento sugli arredi e comfort visivo possono convivere nello stesso progetto. La varietà di configurazioni rende la collezione una scelta efficace per chi cerca una plafoniera adatta sia al rinnovo di un singolo ambiente sia a un intervento coordinato su casa, studio, negozio o struttura ricettiva.","Lampada da soffitto Ideal Lux Kubiko: LED integrato, finiture bianco e nero. Ideale per living, camere, cucine, uffici e spazi commerciali. Disponibile online."
IL-CONFIG-515,"Ideal Lux Level è una plafoniera LED per ambienti residenziali, uffici, negozi e zone living. La famiglia comprende 2 configurazioni con struttura in vetro e metallo. Misure: D 400 × H 85 mm e D 585 × H 85 mm. Finiture: bianco. Sorgenti: LED integrato. Punti luce: 1. Potenze: LED 22W e LED 32W. Una soluzione pensata per scegliere la plafoniera in base a metratura, altezza del soffitto, stile dell’arredo e funzione dell’ambiente. Per una scelta consapevole, confronta ingombro, numero di punti luce, finitura e tecnologia della sorgente con la superficie da illuminare e con gli altri apparecchi presenti nel progetto.","Ideal Lux Level è una plafoniera LED progettata per integrare illuminazione e architettura d’interni con un ingombro controllato e un’emissione adatta alla vita quotidiana. La struttura utilizza vetro e metallo; materiali e finiture concorrono a definire la qualità visiva del prodotto sia da acceso sia da spento. Le informazioni della famiglia descrivono inoltre Base in metallo verniciato a polveri. Diffusore in vetro soffiato bianco acidato con sistema di fissaggio senza viti. Sorgente a led integrato facilmente sostituibile. In pratica, i diffusori in vetro soffiato valorizzano una luce più morbida e decorativa  e  il sistema di fissaggio è progettato per mantenere una superficie visivamente ordinata.

Le dimensioni disponibili sono D 400 × H 85 mm e D 585 × H 85 mm. Le finiture disponibili comprendono bianco. Le sorgenti previste sono LED integrato. Le potenze specifiche delle configurazioni sono LED 22W e LED 32W. Il numero di punti luce è pari a 1.

La famiglia adotta una sorgente LED integrata, soluzione che mantiene la superficie della plafoniera ordinata e riduce la necessità di lampadine visibili. Il numero di punti luce è pari a 1, un dato utile per valutare il contributo della plafoniera all’illuminazione generale o d’accento. Le potenze dichiarate per le varianti sono LED 22W e LED 32W.

Level è pensata per soggiorni, cucine, camere, camerette, corridoi, ingressi, studi domestici e zone living che richiedono un’illuminazione ordinata e continua. In un progetto professionale può trovare collocazione in uffici, sale riunioni, reception, negozi, showroom, aree di servizio, spazi di attesa e locali destinati alla ristorazione. La scelta dell’ingombro e della potenza consente di graduare la luce in base alla superficie, alla presenza di altri punti luminosi e al colore delle finiture interne.

Nella scelta della plafoniera Level è utile considerare il diametro o l’ingombro più proporzionato, la finitura prevista dalla collezione e la potenza e la temperatura colore più coerenti con l’uso dello spazio. In un soggiorno ampio o in una sala commerciale può essere opportuno abbinare la lampada a soffitto a ulteriori fonti di luce, mentre in corridoi, ingressi e zone di servizio una configurazione compatta può offrire un risultato più misurato. Il montaggio a soffitto mantiene libero lo spazio a parete e contribuisce a rendere più leggibile l’architettura degli interni.

Con Ideal Lux Level, la lampada da soffitto diventa un elemento utile per costruire una luce stratificata e coerente: illuminazione generale, accento sugli arredi e comfort visivo possono convivere nello stesso progetto. La varietà di configurazioni rende la collezione una scelta efficace per chi cerca una plafoniera adatta sia al rinnovo di un singolo ambiente sia a un intervento coordinato su casa, studio, negozio o struttura ricettiva.","Plafoniera Ideal Lux Level: LED integrato, finiture bianco. Ideale per living, camere, cucine, uffici e spazi commerciali. Disponibile online. Con più finiture."
IL-CONFIG-516,"Ideal Lux Lika è una plafoniera LED per ambienti residenziali, uffici, negozi e zone living. La famiglia comprende 6 configurazioni con struttura in metallo, vetro e alluminio. Misure: L 65 × H 81 × P 34,5 mm, L 135 × H 80 × P 35 mm e L 269,5 × H 81 × P 34,5 mm. Finiture: bianco e nero. Sorgenti: LED integrato. Punti luce: 1. Potenze: 6W, 12,5W e 21W. Temperature colore: 3000 K. Una soluzione pensata per scegliere la plafoniera in base a metratura, altezza del soffitto, stile dell’arredo e funzione dell’ambiente. Per una scelta consapevole, confronta ingombro, numero di punti luce, finitura e tecnologia della sorgente con la superficie da illuminare e con gli altri apparecchi presenti nel progetto.","Ideal Lux Lika è una plafoniera LED progettata per integrare illuminazione e architettura d’interni con un ingombro controllato e un’emissione adatta alla vita quotidiana. La struttura utilizza metallo, vetro e alluminio; materiali e finiture concorrono a definire la qualità visiva del prodotto sia da acceso sia da spento.

Le dimensioni disponibili sono L 65 × H 81 × P 34,5 mm, L 135 × H 80 × P 35 mm e L 269,5 × H 81 × P 34,5 mm. Le finiture disponibili comprendono bianco e nero. Le sorgenti previste sono LED integrato. Le potenze specifiche delle configurazioni sono 6W, 12,5W e 21W. Il numero di punti luce è pari a 1. Le temperature colore disponibili sono 3000 K.

La famiglia adotta una sorgente LED integrata, soluzione che mantiene la superficie della plafoniera ordinata e riduce la necessità di lampadine visibili. Il numero di punti luce è pari a 1, un dato utile per valutare il contributo della plafoniera all’illuminazione generale o d’accento. Le potenze dichiarate per le varianti sono 6W, 12,5W e 21W. Sono disponibili versioni con 3.000 K, bianco caldo.

Lika è pensata per soggiorni, cucine, camere, camerette, corridoi, ingressi, studi domestici e zone living che richiedono un’illuminazione ordinata e continua. In un progetto professionale può trovare collocazione in uffici, sale riunioni, reception, negozi, showroom, aree di servizio, spazi di attesa e locali destinati alla ristorazione. La disponibilità di tonalità 3000 K permette di orientare la scelta tra un’atmosfera più calda o una luce più neutra, in relazione alla destinazione d’uso. La scelta dell’ingombro e della potenza consente di graduare la luce in base alla superficie, alla presenza di altri punti luminosi e al colore delle finiture interne.

Nella scelta della plafoniera Lika è utile considerare il diametro o l’ingombro più proporzionato, la finitura che dialoga con arredi e serramenti e la potenza e la temperatura colore più coerenti con l’uso dello spazio. In un soggiorno ampio o in una sala commerciale può essere opportuno abbinare la lampada a soffitto a ulteriori fonti di luce, mentre in corridoi, ingressi e zone di servizio una configurazione compatta può offrire un risultato più misurato. Il montaggio a soffitto mantiene libero lo spazio a parete e contribuisce a rendere più leggibile l’architettura degli interni.

Con Ideal Lux Lika, la lampada da soffitto diventa un elemento utile per costruire una luce stratificata e coerente: illuminazione generale, accento sugli arredi e comfort visivo possono convivere nello stesso progetto. La varietà di configurazioni rende la collezione una scelta efficace per chi cerca una plafoniera adatta sia al rinnovo di un singolo ambiente sia a un intervento coordinato su casa, studio, negozio o struttura ricettiva.","Plafoniera Ideal Lux Lika in metallo e vetro, finiture bianco e nero, LED integrato. Ideale per living, camere, cucine, uffici e spazi commerciali. Per interni."
IL-CONFIG-517,"Ideal Lux Lingotto è una plafoniera con diffusione luminosa confortevole per soggiorni, camere, ingressi e locali accoglienti. La famiglia comprende 6 configurazioni con struttura in metallo e vetro. Misure: L 185 × H 215 × P 185 mm, L 455 × H 215 × P 185 mm e L 455 × H 215 × P 455 mm. Finiture: nero e ottone; rosoni/dettagli nero. Sorgenti: portalampada E14. Punti luce: 1, 2 e 4. Potenze: E14 max 1 x 28W, E14 max 2 x 28W e E14 max 4 x 28W. Una soluzione pensata per scegliere la plafoniera in base a metratura, altezza del soffitto, stile dell’arredo e funzione dell’ambiente. Per una scelta consapevole, confronta ingombro, numero di punti luce, finitura e tecnologia della sorgente con la superficie da illuminare e con gli altri apparecchi presenti nel progetto.","Ideal Lux Lingotto è una plafoniera che unisce una forma compatta a una luce addolcita dai materiali diffusori, ideale quando l’illuminazione generale deve risultare confortevole e decorativa. La struttura utilizza metallo e vetro; materiali e finiture concorrono a definire la qualità visiva del prodotto sia da acceso sia da spento.

Le dimensioni disponibili sono L 185 × H 215 × P 185 mm, L 455 × H 215 × P 185 mm e L 455 × H 215 × P 455 mm. Le finiture disponibili comprendono nero e ottone; i rosoni e i dettagli possono essere nero. Le sorgenti previste sono portalampada E14. Le potenze specifiche delle configurazioni sono E14 max 1 x 28W, E14 max 2 x 28W e E14 max 4 x 28W. Il numero di punti luce varia tra 1, 2 e 4.

Le versioni con portalampada E14 consentono di scegliere sorgenti compatibili in base a flusso luminoso, temperatura colore e resa cromatica desiderati. Le configurazioni prevedono 1, 2 e 4 punti luce, permettendo di modulare la presenza luminosa in base a dimensioni e destinazione dell’ambiente. Le potenze dichiarate per le varianti sono E14 max 1 x 28W, E14 max 2 x 28W e E14 max 4 x 28W.

La lampada a soffitto Lingotto si inserisce con naturalezza in soggiorni, salotti, cucine, camere da letto, camerette, corridoi e ingressi, dove una luce diffusa rende più confortevoli le attività quotidiane. Può essere scelta anche per B&B, piccoli hotel, ristoranti, sale colazione, studi medici e locali commerciali che desiderano un’illuminazione accogliente senza rinunciare a un elemento decorativo. La selezione della dimensione e del numero di sorgenti consente di adattare la presenza della plafoniera alla metratura dell’ambiente e all’altezza utile del soffitto.

Nella scelta della plafoniera Lingotto è utile considerare il diametro o l’ingombro più proporzionato, la finitura che dialoga con arredi e serramenti e la sorgente più adatta al livello di luce richiesto. In un soggiorno ampio o in una sala commerciale può essere opportuno abbinare la lampada a soffitto a ulteriori fonti di luce, mentre in corridoi, ingressi e zone di servizio una configurazione compatta può offrire un risultato più misurato. Il montaggio a soffitto mantiene libero lo spazio a parete e contribuisce a rendere più leggibile l’architettura degli interni.

Con Ideal Lux Lingotto, la lampada da soffitto diventa un elemento utile per costruire una luce stratificata e coerente: illuminazione generale, accento sugli arredi e comfort visivo possono convivere nello stesso progetto. La varietà di configurazioni rende la collezione una scelta efficace per chi cerca una plafoniera adatta sia al rinnovo di un singolo ambiente sia a un intervento coordinato su casa, studio, negozio o struttura ricettiva.","Plafoniera Ideal Lux Lingotto, portalampada E14. Ideale per soggiorni, camere, cucine, ingressi e locali commerciali. Disponibile online. In più configurazioni."
IL-CONFIG-518,"Ideal Lux Look Led è una plafoniera LED per ambienti residenziali, uffici, negozi e zone living. La famiglia comprende 6 configurazioni con struttura in vetro e metallo. Misure: D 30 × H 200 mm e D 30 × H 400 mm. Finiture: bianco, nero e ottone. Sorgenti: LED integrato. Punti luce: 1. Potenze: 5W. Temperature colore: 3000 K. Una soluzione pensata per scegliere la plafoniera in base a metratura, altezza del soffitto, stile dell’arredo e funzione dell’ambiente. Per una scelta consapevole, confronta ingombro, numero di punti luce, finitura e tecnologia della sorgente con la superficie da illuminare e con gli altri apparecchi presenti nel progetto.","Ideal Lux Look Led è una plafoniera LED progettata per integrare illuminazione e architettura d’interni con un ingombro controllato e un’emissione adatta alla vita quotidiana. La struttura utilizza vetro e metallo; materiali e finiture concorrono a definire la qualità visiva del prodotto sia da acceso sia da spento. Le informazioni della famiglia descrivono inoltre Base e corpo luce in metallo verniciato a polveri o placcato. Colori: Bianco, Nero, Ottone, Cromo, Rame, Brunito.

Le dimensioni disponibili sono D 30 × H 200 mm e D 30 × H 400 mm. Le finiture disponibili comprendono bianco, nero e ottone. Le sorgenti previste sono LED integrato. Le potenze specifiche delle configurazioni sono 5W. Il numero di punti luce è pari a 1. Le temperature colore disponibili sono 3000 K.

La famiglia adotta una sorgente LED integrata, soluzione che mantiene la superficie della plafoniera ordinata e riduce la necessità di lampadine visibili. Il numero di punti luce è pari a 1, un dato utile per valutare il contributo della plafoniera all’illuminazione generale o d’accento. Le potenze dichiarate per le varianti sono 5W. Sono disponibili versioni con 3.000 K, bianco caldo.

Look Led è pensata per soggiorni, cucine, camere, camerette, corridoi, ingressi, studi domestici e zone living che richiedono un’illuminazione ordinata e continua. In un progetto professionale può trovare collocazione in uffici, sale riunioni, reception, negozi, showroom, aree di servizio, spazi di attesa e locali destinati alla ristorazione. La disponibilità di tonalità 3000 K permette di orientare la scelta tra un’atmosfera più calda o una luce più neutra, in relazione alla destinazione d’uso. La scelta dell’ingombro e della potenza consente di graduare la luce in base alla superficie, alla presenza di altri punti luminosi e al colore delle finiture interne.

Nella scelta della plafoniera Look Led è utile considerare il diametro o l’ingombro più proporzionato, la finitura che dialoga con arredi e serramenti e la potenza e la temperatura colore più coerenti con l’uso dello spazio. In un soggiorno ampio o in una sala commerciale può essere opportuno abbinare la lampada a soffitto a ulteriori fonti di luce, mentre in corridoi, ingressi e zone di servizio una configurazione compatta può offrire un risultato più misurato. Il montaggio a soffitto mantiene libero lo spazio a parete e contribuisce a rendere più leggibile l’architettura degli interni.

Con Ideal Lux Look Led, la lampada da soffitto diventa un elemento utile per costruire una luce stratificata e coerente: illuminazione generale, accento sugli arredi e comfort visivo possono convivere nello stesso progetto. La varietà di configurazioni rende la collezione una scelta efficace per chi cerca una plafoniera adatta sia al rinnovo di un singolo ambiente sia a un intervento coordinato su casa, studio, negozio o struttura ricettiva.","Plafoniera Ideal Lux Look Led: LED integrato, finiture bianco, nero e ottone. Ideale per living, camere, cucine, uffici e spazi commerciali. Disponibile online."
IL-CONFIG-519,"Ideal Lux Look Std è una lampada da soffitto per illuminazione mirata di cucine, corridoi, studi e spazi commerciali. La famiglia comprende 33 configurazioni con struttura in metallo, alluminio, vetro e gesso. Misure: D 60 × H 950 mm, D 60 × H 100 mm, D 60 × H 200 mm, D 60 × H 400 mm, D 60 × H 750 mm, D 70 × H 110 mm, D 70 × H 200 mm, D 70 × H 750 mm, L 60 × H 200 × P 60 mm, L 60 × H 400 × P 60 mm, L 60 × H 750 × P 60 mm, L 70 × H 110 × P 70 mm, L 70 × H 200 × P 70 mm, L 70 × H 400 × P 70 mm e L 70 × H 750 × P 70 mm. Finiture: bianco, nero, ottone e gesso; rosoni/dettagli bianco e nero. Sorgenti: portalampada GU10. Punti luce: 1. Potenze: GU10 max 1 x 28W e GU10 max 1 x 35W. Una soluzione pensata per scegliere la plafoniera in base a metratura, altezza del soffitto, stile dell’arredo e funzione dell’ambiente. Per una scelta consapevole, confronta ingombro, numero di punti luce, finitura e tecnologia della sorgente con la superficie da illuminare e con gli altri apparecchi presenti nel progetto.","Ideal Lux Look Std è una lampada da soffitto pensata per organizzare la luce con precisione, offrendo un segno essenziale e una presenza tecnica adatta agli interni contemporanei. La struttura utilizza metallo, alluminio, vetro e gesso; materiali e finiture concorrono a definire la qualità visiva del prodotto sia da acceso sia da spento. Le informazioni della famiglia descrivono inoltre Corpo luce in metallo verniciato a polveri o placcato. Colori: Bianco, Nero, Ottone, Gesso.

Le dimensioni disponibili sono D 60 × H 950 mm, D 60 × H 100 mm, D 60 × H 200 mm, D 60 × H 400 mm, D 60 × H 750 mm, D 70 × H 110 mm, D 70 × H 200 mm, D 70 × H 750 mm, L 60 × H 200 × P 60 mm, L 60 × H 400 × P 60 mm, L 60 × H 750 × P 60 mm, L 70 × H 110 × P 70 mm, L 70 × H 200 × P 70 mm, L 70 × H 400 × P 70 mm e L 70 × H 750 × P 70 mm. Le finiture disponibili comprendono bianco, nero, ottone e gesso; i rosoni e i dettagli possono essere bianco e nero. Le sorgenti previste sono portalampada GU10. Le potenze specifiche delle configurazioni sono GU10 max 1 x 28W e GU10 max 1 x 35W. Il numero di punti luce è pari a 1.

Le versioni con portalampada GU10 consentono di scegliere sorgenti compatibili in base a flusso luminoso, temperatura colore e resa cromatica desiderati. Il numero di punti luce è pari a 1, un dato utile per valutare il contributo della plafoniera all’illuminazione generale o d’accento. Le potenze dichiarate per le varianti sono GU10 max 1 x 28W e GU10 max 1 x 35W.

La configurazione a soffitto di Look Std è indicata per illuminazione mirata di cucine, piani di lavoro, corridoi, ingressi, cabine armadio, studi e camerette. Negli spazi commerciali può contribuire a illuminare scaffalature, banconi, percorsi di vendita, vetrine interne, nicchie espositive e pareti comunicative di negozi, showroom, studi professionali e gallerie. Il risultato dipende dalla lampadina scelta e dalla disposizione dei punti luce: per questo è utile combinare ottiche e temperatura colore coerenti con il compito visivo dell’area.

Nella scelta della plafoniera Look Std è utile considerare il diametro o l’ingombro più proporzionato, la finitura che dialoga con arredi e serramenti e la sorgente più adatta al livello di luce richiesto. In un soggiorno ampio o in una sala commerciale può essere opportuno abbinare la lampada a soffitto a ulteriori fonti di luce, mentre in corridoi, ingressi e zone di servizio una configurazione compatta può offrire un risultato più misurato. Il montaggio a soffitto mantiene libero lo spazio a parete e contribuisce a rendere più leggibile l’architettura degli interni.

Con Ideal Lux Look Std, la lampada da soffitto diventa un elemento utile per costruire una luce stratificata e coerente: illuminazione generale, accento sugli arredi e comfort visivo possono convivere nello stesso progetto. La varietà di configurazioni rende la collezione una scelta efficace per chi cerca una plafoniera adatta sia al rinnovo di un singolo ambiente sia a un intervento coordinato su casa, studio, negozio o struttura ricettiva.","Plafoniera Ideal Lux Look Std in metallo e alluminio, finiture bianco, nero e ottone, portalampada GU10. Ideale per cucine, corridoi, studi, negozi e showroom."
IL-CONFIG-520,"Ideal Lux Maracas è una plafoniera con diffusione luminosa confortevole per soggiorni, camere, ingressi e locali accoglienti. La famiglia comprende 2 configurazioni con struttura in metallo e vetro. Misure: L 700 × H 200 × P 280 mm e L 1180 × H 200 × P 280 mm. Finiture: ottone. Sorgenti: portalampada G4. Punti luce: 4 e 6. Potenze: G4 max 4 x 2W e G4 max 6 x 2W. Una soluzione pensata per scegliere la plafoniera in base a metratura, altezza del soffitto, stile dell’arredo e funzione dell’ambiente. Per una scelta consapevole, confronta ingombro, numero di punti luce, finitura e tecnologia della sorgente con la superficie da illuminare e con gli altri apparecchi presenti nel progetto.","Ideal Lux Maracas è una plafoniera che unisce una forma compatta a una luce addolcita dai materiali diffusori, ideale quando l’illuminazione generale deve risultare confortevole e decorativa. La struttura utilizza metallo e vetro; materiali e finiture concorrono a definire la qualità visiva del prodotto sia da acceso sia da spento.

Le dimensioni disponibili sono L 700 × H 200 × P 280 mm e L 1180 × H 200 × P 280 mm. Le finiture disponibili comprendono ottone. Le sorgenti previste sono portalampada G4. Le potenze specifiche delle configurazioni sono G4 max 4 x 2W e G4 max 6 x 2W. Il numero di punti luce varia tra 4 e 6.

Le versioni con portalampada G4 consentono di scegliere sorgenti compatibili in base a flusso luminoso, temperatura colore e resa cromatica desiderati. Le configurazioni prevedono 4 e 6 punti luce, permettendo di modulare la presenza luminosa in base a dimensioni e destinazione dell’ambiente. Le potenze dichiarate per le varianti sono G4 max 4 x 2W e G4 max 6 x 2W.

La lampada a soffitto Maracas si inserisce con naturalezza in soggiorni, salotti, cucine, camere da letto, camerette, corridoi e ingressi, dove una luce diffusa rende più confortevoli le attività quotidiane. Può essere scelta anche per B&B, piccoli hotel, ristoranti, sale colazione, studi medici e locali commerciali che desiderano un’illuminazione accogliente senza rinunciare a un elemento decorativo. La selezione della dimensione e del numero di sorgenti consente di adattare la presenza della plafoniera alla metratura dell’ambiente e all’altezza utile del soffitto.

Nella scelta della plafoniera Maracas è utile considerare il diametro o l’ingombro più proporzionato, la finitura prevista dalla collezione e la sorgente più adatta al livello di luce richiesto. In un soggiorno ampio o in una sala commerciale può essere opportuno abbinare la lampada a soffitto a ulteriori fonti di luce, mentre in corridoi, ingressi e zone di servizio una configurazione compatta può offrire un risultato più misurato. Il montaggio a soffitto mantiene libero lo spazio a parete e contribuisce a rendere più leggibile l’architettura degli interni.

Con Ideal Lux Maracas, la lampada da soffitto diventa un elemento utile per costruire una luce stratificata e coerente: illuminazione generale, accento sugli arredi e comfort visivo possono convivere nello stesso progetto. La varietà di configurazioni rende la collezione una scelta efficace per chi cerca una plafoniera adatta sia al rinnovo di un singolo ambiente sia a un intervento coordinato su casa, studio, negozio o struttura ricettiva.","Lampada da soffitto Ideal Lux Maracas: portalampada G4, finiture ottone. Ideale per soggiorni, camere, cucine, ingressi e locali commerciali. In diverse misure."
IL-CONFIG-521,"Ideal Lux Martinez è una plafoniera decorativa per salotti, sale da pranzo e ambienti hospitality. La famiglia comprende 2 configurazioni con struttura in metallo, vetro e cristallo. Misure: L 1030 × H 380 × P 305 mm. Finiture: cromo e oro. Sorgenti: portalampada E14. Punti luce: 8. Potenze: E14 max 8 x 40W. Una soluzione pensata per scegliere la plafoniera in base a metratura, altezza del soffitto, stile dell’arredo e funzione dell’ambiente. Per una scelta consapevole, confronta ingombro, numero di punti luce, finitura e tecnologia della sorgente con la superficie da illuminare e con gli altri apparecchi presenti nel progetto.","La plafoniera Ideal Lux Martinez propone una lettura decorativa dell’illuminazione a soffitto, con una composizione studiata per aggiungere riflessi, profondità e presenza scenica all’ambiente. La struttura utilizza metallo, vetro e cristallo; materiali e finiture concorrono a definire la qualità visiva del prodotto sia da acceso sia da spento. Le informazioni della famiglia descrivono inoltre Montatura in metallo cromato o dorato. Elementi decorativi con catene di ottagoni e barre in cristallo molato trasparente.

Le dimensioni disponibili sono L 1030 × H 380 × P 305 mm. Le finiture disponibili comprendono cromo e oro. Le sorgenti previste sono portalampada E14. Le potenze specifiche delle configurazioni sono E14 max 8 x 40W. Il numero di punti luce è pari a 8.

Le versioni con portalampada E14 consentono di scegliere sorgenti compatibili in base a flusso luminoso, temperatura colore e resa cromatica desiderati. Il numero di punti luce è pari a 8, un dato utile per valutare il contributo della plafoniera all’illuminazione generale o d’accento. Le potenze dichiarate per le varianti sono E14 max 8 x 40W.

Pensata per ambienti interni rappresentativi, la plafoniera Martinez può diventare il punto focale di un salone, di una zona pranzo, di una camera matrimoniale o di un ingresso con soffitti non troppo alti. La presenza decorativa la rende adatta anche a boutique, reception, lounge, hall di hotel, ristoranti, sale cerimonia e spazi hospitality in cui l’illuminazione contribuisce all’atmosfera oltre che alla visibilità. Per ottenere un risultato equilibrato conviene dimensionare numero di luci e ingombro rispetto al tavolo, al divano o alla zona di accoglienza da valorizzare.

Nella scelta della plafoniera Martinez è utile considerare la misura disponibile, la finitura che dialoga con arredi e serramenti e la sorgente più adatta al livello di luce richiesto. In un soggiorno ampio o in una sala commerciale può essere opportuno abbinare la lampada a soffitto a ulteriori fonti di luce, mentre in corridoi, ingressi e zone di servizio una configurazione compatta può offrire un risultato più misurato. Il montaggio a soffitto mantiene libero lo spazio a parete e contribuisce a rendere più leggibile l’architettura degli interni.

Con Ideal Lux Martinez, la lampada da soffitto diventa un elemento utile per costruire una luce stratificata e coerente: illuminazione generale, accento sugli arredi e comfort visivo possono convivere nello stesso progetto. La varietà di configurazioni rende la collezione una scelta efficace per chi cerca una plafoniera adatta sia al rinnovo di un singolo ambiente sia a un intervento coordinato su casa, studio, negozio o struttura ricettiva.","Lampada da soffitto Ideal Lux Martinez: portalampada E14, finiture cromo e oro. Ideale per salotti, sale da pranzo, hotel e ristoranti. In più configurazioni."
IL-CONFIG-522,"Ideal Lux Mib è una lampada a soffitto per ingressi, portici, balconi, terrazze, verande e spazi esterni. La famiglia comprende 4 configurazioni con struttura in alluminio, metallo e materiale plastico. Misure: D 300 × H 50 mm e L 300 × H 50 × P 300 mm. Finiture: bianco. Sorgenti: LED integrato. Punti luce: 1. Potenze: 18W. Temperature colore: 3000 K e 4000 K. Una soluzione pensata per scegliere la plafoniera in base a metratura, altezza del soffitto, stile dell’arredo e funzione dell’ambiente. Per una scelta consapevole, confronta ingombro, numero di punti luce, finitura e tecnologia della sorgente con la superficie da illuminare e con gli altri apparecchi presenti nel progetto.","Ideal Lux Mib è una lampada da soffitto per esterni che combina funzionalità, continuità estetica e una struttura studiata per completare ingressi e spazi outdoor. La struttura utilizza alluminio, metallo e materiale plastico; materiali e finiture concorrono a definire la qualità visiva del prodotto sia da acceso sia da spento. Le informazioni della famiglia descrivono inoltre Base in alluminio verniciato a polveri di colore bianco. Diffusore in materiale plastico OPALE. Sorgente luminosa a led integrati. In pratica, il diffusore opale favorisce una distribuzione luminosa omogenea.

Le dimensioni disponibili sono D 300 × H 50 mm e L 300 × H 50 × P 300 mm. Le finiture disponibili comprendono bianco. Le sorgenti previste sono LED integrato. Le potenze specifiche delle configurazioni sono 18W. Il numero di punti luce è pari a 1. Le temperature colore disponibili sono 3000 K e 4000 K.

La famiglia adotta una sorgente LED integrata, soluzione che mantiene la superficie della plafoniera ordinata e riduce la necessità di lampadine visibili. Il numero di punti luce è pari a 1, un dato utile per valutare il contributo della plafoniera all’illuminazione generale o d’accento. Le potenze dichiarate per le varianti sono 18W. Sono disponibili versioni con 3.000 K, bianco caldo e 4.000 K, luce neutra.

La lampada da soffitto Mib è indicata per portici, balconi, terrazze, verande, ingressi coperti, dehor, camminamenti e zone di passaggio esterne. Può completare l’illuminazione di giardini, aree piscina e accessi carrabili quando il progetto richiede un punto luce compatto e ben integrato nell’architettura. La scelta della finitura consente di coordinare la plafoniera con infissi, pergole, facciate e arredi outdoor; per installazioni esposte è opportuno rispettare le indicazioni tecniche del produttore e affidare il montaggio a personale qualificato.

Nella scelta della plafoniera Mib è utile considerare il diametro o l’ingombro più proporzionato, la finitura prevista dalla collezione e la potenza e la temperatura colore più coerenti con l’uso dello spazio. In un soggiorno ampio o in una sala commerciale può essere opportuno abbinare la lampada a soffitto a ulteriori fonti di luce, mentre in corridoi, ingressi e zone di servizio una configurazione compatta può offrire un risultato più misurato. Il montaggio a soffitto mantiene libero lo spazio a parete e contribuisce a rendere più leggibile l’architettura degli interni.

Acquistare Ideal Lux Mib significa scegliere un corpo illuminante da soffitto capace di dare continuità all’illuminazione tra architettura, percorsi e aree di accoglienza esterne. La scelta della variante corretta permette di ottenere un punto luce funzionale, ben inserito nella facciata o nella copertura e coerente con il carattere dell’abitazione o dell’attività commerciale.","Plafoniera Ideal Lux Mib in alluminio e metallo, finiture bianco, LED integrato. Ideale per portici, balconi, terrazze, ingressi e dehor. In più configurazioni."
IL-CONFIG-523,"Ideal Lux Mix-up è una lampada da soffitto per interni residenziali, uffici, negozi e strutture ricettive. La famiglia comprende 2 configurazioni con struttura in metallo. Misure: D 50 × H 129 mm. Finiture: bianco e nero. Sorgenti: portalampada E27. Punti luce: 1. Potenze: E27 max 1 x 60W. Una soluzione pensata per scegliere la plafoniera in base a metratura, altezza del soffitto, stile dell’arredo e funzione dell’ambiente. Per una scelta consapevole, confronta ingombro, numero di punti luce, finitura e tecnologia della sorgente con la superficie da illuminare e con gli altri apparecchi presenti nel progetto.","Ideal Lux Mix-up è una lampada da soffitto versatile, pensata per illuminare ambienti residenziali e professionali con una presenza proporzionata e coerente con molte tipologie di arredo. La struttura utilizza metallo; materiali e finiture concorrono a definire la qualità visiva del prodotto sia da acceso sia da spento.

Le dimensioni disponibili sono D 50 × H 129 mm. Le finiture disponibili comprendono bianco e nero. Le sorgenti previste sono portalampada E27. Le potenze specifiche delle configurazioni sono E27 max 1 x 60W. Il numero di punti luce è pari a 1.

Le versioni con portalampada E27 consentono di scegliere sorgenti compatibili in base a flusso luminoso, temperatura colore e resa cromatica desiderati. Il numero di punti luce è pari a 1, un dato utile per valutare il contributo della plafoniera all’illuminazione generale o d’accento. Le potenze dichiarate per le varianti sono E27 max 1 x 60W.

La lampada da soffitto Mix-up è indicata per soggiorno, salone, zona living, cucina, camera da letto, cameretta, corridoio, ingresso, studio e disimpegno. Le configurazioni disponibili permettono di utilizzarla anche in uffici, studi professionali, negozi, ristoranti, B&B, sale d’attesa e spazi hospitality, scegliendo la versione più adeguata alla metratura e alla funzione dell’ambiente. Una corretta distribuzione dei punti luce, abbinata a lampade da parete, sospensioni o illuminazione d’accento, contribuisce a creare scenari luminosi completi e coerenti.

Nella scelta della plafoniera Mix-up è utile considerare la misura disponibile, la finitura che dialoga con arredi e serramenti e la sorgente più adatta al livello di luce richiesto. In un soggiorno ampio o in una sala commerciale può essere opportuno abbinare la lampada a soffitto a ulteriori fonti di luce, mentre in corridoi, ingressi e zone di servizio una configurazione compatta può offrire un risultato più misurato. Il montaggio a soffitto mantiene libero lo spazio a parete e contribuisce a rendere più leggibile l’architettura degli interni.

Con Ideal Lux Mix-up, la lampada da soffitto diventa un elemento utile per costruire una luce stratificata e coerente: illuminazione generale, accento sugli arredi e comfort visivo possono convivere nello stesso progetto. La varietà di configurazioni rende la collezione una scelta efficace per chi cerca una plafoniera adatta sia al rinnovo di un singolo ambiente sia a un intervento coordinato su casa, studio, negozio o struttura ricettiva.","Plafoniera Ideal Lux Mix-up: portalampada E27, finiture bianco e nero. Ideale per soggiorni, camere, cucine, ingressi e locali commerciali. Disponibile online."
IL-CONFIG-524,"Ideal Lux Mood è una lampada da soffitto per illuminazione mirata di cucine, corridoi, studi e spazi commerciali. La famiglia comprende 8 configurazioni con struttura in alluminio e metallo. Misure: D 90 × H 105 mm, L 90 × H 105 × P 90 mm, D 150 × H 150 mm e L 150 × H 150 × P 150 mm. Finiture: bianco e nero; rosoni/dettagli nero. Sorgenti: portalampada GU10. Punti luce: 1. Potenze: GU10 max 1 x 28W e GU10 max 1 x 50W. Una soluzione pensata per scegliere la plafoniera in base a metratura, altezza del soffitto, stile dell’arredo e funzione dell’ambiente. Per una scelta consapevole, confronta ingombro, numero di punti luce, finitura e tecnologia della sorgente con la superficie da illuminare e con gli altri apparecchi presenti nel progetto.","Ideal Lux Mood è una lampada da soffitto pensata per organizzare la luce con precisione, offrendo un segno essenziale e una presenza tecnica adatta agli interni contemporanei. La struttura utilizza alluminio e metallo; materiali e finiture concorrono a definire la qualità visiva del prodotto sia da acceso sia da spento. Le informazioni della famiglia descrivono inoltre Corpo luce in metallo disponibile con sezione quadra o tonda. Nero all'interno e bianco o nero all'esterno. Diffusore interno orientabile. In pratica, i corpi luminosi consentono di indirizzare la luce verso zone e dettagli selezionati.

Le dimensioni disponibili sono D 90 × H 105 mm, L 90 × H 105 × P 90 mm, D 150 × H 150 mm e L 150 × H 150 × P 150 mm. Le finiture disponibili comprendono bianco e nero; i rosoni e i dettagli possono essere nero. Le sorgenti previste sono portalampada GU10. Le potenze specifiche delle configurazioni sono GU10 max 1 x 28W e GU10 max 1 x 50W. Il numero di punti luce è pari a 1.

Le versioni con portalampada GU10 consentono di scegliere sorgenti compatibili in base a flusso luminoso, temperatura colore e resa cromatica desiderati. Il numero di punti luce è pari a 1, un dato utile per valutare il contributo della plafoniera all’illuminazione generale o d’accento. Le potenze dichiarate per le varianti sono GU10 max 1 x 28W e GU10 max 1 x 50W.

La configurazione a soffitto di Mood è indicata per illuminazione mirata di cucine, piani di lavoro, corridoi, ingressi, cabine armadio, studi e camerette. Negli spazi commerciali può contribuire a illuminare scaffalature, banconi, percorsi di vendita, vetrine interne, nicchie espositive e pareti comunicative di negozi, showroom, studi professionali e gallerie. Il risultato dipende dalla lampadina scelta e dalla disposizione dei punti luce: per questo è utile combinare ottiche e temperatura colore coerenti con il compito visivo dell’area.

Nella scelta della plafoniera Mood è utile considerare il diametro o l’ingombro più proporzionato, la finitura che dialoga con arredi e serramenti e la sorgente più adatta al livello di luce richiesto. In un soggiorno ampio o in una sala commerciale può essere opportuno abbinare la lampada a soffitto a ulteriori fonti di luce, mentre in corridoi, ingressi e zone di servizio una configurazione compatta può offrire un risultato più misurato. Il montaggio a soffitto mantiene libero lo spazio a parete e contribuisce a rendere più leggibile l’architettura degli interni.

Con Ideal Lux Mood, la lampada da soffitto diventa un elemento utile per costruire una luce stratificata e coerente: illuminazione generale, accento sugli arredi e comfort visivo possono convivere nello stesso progetto. La varietà di configurazioni rende la collezione una scelta efficace per chi cerca una plafoniera adatta sia al rinnovo di un singolo ambiente sia a un intervento coordinato su casa, studio, negozio o struttura ricettiva.","Plafoniera Ideal Lux Mood: portalampada GU10, finiture bianco e nero. Ideale per cucine, corridoi, studi, negozi e showroom. Per luce mirata. In diverse misure."
IL-CONFIG-525,"Ideal Lux Moonlight è una plafoniera decorativa per salotti, sale da pranzo e ambienti hospitality. La famiglia comprende 8 configurazioni con struttura in metallo, vetro e cristallo. Misure: D 600 × H 360 mm, D 800 × H 360 mm, D 260 × H 200 mm e D 400 × H 360 mm. Finiture: cromo e oro. Sorgenti: portalampada G9. Punti luce: 5, 8, 12 e 15. Potenze: G9 max 12 x 40W, G9 max 15 x 40W, G9 max 5 x 40W e G9 max 8 x 40W. Una soluzione pensata per scegliere la plafoniera in base a metratura, altezza del soffitto, stile dell’arredo e funzione dell’ambiente. Per una scelta consapevole, confronta ingombro, numero di punti luce, finitura e tecnologia della sorgente con la superficie da illuminare e con gli altri apparecchi presenti nel progetto.","La plafoniera Ideal Lux Moonlight propone una lettura decorativa dell’illuminazione a soffitto, con una composizione studiata per aggiungere riflessi, profondità e presenza scenica all’ambiente. La struttura utilizza metallo, vetro e cristallo; materiali e finiture concorrono a definire la qualità visiva del prodotto sia da acceso sia da spento. Le informazioni della famiglia descrivono inoltre Montatura in metallo con finitura disponibile in cromo o dorato. Pendagli con ottagoni e sfere in cristallo molato.

Le dimensioni disponibili sono D 600 × H 360 mm, D 800 × H 360 mm, D 260 × H 200 mm e D 400 × H 360 mm. Le finiture disponibili comprendono cromo e oro. Le sorgenti previste sono portalampada G9. Le potenze specifiche delle configurazioni sono G9 max 12 x 40W, G9 max 15 x 40W, G9 max 5 x 40W e G9 max 8 x 40W. Il numero di punti luce varia tra 5, 8, 12 e 15.

Le versioni con portalampada G9 consentono di scegliere sorgenti compatibili in base a flusso luminoso, temperatura colore e resa cromatica desiderati. Le configurazioni prevedono 5, 8, 12 e 15 punti luce, permettendo di modulare la presenza luminosa in base a dimensioni e destinazione dell’ambiente. Le potenze dichiarate per le varianti sono G9 max 12 x 40W, G9 max 15 x 40W, G9 max 5 x 40W e G9 max 8 x 40W.

Pensata per ambienti interni rappresentativi, la plafoniera Moonlight può diventare il punto focale di un salone, di una zona pranzo, di una camera matrimoniale o di un ingresso con soffitti non troppo alti. La presenza decorativa la rende adatta anche a boutique, reception, lounge, hall di hotel, ristoranti, sale cerimonia e spazi hospitality in cui l’illuminazione contribuisce all’atmosfera oltre che alla visibilità. Per ottenere un risultato equilibrato conviene dimensionare numero di luci e ingombro rispetto al tavolo, al divano o alla zona di accoglienza da valorizzare.

Nella scelta della plafoniera Moonlight è utile considerare il diametro o l’ingombro più proporzionato, la finitura che dialoga con arredi e serramenti e la sorgente più adatta al livello di luce richiesto. In un soggiorno ampio o in una sala commerciale può essere opportuno abbinare la lampada a soffitto a ulteriori fonti di luce, mentre in corridoi, ingressi e zone di servizio una configurazione compatta può offrire un risultato più misurato. Il montaggio a soffitto mantiene libero lo spazio a parete e contribuisce a rendere più leggibile l’architettura degli interni.

Con Ideal Lux Moonlight, la lampada da soffitto diventa un elemento utile per costruire una luce stratificata e coerente: illuminazione generale, accento sugli arredi e comfort visivo possono convivere nello stesso progetto. La varietà di configurazioni rende la collezione una scelta efficace per chi cerca una plafoniera adatta sia al rinnovo di un singolo ambiente sia a un intervento coordinato su casa, studio, negozio o struttura ricettiva.","Lampada da soffitto Ideal Lux Moonlight: portalampada G9, finiture cromo e oro. Ideale per salotti, sale da pranzo, hotel e ristoranti. In più configurazioni."
IL-CONFIG-526,"Ideal Lux Mouse è una lampada da soffitto per illuminazione mirata di cucine, corridoi, studi e spazi commerciali. La famiglia comprende 2 configurazioni con struttura in metallo. Misure: L 290 × H 140 × P 290 mm. Finiture: bianco e nero. Sorgenti: portalampada GU10. Punti luce: 4. Potenze: GU10 max 4 x 50W. Una soluzione pensata per scegliere la plafoniera in base a metratura, altezza del soffitto, stile dell’arredo e funzione dell’ambiente. Per una scelta consapevole, confronta ingombro, numero di punti luce, finitura e tecnologia della sorgente con la superficie da illuminare e con gli altri apparecchi presenti nel progetto.","Ideal Lux Mouse è una lampada da soffitto pensata per organizzare la luce con precisione, offrendo un segno essenziale e una presenza tecnica adatta agli interni contemporanei. La struttura utilizza metallo; materiali e finiture concorrono a definire la qualità visiva del prodotto sia da acceso sia da spento.

Le dimensioni disponibili sono L 290 × H 140 × P 290 mm. Le finiture disponibili comprendono bianco e nero. Le sorgenti previste sono portalampada GU10. Le potenze specifiche delle configurazioni sono GU10 max 4 x 50W. Il numero di punti luce è pari a 4.

Le versioni con portalampada GU10 consentono di scegliere sorgenti compatibili in base a flusso luminoso, temperatura colore e resa cromatica desiderati. Il numero di punti luce è pari a 4, un dato utile per valutare il contributo della plafoniera all’illuminazione generale o d’accento. Le potenze dichiarate per le varianti sono GU10 max 4 x 50W.

La configurazione a soffitto di Mouse è indicata per illuminazione mirata di cucine, piani di lavoro, corridoi, ingressi, cabine armadio, studi e camerette. Negli spazi commerciali può contribuire a illuminare scaffalature, banconi, percorsi di vendita, vetrine interne, nicchie espositive e pareti comunicative di negozi, showroom, studi professionali e gallerie. Il risultato dipende dalla lampadina scelta e dalla disposizione dei punti luce: per questo è utile combinare ottiche e temperatura colore coerenti con il compito visivo dell’area.

Nella scelta della plafoniera Mouse è utile considerare la misura disponibile, la finitura che dialoga con arredi e serramenti e la sorgente più adatta al livello di luce richiesto. In un soggiorno ampio o in una sala commerciale può essere opportuno abbinare la lampada a soffitto a ulteriori fonti di luce, mentre in corridoi, ingressi e zone di servizio una configurazione compatta può offrire un risultato più misurato. Il montaggio a soffitto mantiene libero lo spazio a parete e contribuisce a rendere più leggibile l’architettura degli interni.

Con Ideal Lux Mouse, la lampada da soffitto diventa un elemento utile per costruire una luce stratificata e coerente: illuminazione generale, accento sugli arredi e comfort visivo possono convivere nello stesso progetto. La varietà di configurazioni rende la collezione una scelta efficace per chi cerca una plafoniera adatta sia al rinnovo di un singolo ambiente sia a un intervento coordinato su casa, studio, negozio o struttura ricettiva.","Plafoniera Ideal Lux Mouse: portalampada GU10, finiture bianco e nero. Ideale per cucine, corridoi, studi, negozi e showroom. Per luce mirata. Con più finiture."
IL-CONFIG-527,"Ideal Lux Neve è una plafoniera con diffusione luminosa confortevole per soggiorni, camere, ingressi e locali accoglienti. La famiglia comprende 3 configurazioni con struttura in metallo e vetro. Misure: D 630 × H 315 mm, D 800 × H 315 mm e D 405 × H 315 mm. Finiture: cromo; rosoni/dettagli cromo e bianco. Sorgenti: portalampada G9. Punti luce: 8, 12 e 15. Potenze: G9 max 12 x 40W, G9 max 15 x 40W e G9 max 8 x 40W. Una soluzione pensata per scegliere la plafoniera in base a metratura, altezza del soffitto, stile dell’arredo e funzione dell’ambiente. Per una scelta consapevole, confronta ingombro, numero di punti luce, finitura e tecnologia della sorgente con la superficie da illuminare e con gli altri apparecchi presenti nel progetto.","Ideal Lux Neve è una plafoniera che unisce una forma compatta a una luce addolcita dai materiali diffusori, ideale quando l’illuminazione generale deve risultare confortevole e decorativa. La struttura utilizza metallo e vetro; materiali e finiture concorrono a definire la qualità visiva del prodotto sia da acceso sia da spento. Le informazioni della famiglia descrivono inoltre Montatura in metallo. Elementi decorativi con sfere di vetro fissate a fili di nylon. Disponibile con montatura cromata e sfere trasparenti o con montatura in bianco opaco e sfere bianche e trasparenti.

Le dimensioni disponibili sono D 630 × H 315 mm, D 800 × H 315 mm e D 405 × H 315 mm. Le finiture disponibili comprendono cromo; i rosoni e i dettagli possono essere cromo e bianco. Le sorgenti previste sono portalampada G9. Le potenze specifiche delle configurazioni sono G9 max 12 x 40W, G9 max 15 x 40W e G9 max 8 x 40W. Il numero di punti luce varia tra 8, 12 e 15.

Le versioni con portalampada G9 consentono di scegliere sorgenti compatibili in base a flusso luminoso, temperatura colore e resa cromatica desiderati. Le configurazioni prevedono 8, 12 e 15 punti luce, permettendo di modulare la presenza luminosa in base a dimensioni e destinazione dell’ambiente. Le potenze dichiarate per le varianti sono G9 max 12 x 40W, G9 max 15 x 40W e G9 max 8 x 40W.

La lampada a soffitto Neve si inserisce con naturalezza in soggiorni, salotti, cucine, camere da letto, camerette, corridoi e ingressi, dove una luce diffusa rende più confortevoli le attività quotidiane. Può essere scelta anche per B&B, piccoli hotel, ristoranti, sale colazione, studi medici e locali commerciali che desiderano un’illuminazione accogliente senza rinunciare a un elemento decorativo. La selezione della dimensione e del numero di sorgenti consente di adattare la presenza della plafoniera alla metratura dell’ambiente e all’altezza utile del soffitto.

Nella scelta della plafoniera Neve è utile considerare il diametro o l’ingombro più proporzionato, la finitura prevista dalla collezione e la sorgente più adatta al livello di luce richiesto. In un soggiorno ampio o in una sala commerciale può essere opportuno abbinare la lampada a soffitto a ulteriori fonti di luce, mentre in corridoi, ingressi e zone di servizio una configurazione compatta può offrire un risultato più misurato. Il montaggio a soffitto mantiene libero lo spazio a parete e contribuisce a rendere più leggibile l’architettura degli interni.

Con Ideal Lux Neve, la lampada da soffitto diventa un elemento utile per costruire una luce stratificata e coerente: illuminazione generale, accento sugli arredi e comfort visivo possono convivere nello stesso progetto. La varietà di configurazioni rende la collezione una scelta efficace per chi cerca una plafoniera adatta sia al rinnovo di un singolo ambiente sia a un intervento coordinato su casa, studio, negozio o struttura ricettiva.","Plafoniera Ideal Lux Neve in metallo e vetro, finiture cromo, portalampada G9. Ideale per soggiorni, camere, cucine, ingressi e locali commerciali. Per interni."
IL-CONFIG-528,"Ideal Lux Ninfea è una plafoniera con diffusione luminosa confortevole per soggiorni, camere, ingressi e locali accoglienti. La famiglia comprende 4 configurazioni con struttura in metallo e vetro. Misure: L 360 × H 140 × P 320 mm e L 460 × H 160 × P 400 mm. Finiture: bianco e ottone. Sorgenti: portalampada GX53. Punti luce: 2 e 3. Potenze: GX53 max 2 x 15W e GX53 max 3 x 15W. Una soluzione pensata per scegliere la plafoniera in base a metratura, altezza del soffitto, stile dell’arredo e funzione dell’ambiente. Per una scelta consapevole, confronta ingombro, numero di punti luce, finitura e tecnologia della sorgente con la superficie da illuminare e con gli altri apparecchi presenti nel progetto.","Ideal Lux Ninfea è una plafoniera che unisce una forma compatta a una luce addolcita dai materiali diffusori, ideale quando l’illuminazione generale deve risultare confortevole e decorativa. La struttura utilizza metallo e vetro; materiali e finiture concorrono a definire la qualità visiva del prodotto sia da acceso sia da spento.

Le dimensioni disponibili sono L 360 × H 140 × P 320 mm e L 460 × H 160 × P 400 mm. Le finiture disponibili comprendono bianco e ottone. Le sorgenti previste sono portalampada GX53. Le potenze specifiche delle configurazioni sono GX53 max 2 x 15W e GX53 max 3 x 15W. Il numero di punti luce varia tra 2 e 3.

Le versioni con portalampada GX53 consentono di scegliere sorgenti compatibili in base a flusso luminoso, temperatura colore e resa cromatica desiderati. Le configurazioni prevedono 2 e 3 punti luce, permettendo di modulare la presenza luminosa in base a dimensioni e destinazione dell’ambiente. Le potenze dichiarate per le varianti sono GX53 max 2 x 15W e GX53 max 3 x 15W.

La lampada a soffitto Ninfea si inserisce con naturalezza in soggiorni, salotti, cucine, camere da letto, camerette, corridoi e ingressi, dove una luce diffusa rende più confortevoli le attività quotidiane. Può essere scelta anche per B&B, piccoli hotel, ristoranti, sale colazione, studi medici e locali commerciali che desiderano un’illuminazione accogliente senza rinunciare a un elemento decorativo. La selezione della dimensione e del numero di sorgenti consente di adattare la presenza della plafoniera alla metratura dell’ambiente e all’altezza utile del soffitto.

Nella scelta della plafoniera Ninfea è utile considerare il diametro o l’ingombro più proporzionato, la finitura che dialoga con arredi e serramenti e la sorgente più adatta al livello di luce richiesto. In un soggiorno ampio o in una sala commerciale può essere opportuno abbinare la lampada a soffitto a ulteriori fonti di luce, mentre in corridoi, ingressi e zone di servizio una configurazione compatta può offrire un risultato più misurato. Il montaggio a soffitto mantiene libero lo spazio a parete e contribuisce a rendere più leggibile l’architettura degli interni.

Con Ideal Lux Ninfea, la lampada da soffitto diventa un elemento utile per costruire una luce stratificata e coerente: illuminazione generale, accento sugli arredi e comfort visivo possono convivere nello stesso progetto. La varietà di configurazioni rende la collezione una scelta efficace per chi cerca una plafoniera adatta sia al rinnovo di un singolo ambiente sia a un intervento coordinato su casa, studio, negozio o struttura ricettiva.","Plafoniera Ideal Lux Ninfea: portalampada GX53, finiture bianco e ottone. Ideale per soggiorni, camere, cucine, ingressi e locali commerciali. Con più finiture."
IL-CONFIG-529,"Ideal Lux Nitro è una plafoniera LED per ambienti residenziali, uffici, negozi e zone living. La famiglia comprende 20 configurazioni con struttura in alluminio, metallo, vetro e materiale plastico. Misure: D 42 × H 52 mm, L 42 × H 52 × P 42 mm, L 55 × H 90 × P 55 mm, L 75 × H 110 × P 75 mm, D 80 × H 105 mm, D 90 × H 125 mm, D 104 × H 142 mm e L 97 × H 120 × P 97 mm. Finiture: bianco e nero; rosoni/dettagli acciaio, bianco e nero. Sorgenti: LED integrato. Punti luce: 1. Potenze: LED 4W, 4W, 5W, LED 10W, LED 15W e LED 25W. Temperature colore: 2700 K e 3000 K. Disponibili anche versioni dimmerabili secondo la configurazione scelta. Una soluzione pensata per scegliere la plafoniera in base a metratura, altezza del soffitto, stile dell’arredo e funzione dell’ambiente. Per una scelta consapevole, confronta ingombro, numero di punti luce, finitura e tecnologia della sorgente con la superficie da illuminare e con gli altri apparecchi presenti nel progetto.","Ideal Lux Nitro è una plafoniera LED progettata per integrare illuminazione e architettura d’interni con un ingombro controllato e un’emissione adatta alla vita quotidiana. La struttura utilizza alluminio, metallo, vetro e materiale plastico; materiali e finiture concorrono a definire la qualità visiva del prodotto sia da acceso sia da spento.

Le dimensioni disponibili sono D 42 × H 52 mm, L 42 × H 52 × P 42 mm, L 55 × H 90 × P 55 mm, L 75 × H 110 × P 75 mm, D 80 × H 105 mm, D 90 × H 125 mm, D 104 × H 142 mm e L 97 × H 120 × P 97 mm. Le finiture disponibili comprendono bianco e nero; i rosoni e i dettagli possono essere acciaio, bianco e nero. Le sorgenti previste sono LED integrato. Le potenze specifiche delle configurazioni sono LED 4W, 4W, 5W, LED 10W, LED 15W e LED 25W. Il numero di punti luce è pari a 1. Le temperature colore disponibili sono 2700 K e 3000 K. Sono presenti configurazioni dimmerabili, da selezionare in base all’impianto e al comando di controllo previsto.

La famiglia adotta una sorgente LED integrata, soluzione che mantiene la superficie della plafoniera ordinata e riduce la necessità di lampadine visibili. Il numero di punti luce è pari a 1, un dato utile per valutare il contributo della plafoniera all’illuminazione generale o d’accento. Le potenze dichiarate per le varianti sono LED 4W, 4W, 5W, LED 10W, LED 15W e LED 25W. Sono disponibili versioni con 2.700 K, luce calda e 3.000 K, bianco caldo. La famiglia include anche versioni dimmerabili: la regolazione dell’intensità va verificata nella configurazione selezionata e nel sistema di controllo installato.

Nitro è pensata per soggiorni, cucine, camere, camerette, corridoi, ingressi, studi domestici e zone living che richiedono un’illuminazione ordinata e continua. In un progetto professionale può trovare collocazione in uffici, sale riunioni, reception, negozi, showroom, aree di servizio, spazi di attesa e locali destinati alla ristorazione. La disponibilità di tonalità 2700 K e 3000 K permette di orientare la scelta tra un’atmosfera più calda o una luce più neutra, in relazione alla destinazione d’uso. La scelta dell’ingombro e della potenza consente di graduare la luce in base alla superficie, alla presenza di altri punti luminosi e al colore delle finiture interne.

Nella scelta della plafoniera Nitro è utile considerare il diametro o l’ingombro più proporzionato, la finitura che dialoga con arredi e serramenti e la potenza e la temperatura colore più coerenti con l’uso dello spazio. In un soggiorno ampio o in una sala commerciale può essere opportuno abbinare la lampada a soffitto a ulteriori fonti di luce, mentre in corridoi, ingressi e zone di servizio una configurazione compatta può offrire un risultato più misurato. Il montaggio a soffitto mantiene libero lo spazio a parete e contribuisce a rendere più leggibile l’architettura degli interni. Per le versioni predisposte alla regolazione, la dimmerazione può essere integrata nel progetto verificando compatibilità tra apparecchio e comando.

Con Ideal Lux Nitro, la lampada da soffitto diventa un elemento utile per costruire una luce stratificata e coerente: illuminazione generale, accento sugli arredi e comfort visivo possono convivere nello stesso progetto. La varietà di configurazioni rende la collezione una scelta efficace per chi cerca una plafoniera adatta sia al rinnovo di un singolo ambiente sia a un intervento coordinato su casa, studio, negozio o struttura ricettiva.","Plafoniera Ideal Lux Nitro: LED integrato, finiture bianco e nero. Ideale per living, camere, cucine, uffici e spazi commerciali. Per interni. Con più finiture."
IL-CONFIG-530,"Ideal Lux Nodi è una plafoniera con diffusione luminosa confortevole per soggiorni, camere, ingressi e locali accoglienti. La famiglia comprende 5 configurazioni con struttura in metallo e vetro. Misure: L 550 × H 550 × P 500 mm e D 830 × H 475 mm. Finiture: bianco, cromo e ottone; rosoni/dettagli cromo e ottone satinato. Sorgenti: portalampada E14 e G9. Punti luce: 5 e 9. Potenze: E14 max 5 x 28W e G9 max 9 x 15W. Una soluzione pensata per scegliere la plafoniera in base a metratura, altezza del soffitto, stile dell’arredo e funzione dell’ambiente. Per una scelta consapevole, confronta ingombro, numero di punti luce, finitura e tecnologia della sorgente con la superficie da illuminare e con gli altri apparecchi presenti nel progetto.","Ideal Lux Nodi è una plafoniera che unisce una forma compatta a una luce addolcita dai materiali diffusori, ideale quando l’illuminazione generale deve risultare confortevole e decorativa. La struttura utilizza metallo e vetro; materiali e finiture concorrono a definire la qualità visiva del prodotto sia da acceso sia da spento. Le informazioni della famiglia descrivono inoltre Montatura in metallo bianco, cromato oppure in ottone satinato. Diffusori in vetro bianco soffiato, acidato o trasparente e cromato.

Le dimensioni disponibili sono L 550 × H 550 × P 500 mm e D 830 × H 475 mm. Le finiture disponibili comprendono bianco, cromo e ottone; i rosoni e i dettagli possono essere cromo e ottone satinato. Le sorgenti previste sono portalampada E14 e G9. Le potenze specifiche delle configurazioni sono E14 max 5 x 28W e G9 max 9 x 15W. Il numero di punti luce varia tra 5 e 9.

Le versioni con portalampada E14 e G9 consentono di scegliere sorgenti compatibili in base a flusso luminoso, temperatura colore e resa cromatica desiderati. Le configurazioni prevedono 5 e 9 punti luce, permettendo di modulare la presenza luminosa in base a dimensioni e destinazione dell’ambiente. Le potenze dichiarate per le varianti sono E14 max 5 x 28W e G9 max 9 x 15W.

La lampada a soffitto Nodi si inserisce con naturalezza in soggiorni, salotti, cucine, camere da letto, camerette, corridoi e ingressi, dove una luce diffusa rende più confortevoli le attività quotidiane. Può essere scelta anche per B&B, piccoli hotel, ristoranti, sale colazione, studi medici e locali commerciali che desiderano un’illuminazione accogliente senza rinunciare a un elemento decorativo. La selezione della dimensione e del numero di sorgenti consente di adattare la presenza della plafoniera alla metratura dell’ambiente e all’altezza utile del soffitto.

Nella scelta della plafoniera Nodi è utile considerare il diametro o l’ingombro più proporzionato, la finitura che dialoga con arredi e serramenti e la tipologia di sorgente più coerente con l’effetto luminoso desiderato. In un soggiorno ampio o in una sala commerciale può essere opportuno abbinare la lampada a soffitto a ulteriori fonti di luce, mentre in corridoi, ingressi e zone di servizio una configurazione compatta può offrire un risultato più misurato. Il montaggio a soffitto mantiene libero lo spazio a parete e contribuisce a rendere più leggibile l’architettura degli interni.

Con Ideal Lux Nodi, la lampada da soffitto diventa un elemento utile per costruire una luce stratificata e coerente: illuminazione generale, accento sugli arredi e comfort visivo possono convivere nello stesso progetto. La varietà di configurazioni rende la collezione una scelta efficace per chi cerca una plafoniera adatta sia al rinnovo di un singolo ambiente sia a un intervento coordinato su casa, studio, negozio o struttura ricettiva.","Lampada da soffitto Ideal Lux Nodi: portalampada E14 e G9, finiture bianco, cromo e ottone. Ideale per soggiorni, camere, cucine, ingressi e locali commerciali."
IL-CONFIG-531,"Ideal Lux Oby è una plafoniera LED per ambienti residenziali, uffici, negozi e zone living. La famiglia comprende 2 configurazioni con struttura in metallo e materiale plastico. Misure: L 370 × H 135 × P 80 mm e L 550 × H 135 × P 80 mm. Finiture: bianco. Sorgenti: LED integrato. Punti luce: 3 e 4. Potenze: LED 18W e LED 24W. Una soluzione pensata per scegliere la plafoniera in base a metratura, altezza del soffitto, stile dell’arredo e funzione dell’ambiente. Per una scelta consapevole, confronta ingombro, numero di punti luce, finitura e tecnologia della sorgente con la superficie da illuminare e con gli altri apparecchi presenti nel progetto.","Ideal Lux Oby è una plafoniera LED progettata per integrare illuminazione e architettura d’interni con un ingombro controllato e un’emissione adatta alla vita quotidiana. La struttura utilizza metallo e materiale plastico; materiali e finiture concorrono a definire la qualità visiva del prodotto sia da acceso sia da spento. Le informazioni della famiglia descrivono inoltre Montatura in metallo verniciato bianco opaco, con snodi cromati. Corpo luce orientabile con diffusore in materiale plastico bianco. In pratica, i corpi luminosi consentono di indirizzare la luce verso zone e dettagli selezionati.

Le dimensioni disponibili sono L 370 × H 135 × P 80 mm e L 550 × H 135 × P 80 mm. Le finiture disponibili comprendono bianco. Le sorgenti previste sono LED integrato. Le potenze specifiche delle configurazioni sono LED 18W e LED 24W. Il numero di punti luce varia tra 3 e 4.

La famiglia adotta una sorgente LED integrata, soluzione che mantiene la superficie della plafoniera ordinata e riduce la necessità di lampadine visibili. Le configurazioni prevedono 3 e 4 punti luce, permettendo di modulare la presenza luminosa in base a dimensioni e destinazione dell’ambiente. Le potenze dichiarate per le varianti sono LED 18W e LED 24W.

Oby è pensata per soggiorni, cucine, camere, camerette, corridoi, ingressi, studi domestici e zone living che richiedono un’illuminazione ordinata e continua. In un progetto professionale può trovare collocazione in uffici, sale riunioni, reception, negozi, showroom, aree di servizio, spazi di attesa e locali destinati alla ristorazione. La scelta dell’ingombro e della potenza consente di graduare la luce in base alla superficie, alla presenza di altri punti luminosi e al colore delle finiture interne.

Nella scelta della plafoniera Oby è utile considerare il diametro o l’ingombro più proporzionato, la finitura prevista dalla collezione e la potenza e la temperatura colore più coerenti con l’uso dello spazio. In un soggiorno ampio o in una sala commerciale può essere opportuno abbinare la lampada a soffitto a ulteriori fonti di luce, mentre in corridoi, ingressi e zone di servizio una configurazione compatta può offrire un risultato più misurato. Il montaggio a soffitto mantiene libero lo spazio a parete e contribuisce a rendere più leggibile l’architettura degli interni.

Con Ideal Lux Oby, la lampada da soffitto diventa un elemento utile per costruire una luce stratificata e coerente: illuminazione generale, accento sugli arredi e comfort visivo possono convivere nello stesso progetto. La varietà di configurazioni rende la collezione una scelta efficace per chi cerca una plafoniera adatta sia al rinnovo di un singolo ambiente sia a un intervento coordinato su casa, studio, negozio o struttura ricettiva.","Plafoniera Ideal Lux Oby: LED integrato, finiture bianco. Ideale per living, camere, cucine, uffici e spazi commerciali. Disponibile online. Scopri le varianti."
IL-CONFIG-532,"Ideal Lux Ocean è una plafoniera con diffusione luminosa confortevole per soggiorni, camere, ingressi e locali accoglienti. La famiglia comprende 3 configurazioni con struttura in metallo e vetro. Misure: L 280 × H 280 × P 90 mm e L 420 × H 420 × P 90 mm. Finiture: trasparente e colorata; rosoni/dettagli cromo. Sorgenti: portalampada E27. Punti luce: 2 e 3. Potenze: E27 max 2 x 60W e E27 max 3 x 60W. Una soluzione pensata per scegliere la plafoniera in base a metratura, altezza del soffitto, stile dell’arredo e funzione dell’ambiente. Per una scelta consapevole, confronta ingombro, numero di punti luce, finitura e tecnologia della sorgente con la superficie da illuminare e con gli altri apparecchi presenti nel progetto.","Ideal Lux Ocean è una plafoniera che unisce una forma compatta a una luce addolcita dai materiali diffusori, ideale quando l’illuminazione generale deve risultare confortevole e decorativa. La struttura utilizza metallo e vetro; materiali e finiture concorrono a definire la qualità visiva del prodotto sia da acceso sia da spento.

Le dimensioni disponibili sono L 280 × H 280 × P 90 mm e L 420 × H 420 × P 90 mm. Le finiture disponibili comprendono trasparente e colorata; i rosoni e i dettagli possono essere cromo. Le sorgenti previste sono portalampada E27. Le potenze specifiche delle configurazioni sono E27 max 2 x 60W e E27 max 3 x 60W. Il numero di punti luce varia tra 2 e 3.

Le versioni con portalampada E27 consentono di scegliere sorgenti compatibili in base a flusso luminoso, temperatura colore e resa cromatica desiderati. Le configurazioni prevedono 2 e 3 punti luce, permettendo di modulare la presenza luminosa in base a dimensioni e destinazione dell’ambiente. Le potenze dichiarate per le varianti sono E27 max 2 x 60W e E27 max 3 x 60W.

La lampada a soffitto Ocean si inserisce con naturalezza in soggiorni, salotti, cucine, camere da letto, camerette, corridoi e ingressi, dove una luce diffusa rende più confortevoli le attività quotidiane. Può essere scelta anche per B&B, piccoli hotel, ristoranti, sale colazione, studi medici e locali commerciali che desiderano un’illuminazione accogliente senza rinunciare a un elemento decorativo. La selezione della dimensione e del numero di sorgenti consente di adattare la presenza della plafoniera alla metratura dell’ambiente e all’altezza utile del soffitto.

Nella scelta della plafoniera Ocean è utile considerare il diametro o l’ingombro più proporzionato, la finitura che dialoga con arredi e serramenti e la sorgente più adatta al livello di luce richiesto. In un soggiorno ampio o in una sala commerciale può essere opportuno abbinare la lampada a soffitto a ulteriori fonti di luce, mentre in corridoi, ingressi e zone di servizio una configurazione compatta può offrire un risultato più misurato. Il montaggio a soffitto mantiene libero lo spazio a parete e contribuisce a rendere più leggibile l’architettura degli interni.

Con Ideal Lux Ocean, la lampada da soffitto diventa un elemento utile per costruire una luce stratificata e coerente: illuminazione generale, accento sugli arredi e comfort visivo possono convivere nello stesso progetto. La varietà di configurazioni rende la collezione una scelta efficace per chi cerca una plafoniera adatta sia al rinnovo di un singolo ambiente sia a un intervento coordinato su casa, studio, negozio o struttura ricettiva.","Plafoniera Ideal Lux Ocean: portalampada E27, finiture trasparente e colorata. Ideale per soggiorni, camere, cucine, ingressi e locali commerciali. Per interni."
IL-CONFIG-533,"Ideal Lux Oracle slim è una plafoniera LED per ambienti residenziali, uffici, negozi e zone living. La famiglia comprende 24 configurazioni con struttura in alluminio, metallo e materiale plastico. Misure: D 500 × H 43 mm, D 700 × H 43 mm, D 900 × H 43 mm e D 1500 × H 43 mm. Finiture: bianco, nero e ottone; rosoni/dettagli bianco e nero. Sorgenti: LED integrato. Punti luce: 1. Potenze: 29W, 37W, 53W e 81W. Temperature colore: 2700 K, 3000 K e 4000 K. Una soluzione pensata per scegliere la plafoniera in base a metratura, altezza del soffitto, stile dell’arredo e funzione dell’ambiente. Per una scelta consapevole, confronta ingombro, numero di punti luce, finitura e tecnologia della sorgente con la superficie da illuminare e con gli altri apparecchi presenti nel progetto.","Ideal Lux Oracle slim è una plafoniera LED progettata per integrare illuminazione e architettura d’interni con un ingombro controllato e un’emissione adatta alla vita quotidiana. La struttura utilizza alluminio, metallo e materiale plastico; materiali e finiture concorrono a definire la qualità visiva del prodotto sia da acceso sia da spento.

Le dimensioni disponibili sono D 500 × H 43 mm, D 700 × H 43 mm, D 900 × H 43 mm e D 1500 × H 43 mm. Le finiture disponibili comprendono bianco, nero e ottone; i rosoni e i dettagli possono essere bianco e nero. Le sorgenti previste sono LED integrato. Le potenze specifiche delle configurazioni sono 29W, 37W, 53W e 81W. Il numero di punti luce è pari a 1. Le temperature colore disponibili sono 2700 K, 3000 K e 4000 K.

La famiglia adotta una sorgente LED integrata, soluzione che mantiene la superficie della plafoniera ordinata e riduce la necessità di lampadine visibili. Il numero di punti luce è pari a 1, un dato utile per valutare il contributo della plafoniera all’illuminazione generale o d’accento. Le potenze dichiarate per le varianti sono 29W, 37W, 53W e 81W. Sono disponibili versioni con 2.700 K, luce calda, 3.000 K, bianco caldo e 4.000 K, luce neutra.

Oracle slim è pensata per soggiorni, cucine, camere, camerette, corridoi, ingressi, studi domestici e zone living che richiedono un’illuminazione ordinata e continua. In un progetto professionale può trovare collocazione in uffici, sale riunioni, reception, negozi, showroom, aree di servizio, spazi di attesa e locali destinati alla ristorazione. La disponibilità di tonalità 2700 K, 3000 K e 4000 K permette di orientare la scelta tra un’atmosfera più calda o una luce più neutra, in relazione alla destinazione d’uso. La scelta dell’ingombro e della potenza consente di graduare la luce in base alla superficie, alla presenza di altri punti luminosi e al colore delle finiture interne.

Nella scelta della plafoniera Oracle slim è utile considerare il diametro o l’ingombro più proporzionato, la finitura che dialoga con arredi e serramenti e la potenza e la temperatura colore più coerenti con l’uso dello spazio. In un soggiorno ampio o in una sala commerciale può essere opportuno abbinare la lampada a soffitto a ulteriori fonti di luce, mentre in corridoi, ingressi e zone di servizio una configurazione compatta può offrire un risultato più misurato. Il montaggio a soffitto mantiene libero lo spazio a parete e contribuisce a rendere più leggibile l’architettura degli interni.

Con Ideal Lux Oracle slim, la lampada da soffitto diventa un elemento utile per costruire una luce stratificata e coerente: illuminazione generale, accento sugli arredi e comfort visivo possono convivere nello stesso progetto. La varietà di configurazioni rende la collezione una scelta efficace per chi cerca una plafoniera adatta sia al rinnovo di un singolo ambiente sia a un intervento coordinato su casa, studio, negozio o struttura ricettiva.","Plafoniera Ideal Lux Oracle slim: LED integrato, finiture bianco, nero e ottone. Ideale per living, camere, cucine, uffici e spazi commerciali. Per interni."
IL-CONFIG-534,"Ideal Lux Ovalino è una plafoniera con diffusione luminosa confortevole per soggiorni, camere, ingressi e locali accoglienti. La famiglia comprende 2 configurazioni con struttura in vetro. Misure: D 425 × H 225 mm e D 535 × H 225 mm. Finiture: bianco. Sorgenti: portalampada E27. Punti luce: 5 e 8. Potenze: E27 max 5 x 60W e E27 max 8 x 60W. Una soluzione pensata per scegliere la plafoniera in base a metratura, altezza del soffitto, stile dell’arredo e funzione dell’ambiente. Per una scelta consapevole, confronta ingombro, numero di punti luce, finitura e tecnologia della sorgente con la superficie da illuminare e con gli altri apparecchi presenti nel progetto.","Ideal Lux Ovalino è una plafoniera che unisce una forma compatta a una luce addolcita dai materiali diffusori, ideale quando l’illuminazione generale deve risultare confortevole e decorativa. La struttura utilizza vetro; materiali e finiture concorrono a definire la qualità visiva del prodotto sia da acceso sia da spento. Le informazioni della famiglia descrivono inoltre Montatura in metallo smaltato. Diffusore con elementi in lastra di vetro curvata e acidata.

Le dimensioni disponibili sono D 425 × H 225 mm e D 535 × H 225 mm. Le finiture disponibili comprendono bianco. Le sorgenti previste sono portalampada E27. Le potenze specifiche delle configurazioni sono E27 max 5 x 60W e E27 max 8 x 60W. Il numero di punti luce varia tra 5 e 8.

Le versioni con portalampada E27 consentono di scegliere sorgenti compatibili in base a flusso luminoso, temperatura colore e resa cromatica desiderati. Le configurazioni prevedono 5 e 8 punti luce, permettendo di modulare la presenza luminosa in base a dimensioni e destinazione dell’ambiente. Le potenze dichiarate per le varianti sono E27 max 5 x 60W e E27 max 8 x 60W.

La lampada a soffitto Ovalino si inserisce con naturalezza in soggiorni, salotti, cucine, camere da letto, camerette, corridoi e ingressi, dove una luce diffusa rende più confortevoli le attività quotidiane. Può essere scelta anche per B&B, piccoli hotel, ristoranti, sale colazione, studi medici e locali commerciali che desiderano un’illuminazione accogliente senza rinunciare a un elemento decorativo. La selezione della dimensione e del numero di sorgenti consente di adattare la presenza della plafoniera alla metratura dell’ambiente e all’altezza utile del soffitto.

Nella scelta della plafoniera Ovalino è utile considerare il diametro o l’ingombro più proporzionato, la finitura prevista dalla collezione e la sorgente più adatta al livello di luce richiesto. In un soggiorno ampio o in una sala commerciale può essere opportuno abbinare la lampada a soffitto a ulteriori fonti di luce, mentre in corridoi, ingressi e zone di servizio una configurazione compatta può offrire un risultato più misurato. Il montaggio a soffitto mantiene libero lo spazio a parete e contribuisce a rendere più leggibile l’architettura degli interni.

Con Ideal Lux Ovalino, la lampada da soffitto diventa un elemento utile per costruire una luce stratificata e coerente: illuminazione generale, accento sugli arredi e comfort visivo possono convivere nello stesso progetto. La varietà di configurazioni rende la collezione una scelta efficace per chi cerca una plafoniera adatta sia al rinnovo di un singolo ambiente sia a un intervento coordinato su casa, studio, negozio o struttura ricettiva.","Plafoniera Ideal Lux Ovalino in vetro, finiture bianco, portalampada E27. Ideale per soggiorni, camere, cucine, ingressi e locali commerciali. Con più finiture."
IL-CONFIG-535,"Ideal Lux Oz è una plafoniera LED per ambienti residenziali, uffici, negozi e zone living. La famiglia comprende 21 configurazioni con struttura in metallo e materiale plastico. Misure: D 400 × H 120 mm, D 600 × H 180 mm, D 800 × H 230 mm e D 1000 × H 280 mm. Finiture: bianco, nero e ottone. Sorgenti: LED integrato. Punti luce: 1. Potenze: 38W, 48W, 47W, 52W e 75W. Temperature colore: 2700 K, 3000 K e 4000 K. Disponibili anche versioni dimmerabili secondo la configurazione scelta. Una soluzione pensata per scegliere la plafoniera in base a metratura, altezza del soffitto, stile dell’arredo e funzione dell’ambiente. Per una scelta consapevole, confronta ingombro, numero di punti luce, finitura e tecnologia della sorgente con la superficie da illuminare e con gli altri apparecchi presenti nel progetto.","Ideal Lux Oz è una plafoniera LED progettata per integrare illuminazione e architettura d’interni con un ingombro controllato e un’emissione adatta alla vita quotidiana. La struttura utilizza metallo e materiale plastico; materiali e finiture concorrono a definire la qualità visiva del prodotto sia da acceso sia da spento.

Le dimensioni disponibili sono D 400 × H 120 mm, D 600 × H 180 mm, D 800 × H 230 mm e D 1000 × H 280 mm. Le finiture disponibili comprendono bianco, nero e ottone. Le sorgenti previste sono LED integrato. Le potenze specifiche delle configurazioni sono 38W, 48W, 47W, 52W e 75W. Il numero di punti luce è pari a 1. Le temperature colore disponibili sono 2700 K, 3000 K e 4000 K. Sono presenti configurazioni dimmerabili, da selezionare in base all’impianto e al comando di controllo previsto.

La famiglia adotta una sorgente LED integrata, soluzione che mantiene la superficie della plafoniera ordinata e riduce la necessità di lampadine visibili. Il numero di punti luce è pari a 1, un dato utile per valutare il contributo della plafoniera all’illuminazione generale o d’accento. Le potenze dichiarate per le varianti sono 38W, 48W, 47W, 52W e 75W. Sono disponibili versioni con 2.700 K, luce calda, 3.000 K, bianco caldo e 4.000 K, luce neutra. La famiglia include anche versioni dimmerabili: la regolazione dell’intensità va verificata nella configurazione selezionata e nel sistema di controllo installato.

Oz è pensata per soggiorni, cucine, camere, camerette, corridoi, ingressi, studi domestici e zone living che richiedono un’illuminazione ordinata e continua. In un progetto professionale può trovare collocazione in uffici, sale riunioni, reception, negozi, showroom, aree di servizio, spazi di attesa e locali destinati alla ristorazione. La disponibilità di tonalità 2700 K, 3000 K e 4000 K permette di orientare la scelta tra un’atmosfera più calda o una luce più neutra, in relazione alla destinazione d’uso. La scelta dell’ingombro e della potenza consente di graduare la luce in base alla superficie, alla presenza di altri punti luminosi e al colore delle finiture interne.

Nella scelta della plafoniera Oz è utile considerare il diametro o l’ingombro più proporzionato, la finitura che dialoga con arredi e serramenti e la potenza e la temperatura colore più coerenti con l’uso dello spazio. In un soggiorno ampio o in una sala commerciale può essere opportuno abbinare la lampada a soffitto a ulteriori fonti di luce, mentre in corridoi, ingressi e zone di servizio una configurazione compatta può offrire un risultato più misurato. Il montaggio a soffitto mantiene libero lo spazio a parete e contribuisce a rendere più leggibile l’architettura degli interni. Per le versioni predisposte alla regolazione, la dimmerazione può essere integrata nel progetto verificando compatibilità tra apparecchio e comando.

Con Ideal Lux Oz, la lampada da soffitto diventa un elemento utile per costruire una luce stratificata e coerente: illuminazione generale, accento sugli arredi e comfort visivo possono convivere nello stesso progetto. La varietà di configurazioni rende la collezione una scelta efficace per chi cerca una plafoniera adatta sia al rinnovo di un singolo ambiente sia a un intervento coordinato su casa, studio, negozio o struttura ricettiva.","Plafoniera Ideal Lux Oz: LED integrato, finiture bianco, nero e ottone. Ideale per living, camere, cucine, uffici e spazi commerciali. In più configurazioni."
IL-CONFIG-536,"Ideal Lux Pasha' è una plafoniera decorativa per salotti, sale da pranzo e ambienti hospitality. La famiglia comprende 6 configurazioni con struttura in metallo, vetro e cristallo. Misure: D 550 × H 210 mm, D 650 × H 280 mm e D 400 × H 220 mm. Finiture: cromo e oro. Sorgenti: portalampada E14. Punti luce: 6, 10 e 14. Potenze: E14 max 10 x 40W, E14 max 14 x 40W e E14 max 6 x 40W. Una soluzione pensata per scegliere la plafoniera in base a metratura, altezza del soffitto, stile dell’arredo e funzione dell’ambiente. Per una scelta consapevole, confronta ingombro, numero di punti luce, finitura e tecnologia della sorgente con la superficie da illuminare e con gli altri apparecchi presenti nel progetto.","La plafoniera Ideal Lux Pasha' propone una lettura decorativa dell’illuminazione a soffitto, con una composizione studiata per aggiungere riflessi, profondità e presenza scenica all’ambiente. La struttura utilizza metallo, vetro e cristallo; materiali e finiture concorrono a definire la qualità visiva del prodotto sia da acceso sia da spento. Le informazioni della famiglia descrivono inoltre Montatura in metallo. Diffusore composto da filari di perle in cristallo molato e fondo chiuso da vetro circolare sabbiato.

Le dimensioni disponibili sono D 550 × H 210 mm, D 650 × H 280 mm e D 400 × H 220 mm. Le finiture disponibili comprendono cromo e oro. Le sorgenti previste sono portalampada E14. Le potenze specifiche delle configurazioni sono E14 max 10 x 40W, E14 max 14 x 40W e E14 max 6 x 40W. Il numero di punti luce varia tra 6, 10 e 14.

Le versioni con portalampada E14 consentono di scegliere sorgenti compatibili in base a flusso luminoso, temperatura colore e resa cromatica desiderati. Le configurazioni prevedono 6, 10 e 14 punti luce, permettendo di modulare la presenza luminosa in base a dimensioni e destinazione dell’ambiente. Le potenze dichiarate per le varianti sono E14 max 10 x 40W, E14 max 14 x 40W e E14 max 6 x 40W.

Pensata per ambienti interni rappresentativi, la plafoniera Pasha' può diventare il punto focale di un salone, di una zona pranzo, di una camera matrimoniale o di un ingresso con soffitti non troppo alti. La presenza decorativa la rende adatta anche a boutique, reception, lounge, hall di hotel, ristoranti, sale cerimonia e spazi hospitality in cui l’illuminazione contribuisce all’atmosfera oltre che alla visibilità. Per ottenere un risultato equilibrato conviene dimensionare numero di luci e ingombro rispetto al tavolo, al divano o alla zona di accoglienza da valorizzare.

Nella scelta della plafoniera Pasha' è utile considerare il diametro o l’ingombro più proporzionato, la finitura che dialoga con arredi e serramenti e la sorgente più adatta al livello di luce richiesto. In un soggiorno ampio o in una sala commerciale può essere opportuno abbinare la lampada a soffitto a ulteriori fonti di luce, mentre in corridoi, ingressi e zone di servizio una configurazione compatta può offrire un risultato più misurato. Il montaggio a soffitto mantiene libero lo spazio a parete e contribuisce a rendere più leggibile l’architettura degli interni.

Con Ideal Lux Pasha', la lampada da soffitto diventa un elemento utile per costruire una luce stratificata e coerente: illuminazione generale, accento sugli arredi e comfort visivo possono convivere nello stesso progetto. La varietà di configurazioni rende la collezione una scelta efficace per chi cerca una plafoniera adatta sia al rinnovo di un singolo ambiente sia a un intervento coordinato su casa, studio, negozio o struttura ricettiva.","Lampada da soffitto Ideal Lux Pasha': portalampada E14, finiture cromo e oro. Ideale per salotti, sale da pranzo, hotel e ristoranti. In più configurazioni."
IL-CONFIG-537,"Ideal Lux Perlage è una plafoniera decorativa per salotti, sale da pranzo e ambienti hospitality. La famiglia comprende 12 configurazioni con struttura in metallo e vetro. Misure: L 700 × H 275 × P 530 mm, D 700 × H 505 mm, L 490 × H 195 × P 250 mm e D 500 × H 460 mm. Finiture: ambra, bianco e fumé; rosoni/dettagli ottone e nero. Sorgenti: portalampada G9. Punti luce: 6, 9, 10 e 18. Potenze: G9 max 10 x 15W, G9 max 18 x 15W, G9 max 6 x 15W e G9 max 9 x 15W. Una soluzione pensata per scegliere la plafoniera in base a metratura, altezza del soffitto, stile dell’arredo e funzione dell’ambiente. Per una scelta consapevole, confronta ingombro, numero di punti luce, finitura e tecnologia della sorgente con la superficie da illuminare e con gli altri apparecchi presenti nel progetto.","La plafoniera Ideal Lux Perlage propone una lettura decorativa dell’illuminazione a soffitto, con una composizione studiata per aggiungere riflessi, profondità e presenza scenica all’ambiente. La struttura utilizza metallo e vetro; materiali e finiture concorrono a definire la qualità visiva del prodotto sia da acceso sia da spento.

Le dimensioni disponibili sono L 700 × H 275 × P 530 mm, D 700 × H 505 mm, L 490 × H 195 × P 250 mm e D 500 × H 460 mm. Le finiture disponibili comprendono ambra, bianco e fumé; i rosoni e i dettagli possono essere ottone e nero. Le sorgenti previste sono portalampada G9. Le potenze specifiche delle configurazioni sono G9 max 10 x 15W, G9 max 18 x 15W, G9 max 6 x 15W e G9 max 9 x 15W. Il numero di punti luce varia tra 6, 9, 10 e 18.

Le versioni con portalampada G9 consentono di scegliere sorgenti compatibili in base a flusso luminoso, temperatura colore e resa cromatica desiderati. Le configurazioni prevedono 6, 9, 10 e 18 punti luce, permettendo di modulare la presenza luminosa in base a dimensioni e destinazione dell’ambiente. Le potenze dichiarate per le varianti sono G9 max 10 x 15W, G9 max 18 x 15W, G9 max 6 x 15W e G9 max 9 x 15W.

Pensata per ambienti interni rappresentativi, la plafoniera Perlage può diventare il punto focale di un salone, di una zona pranzo, di una camera matrimoniale o di un ingresso con soffitti non troppo alti. La presenza decorativa la rende adatta anche a boutique, reception, lounge, hall di hotel, ristoranti, sale cerimonia e spazi hospitality in cui l’illuminazione contribuisce all’atmosfera oltre che alla visibilità. Per ottenere un risultato equilibrato conviene dimensionare numero di luci e ingombro rispetto al tavolo, al divano o alla zona di accoglienza da valorizzare.

Nella scelta della plafoniera Perlage è utile considerare il diametro o l’ingombro più proporzionato, la finitura che dialoga con arredi e serramenti e la sorgente più adatta al livello di luce richiesto. In un soggiorno ampio o in una sala commerciale può essere opportuno abbinare la lampada a soffitto a ulteriori fonti di luce, mentre in corridoi, ingressi e zone di servizio una configurazione compatta può offrire un risultato più misurato. Il montaggio a soffitto mantiene libero lo spazio a parete e contribuisce a rendere più leggibile l’architettura degli interni.

Con Ideal Lux Perlage, la lampada da soffitto diventa un elemento utile per costruire una luce stratificata e coerente: illuminazione generale, accento sugli arredi e comfort visivo possono convivere nello stesso progetto. La varietà di configurazioni rende la collezione una scelta efficace per chi cerca una plafoniera adatta sia al rinnovo di un singolo ambiente sia a un intervento coordinato su casa, studio, negozio o struttura ricettiva.","Lampada da soffitto Ideal Lux Perlage: portalampada G9, finiture ambra, bianco e fumé. Ideale per salotti, sale da pranzo, hotel e ristoranti. Con più finiture."
IL-CONFIG-538,"Ideal Lux Planet è una plafoniera LED per ambienti residenziali, uffici, negozi e zone living. La famiglia comprende 12 configurazioni con struttura in metallo e materiale plastico. Misure: D 300 × H 50 mm, D 400 × H 50 mm, D 500 × H 50 mm e D 600 × H 50 mm. Finiture: bianco, nero e ottone; rosoni/dettagli bianco e nero. Sorgenti: LED integrato. Punti luce: 1. Potenze: LED 15W, LED 20W, LED 25W e LED 29W. Una soluzione pensata per scegliere la plafoniera in base a metratura, altezza del soffitto, stile dell’arredo e funzione dell’ambiente. Per una scelta consapevole, confronta ingombro, numero di punti luce, finitura e tecnologia della sorgente con la superficie da illuminare e con gli altri apparecchi presenti nel progetto.","Ideal Lux Planet è una plafoniera LED progettata per integrare illuminazione e architettura d’interni con un ingombro controllato e un’emissione adatta alla vita quotidiana. La struttura utilizza metallo e materiale plastico; materiali e finiture concorrono a definire la qualità visiva del prodotto sia da acceso sia da spento.

Le dimensioni disponibili sono D 300 × H 50 mm, D 400 × H 50 mm, D 500 × H 50 mm e D 600 × H 50 mm. Le finiture disponibili comprendono bianco, nero e ottone; i rosoni e i dettagli possono essere bianco e nero. Le sorgenti previste sono LED integrato. Le potenze specifiche delle configurazioni sono LED 15W, LED 20W, LED 25W e LED 29W. Il numero di punti luce è pari a 1.

La famiglia adotta una sorgente LED integrata, soluzione che mantiene la superficie della plafoniera ordinata e riduce la necessità di lampadine visibili. Il numero di punti luce è pari a 1, un dato utile per valutare il contributo della plafoniera all’illuminazione generale o d’accento. Le potenze dichiarate per le varianti sono LED 15W, LED 20W, LED 25W e LED 29W.

Planet è pensata per soggiorni, cucine, camere, camerette, corridoi, ingressi, studi domestici e zone living che richiedono un’illuminazione ordinata e continua. In un progetto professionale può trovare collocazione in uffici, sale riunioni, reception, negozi, showroom, aree di servizio, spazi di attesa e locali destinati alla ristorazione. La scelta dell’ingombro e della potenza consente di graduare la luce in base alla superficie, alla presenza di altri punti luminosi e al colore delle finiture interne.

Nella scelta della plafoniera Planet è utile considerare il diametro o l’ingombro più proporzionato, la finitura che dialoga con arredi e serramenti e la potenza e la temperatura colore più coerenti con l’uso dello spazio. In un soggiorno ampio o in una sala commerciale può essere opportuno abbinare la lampada a soffitto a ulteriori fonti di luce, mentre in corridoi, ingressi e zone di servizio una configurazione compatta può offrire un risultato più misurato. Il montaggio a soffitto mantiene libero lo spazio a parete e contribuisce a rendere più leggibile l’architettura degli interni.

Con Ideal Lux Planet, la lampada da soffitto diventa un elemento utile per costruire una luce stratificata e coerente: illuminazione generale, accento sugli arredi e comfort visivo possono convivere nello stesso progetto. La varietà di configurazioni rende la collezione una scelta efficace per chi cerca una plafoniera adatta sia al rinnovo di un singolo ambiente sia a un intervento coordinato su casa, studio, negozio o struttura ricettiva.","Lampada da soffitto Ideal Lux Planet: LED integrato, finiture bianco, nero e ottone. Ideale per living, camere, cucine, uffici e spazi commerciali. Per interni."
IL-CONFIG-539,"Ideal Lux Play è una plafoniera LED per ambienti residenziali, uffici, negozi e zone living. La famiglia comprende 2 configurazioni con struttura in alluminio e metallo. Misure: D 70 × H 140 mm. Finiture: bianco e nero; rosoni/dettagli bianco. Sorgenti: LED integrato. Punti luce: 1. Potenze: LED 7W. Una soluzione pensata per scegliere la plafoniera in base a metratura, altezza del soffitto, stile dell’arredo e funzione dell’ambiente. Per una scelta consapevole, confronta ingombro, numero di punti luce, finitura e tecnologia della sorgente con la superficie da illuminare e con gli altri apparecchi presenti nel progetto.","Ideal Lux Play è una plafoniera LED progettata per integrare illuminazione e architettura d’interni con un ingombro controllato e un’emissione adatta alla vita quotidiana. La struttura utilizza alluminio e metallo; materiali e finiture concorrono a definire la qualità visiva del prodotto sia da acceso sia da spento. Le informazioni della famiglia descrivono inoltre Base, snodo e corpo luce orientabile in alluminio pressofuso verniciato a polveri. Diffusore in acrilico trasparente zigrinato. Disponibile nelle finiture nero oppure bianco con cover posteriore e ghiera frontale interna neri. In pratica, i corpi luminosi consentono di indirizzare la luce verso zone e dettagli selezionati.

Le dimensioni disponibili sono D 70 × H 140 mm. Le finiture disponibili comprendono bianco e nero; i rosoni e i dettagli possono essere bianco. Le sorgenti previste sono LED integrato. Le potenze specifiche delle configurazioni sono LED 7W. Il numero di punti luce è pari a 1.

La famiglia adotta una sorgente LED integrata, soluzione che mantiene la superficie della plafoniera ordinata e riduce la necessità di lampadine visibili. Il numero di punti luce è pari a 1, un dato utile per valutare il contributo della plafoniera all’illuminazione generale o d’accento. Le potenze dichiarate per le varianti sono LED 7W.

Play è pensata per soggiorni, cucine, camere, camerette, corridoi, ingressi, studi domestici e zone living che richiedono un’illuminazione ordinata e continua. In un progetto professionale può trovare collocazione in uffici, sale riunioni, reception, negozi, showroom, aree di servizio, spazi di attesa e locali destinati alla ristorazione. La scelta dell’ingombro e della potenza consente di graduare la luce in base alla superficie, alla presenza di altri punti luminosi e al colore delle finiture interne.

Nella scelta della plafoniera Play è utile considerare la misura disponibile, la finitura che dialoga con arredi e serramenti e la potenza e la temperatura colore più coerenti con l’uso dello spazio. In un soggiorno ampio o in una sala commerciale può essere opportuno abbinare la lampada a soffitto a ulteriori fonti di luce, mentre in corridoi, ingressi e zone di servizio una configurazione compatta può offrire un risultato più misurato. Il montaggio a soffitto mantiene libero lo spazio a parete e contribuisce a rendere più leggibile l’architettura degli interni.

Con Ideal Lux Play, la lampada da soffitto diventa un elemento utile per costruire una luce stratificata e coerente: illuminazione generale, accento sugli arredi e comfort visivo possono convivere nello stesso progetto. La varietà di configurazioni rende la collezione una scelta efficace per chi cerca una plafoniera adatta sia al rinnovo di un singolo ambiente sia a un intervento coordinato su casa, studio, negozio o struttura ricettiva.","Plafoniera Ideal Lux Play: LED integrato, finiture bianco e nero. Ideale per living, camere, cucine, uffici e spazi commerciali. Per interni. In diverse misure."
IL-CONFIG-540,"Ideal Lux Profilo è una lampada da soffitto per illuminazione mirata di cucine, corridoi, studi e spazi commerciali. La famiglia comprende 4 configurazioni con struttura in metallo. Misure: L 450 × H 145 × P 55 mm e L 900 × H 145 × P 55 mm. Finiture: bianco e nero. Sorgenti: portalampada GU10. Punti luce: 2 e 4. Potenze: GU10 max 2 x 28W e GU10 max 4 x 28W. Una soluzione pensata per scegliere la plafoniera in base a metratura, altezza del soffitto, stile dell’arredo e funzione dell’ambiente. Per una scelta consapevole, confronta ingombro, numero di punti luce, finitura e tecnologia della sorgente con la superficie da illuminare e con gli altri apparecchi presenti nel progetto.","Ideal Lux Profilo è una lampada da soffitto pensata per organizzare la luce con precisione, offrendo un segno essenziale e una presenza tecnica adatta agli interni contemporanei. La struttura utilizza metallo; materiali e finiture concorrono a definire la qualità visiva del prodotto sia da acceso sia da spento.

Le dimensioni disponibili sono L 450 × H 145 × P 55 mm e L 900 × H 145 × P 55 mm. Le finiture disponibili comprendono bianco e nero. Le sorgenti previste sono portalampada GU10. Le potenze specifiche delle configurazioni sono GU10 max 2 x 28W e GU10 max 4 x 28W. Il numero di punti luce varia tra 2 e 4.

Le versioni con portalampada GU10 consentono di scegliere sorgenti compatibili in base a flusso luminoso, temperatura colore e resa cromatica desiderati. Le configurazioni prevedono 2 e 4 punti luce, permettendo di modulare la presenza luminosa in base a dimensioni e destinazione dell’ambiente. Le potenze dichiarate per le varianti sono GU10 max 2 x 28W e GU10 max 4 x 28W.

La configurazione a soffitto di Profilo è indicata per illuminazione mirata di cucine, piani di lavoro, corridoi, ingressi, cabine armadio, studi e camerette. Negli spazi commerciali può contribuire a illuminare scaffalature, banconi, percorsi di vendita, vetrine interne, nicchie espositive e pareti comunicative di negozi, showroom, studi professionali e gallerie. Il risultato dipende dalla lampadina scelta e dalla disposizione dei punti luce: per questo è utile combinare ottiche e temperatura colore coerenti con il compito visivo dell’area.

Nella scelta della plafoniera Profilo è utile considerare il diametro o l’ingombro più proporzionato, la finitura che dialoga con arredi e serramenti e la sorgente più adatta al livello di luce richiesto. In un soggiorno ampio o in una sala commerciale può essere opportuno abbinare la lampada a soffitto a ulteriori fonti di luce, mentre in corridoi, ingressi e zone di servizio una configurazione compatta può offrire un risultato più misurato. Il montaggio a soffitto mantiene libero lo spazio a parete e contribuisce a rendere più leggibile l’architettura degli interni.

Con Ideal Lux Profilo, la lampada da soffitto diventa un elemento utile per costruire una luce stratificata e coerente: illuminazione generale, accento sugli arredi e comfort visivo possono convivere nello stesso progetto. La varietà di configurazioni rende la collezione una scelta efficace per chi cerca una plafoniera adatta sia al rinnovo di un singolo ambiente sia a un intervento coordinato su casa, studio, negozio o struttura ricettiva.","Lampada da soffitto Ideal Lux Profilo: portalampada GU10, finiture bianco e nero. Ideale per cucine, corridoi, studi, negozi e showroom. In più configurazioni."
IL-CONFIG-541,"Ideal Lux Ray è una lampada da soffitto per bagni, zone di passaggio e spazi esterni riparati. La famiglia comprende 6 configurazioni con struttura in materiale plastico. Misure: D 300 × H 65 mm, D 400 × H 65 mm e D 600 × H 65 mm. Finiture: bianco e nero. Sorgenti: LED integrato. Punti luce: 1. Potenze: 13W, 26W e 44W. Una soluzione pensata per scegliere la plafoniera in base a metratura, altezza del soffitto, stile dell’arredo e funzione dell’ambiente. Per una scelta consapevole, confronta ingombro, numero di punti luce, finitura e tecnologia della sorgente con la superficie da illuminare e con gli altri apparecchi presenti nel progetto.","Ideal Lux Ray è una lampada da soffitto pensata per ambienti che richiedono una soluzione affidabile, ordinata e adatta anche a contesti con maggiore umidità o a spazi riparati. La struttura utilizza materiale plastico; materiali e finiture concorrono a definire la qualità visiva del prodotto sia da acceso sia da spento.

Le dimensioni disponibili sono D 300 × H 65 mm, D 400 × H 65 mm e D 600 × H 65 mm. Le finiture disponibili comprendono bianco e nero. Le sorgenti previste sono LED integrato. Le potenze specifiche delle configurazioni sono 13W, 26W e 44W. Il numero di punti luce è pari a 1.

La famiglia adotta una sorgente LED integrata, soluzione che mantiene la superficie della plafoniera ordinata e riduce la necessità di lampadine visibili. Il numero di punti luce è pari a 1, un dato utile per valutare il contributo della plafoniera all’illuminazione generale o d’accento. Le potenze dichiarate per le varianti sono 13W, 26W e 44W.

Per caratteristiche costruttive, Ray è una soluzione adatta a bagni, lavanderie, disimpegni e zone d’ingresso, oltre a balconi e terrazze coperte, portici e verande riparate. Nei contesti residenziali può illuminare in modo ordinato corridoi, cabine armadio e passaggi; in ambito professionale è utile in servizi di hotel, spogliatoi, sale d’attesa e aree comuni. La posizione esatta di posa va sempre definita verificando le prescrizioni dell’impianto e della scheda tecnica del prodotto.

Nella scelta della plafoniera Ray è utile considerare il diametro o l’ingombro più proporzionato, la finitura che dialoga con arredi e serramenti e la potenza e la temperatura colore più coerenti con l’uso dello spazio. In un soggiorno ampio o in una sala commerciale può essere opportuno abbinare la lampada a soffitto a ulteriori fonti di luce, mentre in corridoi, ingressi e zone di servizio una configurazione compatta può offrire un risultato più misurato. Il montaggio a soffitto mantiene libero lo spazio a parete e contribuisce a rendere più leggibile l’architettura degli interni.

Con Ideal Lux Ray, la lampada da soffitto diventa un elemento utile per costruire una luce stratificata e coerente: illuminazione generale, accento sugli arredi e comfort visivo possono convivere nello stesso progetto. La varietà di configurazioni rende la collezione una scelta efficace per chi cerca una plafoniera adatta sia al rinnovo di un singolo ambiente sia a un intervento coordinato su casa, studio, negozio o struttura ricettiva.","Plafoniera Ideal Lux Ray: LED integrato, finiture bianco e nero. Ideale per bagni, ingressi, lavanderie e terrazze coperte. Per zone riparate. Con più finiture."
IL-CONFIG-542,"Ideal Lux Roma è una plafoniera decorativa per salotti, sale da pranzo e ambienti hospitality. La famiglia comprende 3 configurazioni con struttura in metallo, vetro e cristallo. Misure: D 600 × H 130 mm, D 400 × H 130 mm e D 500 × H 130 mm. Finiture: cromo. Sorgenti: portalampada G9. Punti luce: 6, 9 e 12. Potenze: G9 max 12 x 40W, G9 max 6 x 40W e G9 max 9 x 40W. Una soluzione pensata per scegliere la plafoniera in base a metratura, altezza del soffitto, stile dell’arredo e funzione dell’ambiente. Per una scelta consapevole, confronta ingombro, numero di punti luce, finitura e tecnologia della sorgente con la superficie da illuminare e con gli altri apparecchi presenti nel progetto.","La plafoniera Ideal Lux Roma propone una lettura decorativa dell’illuminazione a soffitto, con una composizione studiata per aggiungere riflessi, profondità e presenza scenica all’ambiente. La struttura utilizza metallo, vetro e cristallo; materiali e finiture concorrono a definire la qualità visiva del prodotto sia da acceso sia da spento. Le informazioni della famiglia descrivono inoltre Montatura e dettagli in metallo cromato. Diffusore con elementi quadrati in cristallo molato sulla fascia laterale e vetro sabbiato sul fondo.

Le dimensioni disponibili sono D 600 × H 130 mm, D 400 × H 130 mm e D 500 × H 130 mm. Le finiture disponibili comprendono cromo. Le sorgenti previste sono portalampada G9. Le potenze specifiche delle configurazioni sono G9 max 12 x 40W, G9 max 6 x 40W e G9 max 9 x 40W. Il numero di punti luce varia tra 6, 9 e 12.

Le versioni con portalampada G9 consentono di scegliere sorgenti compatibili in base a flusso luminoso, temperatura colore e resa cromatica desiderati. Le configurazioni prevedono 6, 9 e 12 punti luce, permettendo di modulare la presenza luminosa in base a dimensioni e destinazione dell’ambiente. Le potenze dichiarate per le varianti sono G9 max 12 x 40W, G9 max 6 x 40W e G9 max 9 x 40W.

Pensata per ambienti interni rappresentativi, la plafoniera Roma può diventare il punto focale di un salone, di una zona pranzo, di una camera matrimoniale o di un ingresso con soffitti non troppo alti. La presenza decorativa la rende adatta anche a boutique, reception, lounge, hall di hotel, ristoranti, sale cerimonia e spazi hospitality in cui l’illuminazione contribuisce all’atmosfera oltre che alla visibilità. Per ottenere un risultato equilibrato conviene dimensionare numero di luci e ingombro rispetto al tavolo, al divano o alla zona di accoglienza da valorizzare.

Nella scelta della plafoniera Roma è utile considerare il diametro o l’ingombro più proporzionato, la finitura prevista dalla collezione e la sorgente più adatta al livello di luce richiesto. In un soggiorno ampio o in una sala commerciale può essere opportuno abbinare la lampada a soffitto a ulteriori fonti di luce, mentre in corridoi, ingressi e zone di servizio una configurazione compatta può offrire un risultato più misurato. Il montaggio a soffitto mantiene libero lo spazio a parete e contribuisce a rendere più leggibile l’architettura degli interni.

Con Ideal Lux Roma, la lampada da soffitto diventa un elemento utile per costruire una luce stratificata e coerente: illuminazione generale, accento sugli arredi e comfort visivo possono convivere nello stesso progetto. La varietà di configurazioni rende la collezione una scelta efficace per chi cerca una plafoniera adatta sia al rinnovo di un singolo ambiente sia a un intervento coordinato su casa, studio, negozio o struttura ricettiva.","Plafoniera Ideal Lux Roma: portalampada G9, finiture cromo. Ideale per salotti, sale da pranzo, hotel e ristoranti. Per interni eleganti. In più configurazioni."
IL-CONFIG-543,"Ideal Lux Rudy Pl round è una lampada da soffitto per illuminazione mirata di cucine, corridoi, studi e spazi commerciali. La famiglia comprende 4 configurazioni con struttura in metallo e alluminio. Misure: L 540 × H min. 90 / max. 125 × P 125 mm e L 760 × H min. 90 / max. 125 × P 125 mm. Finiture: bianco e nero. Sorgenti: portalampada GU10. Punti luce: 3 e 4. Potenze: GU10 max 3 x 35W e GU10 max 4 x 35W. Una soluzione pensata per scegliere la plafoniera in base a metratura, altezza del soffitto, stile dell’arredo e funzione dell’ambiente. Per una scelta consapevole, confronta ingombro, numero di punti luce, finitura e tecnologia della sorgente con la superficie da illuminare e con gli altri apparecchi presenti nel progetto.","Ideal Lux Rudy Pl round è una lampada da soffitto pensata per organizzare la luce con precisione, offrendo un segno essenziale e una presenza tecnica adatta agli interni contemporanei. La struttura utilizza metallo e alluminio; materiali e finiture concorrono a definire la qualità visiva del prodotto sia da acceso sia da spento.

Le dimensioni disponibili sono L 540 × H min. 90 / max. 125 × P 125 mm e L 760 × H min. 90 / max. 125 × P 125 mm. Le finiture disponibili comprendono bianco e nero. Le sorgenti previste sono portalampada GU10. Le potenze specifiche delle configurazioni sono GU10 max 3 x 35W e GU10 max 4 x 35W. Il numero di punti luce varia tra 3 e 4.

Le versioni con portalampada GU10 consentono di scegliere sorgenti compatibili in base a flusso luminoso, temperatura colore e resa cromatica desiderati. Le configurazioni prevedono 3 e 4 punti luce, permettendo di modulare la presenza luminosa in base a dimensioni e destinazione dell’ambiente. Le potenze dichiarate per le varianti sono GU10 max 3 x 35W e GU10 max 4 x 35W.

La configurazione a soffitto di Rudy Pl round è indicata per illuminazione mirata di cucine, piani di lavoro, corridoi, ingressi, cabine armadio, studi e camerette. Negli spazi commerciali può contribuire a illuminare scaffalature, banconi, percorsi di vendita, vetrine interne, nicchie espositive e pareti comunicative di negozi, showroom, studi professionali e gallerie. Il risultato dipende dalla lampadina scelta e dalla disposizione dei punti luce: per questo è utile combinare ottiche e temperatura colore coerenti con il compito visivo dell’area.

Nella scelta della plafoniera Rudy Pl round è utile considerare il diametro o l’ingombro più proporzionato, la finitura che dialoga con arredi e serramenti e la sorgente più adatta al livello di luce richiesto. In un soggiorno ampio o in una sala commerciale può essere opportuno abbinare la lampada a soffitto a ulteriori fonti di luce, mentre in corridoi, ingressi e zone di servizio una configurazione compatta può offrire un risultato più misurato. Il montaggio a soffitto mantiene libero lo spazio a parete e contribuisce a rendere più leggibile l’architettura degli interni.

Con Ideal Lux Rudy Pl round, la lampada da soffitto diventa un elemento utile per costruire una luce stratificata e coerente: illuminazione generale, accento sugli arredi e comfort visivo possono convivere nello stesso progetto. La varietà di configurazioni rende la collezione una scelta efficace per chi cerca una plafoniera adatta sia al rinnovo di un singolo ambiente sia a un intervento coordinato su casa, studio, negozio o struttura ricettiva.","Lampada da soffitto Ideal Lux Rudy Pl round: portalampada GU10, finiture bianco e nero. Ideale per cucine, corridoi, studi, negozi e showroom. Con più finiture."
IL-CONFIG-544,"Ideal Lux Rudy Pl square è una lampada da soffitto per illuminazione mirata di cucine, corridoi, studi e spazi commerciali. La famiglia comprende 4 configurazioni con struttura in metallo e alluminio. Misure: L 540 × H min. 90 / max. 110 × P 125 mm e L 760 × H min. 90 / max. 110 × P 125 mm. Finiture: bianco e nero. Sorgenti: portalampada GU10. Punti luce: 3 e 4. Potenze: GU10 max 3 x 35W e GU10 max 4 x 35W. Una soluzione pensata per scegliere la plafoniera in base a metratura, altezza del soffitto, stile dell’arredo e funzione dell’ambiente. Per una scelta consapevole, confronta ingombro, numero di punti luce, finitura e tecnologia della sorgente con la superficie da illuminare e con gli altri apparecchi presenti nel progetto.","Ideal Lux Rudy Pl square è una lampada da soffitto pensata per organizzare la luce con precisione, offrendo un segno essenziale e una presenza tecnica adatta agli interni contemporanei. La struttura utilizza metallo e alluminio; materiali e finiture concorrono a definire la qualità visiva del prodotto sia da acceso sia da spento.

Le dimensioni disponibili sono L 540 × H min. 90 / max. 110 × P 125 mm e L 760 × H min. 90 / max. 110 × P 125 mm. Le finiture disponibili comprendono bianco e nero. Le sorgenti previste sono portalampada GU10. Le potenze specifiche delle configurazioni sono GU10 max 3 x 35W e GU10 max 4 x 35W. Il numero di punti luce varia tra 3 e 4.

Le versioni con portalampada GU10 consentono di scegliere sorgenti compatibili in base a flusso luminoso, temperatura colore e resa cromatica desiderati. Le configurazioni prevedono 3 e 4 punti luce, permettendo di modulare la presenza luminosa in base a dimensioni e destinazione dell’ambiente. Le potenze dichiarate per le varianti sono GU10 max 3 x 35W e GU10 max 4 x 35W.

La configurazione a soffitto di Rudy Pl square è indicata per illuminazione mirata di cucine, piani di lavoro, corridoi, ingressi, cabine armadio, studi e camerette. Negli spazi commerciali può contribuire a illuminare scaffalature, banconi, percorsi di vendita, vetrine interne, nicchie espositive e pareti comunicative di negozi, showroom, studi professionali e gallerie. Il risultato dipende dalla lampadina scelta e dalla disposizione dei punti luce: per questo è utile combinare ottiche e temperatura colore coerenti con il compito visivo dell’area.

Nella scelta della plafoniera Rudy Pl square è utile considerare il diametro o l’ingombro più proporzionato, la finitura che dialoga con arredi e serramenti e la sorgente più adatta al livello di luce richiesto. In un soggiorno ampio o in una sala commerciale può essere opportuno abbinare la lampada a soffitto a ulteriori fonti di luce, mentre in corridoi, ingressi e zone di servizio una configurazione compatta può offrire un risultato più misurato. Il montaggio a soffitto mantiene libero lo spazio a parete e contribuisce a rendere più leggibile l’architettura degli interni.

Con Ideal Lux Rudy Pl square, la lampada da soffitto diventa un elemento utile per costruire una luce stratificata e coerente: illuminazione generale, accento sugli arredi e comfort visivo possono convivere nello stesso progetto. La varietà di configurazioni rende la collezione una scelta efficace per chi cerca una plafoniera adatta sia al rinnovo di un singolo ambiente sia a un intervento coordinato su casa, studio, negozio o struttura ricettiva.","Lampada da soffitto Ideal Lux Rudy Pl square: portalampada GU10, finiture bianco e nero. Ideale per cucine, corridoi, studi, negozi e showroom. Per luce mirata."
IL-CONFIG-545,"Ideal Lux Set up è una lampada da soffitto per interni residenziali, uffici, negozi e strutture ricettive. La famiglia comprende 2 configurazioni con struttura in metallo e alluminio. Misure: D 85 × H 90 mm e D 310 × H 60 mm. Finiture: bianco. Sorgenti: portalampada E27. Punti luce: 1 e 4. Potenze: E27 max 1 x 42W e E27 max 4 x 15W. Una soluzione pensata per scegliere la plafoniera in base a metratura, altezza del soffitto, stile dell’arredo e funzione dell’ambiente. Per una scelta consapevole, confronta ingombro, numero di punti luce, finitura e tecnologia della sorgente con la superficie da illuminare e con gli altri apparecchi presenti nel progetto.","Ideal Lux Set up è una lampada da soffitto versatile, pensata per illuminare ambienti residenziali e professionali con una presenza proporzionata e coerente con molte tipologie di arredo. La struttura utilizza metallo e alluminio; materiali e finiture concorrono a definire la qualità visiva del prodotto sia da acceso sia da spento.

Le dimensioni disponibili sono D 85 × H 90 mm e D 310 × H 60 mm. Le finiture disponibili comprendono bianco. Le sorgenti previste sono portalampada E27. Le potenze specifiche delle configurazioni sono E27 max 1 x 42W e E27 max 4 x 15W. Il numero di punti luce varia tra 1 e 4.

Le versioni con portalampada E27 consentono di scegliere sorgenti compatibili in base a flusso luminoso, temperatura colore e resa cromatica desiderati. Le configurazioni prevedono 1 e 4 punti luce, permettendo di modulare la presenza luminosa in base a dimensioni e destinazione dell’ambiente. Le potenze dichiarate per le varianti sono E27 max 1 x 42W e E27 max 4 x 15W.

La lampada da soffitto Set up è indicata per soggiorno, salone, zona living, cucina, camera da letto, cameretta, corridoio, ingresso, studio e disimpegno. Le configurazioni disponibili permettono di utilizzarla anche in uffici, studi professionali, negozi, ristoranti, B&B, sale d’attesa e spazi hospitality, scegliendo la versione più adeguata alla metratura e alla funzione dell’ambiente. Una corretta distribuzione dei punti luce, abbinata a lampade da parete, sospensioni o illuminazione d’accento, contribuisce a creare scenari luminosi completi e coerenti.

Nella scelta della plafoniera Set up è utile considerare il diametro o l’ingombro più proporzionato, la finitura prevista dalla collezione e la sorgente più adatta al livello di luce richiesto. In un soggiorno ampio o in una sala commerciale può essere opportuno abbinare la lampada a soffitto a ulteriori fonti di luce, mentre in corridoi, ingressi e zone di servizio una configurazione compatta può offrire un risultato più misurato. Il montaggio a soffitto mantiene libero lo spazio a parete e contribuisce a rendere più leggibile l’architettura degli interni.

Con Ideal Lux Set up, la lampada da soffitto diventa un elemento utile per costruire una luce stratificata e coerente: illuminazione generale, accento sugli arredi e comfort visivo possono convivere nello stesso progetto. La varietà di configurazioni rende la collezione una scelta efficace per chi cerca una plafoniera adatta sia al rinnovo di un singolo ambiente sia a un intervento coordinato su casa, studio, negozio o struttura ricettiva.","Lampada da soffitto Ideal Lux Set up: portalampada E27, finiture bianco. Ideale per soggiorni, camere, cucine, ingressi e locali commerciali. In diverse misure."
IL-CONFIG-546,"Ideal Lux Shell è una plafoniera con diffusione luminosa confortevole per soggiorni, camere, ingressi e locali accoglienti. La famiglia comprende 6 configurazioni con struttura in vetro. Misure: D 400 × H 120 mm, D 500 × H 200 mm e D 600 × H 200 mm. Finiture: ambra e trasparente; rosoni/dettagli bianco. Sorgenti: portalampada E27. Punti luce: 3, 4 e 6. Potenze: E27 max 3 x 60W, E27 max 4 x 60W e E27 max 6 x 60W. Una soluzione pensata per scegliere la plafoniera in base a metratura, altezza del soffitto, stile dell’arredo e funzione dell’ambiente. Per una scelta consapevole, confronta ingombro, numero di punti luce, finitura e tecnologia della sorgente con la superficie da illuminare e con gli altri apparecchi presenti nel progetto.","Ideal Lux Shell è una plafoniera che unisce una forma compatta a una luce addolcita dai materiali diffusori, ideale quando l’illuminazione generale deve risultare confortevole e decorativa. La struttura utilizza vetro; materiali e finiture concorrono a definire la qualità visiva del prodotto sia da acceso sia da spento. Le informazioni della famiglia descrivono inoltre Diffusore di vetro trasparente lavorato in piastra e decorato all'interno con graniglia. Blocca vetro con dettaglio in metallo. Disponibile trasparente con dettaglio cromato o ambra con dettaglio ottonato.

Le dimensioni disponibili sono D 400 × H 120 mm, D 500 × H 200 mm e D 600 × H 200 mm. Le finiture disponibili comprendono ambra e trasparente; i rosoni e i dettagli possono essere bianco. Le sorgenti previste sono portalampada E27. Le potenze specifiche delle configurazioni sono E27 max 3 x 60W, E27 max 4 x 60W e E27 max 6 x 60W. Il numero di punti luce varia tra 3, 4 e 6.

Le versioni con portalampada E27 consentono di scegliere sorgenti compatibili in base a flusso luminoso, temperatura colore e resa cromatica desiderati. Le configurazioni prevedono 3, 4 e 6 punti luce, permettendo di modulare la presenza luminosa in base a dimensioni e destinazione dell’ambiente. Le potenze dichiarate per le varianti sono E27 max 3 x 60W, E27 max 4 x 60W e E27 max 6 x 60W.

La lampada a soffitto Shell si inserisce con naturalezza in soggiorni, salotti, cucine, camere da letto, camerette, corridoi e ingressi, dove una luce diffusa rende più confortevoli le attività quotidiane. Può essere scelta anche per B&B, piccoli hotel, ristoranti, sale colazione, studi medici e locali commerciali che desiderano un’illuminazione accogliente senza rinunciare a un elemento decorativo. La selezione della dimensione e del numero di sorgenti consente di adattare la presenza della plafoniera alla metratura dell’ambiente e all’altezza utile del soffitto.

Nella scelta della plafoniera Shell è utile considerare il diametro o l’ingombro più proporzionato, la finitura che dialoga con arredi e serramenti e la sorgente più adatta al livello di luce richiesto. In un soggiorno ampio o in una sala commerciale può essere opportuno abbinare la lampada a soffitto a ulteriori fonti di luce, mentre in corridoi, ingressi e zone di servizio una configurazione compatta può offrire un risultato più misurato. Il montaggio a soffitto mantiene libero lo spazio a parete e contribuisce a rendere più leggibile l’architettura degli interni.

Con Ideal Lux Shell, la lampada da soffitto diventa un elemento utile per costruire una luce stratificata e coerente: illuminazione generale, accento sugli arredi e comfort visivo possono convivere nello stesso progetto. La varietà di configurazioni rende la collezione una scelta efficace per chi cerca una plafoniera adatta sia al rinnovo di un singolo ambiente sia a un intervento coordinato su casa, studio, negozio o struttura ricettiva.","Plafoniera Ideal Lux Shell, portalampada E27. Ideale per soggiorni, camere, cucine, ingressi e locali commerciali. Disponibile online. In più configurazioni."
IL-CONFIG-547,"Ideal Lux Simply è una plafoniera con diffusione luminosa confortevole per soggiorni, camere, ingressi e locali accoglienti. La famiglia comprende 4 configurazioni con struttura in vetro. Misure: D 250 × H 90 mm, D 300 × H 100 mm, D 400 × H 115 mm e D 500 × H 125 mm. Finiture: bianco; rosoni/dettagli cromo. Sorgenti: portalampada E27. Punti luce: 1, 2, 3 e 4. Potenze: E27 max 1 x 60W, E27 max 2 x 60W, E27 max 3 x 60W e E27 max 4 x 60W. Una soluzione pensata per scegliere la plafoniera in base a metratura, altezza del soffitto, stile dell’arredo e funzione dell’ambiente. Per una scelta consapevole, confronta ingombro, numero di punti luce, finitura e tecnologia della sorgente con la superficie da illuminare e con gli altri apparecchi presenti nel progetto.","Ideal Lux Simply è una plafoniera che unisce una forma compatta a una luce addolcita dai materiali diffusori, ideale quando l’illuminazione generale deve risultare confortevole e decorativa. La struttura utilizza vetro; materiali e finiture concorrono a definire la qualità visiva del prodotto sia da acceso sia da spento. Le informazioni della famiglia descrivono inoltre Diffusore in vetro trasparente sabbiato. Ganci ferma vetro in metallo cromato con sistema di bloccaggio a molla.

Le dimensioni disponibili sono D 250 × H 90 mm, D 300 × H 100 mm, D 400 × H 115 mm e D 500 × H 125 mm. Le finiture disponibili comprendono bianco; i rosoni e i dettagli possono essere cromo. Le sorgenti previste sono portalampada E27. Le potenze specifiche delle configurazioni sono E27 max 1 x 60W, E27 max 2 x 60W, E27 max 3 x 60W e E27 max 4 x 60W. Il numero di punti luce varia tra 1, 2, 3 e 4.

Le versioni con portalampada E27 consentono di scegliere sorgenti compatibili in base a flusso luminoso, temperatura colore e resa cromatica desiderati. Le configurazioni prevedono 1, 2, 3 e 4 punti luce, permettendo di modulare la presenza luminosa in base a dimensioni e destinazione dell’ambiente. Le potenze dichiarate per le varianti sono E27 max 1 x 60W, E27 max 2 x 60W, E27 max 3 x 60W e E27 max 4 x 60W.

La lampada a soffitto Simply si inserisce con naturalezza in soggiorni, salotti, cucine, camere da letto, camerette, corridoi e ingressi, dove una luce diffusa rende più confortevoli le attività quotidiane. Può essere scelta anche per B&B, piccoli hotel, ristoranti, sale colazione, studi medici e locali commerciali che desiderano un’illuminazione accogliente senza rinunciare a un elemento decorativo. La selezione della dimensione e del numero di sorgenti consente di adattare la presenza della plafoniera alla metratura dell’ambiente e all’altezza utile del soffitto.

Nella scelta della plafoniera Simply è utile considerare il diametro o l’ingombro più proporzionato, la finitura prevista dalla collezione e la sorgente più adatta al livello di luce richiesto. In un soggiorno ampio o in una sala commerciale può essere opportuno abbinare la lampada a soffitto a ulteriori fonti di luce, mentre in corridoi, ingressi e zone di servizio una configurazione compatta può offrire un risultato più misurato. Il montaggio a soffitto mantiene libero lo spazio a parete e contribuisce a rendere più leggibile l’architettura degli interni.

Con Ideal Lux Simply, la lampada da soffitto diventa un elemento utile per costruire una luce stratificata e coerente: illuminazione generale, accento sugli arredi e comfort visivo possono convivere nello stesso progetto. La varietà di configurazioni rende la collezione una scelta efficace per chi cerca una plafoniera adatta sia al rinnovo di un singolo ambiente sia a un intervento coordinato su casa, studio, negozio o struttura ricettiva.","Plafoniera Ideal Lux Simply in vetro, finiture bianco, portalampada E27. Ideale per soggiorni, camere, cucine, ingressi e locali commerciali. In diverse misure."
IL-CONFIG-548,"Ideal Lux Smarties è una plafoniera con diffusione luminosa confortevole per soggiorni, camere, ingressi e locali accoglienti. La famiglia comprende 4 configurazioni con struttura in vetro. Misure: D 330 × H 100 mm, D 425 × H 120 mm, D 500 × H 120 mm e D 600 × H 120 mm. Finiture: bianco. Sorgenti: portalampada E27. Punti luce: 1, 2 e 3. Potenze: E27 max 1 x 42W, E27 max 2 x 42W e E27 max 3 x 42W. Una soluzione pensata per scegliere la plafoniera in base a metratura, altezza del soffitto, stile dell’arredo e funzione dell’ambiente. Per una scelta consapevole, confronta ingombro, numero di punti luce, finitura e tecnologia della sorgente con la superficie da illuminare e con gli altri apparecchi presenti nel progetto.","Ideal Lux Smarties è una plafoniera che unisce una forma compatta a una luce addolcita dai materiali diffusori, ideale quando l’illuminazione generale deve risultare confortevole e decorativa. La struttura utilizza vetro; materiali e finiture concorrono a definire la qualità visiva del prodotto sia da acceso sia da spento. Le informazioni della famiglia descrivono inoltre Montatura in metallo verniciato bianco. Diffusore in vetro bianco soffiato.

Le dimensioni disponibili sono D 330 × H 100 mm, D 425 × H 120 mm, D 500 × H 120 mm e D 600 × H 120 mm. Le finiture disponibili comprendono bianco. Le sorgenti previste sono portalampada E27. Le potenze specifiche delle configurazioni sono E27 max 1 x 42W, E27 max 2 x 42W e E27 max 3 x 42W. Il numero di punti luce varia tra 1, 2 e 3.

Le versioni con portalampada E27 consentono di scegliere sorgenti compatibili in base a flusso luminoso, temperatura colore e resa cromatica desiderati. Le configurazioni prevedono 1, 2 e 3 punti luce, permettendo di modulare la presenza luminosa in base a dimensioni e destinazione dell’ambiente. Le potenze dichiarate per le varianti sono E27 max 1 x 42W, E27 max 2 x 42W e E27 max 3 x 42W.

La lampada a soffitto Smarties si inserisce con naturalezza in soggiorni, salotti, cucine, camere da letto, camerette, corridoi e ingressi, dove una luce diffusa rende più confortevoli le attività quotidiane. Può essere scelta anche per B&B, piccoli hotel, ristoranti, sale colazione, studi medici e locali commerciali che desiderano un’illuminazione accogliente senza rinunciare a un elemento decorativo. La selezione della dimensione e del numero di sorgenti consente di adattare la presenza della plafoniera alla metratura dell’ambiente e all’altezza utile del soffitto.

Nella scelta della plafoniera Smarties è utile considerare il diametro o l’ingombro più proporzionato, la finitura prevista dalla collezione e la sorgente più adatta al livello di luce richiesto. In un soggiorno ampio o in una sala commerciale può essere opportuno abbinare la lampada a soffitto a ulteriori fonti di luce, mentre in corridoi, ingressi e zone di servizio una configurazione compatta può offrire un risultato più misurato. Il montaggio a soffitto mantiene libero lo spazio a parete e contribuisce a rendere più leggibile l’architettura degli interni.

Con Ideal Lux Smarties, la lampada da soffitto diventa un elemento utile per costruire una luce stratificata e coerente: illuminazione generale, accento sugli arredi e comfort visivo possono convivere nello stesso progetto. La varietà di configurazioni rende la collezione una scelta efficace per chi cerca una plafoniera adatta sia al rinnovo di un singolo ambiente sia a un intervento coordinato su casa, studio, negozio o struttura ricettiva.","Plafoniera Ideal Lux Smarties, portalampada E27. Ideale per soggiorni, camere, cucine, ingressi e locali commerciali. Disponibile online. In più configurazioni."
IL-CONFIG-549,"Ideal Lux Snow è una lampada a soffitto per ingressi, portici, balconi, terrazze, verande e spazi esterni. La famiglia comprende 2 configurazioni con struttura in materiale plastico. Misure: L 250 × H 55 × P 250 mm. Finiture: bianco. Sorgenti: LED integrato. Punti luce: 1. Potenze: LED 18W. Temperature colore: 3000 K e 4000 K. Una soluzione pensata per scegliere la plafoniera in base a metratura, altezza del soffitto, stile dell’arredo e funzione dell’ambiente. Per una scelta consapevole, confronta ingombro, numero di punti luce, finitura e tecnologia della sorgente con la superficie da illuminare e con gli altri apparecchi presenti nel progetto.","Ideal Lux Snow è una lampada da soffitto per esterni che combina funzionalità, continuità estetica e una struttura studiata per completare ingressi e spazi outdoor. La struttura utilizza materiale plastico; materiali e finiture concorrono a definire la qualità visiva del prodotto sia da acceso sia da spento.

Le dimensioni disponibili sono L 250 × H 55 × P 250 mm. Le finiture disponibili comprendono bianco. Le sorgenti previste sono LED integrato. Le potenze specifiche delle configurazioni sono LED 18W. Il numero di punti luce è pari a 1. Le temperature colore disponibili sono 3000 K e 4000 K.

La famiglia adotta una sorgente LED integrata, soluzione che mantiene la superficie della plafoniera ordinata e riduce la necessità di lampadine visibili. Il numero di punti luce è pari a 1, un dato utile per valutare il contributo della plafoniera all’illuminazione generale o d’accento. Le potenze dichiarate per le varianti sono LED 18W. Sono disponibili versioni con 3.000 K, bianco caldo e 4.000 K, luce neutra.

La lampada da soffitto Snow è indicata per portici, balconi, terrazze, verande, ingressi coperti, dehor, camminamenti e zone di passaggio esterne. Può completare l’illuminazione di giardini, aree piscina e accessi carrabili quando il progetto richiede un punto luce compatto e ben integrato nell’architettura. La scelta della finitura consente di coordinare la plafoniera con infissi, pergole, facciate e arredi outdoor; per installazioni esposte è opportuno rispettare le indicazioni tecniche del produttore e affidare il montaggio a personale qualificato.

Nella scelta della plafoniera Snow è utile considerare la misura disponibile, la finitura prevista dalla collezione e la potenza e la temperatura colore più coerenti con l’uso dello spazio. In un soggiorno ampio o in una sala commerciale può essere opportuno abbinare la lampada a soffitto a ulteriori fonti di luce, mentre in corridoi, ingressi e zone di servizio una configurazione compatta può offrire un risultato più misurato. Il montaggio a soffitto mantiene libero lo spazio a parete e contribuisce a rendere più leggibile l’architettura degli interni.

Acquistare Ideal Lux Snow significa scegliere un corpo illuminante da soffitto capace di dare continuità all’illuminazione tra architettura, percorsi e aree di accoglienza esterne. La scelta della variante corretta permette di ottenere un punto luce funzionale, ben inserito nella facciata o nella copertura e coerente con il carattere dell’abitazione o dell’attività commerciale.","Plafoniera Ideal Lux Snow in materiale plastico, finiture bianco, LED integrato. Ideale per portici, balconi, terrazze, ingressi e dehor. In più configurazioni."
IL-CONFIG-550,"Ideal Lux Spike Led è una lampada da soffitto per illuminazione mirata di cucine, corridoi, studi e spazi commerciali. La famiglia comprende 3 configurazioni con struttura in alluminio e metallo. Misure: D 100 × H 86 mm. Finiture: bianco, nero e ottone. Sorgenti: LED integrato. Punti luce: 1. Potenze: LED 10W. Una soluzione pensata per scegliere la plafoniera in base a metratura, altezza del soffitto, stile dell’arredo e funzione dell’ambiente. Per una scelta consapevole, confronta ingombro, numero di punti luce, finitura e tecnologia della sorgente con la superficie da illuminare e con gli altri apparecchi presenti nel progetto.","Ideal Lux Spike Led è una lampada da soffitto pensata per organizzare la luce con precisione, offrendo un segno essenziale e una presenza tecnica adatta agli interni contemporanei. La struttura utilizza alluminio e metallo; materiali e finiture concorrono a definire la qualità visiva del prodotto sia da acceso sia da spento.

Le dimensioni disponibili sono D 100 × H 86 mm. Le finiture disponibili comprendono bianco, nero e ottone. Le sorgenti previste sono LED integrato. Le potenze specifiche delle configurazioni sono LED 10W. Il numero di punti luce è pari a 1.

La famiglia adotta una sorgente LED integrata, soluzione che mantiene la superficie della plafoniera ordinata e riduce la necessità di lampadine visibili. Il numero di punti luce è pari a 1, un dato utile per valutare il contributo della plafoniera all’illuminazione generale o d’accento. Le potenze dichiarate per le varianti sono LED 10W.

La configurazione a soffitto di Spike Led è indicata per illuminazione mirata di cucine, piani di lavoro, corridoi, ingressi, cabine armadio, studi e camerette. Negli spazi commerciali può contribuire a illuminare scaffalature, banconi, percorsi di vendita, vetrine interne, nicchie espositive e pareti comunicative di negozi, showroom, studi professionali e gallerie. Il risultato dipende dalla lampadina scelta e dalla disposizione dei punti luce: per questo è utile combinare ottiche e temperatura colore coerenti con il compito visivo dell’area.

Nella scelta della plafoniera Spike Led è utile considerare la misura disponibile, la finitura che dialoga con arredi e serramenti e la potenza e la temperatura colore più coerenti con l’uso dello spazio. In un soggiorno ampio o in una sala commerciale può essere opportuno abbinare la lampada a soffitto a ulteriori fonti di luce, mentre in corridoi, ingressi e zone di servizio una configurazione compatta può offrire un risultato più misurato. Il montaggio a soffitto mantiene libero lo spazio a parete e contribuisce a rendere più leggibile l’architettura degli interni.

Con Ideal Lux Spike Led, la lampada da soffitto diventa un elemento utile per costruire una luce stratificata e coerente: illuminazione generale, accento sugli arredi e comfort visivo possono convivere nello stesso progetto. La varietà di configurazioni rende la collezione una scelta efficace per chi cerca una plafoniera adatta sia al rinnovo di un singolo ambiente sia a un intervento coordinato su casa, studio, negozio o struttura ricettiva.","Lampada da soffitto Ideal Lux Spike Led: LED integrato, finiture bianco, nero e ottone. Ideale per cucine, corridoi, studi, negozi e showroom. Con più finiture."
IL-CONFIG-551,"Ideal Lux Spike Pl1 è una lampada da soffitto per illuminazione mirata di cucine, corridoi, studi e spazi commerciali. La famiglia comprende 10 configurazioni con struttura in metallo. Misure: D 100 × H 65 mm e L 100 × H 65 × P 100 mm. Finiture: bianco, cromo, nero, ottone e rame. Sorgenti: portalampada GX53. Punti luce: 1. Potenze: GX53 max 1 x 15W. Una soluzione pensata per scegliere la plafoniera in base a metratura, altezza del soffitto, stile dell’arredo e funzione dell’ambiente. Per una scelta consapevole, confronta ingombro, numero di punti luce, finitura e tecnologia della sorgente con la superficie da illuminare e con gli altri apparecchi presenti nel progetto.","Ideal Lux Spike Pl1 è una lampada da soffitto pensata per organizzare la luce con precisione, offrendo un segno essenziale e una presenza tecnica adatta agli interni contemporanei. La struttura utilizza metallo; materiali e finiture concorrono a definire la qualità visiva del prodotto sia da acceso sia da spento.

Le dimensioni disponibili sono D 100 × H 65 mm e L 100 × H 65 × P 100 mm. Le finiture disponibili comprendono bianco, cromo, nero, ottone e rame. Le sorgenti previste sono portalampada GX53. Le potenze specifiche delle configurazioni sono GX53 max 1 x 15W. Il numero di punti luce è pari a 1.

Le versioni con portalampada GX53 consentono di scegliere sorgenti compatibili in base a flusso luminoso, temperatura colore e resa cromatica desiderati. Il numero di punti luce è pari a 1, un dato utile per valutare il contributo della plafoniera all’illuminazione generale o d’accento. Le potenze dichiarate per le varianti sono GX53 max 1 x 15W.

La configurazione a soffitto di Spike Pl1 è indicata per illuminazione mirata di cucine, piani di lavoro, corridoi, ingressi, cabine armadio, studi e camerette. Negli spazi commerciali può contribuire a illuminare scaffalature, banconi, percorsi di vendita, vetrine interne, nicchie espositive e pareti comunicative di negozi, showroom, studi professionali e gallerie. Il risultato dipende dalla lampadina scelta e dalla disposizione dei punti luce: per questo è utile combinare ottiche e temperatura colore coerenti con il compito visivo dell’area.

Nella scelta della plafoniera Spike Pl1 è utile considerare il diametro o l’ingombro più proporzionato, la finitura che dialoga con arredi e serramenti e la sorgente più adatta al livello di luce richiesto. In un soggiorno ampio o in una sala commerciale può essere opportuno abbinare la lampada a soffitto a ulteriori fonti di luce, mentre in corridoi, ingressi e zone di servizio una configurazione compatta può offrire un risultato più misurato. Il montaggio a soffitto mantiene libero lo spazio a parete e contribuisce a rendere più leggibile l’architettura degli interni.

Con Ideal Lux Spike Pl1, la lampada da soffitto diventa un elemento utile per costruire una luce stratificata e coerente: illuminazione generale, accento sugli arredi e comfort visivo possono convivere nello stesso progetto. La varietà di configurazioni rende la collezione una scelta efficace per chi cerca una plafoniera adatta sia al rinnovo di un singolo ambiente sia a un intervento coordinato su casa, studio, negozio o struttura ricettiva.","Plafoniera Ideal Lux Spike Pl1: portalampada GX53, finiture bianco, cromo e nero. Ideale per cucine, corridoi, studi, negozi e showroom. In più configurazioni."
IL-CONFIG-552,"Ideal Lux Spot è una lampada da soffitto per illuminazione mirata di cucine, corridoi, studi e spazi commerciali. La famiglia comprende 2 configurazioni con struttura in metallo. Misure: L 305 × H 130 × P 305 mm. Finiture: bianco e nero. Sorgenti: portalampada GU10. Punti luce: 4. Potenze: GU10 max 4 x 28W. Una soluzione pensata per scegliere la plafoniera in base a metratura, altezza del soffitto, stile dell’arredo e funzione dell’ambiente. Per una scelta consapevole, confronta ingombro, numero di punti luce, finitura e tecnologia della sorgente con la superficie da illuminare e con gli altri apparecchi presenti nel progetto.","Ideal Lux Spot è una lampada da soffitto pensata per organizzare la luce con precisione, offrendo un segno essenziale e una presenza tecnica adatta agli interni contemporanei. La struttura utilizza metallo; materiali e finiture concorrono a definire la qualità visiva del prodotto sia da acceso sia da spento.

Le dimensioni disponibili sono L 305 × H 130 × P 305 mm. Le finiture disponibili comprendono bianco e nero. Le sorgenti previste sono portalampada GU10. Le potenze specifiche delle configurazioni sono GU10 max 4 x 28W. Il numero di punti luce è pari a 4.

Le versioni con portalampada GU10 consentono di scegliere sorgenti compatibili in base a flusso luminoso, temperatura colore e resa cromatica desiderati. Il numero di punti luce è pari a 4, un dato utile per valutare il contributo della plafoniera all’illuminazione generale o d’accento. Le potenze dichiarate per le varianti sono GU10 max 4 x 28W.

La configurazione a soffitto di Spot è indicata per illuminazione mirata di cucine, piani di lavoro, corridoi, ingressi, cabine armadio, studi e camerette. Negli spazi commerciali può contribuire a illuminare scaffalature, banconi, percorsi di vendita, vetrine interne, nicchie espositive e pareti comunicative di negozi, showroom, studi professionali e gallerie. Il risultato dipende dalla lampadina scelta e dalla disposizione dei punti luce: per questo è utile combinare ottiche e temperatura colore coerenti con il compito visivo dell’area.

Nella scelta della plafoniera Spot è utile considerare la misura disponibile, la finitura che dialoga con arredi e serramenti e la sorgente più adatta al livello di luce richiesto. In un soggiorno ampio o in una sala commerciale può essere opportuno abbinare la lampada a soffitto a ulteriori fonti di luce, mentre in corridoi, ingressi e zone di servizio una configurazione compatta può offrire un risultato più misurato. Il montaggio a soffitto mantiene libero lo spazio a parete e contribuisce a rendere più leggibile l’architettura degli interni.

Con Ideal Lux Spot, la lampada da soffitto diventa un elemento utile per costruire una luce stratificata e coerente: illuminazione generale, accento sugli arredi e comfort visivo possono convivere nello stesso progetto. La varietà di configurazioni rende la collezione una scelta efficace per chi cerca una plafoniera adatta sia al rinnovo di un singolo ambiente sia a un intervento coordinato su casa, studio, negozio o struttura ricettiva.","Plafoniera Ideal Lux Spot: portalampada GU10, finiture bianco e nero. Ideale per cucine, corridoi, studi, negozi e showroom. Per luce mirata. In diverse misure."
IL-CONFIG-553,"Ideal Lux Techo è una lampada a soffitto per ingressi, portici, balconi, terrazze, verande e spazi esterni. La famiglia comprende 20 configurazioni con struttura in metallo e vetro. Misure: D 90 × H 95 mm, L 90 × H 95 × P 90 mm, D 150 × H 153 mm e L 150 × H 160 × P 150 mm. Finiture: antracite, bianco, coffee, grigio e nero. Sorgenti: portalampada GU10. Punti luce: 1. Potenze: GU10 max 1 x 20W. Una soluzione pensata per scegliere la plafoniera in base a metratura, altezza del soffitto, stile dell’arredo e funzione dell’ambiente. Per una scelta consapevole, confronta ingombro, numero di punti luce, finitura e tecnologia della sorgente con la superficie da illuminare e con gli altri apparecchi presenti nel progetto.","Ideal Lux Techo è una lampada da soffitto per esterni che combina funzionalità, continuità estetica e una struttura studiata per completare ingressi e spazi outdoor. La struttura utilizza metallo e vetro; materiali e finiture concorrono a definire la qualità visiva del prodotto sia da acceso sia da spento. Le informazioni della famiglia descrivono inoltre Corpo luce in alluminio pressofuso verniciato a polveri. Diffusore in vetro temperato trasparente smerigliato. Colori: antracite, bianco, coffee o nero.

Le dimensioni disponibili sono D 90 × H 95 mm, L 90 × H 95 × P 90 mm, D 150 × H 153 mm e L 150 × H 160 × P 150 mm. Le finiture disponibili comprendono antracite, bianco, coffee, grigio e nero. Le sorgenti previste sono portalampada GU10. Le potenze specifiche delle configurazioni sono GU10 max 1 x 20W. Il numero di punti luce è pari a 1.

Le versioni con portalampada GU10 consentono di scegliere sorgenti compatibili in base a flusso luminoso, temperatura colore e resa cromatica desiderati. Il numero di punti luce è pari a 1, un dato utile per valutare il contributo della plafoniera all’illuminazione generale o d’accento. Le potenze dichiarate per le varianti sono GU10 max 1 x 20W.

La lampada da soffitto Techo è indicata per portici, balconi, terrazze, verande, ingressi coperti, dehor, camminamenti e zone di passaggio esterne. Può completare l’illuminazione di giardini, aree piscina e accessi carrabili quando il progetto richiede un punto luce compatto e ben integrato nell’architettura. La scelta della finitura consente di coordinare la plafoniera con infissi, pergole, facciate e arredi outdoor; per installazioni esposte è opportuno rispettare le indicazioni tecniche del produttore e affidare il montaggio a personale qualificato.

Nella scelta della plafoniera Techo è utile considerare il diametro o l’ingombro più proporzionato, la finitura che dialoga con arredi e serramenti e la sorgente più adatta al livello di luce richiesto. In un soggiorno ampio o in una sala commerciale può essere opportuno abbinare la lampada a soffitto a ulteriori fonti di luce, mentre in corridoi, ingressi e zone di servizio una configurazione compatta può offrire un risultato più misurato. Il montaggio a soffitto mantiene libero lo spazio a parete e contribuisce a rendere più leggibile l’architettura degli interni.

Acquistare Ideal Lux Techo significa scegliere un corpo illuminante da soffitto capace di dare continuità all’illuminazione tra architettura, percorsi e aree di accoglienza esterne. La scelta della variante corretta permette di ottenere un punto luce funzionale, ben inserito nella facciata o nella copertura e coerente con il carattere dell’abitazione o dell’attività commerciale.","Plafoniera Ideal Lux Techo: portalampada GU10, finiture antracite, bianco e coffee. Ideale per portici, balconi, terrazze, ingressi e dehor. Disponibile online."
IL-CONFIG-554,"Ideal Lux Toby è una lampada da soffitto per illuminazione mirata di cucine, corridoi, studi e spazi commerciali. La famiglia comprende 2 configurazioni con struttura in metallo. Misure: D 60 × H 130 mm. Finiture: bianco e nero. Sorgenti: portalampada GU10. Punti luce: 1. Potenze: GU10 max 1 x 35W. Una soluzione pensata per scegliere la plafoniera in base a metratura, altezza del soffitto, stile dell’arredo e funzione dell’ambiente. Per una scelta consapevole, confronta ingombro, numero di punti luce, finitura e tecnologia della sorgente con la superficie da illuminare e con gli altri apparecchi presenti nel progetto.","Ideal Lux Toby è una lampada da soffitto pensata per organizzare la luce con precisione, offrendo un segno essenziale e una presenza tecnica adatta agli interni contemporanei. La struttura utilizza metallo; materiali e finiture concorrono a definire la qualità visiva del prodotto sia da acceso sia da spento.

Le dimensioni disponibili sono D 60 × H 130 mm. Le finiture disponibili comprendono bianco e nero. Le sorgenti previste sono portalampada GU10. Le potenze specifiche delle configurazioni sono GU10 max 1 x 35W. Il numero di punti luce è pari a 1.

Le versioni con portalampada GU10 consentono di scegliere sorgenti compatibili in base a flusso luminoso, temperatura colore e resa cromatica desiderati. Il numero di punti luce è pari a 1, un dato utile per valutare il contributo della plafoniera all’illuminazione generale o d’accento. Le potenze dichiarate per le varianti sono GU10 max 1 x 35W.

La configurazione a soffitto di Toby è indicata per illuminazione mirata di cucine, piani di lavoro, corridoi, ingressi, cabine armadio, studi e camerette. Negli spazi commerciali può contribuire a illuminare scaffalature, banconi, percorsi di vendita, vetrine interne, nicchie espositive e pareti comunicative di negozi, showroom, studi professionali e gallerie. Il risultato dipende dalla lampadina scelta e dalla disposizione dei punti luce: per questo è utile combinare ottiche e temperatura colore coerenti con il compito visivo dell’area.

Nella scelta della plafoniera Toby è utile considerare la misura disponibile, la finitura che dialoga con arredi e serramenti e la sorgente più adatta al livello di luce richiesto. In un soggiorno ampio o in una sala commerciale può essere opportuno abbinare la lampada a soffitto a ulteriori fonti di luce, mentre in corridoi, ingressi e zone di servizio una configurazione compatta può offrire un risultato più misurato. Il montaggio a soffitto mantiene libero lo spazio a parete e contribuisce a rendere più leggibile l’architettura degli interni.

Con Ideal Lux Toby, la lampada da soffitto diventa un elemento utile per costruire una luce stratificata e coerente: illuminazione generale, accento sugli arredi e comfort visivo possono convivere nello stesso progetto. La varietà di configurazioni rende la collezione una scelta efficace per chi cerca una plafoniera adatta sia al rinnovo di un singolo ambiente sia a un intervento coordinato su casa, studio, negozio o struttura ricettiva.","Plafoniera Ideal Lux Toby: portalampada GU10, finiture bianco e nero. Ideale per cucine, corridoi, studi, negozi e showroom. Per luce mirata. In diverse misure."
IL-CONFIG-555,"Ideal Lux Topico è una plafoniera LED per ambienti residenziali, uffici, negozi e zone living. La famiglia comprende 2 configurazioni con struttura in vetro, metallo e alluminio. Misure: D 250 × H 160 mm e D 350 × H 170 mm. Finiture: fumé; rosoni/dettagli nero. Sorgenti: LED integrato. Punti luce: 1. Potenze: LED 12W e LED 19W. Una soluzione pensata per scegliere la plafoniera in base a metratura, altezza del soffitto, stile dell’arredo e funzione dell’ambiente. Per una scelta consapevole, confronta ingombro, numero di punti luce, finitura e tecnologia della sorgente con la superficie da illuminare e con gli altri apparecchi presenti nel progetto.","Ideal Lux Topico è una plafoniera LED progettata per integrare illuminazione e architettura d’interni con un ingombro controllato e un’emissione adatta alla vita quotidiana. La struttura utilizza vetro, metallo e alluminio; materiali e finiture concorrono a definire la qualità visiva del prodotto sia da acceso sia da spento.

Le dimensioni disponibili sono D 250 × H 160 mm e D 350 × H 170 mm. Le finiture disponibili comprendono fumé; i rosoni e i dettagli possono essere nero. Le sorgenti previste sono LED integrato. Le potenze specifiche delle configurazioni sono LED 12W e LED 19W. Il numero di punti luce è pari a 1.

La famiglia adotta una sorgente LED integrata, soluzione che mantiene la superficie della plafoniera ordinata e riduce la necessità di lampadine visibili. Il numero di punti luce è pari a 1, un dato utile per valutare il contributo della plafoniera all’illuminazione generale o d’accento. Le potenze dichiarate per le varianti sono LED 12W e LED 19W.

Topico è pensata per soggiorni, cucine, camere, camerette, corridoi, ingressi, studi domestici e zone living che richiedono un’illuminazione ordinata e continua. In un progetto professionale può trovare collocazione in uffici, sale riunioni, reception, negozi, showroom, aree di servizio, spazi di attesa e locali destinati alla ristorazione. La scelta dell’ingombro e della potenza consente di graduare la luce in base alla superficie, alla presenza di altri punti luminosi e al colore delle finiture interne.

Nella scelta della plafoniera Topico è utile considerare il diametro o l’ingombro più proporzionato, la finitura prevista dalla collezione e la potenza e la temperatura colore più coerenti con l’uso dello spazio. In un soggiorno ampio o in una sala commerciale può essere opportuno abbinare la lampada a soffitto a ulteriori fonti di luce, mentre in corridoi, ingressi e zone di servizio una configurazione compatta può offrire un risultato più misurato. Il montaggio a soffitto mantiene libero lo spazio a parete e contribuisce a rendere più leggibile l’architettura degli interni.

Con Ideal Lux Topico, la lampada da soffitto diventa un elemento utile per costruire una luce stratificata e coerente: illuminazione generale, accento sugli arredi e comfort visivo possono convivere nello stesso progetto. La varietà di configurazioni rende la collezione una scelta efficace per chi cerca una plafoniera adatta sia al rinnovo di un singolo ambiente sia a un intervento coordinato su casa, studio, negozio o struttura ricettiva.","Plafoniera Ideal Lux Topico in vetro e metallo, finiture fumé, LED integrato. Ideale per living, camere, cucine, uffici e spazi commerciali. Disponibile online."
IL-CONFIG-556,"Ideal Lux Totem è una lampada da soffitto per interni residenziali, uffici, negozi e strutture ricettive. La famiglia comprende 3 configurazioni con struttura in metallo. Misure: L 640 × H 30 × P 345 mm, L 560 × H 30 × P 510 mm e L 525 × H 30 × P 710 mm. Finiture: bianco. Sorgenti: portalampada GX53. Punti luce: 3, 4 e 6. Potenze: GX53 max 3 x 15W, GX53 max 4 x 15W e GX53 max 6 x 15W. Una soluzione pensata per scegliere la plafoniera in base a metratura, altezza del soffitto, stile dell’arredo e funzione dell’ambiente. Per una scelta consapevole, confronta ingombro, numero di punti luce, finitura e tecnologia della sorgente con la superficie da illuminare e con gli altri apparecchi presenti nel progetto.","Ideal Lux Totem è una lampada da soffitto versatile, pensata per illuminare ambienti residenziali e professionali con una presenza proporzionata e coerente con molte tipologie di arredo. La struttura utilizza metallo; materiali e finiture concorrono a definire la qualità visiva del prodotto sia da acceso sia da spento. Le informazioni della famiglia descrivono inoltre Base in metallo sagomato a laser e verniciato bianco opaco. Sorgenti luminose a LED sostituibili.

Le dimensioni disponibili sono L 640 × H 30 × P 345 mm, L 560 × H 30 × P 510 mm e L 525 × H 30 × P 710 mm. Le finiture disponibili comprendono bianco. Le sorgenti previste sono portalampada GX53. Le potenze specifiche delle configurazioni sono GX53 max 3 x 15W, GX53 max 4 x 15W e GX53 max 6 x 15W. Il numero di punti luce varia tra 3, 4 e 6.

Le versioni con portalampada GX53 consentono di scegliere sorgenti compatibili in base a flusso luminoso, temperatura colore e resa cromatica desiderati. Le configurazioni prevedono 3, 4 e 6 punti luce, permettendo di modulare la presenza luminosa in base a dimensioni e destinazione dell’ambiente. Le potenze dichiarate per le varianti sono GX53 max 3 x 15W, GX53 max 4 x 15W e GX53 max 6 x 15W.

La lampada da soffitto Totem è indicata per soggiorno, salone, zona living, cucina, camera da letto, cameretta, corridoio, ingresso, studio e disimpegno. Le configurazioni disponibili permettono di utilizzarla anche in uffici, studi professionali, negozi, ristoranti, B&B, sale d’attesa e spazi hospitality, scegliendo la versione più adeguata alla metratura e alla funzione dell’ambiente. Una corretta distribuzione dei punti luce, abbinata a lampade da parete, sospensioni o illuminazione d’accento, contribuisce a creare scenari luminosi completi e coerenti.

Nella scelta della plafoniera Totem è utile considerare il diametro o l’ingombro più proporzionato, la finitura prevista dalla collezione e la sorgente più adatta al livello di luce richiesto. In un soggiorno ampio o in una sala commerciale può essere opportuno abbinare la lampada a soffitto a ulteriori fonti di luce, mentre in corridoi, ingressi e zone di servizio una configurazione compatta può offrire un risultato più misurato. Il montaggio a soffitto mantiene libero lo spazio a parete e contribuisce a rendere più leggibile l’architettura degli interni.

Con Ideal Lux Totem, la lampada da soffitto diventa un elemento utile per costruire una luce stratificata e coerente: illuminazione generale, accento sugli arredi e comfort visivo possono convivere nello stesso progetto. La varietà di configurazioni rende la collezione una scelta efficace per chi cerca una plafoniera adatta sia al rinnovo di un singolo ambiente sia a un intervento coordinato su casa, studio, negozio o struttura ricettiva.","Lampada da soffitto Ideal Lux Totem: portalampada GX53, finiture bianco. Ideale per soggiorni, camere, cucine, ingressi e locali commerciali. In diverse misure."
IL-CONFIG-557,"Ideal Lux Universal è una plafoniera LED per ambienti residenziali, uffici, negozi e zone living. La famiglia comprende 23 configurazioni con struttura in alluminio, metallo e materiale plastico. Misure: D 170 × H 40 mm, L 170 × H 40 × P 170 mm, D 225 × H 40 mm, L 220 × H 40 × P 220 mm, D 300 × H 40 mm, L 300 × H 40 × P 300 mm, D 400 × H 40 mm e L 400 × H 40 × P 400 mm. Finiture: bianco. Sorgenti: LED integrato. Punti luce: 1. Potenze: 12W, 17W, 22W e 36W. Temperature colore: 2700 K, 3000 K e 4000 K. Una soluzione pensata per scegliere la plafoniera in base a metratura, altezza del soffitto, stile dell’arredo e funzione dell’ambiente. Per una scelta consapevole, confronta ingombro, numero di punti luce, finitura e tecnologia della sorgente con la superficie da illuminare e con gli altri apparecchi presenti nel progetto.","Ideal Lux Universal è una plafoniera LED progettata per integrare illuminazione e architettura d’interni con un ingombro controllato e un’emissione adatta alla vita quotidiana. La struttura utilizza alluminio, metallo e materiale plastico; materiali e finiture concorrono a definire la qualità visiva del prodotto sia da acceso sia da spento.

Le dimensioni disponibili sono D 170 × H 40 mm, L 170 × H 40 × P 170 mm, D 225 × H 40 mm, L 220 × H 40 × P 220 mm, D 300 × H 40 mm, L 300 × H 40 × P 300 mm, D 400 × H 40 mm e L 400 × H 40 × P 400 mm. Le finiture disponibili comprendono bianco. Le sorgenti previste sono LED integrato. Le potenze specifiche delle configurazioni sono 12W, 17W, 22W e 36W. Il numero di punti luce è pari a 1. Le temperature colore disponibili sono 2700 K, 3000 K e 4000 K.

La famiglia adotta una sorgente LED integrata, soluzione che mantiene la superficie della plafoniera ordinata e riduce la necessità di lampadine visibili. Il numero di punti luce è pari a 1, un dato utile per valutare il contributo della plafoniera all’illuminazione generale o d’accento. Le potenze dichiarate per le varianti sono 12W, 17W, 22W e 36W. Sono disponibili versioni con 2.700 K, luce calda, 3.000 K, bianco caldo e 4.000 K, luce neutra.

Universal è pensata per soggiorni, cucine, camere, camerette, corridoi, ingressi, studi domestici e zone living che richiedono un’illuminazione ordinata e continua. In un progetto professionale può trovare collocazione in uffici, sale riunioni, reception, negozi, showroom, aree di servizio, spazi di attesa e locali destinati alla ristorazione. La disponibilità di tonalità 2700 K, 3000 K e 4000 K permette di orientare la scelta tra un’atmosfera più calda o una luce più neutra, in relazione alla destinazione d’uso. La scelta dell’ingombro e della potenza consente di graduare la luce in base alla superficie, alla presenza di altri punti luminosi e al colore delle finiture interne.

Nella scelta della plafoniera Universal è utile considerare il diametro o l’ingombro più proporzionato, la finitura prevista dalla collezione e la potenza e la temperatura colore più coerenti con l’uso dello spazio. In un soggiorno ampio o in una sala commerciale può essere opportuno abbinare la lampada a soffitto a ulteriori fonti di luce, mentre in corridoi, ingressi e zone di servizio una configurazione compatta può offrire un risultato più misurato. Il montaggio a soffitto mantiene libero lo spazio a parete e contribuisce a rendere più leggibile l’architettura degli interni.

Con Ideal Lux Universal, la lampada da soffitto diventa un elemento utile per costruire una luce stratificata e coerente: illuminazione generale, accento sugli arredi e comfort visivo possono convivere nello stesso progetto. La varietà di configurazioni rende la collezione una scelta efficace per chi cerca una plafoniera adatta sia al rinnovo di un singolo ambiente sia a un intervento coordinato su casa, studio, negozio o struttura ricettiva.","Plafoniera Ideal Lux Universal: LED integrato, finiture bianco. Ideale per living, camere, cucine, uffici e spazi commerciali. Disponibile online. Per interni."
IL-CONFIG-558,"Ideal Lux Urano è una lampada a soffitto per ingressi, portici, balconi, terrazze, verande e spazi esterni. La famiglia comprende 4 configurazioni con struttura in alluminio, metallo e materiale plastico. Misure: D 160 × H 75 mm e D 120 × H 75 mm. Finiture: antracite e bianco. Sorgenti: portalampada GX53. Punti luce: 1. Potenze: GX53 max 1 x 15W. Una soluzione pensata per scegliere la plafoniera in base a metratura, altezza del soffitto, stile dell’arredo e funzione dell’ambiente. Per una scelta consapevole, confronta ingombro, numero di punti luce, finitura e tecnologia della sorgente con la superficie da illuminare e con gli altri apparecchi presenti nel progetto.","Ideal Lux Urano è una lampada da soffitto per esterni che combina funzionalità, continuità estetica e una struttura studiata per completare ingressi e spazi outdoor. La struttura utilizza alluminio, metallo e materiale plastico; materiali e finiture concorrono a definire la qualità visiva del prodotto sia da acceso sia da spento. Le informazioni della famiglia descrivono inoltre Corpo luce in alluminio tornito verniciato a polveri con finitura opaca antracite o bianca. Diffusore in materiale acrilico trasparente e satinato.

Le dimensioni disponibili sono D 160 × H 75 mm e D 120 × H 75 mm. Le finiture disponibili comprendono antracite e bianco. Le sorgenti previste sono portalampada GX53. Le potenze specifiche delle configurazioni sono GX53 max 1 x 15W. Il numero di punti luce è pari a 1.

Le versioni con portalampada GX53 consentono di scegliere sorgenti compatibili in base a flusso luminoso, temperatura colore e resa cromatica desiderati. Il numero di punti luce è pari a 1, un dato utile per valutare il contributo della plafoniera all’illuminazione generale o d’accento. Le potenze dichiarate per le varianti sono GX53 max 1 x 15W.

La lampada da soffitto Urano è indicata per portici, balconi, terrazze, verande, ingressi coperti, dehor, camminamenti e zone di passaggio esterne. Può completare l’illuminazione di giardini, aree piscina e accessi carrabili quando il progetto richiede un punto luce compatto e ben integrato nell’architettura. La scelta della finitura consente di coordinare la plafoniera con infissi, pergole, facciate e arredi outdoor; per installazioni esposte è opportuno rispettare le indicazioni tecniche del produttore e affidare il montaggio a personale qualificato.

Nella scelta della plafoniera Urano è utile considerare il diametro o l’ingombro più proporzionato, la finitura che dialoga con arredi e serramenti e la sorgente più adatta al livello di luce richiesto. In un soggiorno ampio o in una sala commerciale può essere opportuno abbinare la lampada a soffitto a ulteriori fonti di luce, mentre in corridoi, ingressi e zone di servizio una configurazione compatta può offrire un risultato più misurato. Il montaggio a soffitto mantiene libero lo spazio a parete e contribuisce a rendere più leggibile l’architettura degli interni.

Acquistare Ideal Lux Urano significa scegliere un corpo illuminante da soffitto capace di dare continuità all’illuminazione tra architettura, percorsi e aree di accoglienza esterne. La scelta della variante corretta permette di ottenere un punto luce funzionale, ben inserito nella facciata o nella copertura e coerente con il carattere dell’abitazione o dell’attività commerciale.","Lampada da soffitto Ideal Lux Urano: portalampada GX53, finiture antracite e bianco. Ideale per portici, balconi, terrazze, ingressi e dehor. Per spazi outdoor."
IL-CONFIG-559,"Ideal Lux Winery è una plafoniera decorativa per interni contemporanei, locali e progetti contract. La famiglia comprende 2 configurazioni con struttura in ceramica. Misure: D 75 × H 60 mm. Finiture: bianco e nero. Sorgenti: portalampada E27. Punti luce: 1. Potenze: E27 max 1 x 60W. Una soluzione pensata per scegliere la plafoniera in base a metratura, altezza del soffitto, stile dell’arredo e funzione dell’ambiente. Per una scelta consapevole, confronta ingombro, numero di punti luce, finitura e tecnologia della sorgente con la superficie da illuminare e con gli altri apparecchi presenti nel progetto.","Ideal Lux Winery è una lampada da soffitto dal carattere materico, adatta a progetti in cui il punto luce partecipa alla composizione d’arredo e non svolge soltanto una funzione tecnica. La struttura utilizza ceramica; materiali e finiture concorrono a definire la qualità visiva del prodotto sia da acceso sia da spento. Le informazioni della famiglia descrivono inoltre Corpo luce con portalampade incorporato interamente in ceramica con finitura in smalto lucido bianco o nero.

Le dimensioni disponibili sono D 75 × H 60 mm. Le finiture disponibili comprendono bianco e nero. Le sorgenti previste sono portalampada E27. Le potenze specifiche delle configurazioni sono E27 max 1 x 60W. Il numero di punti luce è pari a 1.

Le versioni con portalampada E27 consentono di scegliere sorgenti compatibili in base a flusso luminoso, temperatura colore e resa cromatica desiderati. Il numero di punti luce è pari a 1, un dato utile per valutare il contributo della plafoniera all’illuminazione generale o d’accento. Le potenze dichiarate per le varianti sono E27 max 1 x 60W.

La plafoniera Winery è una scelta coerente per soggiorni, cucine, camere, corridoi e ingressi, soprattutto quando si desidera un corpo luce compatto con una matericità riconoscibile. Può valorizzare anche hotel di design, ristoranti, studi creativi, concept store e locali commerciali, inserendosi in progetti d’interni contemporanei, industriali o essenziali. Per una resa equilibrata è opportuno valutare in anticipo diametro, altezza e posizione rispetto agli arredi, così da ottenere una luce utile senza sovraccaricare visivamente il soffitto.

Nella scelta della plafoniera Winery è utile considerare la misura disponibile, la finitura che dialoga con arredi e serramenti e la sorgente più adatta al livello di luce richiesto. In un soggiorno ampio o in una sala commerciale può essere opportuno abbinare la lampada a soffitto a ulteriori fonti di luce, mentre in corridoi, ingressi e zone di servizio una configurazione compatta può offrire un risultato più misurato. Il montaggio a soffitto mantiene libero lo spazio a parete e contribuisce a rendere più leggibile l’architettura degli interni.

Con Ideal Lux Winery, la lampada da soffitto diventa un elemento utile per costruire una luce stratificata e coerente: illuminazione generale, accento sugli arredi e comfort visivo possono convivere nello stesso progetto. La varietà di configurazioni rende la collezione una scelta efficace per chi cerca una plafoniera adatta sia al rinnovo di un singolo ambiente sia a un intervento coordinato su casa, studio, negozio o struttura ricettiva.","Plafoniera Ideal Lux Winery: portalampada E27, finiture bianco e nero. Ideale per soggiorni, camere, cucine, ingressi e locali commerciali. Disponibile online."
IL-CONFIG-560,"Ideal Lux Ziggy è una plafoniera LED per ambienti residenziali, uffici, negozi e zone living. La famiglia comprende 8 configurazioni con struttura in metallo e materiale plastico. Misure: D 277 × H 83 mm, D 450 × H 110 mm, D 595 × H 110 mm e D 800 × H 108 mm. Finiture: bianco e nero; rosoni/dettagli bianco. Sorgenti: LED integrato. Punti luce: 1. Potenze: LED 21W, LED 30W, LED 43W e LED 62W. Una soluzione pensata per scegliere la plafoniera in base a metratura, altezza del soffitto, stile dell’arredo e funzione dell’ambiente. Per una scelta consapevole, confronta ingombro, numero di punti luce, finitura e tecnologia della sorgente con la superficie da illuminare e con gli altri apparecchi presenti nel progetto.","Ideal Lux Ziggy è una plafoniera LED progettata per integrare illuminazione e architettura d’interni con un ingombro controllato e un’emissione adatta alla vita quotidiana. La struttura utilizza metallo e materiale plastico; materiali e finiture concorrono a definire la qualità visiva del prodotto sia da acceso sia da spento.

Le dimensioni disponibili sono D 277 × H 83 mm, D 450 × H 110 mm, D 595 × H 110 mm e D 800 × H 108 mm. Le finiture disponibili comprendono bianco e nero; i rosoni e i dettagli possono essere bianco. Le sorgenti previste sono LED integrato. Le potenze specifiche delle configurazioni sono LED 21W, LED 30W, LED 43W e LED 62W. Il numero di punti luce è pari a 1.

La famiglia adotta una sorgente LED integrata, soluzione che mantiene la superficie della plafoniera ordinata e riduce la necessità di lampadine visibili. Il numero di punti luce è pari a 1, un dato utile per valutare il contributo della plafoniera all’illuminazione generale o d’accento. Le potenze dichiarate per le varianti sono LED 21W, LED 30W, LED 43W e LED 62W.

Ziggy è pensata per soggiorni, cucine, camere, camerette, corridoi, ingressi, studi domestici e zone living che richiedono un’illuminazione ordinata e continua. In un progetto professionale può trovare collocazione in uffici, sale riunioni, reception, negozi, showroom, aree di servizio, spazi di attesa e locali destinati alla ristorazione. La scelta dell’ingombro e della potenza consente di graduare la luce in base alla superficie, alla presenza di altri punti luminosi e al colore delle finiture interne.

Nella scelta della plafoniera Ziggy è utile considerare il diametro o l’ingombro più proporzionato, la finitura che dialoga con arredi e serramenti e la potenza e la temperatura colore più coerenti con l’uso dello spazio. In un soggiorno ampio o in una sala commerciale può essere opportuno abbinare la lampada a soffitto a ulteriori fonti di luce, mentre in corridoi, ingressi e zone di servizio una configurazione compatta può offrire un risultato più misurato. Il montaggio a soffitto mantiene libero lo spazio a parete e contribuisce a rendere più leggibile l’architettura degli interni.

Con Ideal Lux Ziggy, la lampada da soffitto diventa un elemento utile per costruire una luce stratificata e coerente: illuminazione generale, accento sugli arredi e comfort visivo possono convivere nello stesso progetto. La varietà di configurazioni rende la collezione una scelta efficace per chi cerca una plafoniera adatta sia al rinnovo di un singolo ambiente sia a un intervento coordinato su casa, studio, negozio o struttura ricettiva.","Plafoniera Ideal Lux Ziggy: LED integrato, finiture bianco e nero. Ideale per living, camere, cucine, uffici e spazi commerciali. Per interni. Con più finiture."
